"","DateTime","pCO2_80m","pCO2_120m","AirPres_kpa","AirTemp_c","WLPres_kpa","WLTemp_c","Station","Total_kpa","WL_m","Q_m3s","pCO2_120m_adj","pCO2_80m_adj"
"1",2021-07-14 09:45:00,476,421,62.5983,6.612,64.199,6.471,"Stn02",64.199,0.16322658,0.021856587,665.4012355,710.510362618994
"2",2021-07-14 09:45:05,471,431,62.5982894444444,NA,NA,6.47212777777778,NA,NA,NA,NA,681.206558741667,703.049607550099
"3",2021-07-14 09:45:10,466,441,62.5982788888889,NA,NA,6.47325555555556,NA,NA,NA,NA,697.01188515,695.588797511931
"4",2021-07-14 09:45:15,466,441,62.5982683333333,NA,NA,6.47438333333333,NA,NA,NA,NA,697.011954975,695.591359104306
"5",2021-07-14 09:45:20,461,441,62.5982577777778,NA,NA,6.47551111111111,NA,NA,NA,NA,697.0120248,688.130466612446
"6",2021-07-14 09:45:25,461,441,62.5982472222222,NA,NA,6.47663888888889,NA,NA,NA,NA,697.012094625,688.133000720912
"7",2021-07-14 09:45:30,461,441,62.5982366666667,NA,NA,6.47776666666667,NA,NA,NA,NA,697.01216445,688.135534829872
"8",2021-07-14 09:45:35,471,446,62.5982261111111,NA,NA,6.47889444444444,NA,NA,NA,NA,704.914867316667,703.06514201827
"9",2021-07-14 09:45:40,471,446,62.5982155555556,NA,NA,6.48002222222222,NA,NA,NA,NA,704.914937933333,703.067731098065
"10",2021-07-14 09:45:45,471,451,62.598205,NA,NA,6.48115,NA,NA,NA,NA,712.817643175,703.070320178364
"11",2021-07-14 09:45:50,476,451,62.5981944444444,NA,NA,6.48227777777778,NA,NA,NA,NA,712.817714583333,710.536528253426
"12",2021-07-14 09:45:55,476,451,62.5981838888889,NA,NA,6.48340555555556,NA,NA,NA,NA,712.817785991667,710.539144819674
"13",2021-07-14 09:46:00,476,446,62.5981733333333,NA,NA,6.48453333333333,NA,NA,NA,NA,704.9152204,710.541761386433
"14",2021-07-14 09:46:05,476,446,62.5981627777778,NA,NA,6.48566111111111,NA,NA,NA,NA,704.915291016667,710.544377953701
"15",2021-07-14 09:46:10,476,446,62.5981522222222,NA,NA,6.48678888888889,NA,NA,NA,NA,704.915361633333,710.546994521479
"16",2021-07-14 09:46:15,476,446,62.5981416666667,NA,NA,6.48791666666667,NA,NA,NA,NA,704.91543225,710.549611089767
"17",2021-07-14 09:46:20,476,446,62.5981311111111,NA,NA,6.48904444444444,NA,NA,NA,NA,704.915502866667,710.552227658565
"18",2021-07-14 09:46:25,476,446,62.5981205555556,NA,NA,6.49017222222222,NA,NA,NA,NA,704.915573483333,710.554844227873
"19",2021-07-14 09:46:30,471,446,62.59811,NA,NA,6.4913,NA,NA,NA,NA,704.9156441,703.093621923765
"20",2021-07-14 09:46:35,471,446,62.5980994444444,NA,NA,6.49242777777778,NA,NA,NA,NA,704.915714716667,703.096211009111
"21",2021-07-14 09:46:40,471,441,62.5980888888889,NA,NA,6.49355555555556,NA,NA,NA,NA,697.013142,703.098800094961
"22",2021-07-14 09:46:45,471,441,62.5980783333333,NA,NA,6.49468333333333,NA,NA,NA,NA,697.013211825,703.101389181316
"23",2021-07-14 09:46:50,466,446,62.5980677777778,NA,NA,6.49581111111111,NA,NA,NA,NA,704.915926566667,695.640029454288
"24",2021-07-14 09:46:55,466,446,62.5980572222222,NA,NA,6.49693888888889,NA,NA,NA,NA,704.915997183333,695.642591056648
"25",2021-07-14 09:47:00,461,451,62.5980466666667,NA,NA,6.49806666666667,NA,NA,NA,NA,712.8187143,688.181148875608
"26",2021-07-14 09:47:05,461,446,62.5980361111111,NA,NA,6.49919444444444,NA,NA,NA,NA,704.916138416667,688.183682993952
"27",2021-07-14 09:47:10,456,441,62.5980255555556,NA,NA,6.50032222222222,NA,NA,NA,NA,697.01356095,680.722158358855
"28",2021-07-14 09:47:15,456,436,62.598015,NA,NA,6.50145,NA,NA,NA,NA,689.1109819,680.724664993162
"29",2021-07-14 09:47:20,456,436,62.5980044444444,NA,NA,6.50257777777778,NA,NA,NA,NA,689.111050933333,680.727171627957
"30",2021-07-14 09:47:25,456,436,62.5979938888889,NA,NA,6.50370555555556,NA,NA,NA,NA,689.111119966667,680.729678263241
"31",2021-07-14 09:47:30,456,436,62.5979833333333,NA,NA,6.50483333333333,NA,NA,NA,NA,689.111189,680.732184899013
"32",2021-07-14 09:47:35,456,431,62.5979727777778,NA,NA,6.50596111111111,NA,NA,NA,NA,681.208605991667,680.734691535274
"33",2021-07-14 09:47:40,456,426,62.5979622222222,NA,NA,6.50708888888889,NA,NA,NA,NA,673.3060214,680.737198172023
"34",2021-07-14 09:47:45,451,421,62.5979516666667,NA,NA,6.50821666666667,NA,NA,NA,NA,665.403435225,673.275453660037
"35",2021-07-14 09:47:50,451,421,62.5979411111111,NA,NA,6.50934444444444,NA,NA,NA,NA,665.403501883333,673.277932812701
"36",2021-07-14 09:47:55,446,426,62.5979305555556,NA,NA,6.51047222222222,NA,NA,NA,NA,673.30622375,665.816105846492
"37",2021-07-14 09:48:00,441,426,62.59792,NA,NA,6.5116,NA,NA,NA,NA,673.3062912,658.35422391062
"38",2021-07-14 09:48:05,436,421,62.5979094444444,NA,NA,6.51272777777778,NA,NA,NA,NA,665.403701858333,650.892287005068
"39",2021-07-14 09:48:10,436,416,62.5978988888889,NA,NA,6.51385555555556,NA,NA,NA,NA,657.501110933333,650.894683704412
"40",2021-07-14 09:48:15,431,411,62.5978883333333,NA,NA,6.51498333333333,NA,NA,NA,NA,649.598518425,643.432664344542
"41",2021-07-14 09:48:20,431,411,62.5978777777778,NA,NA,6.51611111111111,NA,NA,NA,NA,649.5985835,643.435033559725
"42",2021-07-14 09:48:25,431,406,62.5978672222222,NA,NA,6.51723888888889,NA,NA,NA,NA,641.695988616667,643.43740277537
"43",2021-07-14 09:48:30,431,406,62.5978566666667,NA,NA,6.51836666666667,NA,NA,NA,NA,641.6960529,643.439771991476
"44",2021-07-14 09:48:35,431,401,62.5978461111111,NA,NA,6.51949444444444,NA,NA,NA,NA,633.793455641667,643.442141208045
"45",2021-07-14 09:48:40,431,396,62.5978355555556,NA,NA,6.52062222222222,NA,NA,NA,NA,625.8908568,643.444510425075
"46",2021-07-14 09:48:45,431,396,62.597825,NA,NA,6.52175,NA,NA,NA,NA,625.8909195,643.446879642567
"47",2021-07-14 09:48:50,431,391,62.5978144444444,NA,NA,6.52287777777778,NA,NA,NA,NA,617.988318283333,643.449248860521
"48",2021-07-14 09:48:55,431,396,62.5978038888889,NA,NA,6.52400555555556,NA,NA,NA,NA,625.8910449,643.451618078937
"49",2021-07-14 09:49:00,431,396,62.5977933333333,NA,NA,6.52513333333333,NA,NA,NA,NA,625.8911076,643.453987297814
"50",2021-07-14 09:49:05,431,401,62.5977827777778,NA,NA,6.52626111111111,NA,NA,NA,NA,633.793836591667,643.456356517153
"51",2021-07-14 09:49:10,431,401,62.5977722222222,NA,NA,6.52738888888889,NA,NA,NA,NA,633.793900083333,643.458725736954
"52",2021-07-14 09:49:15,431,396,62.5977616666667,NA,NA,6.52851666666667,NA,NA,NA,NA,625.8912957,643.461094957217
"53",2021-07-14 09:49:20,436,386,62.5977511111111,NA,NA,6.52964444444445,NA,NA,NA,NA,610.086021066667,650.928237544274
"54",2021-07-14 09:49:25,431,376,62.5977405555556,NA,NA,6.53077222222222,NA,NA,NA,NA,594.280743266667,643.465833399127
"55",2021-07-14 09:49:30,431,371,62.59773,NA,NA,6.5319,NA,NA,NA,NA,586.37813255,643.468202620775
"56",2021-07-14 09:49:35,431,371,62.5977194444444,NA,NA,6.53302777777778,NA,NA,NA,NA,586.378191291667,643.470571842885
"57",2021-07-14 09:49:40,431,371,62.5977088888889,NA,NA,6.53415555555556,NA,NA,NA,NA,586.378250033333,643.472941065457
"58",2021-07-14 09:49:45,431,371,62.5976983333333,NA,NA,6.53528333333333,NA,NA,NA,NA,586.378308775,643.47531028849
"59",2021-07-14 09:49:50,431,366,62.5976877777778,NA,NA,6.53641111111111,NA,NA,NA,NA,578.4756941,643.477679511985
"60",2021-07-14 09:49:55,421,361,62.5976772222222,NA,NA,6.53753888888889,NA,NA,NA,NA,570.573077841667,628.550117210746
"61",2021-07-14 09:50:00,416,356,62.5976666666667,NA,NA,6.53866666666667,NA,NA,NA,NA,562.67046,621.08743821696
"62",2021-07-14 09:50:05,411,356,62.5976561111111,NA,NA,6.53979444444444,NA,NA,NA,NA,562.670516366667,613.624704253211
"63",2021-07-14 09:50:10,416,356,62.5976455555556,NA,NA,6.54092222222222,NA,NA,NA,NA,562.670572733333,621.092011755922
"64",2021-07-14 09:50:15,416,361,62.597635,NA,NA,6.54205,NA,NA,NA,NA,570.573306475,621.094298526071
"65",2021-07-14 09:50:20,416,361,62.5976244444444,NA,NA,6.54317777777778,NA,NA,NA,NA,570.573363633333,621.096585296666
"66",2021-07-14 09:50:25,411,361,62.5976138888889,NA,NA,6.54430555555556,NA,NA,NA,NA,570.573420791667,613.633741393817
"67",2021-07-14 09:50:30,416,366,62.5976033333333,NA,NA,6.54543333333333,NA,NA,NA,NA,578.4761577,621.101158839194
"68",2021-07-14 09:50:35,416,366,62.5975927777778,NA,NA,6.54656111111111,NA,NA,NA,NA,578.47621565,621.103445611126
"69",2021-07-14 09:50:40,416,366,62.5975822222222,NA,NA,6.54768888888889,NA,NA,NA,NA,578.4762736,621.105732383504
"70",2021-07-14 09:50:45,416,366,62.5975716666667,NA,NA,6.54881666666667,NA,NA,NA,NA,578.47633155,621.108019156327
"71",2021-07-14 09:50:50,416,361,62.5975611111111,NA,NA,6.54994444444444,NA,NA,NA,NA,570.573706583333,621.110305929597
"72",2021-07-14 09:50:55,416,361,62.5975505555556,NA,NA,6.55107222222222,NA,NA,NA,NA,570.573763741667,621.112592703312
"73",2021-07-14 09:51:00,416,361,62.59754,NA,NA,6.5522,NA,NA,NA,NA,570.5738209,621.114879477473
"74",2021-07-14 09:51:05,411,361,62.5975294444444,NA,NA,6.55332777777778,NA,NA,NA,NA,570.573878058333,613.651815696165
"75",2021-07-14 09:51:10,411,356,62.5975188888889,NA,NA,6.55445555555556,NA,NA,NA,NA,562.671249133333,613.65407498594
"76",2021-07-14 09:51:15,411,351,62.5975083333333,NA,NA,6.55558333333333,NA,NA,NA,NA,554.768618625,613.656334276155
"77",2021-07-14 09:51:20,411,351,62.5974977777778,NA,NA,6.55671111111111,NA,NA,NA,NA,554.7686742,613.658593566811
"78",2021-07-14 09:51:25,406,346,62.5974872222222,NA,NA,6.55783888888889,NA,NA,NA,NA,546.866041316667,606.195392360852
"79",2021-07-14 09:51:30,406,351,62.5974766666667,NA,NA,6.55896666666667,NA,NA,NA,NA,554.76878535,606.19762416709
"80",2021-07-14 09:51:35,406,351,62.5974661111111,NA,NA,6.56009444444444,NA,NA,NA,NA,554.768840925,606.199855973763
"81",2021-07-14 09:51:40,406,346,62.5974555555556,NA,NA,6.56122222222222,NA,NA,NA,NA,546.866205666667,606.202087780871
"82",2021-07-14 09:51:45,401,341,62.597445,NA,NA,6.56235,NA,NA,NA,NA,538.963568825,598.738749150133
"83",2021-07-14 09:51:50,401,341,62.5974344444444,NA,NA,6.56347777777778,NA,NA,NA,NA,538.963622816667,598.740953472791
"84",2021-07-14 09:51:55,401,346,62.5974238888889,NA,NA,6.56460555555556,NA,NA,NA,NA,546.866370016667,598.743157795878
"85",2021-07-14 09:52:00,406,346,62.5974133333333,NA,NA,6.56573333333333,NA,NA,NA,NA,546.8664248,606.211015013652
"86",2021-07-14 09:52:05,401,351,62.5974027777778,NA,NA,6.56686111111111,NA,NA,NA,NA,554.769174375,598.747566443342
"87",2021-07-14 09:52:10,406,356,62.5973922222222,NA,NA,6.56798888888889,NA,NA,NA,NA,562.671925533333,606.215478632653
"88",2021-07-14 09:52:15,401,356,62.5973816666667,NA,NA,6.56911666666667,NA,NA,NA,NA,562.6719819,598.751975092525
"89",2021-07-14 09:52:20,401,356,62.5973711111111,NA,NA,6.57024444444444,NA,NA,NA,NA,562.672038266667,598.75417941776
"90",2021-07-14 09:52:25,396,351,62.5973605555556,NA,NA,6.57137222222222,NA,NA,NA,NA,554.769396675,591.290593422435
"91",2021-07-14 09:52:30,396,346,62.59735,NA,NA,6.5725,NA,NA,NA,NA,546.8667535,591.292770263167
"92",2021-07-14 09:52:35,396,341,62.5973394444444,NA,NA,6.57362777777778,NA,NA,NA,NA,538.964108741667,591.294947104324
"93",2021-07-14 09:52:40,396,341,62.5973288888889,NA,NA,6.57475555555556,NA,NA,NA,NA,538.964162733333,591.297123945905
"94",2021-07-14 09:52:45,391,341,62.5973183333333,NA,NA,6.57588333333333,NA,NA,NA,NA,538.964216725,583.833400525436
"95",2021-07-14 09:52:50,391,341,62.5973077777778,NA,NA,6.57701111111111,NA,NA,NA,NA,538.964270716667,583.835549882481
"96",2021-07-14 09:52:55,391,336,62.5972972222222,NA,NA,6.57813888888889,NA,NA,NA,NA,531.061622,583.837699239945
"97",2021-07-14 09:53:00,391,336,62.5972866666667,NA,NA,6.57926666666667,NA,NA,NA,NA,531.0616752,583.839848597828
"98",2021-07-14 09:53:05,391,336,62.5972761111111,NA,NA,6.58039444444444,NA,NA,NA,NA,531.0617284,583.84199795613
"99",2021-07-14 09:53:10,391,336,62.5972655555556,NA,NA,6.58152222222222,NA,NA,NA,NA,531.0617816,583.84414731485
"100",2021-07-14 09:53:15,391,341,62.597255,NA,NA,6.58265,NA,NA,NA,NA,538.964540675,583.84629667399
"101",2021-07-14 09:53:20,391,341,62.5972444444444,NA,NA,6.58377777777778,NA,NA,NA,NA,538.964594666667,583.848446033548
"102",2021-07-14 09:53:25,386,336,62.5972338888889,NA,NA,6.58490555555556,NA,NA,NA,NA,531.0619412,576.384475247829
"103",2021-07-14 09:53:30,386,341,62.5972233333333,NA,NA,6.58603333333333,NA,NA,NA,NA,538.96470265,576.386597122798
"104",2021-07-14 09:53:35,381,341,62.5972127777778,NA,NA,6.58716111111111,NA,NA,NA,NA,538.964756641667,568.922543881624
"105",2021-07-14 09:53:40,381,346,62.5972022222222,NA,NA,6.58828888888889,NA,NA,NA,NA,546.867520466667,568.924638271983
"106",2021-07-14 09:53:45,381,341,62.5971916666667,NA,NA,6.58941666666667,NA,NA,NA,NA,538.964864625,568.926732662749
"107",2021-07-14 09:53:50,381,336,62.5971811111111,NA,NA,6.59054444444444,NA,NA,NA,NA,531.0622072,568.928827053924
"108",2021-07-14 09:53:55,386,331,62.5971705555556,NA,NA,6.59167222222222,NA,NA,NA,NA,523.159548191667,576.397206503848
"109",2021-07-14 09:54:00,381,326,62.59716,NA,NA,6.5928,NA,NA,NA,NA,515.2568876,568.933015837499
"110",2021-07-14 09:54:05,381,321,62.5971494444444,NA,NA,6.59392777777778,NA,NA,NA,NA,507.354225425,568.935110229899
"111",2021-07-14 09:54:10,381,326,62.5971388888889,NA,NA,6.59505555555556,NA,NA,NA,NA,515.256990833333,568.937204622707
"112",2021-07-14 09:54:15,376,331,62.5971283333333,NA,NA,6.59618333333333,NA,NA,NA,NA,523.159757825,561.472904015713
"113",2021-07-14 09:54:20,381,331,62.5971177777778,NA,NA,6.59731111111111,NA,NA,NA,NA,523.159810233333,568.941393409547
"114",2021-07-14 09:54:25,381,331,62.5971072222222,NA,NA,6.59843888888889,NA,NA,NA,NA,523.159862641667,568.943487803579
"115",2021-07-14 09:54:30,381,326,62.5970966666667,NA,NA,6.59956666666667,NA,NA,NA,NA,515.2571973,568.94558219802
"116",2021-07-14 09:54:35,381,321,62.5970861111111,NA,NA,6.60069444444444,NA,NA,NA,NA,507.354530375,568.947676592869
"117",2021-07-14 09:54:40,376,316,62.5970755555556,NA,NA,6.60182222222222,NA,NA,NA,NA,499.451861866667,561.48323856046
"118",2021-07-14 09:54:45,371,316,62.597065,NA,NA,6.60295,NA,NA,NA,NA,499.4519119,554.018745557445
"119",2021-07-14 09:54:50,371,316,62.5970544444444,NA,NA,6.60407777777778,NA,NA,NA,NA,499.451961933333,554.020784982492
"120",2021-07-14 09:54:55,371,321,62.5970438888889,NA,NA,6.60520555555556,NA,NA,NA,NA,507.354733675,554.022824407938
"121",2021-07-14 09:55:00,371,321,62.5970333333333,NA,NA,6.60633333333333,NA,NA,NA,NA,507.3547845,554.024863833781
"122",2021-07-14 09:55:05,366,321,62.5970227777778,NA,NA,6.60746111111111,NA,NA,NA,NA,507.354835325,546.560233404765
"123",2021-07-14 09:55:10,366,326,62.5970122222222,NA,NA,6.60858888888889,NA,NA,NA,NA,515.257610233333,546.562245345868
"124",2021-07-14 09:55:15,366,331,62.5970016666667,NA,NA,6.60971666666667,NA,NA,NA,NA,523.160386725,546.564257287364
"125",2021-07-14 09:55:20,371,336,62.5969911111111,NA,NA,6.61084444444444,NA,NA,NA,NA,531.0631648,554.033021541127
"126",2021-07-14 09:55:25,371,341,62.5969805555556,NA,NA,6.61197222222222,NA,NA,NA,NA,538.965944458333,554.035060968957
"127",2021-07-14 09:55:30,371,341,62.59697,NA,NA,6.6131,NA,NA,NA,NA,538.96599845,554.037100397185
"128",2021-07-14 09:55:35,371,341,62.5969594444444,NA,NA,6.61422777777778,NA,NA,NA,NA,538.966052441667,554.03913982581
"129",2021-07-14 09:55:40,376,336,62.5969488888889,NA,NA,6.61535555555556,NA,NA,NA,NA,531.0633776,561.508041508941
"130",2021-07-14 09:55:45,381,336,62.5969383333333,NA,NA,6.61648333333333,NA,NA,NA,NA,531.0634308,568.976998163613
"131",2021-07-14 09:55:50,381,331,62.5969277777778,NA,NA,6.61761111111111,NA,NA,NA,NA,523.160753583333,568.979092564585
"132",2021-07-14 09:55:55,376,326,62.5969172222222,NA,NA,6.61873888888889,NA,NA,NA,NA,515.258074783333,561.514242255125
"133",2021-07-14 09:56:00,376,321,62.5969066666667,NA,NA,6.61986666666667,NA,NA,NA,NA,507.3553944,561.516309171325
"134",2021-07-14 09:56:05,371,321,62.5968961111111,NA,NA,6.62099444444444,NA,NA,NA,NA,507.355445225,554.051376405908
"135",2021-07-14 09:56:10,371,321,62.5968855555556,NA,NA,6.62212222222222,NA,NA,NA,NA,507.35549605,554.053415837316
"136",2021-07-14 09:56:15,371,326,62.596875,NA,NA,6.62325,NA,NA,NA,NA,515.25828125,554.055455269121
"137",2021-07-14 09:56:20,366,321,62.5968644444444,NA,NA,6.62437777777778,NA,NA,NA,NA,507.3555977,546.590412562492
"138",2021-07-14 09:56:25,366,316,62.5968538888889,NA,NA,6.62550555555556,NA,NA,NA,NA,499.452912566667,546.592424509477
"139",2021-07-14 09:56:30,366,316,62.5968433333333,NA,NA,6.62663333333333,NA,NA,NA,NA,499.4529626,546.594436456855
"140",2021-07-14 09:56:35,366,316,62.5968327777778,NA,NA,6.62776111111111,NA,NA,NA,NA,499.453012633333,546.596448404625
"141",2021-07-14 09:56:40,366,316,62.5968222222222,NA,NA,6.62888888888889,NA,NA,NA,NA,499.453062666667,546.598460352787
"142",2021-07-14 09:56:45,366,311,62.5968116666667,NA,NA,6.63001666666667,NA,NA,NA,NA,491.550373575,546.600472301341
"143",2021-07-14 09:56:50,371,311,62.5968011111111,NA,NA,6.63114444444444,NA,NA,NA,NA,491.550422816667,554.069731302886
"144",2021-07-14 09:56:55,371,311,62.5967905555556,NA,NA,6.63227222222222,NA,NA,NA,NA,491.550472058333,554.071770737871
"145",2021-07-14 09:57:00,366,311,62.59678,NA,NA,6.6334,NA,NA,NA,NA,491.5505213,546.606508149355
"146",2021-07-14 09:57:05,366,311,62.5967694444444,NA,NA,6.63452777777778,NA,NA,NA,NA,491.550570541667,546.608520099478
"147",2021-07-14 09:57:10,371,311,62.5967588888889,NA,NA,6.63565555555556,NA,NA,NA,NA,491.550619783333,554.077889045211
"148",2021-07-14 09:57:15,371,311,62.5967483333333,NA,NA,6.63678333333333,NA,NA,NA,NA,491.550669025,554.079928481786
"149",2021-07-14 09:57:20,371,316,62.5967377777778,NA,NA,6.63791111111111,NA,NA,NA,NA,499.453462933333,554.081967918758
"150",2021-07-14 09:57:25,366,321,62.5967272222222,NA,NA,6.63903888888889,NA,NA,NA,NA,507.356258425,546.61656790389
"151",2021-07-14 09:57:30,366,321,62.5967166666667,NA,NA,6.64016666666667,NA,NA,NA,NA,507.35630925,546.618579855973
"152",2021-07-14 09:57:35,361,321,62.5967061111111,NA,NA,6.64129444444445,NA,NA,NA,NA,507.356360075,539.153097384835
"153",2021-07-14 09:57:40,361,321,62.5966955555556,NA,NA,6.64242222222222,NA,NA,NA,NA,507.3564109,539.155081852008
"154",2021-07-14 09:57:45,366,316,62.596685,NA,NA,6.64355,NA,NA,NA,NA,499.4537131,546.624615714575
"155",2021-07-14 09:57:50,366,316,62.5966744444444,NA,NA,6.64467777777778,NA,NA,NA,NA,499.453763133333,546.626627668227
"156",2021-07-14 09:57:55,366,316,62.5966638888889,NA,NA,6.64580555555556,NA,NA,NA,NA,499.453813166667,546.628639622271
"157",2021-07-14 09:58:00,361,316,62.5966533333333,NA,NA,6.64693333333333,NA,NA,NA,NA,499.4538632,539.163019724566
"158",2021-07-14 09:58:05,356,316,62.5966427777778,NA,NA,6.64806111111111,NA,NA,NA,NA,499.453913233333,531.69734485581
"159",2021-07-14 09:58:10,356,311,62.5966322222222,NA,NA,6.64918888888889,NA,NA,NA,NA,491.551210683333,531.699301839576
"160",2021-07-14 09:58:15,356,311,62.5966216666667,NA,NA,6.65031666666667,NA,NA,NA,NA,491.551259925,531.701258823723
"161",2021-07-14 09:58:20,351,311,62.5966111111111,NA,NA,6.65144444444444,NA,NA,NA,NA,491.551309166667,524.235474013193
"162",2021-07-14 09:58:25,356,306,62.5966005555556,NA,NA,6.65257222222222,NA,NA,NA,NA,483.64860345,531.705172793163
"163",2021-07-14 09:58:30,361,311,62.59659,NA,NA,6.6537,NA,NA,NA,NA,491.55140765,539.174926545006
"164",2021-07-14 09:58:35,361,311,62.5965794444444,NA,NA,6.65482777777778,NA,NA,NA,NA,491.551456891667,539.176911016433
"165",2021-07-14 09:58:40,361,311,62.5965688888889,NA,NA,6.65595555555556,NA,NA,NA,NA,491.551506133333,539.178895488247
"166",2021-07-14 09:58:45,361,311,62.5965583333333,NA,NA,6.65708333333333,NA,NA,NA,NA,491.551555375,539.180879960447
"167",2021-07-14 09:58:50,361,311,62.5965477777778,NA,NA,6.65821111111111,NA,NA,NA,NA,491.551604616667,539.182864433034
"168",2021-07-14 09:58:55,356,306,62.5965372222222,NA,NA,6.65933888888889,NA,NA,NA,NA,483.64889415,531.716914710634
"169",2021-07-14 09:59:00,361,301,62.5965266666667,NA,NA,6.66046666666667,NA,NA,NA,NA,475.7461821,539.186833379369
"170",2021-07-14 09:59:05,361,306,62.5965161111111,NA,NA,6.66159444444444,NA,NA,NA,NA,483.64899105,539.188817853117
"171",2021-07-14 09:59:10,366,306,62.5965055555556,NA,NA,6.66272222222222,NA,NA,NA,NA,483.6490395,546.658818979983
"172",2021-07-14 09:59:15,361,311,62.596495,NA,NA,6.66385,NA,NA,NA,NA,491.551850825,539.192786801773
"173",2021-07-14 09:59:20,366,311,62.5964844444444,NA,NA,6.66497777777778,NA,NA,NA,NA,491.551900066667,546.662842901011
"174",2021-07-14 09:59:25,366,311,62.5964738888889,NA,NA,6.66610555555556,NA,NA,NA,NA,491.551949308333,546.664854862113
"175",2021-07-14 09:59:30,366,311,62.5964633333333,NA,NA,6.66723333333333,NA,NA,NA,NA,491.55199855,546.666866823608
"176",2021-07-14 09:59:35,366,311,62.5964527777778,NA,NA,6.66836111111111,NA,NA,NA,NA,491.552047791667,546.668878785494
"177",2021-07-14 09:59:40,361,311,62.5964422222222,NA,NA,6.66948888888889,NA,NA,NA,NA,491.552097033333,539.20270918018
"178",2021-07-14 09:59:45,361,306,62.5964316666667,NA,NA,6.67061666666667,NA,NA,NA,NA,483.64937865,539.204693657022
"179",2021-07-14 09:59:50,361,301,62.5964211111111,NA,NA,6.67174444444445,NA,NA,NA,NA,475.746658683333,539.206678134251
"180",2021-07-14 09:59:55,361,296,62.5964105555556,NA,NA,6.67287222222222,NA,NA,NA,NA,467.843937133333,539.208662611866
"181",2021-07-14 10:00:00,356,291,62.5964,6.616,64.217,6.674,"Stn02",64.217,0.165255823,0.022557694,459.941214,531.742355578928
"182",2021-07-14 10:00:05,356,286,62.5964316666667,NA,NA,6.67512777777778,NA,NA,NA,NA,452.03830815,531.744099499744
"183",2021-07-14 10:00:10,356,286,62.5964633333333,NA,NA,6.67625555555556,NA,NA,NA,NA,452.0381723,531.745843419415
"184",2021-07-14 10:00:15,361,291,62.596495,NA,NA,6.67738333333333,NA,NA,NA,NA,459.940799325,539.215952328643
"185",2021-07-14 10:00:20,361,296,62.5965266666667,NA,NA,6.67851111111111,NA,NA,NA,NA,467.8434216,539.217720739248
"186",2021-07-14 10:00:25,361,301,62.5965583333333,NA,NA,6.67963888888889,NA,NA,NA,NA,475.746039125,539.219489148692
"187",2021-07-14 10:00:30,361,306,62.59659,NA,NA,6.68076666666667,NA,NA,NA,NA,483.6486519,539.221257556976
"188",2021-07-14 10:00:35,361,311,62.5966216666667,NA,NA,6.68189444444444,NA,NA,NA,NA,491.551259925,539.223025964099
"189",2021-07-14 10:00:40,356,311,62.5966533333333,NA,NA,6.68302222222222,NA,NA,NA,NA,491.5511122,531.756306913413
"190",2021-07-14 10:00:45,356,311,62.596685,NA,NA,6.68415,NA,NA,NA,NA,491.550964475,531.758050825075
"191",2021-07-14 10:00:50,356,311,62.5967166666667,NA,NA,6.68527777777778,NA,NA,NA,NA,491.55081675,531.759794735592
"192",2021-07-14 10:00:55,356,306,62.5967483333333,NA,NA,6.68640555555556,NA,NA,NA,NA,483.64792515,531.761538644966
"193",2021-07-14 10:01:00,356,301,62.59678,NA,NA,6.68753333333333,NA,NA,NA,NA,475.7450383,531.763282553194
"194",2021-07-14 10:01:05,351,301,62.5968116666667,NA,NA,6.68866111111111,NA,NA,NA,NA,475.744895325,524.296416538084
"195",2021-07-14 10:01:10,351,296,62.5968433333333,NA,NA,6.68978888888889,NA,NA,NA,NA,467.8420156,524.298135950964
"196",2021-07-14 10:01:15,346,296,62.596875,NA,NA,6.69091666666667,NA,NA,NA,NA,467.841875,516.831196454414
"197",2021-07-14 10:01:20,346,296,62.5969066666667,NA,NA,6.69204444444444,NA,NA,NA,NA,467.8417344,516.832891372008
"198",2021-07-14 10:01:25,346,301,62.5969383333333,NA,NA,6.69317222222222,NA,NA,NA,NA,475.744323425,516.834586288491
"199",2021-07-14 10:01:30,346,306,62.59697,NA,NA,6.6943,NA,NA,NA,NA,483.6469077,516.83628120386
"200",2021-07-14 10:01:35,351,306,62.5970016666667,NA,NA,6.69542777777778,NA,NA,NA,NA,483.64676235,524.306732998438
"201",2021-07-14 10:01:40,351,311,62.5970333333333,NA,NA,6.69655555555556,NA,NA,NA,NA,491.5493395,524.308452404549
"202",2021-07-14 10:01:45,351,311,62.597065,NA,NA,6.69768333333333,NA,NA,NA,NA,491.549191775,524.310171809531
"203",2021-07-14 10:01:50,356,311,62.5970966666667,NA,NA,6.69881111111111,NA,NA,NA,NA,491.54904405,531.78072157255
"204",2021-07-14 10:01:55,356,311,62.5971283333333,NA,NA,6.69993888888889,NA,NA,NA,NA,491.548896325,531.782465468192
"205",2021-07-14 10:02:00,356,306,62.59716,NA,NA,6.70106666666667,NA,NA,NA,NA,483.6460356,531.78420936269
"206",2021-07-14 10:02:05,356,296,62.5971916666667,NA,NA,6.70219444444444,NA,NA,NA,NA,467.840469,531.785953256044
"207",2021-07-14 10:02:10,356,296,62.5972233333333,NA,NA,6.70332222222222,NA,NA,NA,NA,467.8403284,531.787697148253
"208",2021-07-14 10:02:15,356,296,62.597255,NA,NA,6.70445,NA,NA,NA,NA,467.8401878,531.789441039318
"209",2021-07-14 10:02:20,356,296,62.5972866666667,NA,NA,6.70557777777778,NA,NA,NA,NA,467.8400472,531.791184929239
"210",2021-07-14 10:02:25,351,301,62.5973183333333,NA,NA,6.70670555555556,NA,NA,NA,NA,475.742607725,524.323927008774
"211",2021-07-14 10:02:30,356,301,62.59735,NA,NA,6.70783333333333,NA,NA,NA,NA,475.74246475,531.794672705649
"212",2021-07-14 10:02:35,356,301,62.5973816666667,NA,NA,6.70896111111111,NA,NA,NA,NA,475.742321775,531.796416592137
"213",2021-07-14 10:02:40,346,301,62.5974133333333,NA,NA,6.71008888888889,NA,NA,NA,NA,475.7421788,516.86000990227
"214",2021-07-14 10:02:45,346,306,62.597445,NA,NA,6.71121666666667,NA,NA,NA,NA,483.64472745,516.861704800959
"215",2021-07-14 10:02:50,341,311,62.5974766666667,NA,NA,6.71234444444444,NA,NA,NA,NA,491.54727135,509.394275425435
"216",2021-07-14 10:02:55,346,306,62.5975083333333,NA,NA,6.71347222222222,NA,NA,NA,NA,483.64443675,516.865094595
"217",2021-07-14 10:03:00,346,306,62.59754,NA,NA,6.7146,NA,NA,NA,NA,483.6442914,516.866789490352
"218",2021-07-14 10:03:05,341,301,62.5975716666667,NA,NA,6.71572777777778,NA,NA,NA,NA,475.741463925,509.39928663337
"219",2021-07-14 10:03:10,341,291,62.5976033333333,NA,NA,6.71685555555556,NA,NA,NA,NA,459.93596145,509.400957033823
"220",2021-07-14 10:03:15,341,291,62.597635,NA,NA,6.71798333333333,NA,NA,NA,NA,459.935823225,509.402627433179
"221",2021-07-14 10:03:20,341,291,62.5976666666667,NA,NA,6.71911111111111,NA,NA,NA,NA,459.935685,509.40429783144
"222",2021-07-14 10:03:25,341,291,62.5976983333333,NA,NA,6.72023888888889,NA,NA,NA,NA,459.935546775,509.405968228605
"223",2021-07-14 10:03:30,341,291,62.59773,NA,NA,6.72136666666667,NA,NA,NA,NA,459.93540855,509.407638624673
"224",2021-07-14 10:03:35,346,291,62.5977616666667,NA,NA,6.72249444444444,NA,NA,NA,NA,459.935270325,516.878653726679
"225",2021-07-14 10:03:40,346,291,62.5977933333333,NA,NA,6.72362222222222,NA,NA,NA,NA,459.9351321,516.880348613134
"226",2021-07-14 10:03:45,346,291,62.597825,NA,NA,6.72475,NA,NA,NA,NA,459.934993875,516.882043498478
"227",2021-07-14 10:03:50,346,291,62.5978566666667,NA,NA,6.72587777777778,NA,NA,NA,NA,459.93485565,516.883738382709
"228",2021-07-14 10:03:55,346,296,62.5978883333333,NA,NA,6.72700555555556,NA,NA,NA,NA,467.8373758,516.885433265828
"229",2021-07-14 10:04:00,346,296,62.59792,NA,NA,6.72813333333333,NA,NA,NA,NA,467.8372352,516.887128147835
"230",2021-07-14 10:04:05,346,291,62.5979516666667,NA,NA,6.72926111111111,NA,NA,NA,NA,459.934440975,516.88882302873
"231",2021-07-14 10:04:10,346,291,62.5979833333333,NA,NA,6.73038888888889,NA,NA,NA,NA,459.93430275,516.890517908513
"232",2021-07-14 10:04:15,346,291,62.598015,NA,NA,6.73151666666667,NA,NA,NA,NA,459.934164525,516.892212787183
"233",2021-07-14 10:04:20,346,296,62.5980466666667,NA,NA,6.73264444444444,NA,NA,NA,NA,467.8366728,516.893907664742
"234",2021-07-14 10:04:25,341,296,62.5980783333333,NA,NA,6.73377222222222,NA,NA,NA,NA,467.8365322,509.42601290909
"235",2021-07-14 10:04:30,341,296,62.59811,NA,NA,6.7349,NA,NA,NA,NA,467.8363916,509.427683292006
"236",2021-07-14 10:04:35,336,301,62.5981416666667,NA,NA,6.73602777777778,NA,NA,NA,NA,475.738890375,501.959715056908
"237",2021-07-14 10:04:40,331,301,62.5981733333333,NA,NA,6.73715555555556,NA,NA,NA,NA,475.7387474,494.491697835942
"238",2021-07-14 10:04:45,331,306,62.598205,NA,NA,6.73828333333333,NA,NA,NA,NA,483.64123905,494.493319230831
"239",2021-07-14 10:04:50,331,306,62.5982366666667,NA,NA,6.73941111111111,NA,NA,NA,NA,483.6410937,494.494940624655
"240",2021-07-14 10:04:55,336,306,62.5982683333333,NA,NA,6.74053888888889,NA,NA,NA,NA,483.64094835,501.966298603782
"241",2021-07-14 10:05:00,336,296,62.5983,NA,NA,6.74166666666667,NA,NA,NA,NA,467.835548,501.9679444878
"242",2021-07-14 10:05:05,341,291,62.5983316666667,NA,NA,6.74279444444444,NA,NA,NA,NA,459.932782275,509.439375941732
"243",2021-07-14 10:05:10,341,286,62.5983633333333,NA,NA,6.74392222222222,NA,NA,NA,NA,452.0300213,509.441046315879
"244",2021-07-14 10:05:15,346,281,62.598395,NA,NA,6.74505,NA,NA,NA,NA,444.127265075,516.912551244488
"245",2021-07-14 10:05:20,341,286,62.5984266666667,NA,NA,6.74617777777778,NA,NA,NA,NA,452.0297496,509.444387060887
"246",2021-07-14 10:05:25,346,291,62.5984583333333,NA,NA,6.74730555555556,NA,NA,NA,NA,459.932229375,516.915940971802
"247",2021-07-14 10:05:30,346,291,62.59849,NA,NA,6.74843333333333,NA,NA,NA,NA,459.93209115,516.917635833792
"248",2021-07-14 10:05:35,351,301,62.5985216666667,NA,NA,6.74956111111111,NA,NA,NA,NA,475.737174675,524.389263219158
"249",2021-07-14 10:05:40,351,301,62.5985533333333,NA,NA,6.75068888888889,NA,NA,NA,NA,475.7370317,524.390982571116
"250",2021-07-14 10:05:45,351,306,62.598585,NA,NA,6.75181666666667,NA,NA,NA,NA,483.63949485,524.392701921946
"251",2021-07-14 10:05:50,351,311,62.5986166666667,NA,NA,6.75294444444444,NA,NA,NA,NA,491.54195325,524.394421271648
"252",2021-07-14 10:05:55,346,311,62.5986483333333,NA,NA,6.75407222222222,NA,NA,NA,NA,491.541805525,516.926110127056
"253",2021-07-14 10:06:00,346,311,62.59868,NA,NA,6.7552,NA,NA,NA,NA,491.5416578,516.927804982373
"254",2021-07-14 10:06:05,341,306,62.5987116666667,NA,NA,6.75632777777778,NA,NA,NA,NA,483.63891345,509.45942035917
"255",2021-07-14 10:06:10,341,306,62.5987433333333,NA,NA,6.75745555555556,NA,NA,NA,NA,483.6387681,509.461090720165
"256",2021-07-14 10:06:15,341,306,62.598775,NA,NA,6.75858333333333,NA,NA,NA,NA,483.63862275,509.462761080065
"257",2021-07-14 10:06:20,341,306,62.5988066666667,NA,NA,6.75971111111111,NA,NA,NA,NA,483.6384774,509.464431438869
"258",2021-07-14 10:06:25,341,296,62.5988383333333,NA,NA,6.76083888888889,NA,NA,NA,NA,467.8331578,509.466101796576
"259",2021-07-14 10:06:30,341,296,62.59887,NA,NA,6.76196666666667,NA,NA,NA,NA,467.8330172,509.467772153188
"260",2021-07-14 10:06:35,341,296,62.5989016666667,NA,NA,6.76309444444444,NA,NA,NA,NA,467.8328766,509.469442508703
"261",2021-07-14 10:06:40,336,301,62.5989333333333,NA,NA,6.76422222222222,NA,NA,NA,NA,475.735316,502.000861941376
"262",2021-07-14 10:06:45,341,301,62.598965,NA,NA,6.76535,NA,NA,NA,NA,475.735173025,509.472783216446
"263",2021-07-14 10:06:50,341,301,62.5989966666667,NA,NA,6.76647777777778,NA,NA,NA,NA,475.73503005,509.474453568673
"264",2021-07-14 10:06:55,341,301,62.5990283333333,NA,NA,6.76760555555556,NA,NA,NA,NA,475.734887075,509.476123919805
"265",2021-07-14 10:07:00,341,301,62.59906,NA,NA,6.76873333333333,NA,NA,NA,NA,475.7347441,509.47779426984
"266",2021-07-14 10:07:05,341,296,62.5990916666667,NA,NA,6.76986111111111,NA,NA,NA,NA,467.832033,509.47946461878
"267",2021-07-14 10:07:10,336,296,62.5991233333333,NA,NA,6.77098888888889,NA,NA,NA,NA,467.8318924,502.010737093212
"268",2021-07-14 10:07:15,336,291,62.599155,NA,NA,6.77211666666667,NA,NA,NA,NA,459.929188425,502.012382948071
"269",2021-07-14 10:07:20,336,296,62.5991866666667,NA,NA,6.77324444444444,NA,NA,NA,NA,467.8316112,502.014028801851
"270",2021-07-14 10:07:25,336,301,62.5992183333333,NA,NA,6.77437222222222,NA,NA,NA,NA,475.734029225,502.01567465455
"271",2021-07-14 10:07:30,336,296,62.59925,NA,NA,6.7755,NA,NA,NA,NA,467.83133,502.01732050617
"272",2021-07-14 10:07:35,331,291,62.5992816666667,NA,NA,6.77662777777778,NA,NA,NA,NA,459.928635525,494.54844602402
"273",2021-07-14 10:07:40,326,291,62.5993133333333,NA,NA,6.77775555555556,NA,NA,NA,NA,459.9284973,487.079522557176
"274",2021-07-14 10:07:45,326,291,62.599345,NA,NA,6.77888333333333,NA,NA,NA,NA,459.928359075,487.081119421973
"275",2021-07-14 10:07:50,326,296,62.5993766666667,NA,NA,6.78001111111111,NA,NA,NA,NA,467.8307676,487.082716285722
"276",2021-07-14 10:07:55,326,296,62.5994083333333,NA,NA,6.78113888888889,NA,NA,NA,NA,467.830627,487.084313148424
"277",2021-07-14 10:08:00,331,296,62.59944,NA,NA,6.78226666666667,NA,NA,NA,NA,467.8304864,494.556552801643
"278",2021-07-14 10:08:05,331,296,62.5994716666667,NA,NA,6.78339444444444,NA,NA,NA,NA,467.8303458,494.558174153976
"279",2021-07-14 10:08:10,331,296,62.5995033333333,NA,NA,6.78452222222222,NA,NA,NA,NA,467.8302052,494.559795505244
"280",2021-07-14 10:08:15,336,296,62.599535,NA,NA,6.78565,NA,NA,NA,NA,467.8300646,502.032133122148
"281",2021-07-14 10:08:20,336,296,62.5995666666667,NA,NA,6.78677777777778,NA,NA,NA,NA,467.829924,502.033778962968
"282",2021-07-14 10:08:25,341,296,62.5995983333333,NA,NA,6.78790555555556,NA,NA,NA,NA,467.8297834,509.506190052748
"283",2021-07-14 10:08:30,341,291,62.59963,NA,NA,6.78903333333333,NA,NA,NA,NA,459.92711505,509.507860383055
"284",2021-07-14 10:08:35,341,286,62.5996616666667,NA,NA,6.79016111111111,NA,NA,NA,NA,452.02445145,509.509530712266
"285",2021-07-14 10:08:40,341,286,62.5996933333333,NA,NA,6.79128888888889,NA,NA,NA,NA,452.0243156,509.511201040381
"286",2021-07-14 10:08:45,341,281,62.599725,NA,NA,6.79241666666667,NA,NA,NA,NA,444.121659125,509.512871367399
"287",2021-07-14 10:08:50,336,281,62.5997566666667,NA,NA,6.79354444444444,NA,NA,NA,NA,444.12152565,502.043653985209
"288",2021-07-14 10:08:55,336,281,62.5997883333333,NA,NA,6.79467222222222,NA,NA,NA,NA,444.121392175,502.045299818469
"289",2021-07-14 10:09:00,336,286,62.59982,NA,NA,6.7958,NA,NA,NA,NA,452.0237722,502.046945650649
"290",2021-07-14 10:09:05,336,286,62.5998516666667,NA,NA,6.79692777777778,NA,NA,NA,NA,452.02363635,502.04859148175
"291",2021-07-14 10:09:10,336,286,62.5998833333333,NA,NA,6.79805555555556,NA,NA,NA,NA,452.0235005,502.05023731177
"292",2021-07-14 10:09:15,331,286,62.599915,NA,NA,6.79918333333333,NA,NA,NA,NA,452.02336465,494.580872974926
"293",2021-07-14 10:09:20,331,286,62.5999466666667,NA,NA,6.80031111111111,NA,NA,NA,NA,452.0232288,494.582494311301
"294",2021-07-14 10:09:25,336,286,62.5999783333333,NA,NA,6.80143888888889,NA,NA,NA,NA,452.02309295,502.055174795351
"295",2021-07-14 10:09:30,326,291,62.60001,NA,NA,6.80256666666667,NA,NA,NA,NA,459.92545635,487.114653340663
"296",2021-07-14 10:09:35,326,291,62.6000416666667,NA,NA,6.80369444444444,NA,NA,NA,NA,459.925318125,487.116250182408
"297",2021-07-14 10:09:40,326,291,62.6000733333333,NA,NA,6.80482222222222,NA,NA,NA,NA,459.9251799,487.117847023106
"298",2021-07-14 10:09:45,326,291,62.600105,NA,NA,6.80595,NA,NA,NA,NA,459.925041675,487.119443862755
"299",2021-07-14 10:09:50,331,291,62.6001366666667,NA,NA,6.80707777777778,NA,NA,NA,NA,459.92490345,494.592222307205
"300",2021-07-14 10:09:55,331,291,62.6001683333333,NA,NA,6.80820555555556,NA,NA,NA,NA,459.924765225,494.593843636133
"301",2021-07-14 10:10:00,336,291,62.6002,NA,NA,6.80933333333333,NA,NA,NA,NA,459.924627,502.066695552576
"302",2021-07-14 10:10:05,341,291,62.6002316666667,NA,NA,6.81046111111111,NA,NA,NA,NA,459.924488775,509.539596450638
"303",2021-07-14 10:10:10,341,291,62.6002633333333,NA,NA,6.81158888888889,NA,NA,NA,NA,459.92435055,509.541266759024
"304",2021-07-14 10:10:15,336,291,62.600295,NA,NA,6.81271666666667,NA,NA,NA,NA,459.924212325,502.071633003759
"305",2021-07-14 10:10:20,336,291,62.6003266666667,NA,NA,6.81384444444444,NA,NA,NA,NA,459.9240741,502.07327881866
"306",2021-07-14 10:10:25,331,291,62.6003583333333,NA,NA,6.81497222222222,NA,NA,NA,NA,459.923935875,494.603571587354
"307",2021-07-14 10:10:30,326,291,62.60039,NA,NA,6.8161,NA,NA,NA,NA,459.92379765,487.133815372447
"308",2021-07-14 10:10:35,326,291,62.6004216666667,NA,NA,6.81722777777778,NA,NA,NA,NA,459.923659425,487.135412201618
"309",2021-07-14 10:10:40,326,291,62.6004533333333,NA,NA,6.81835555555556,NA,NA,NA,NA,459.9235212,487.137009029741
"310",2021-07-14 10:10:45,331,291,62.600485,NA,NA,6.81948333333333,NA,NA,NA,NA,459.923382975,494.610056866891
"311",2021-07-14 10:10:50,331,296,62.6005166666667,NA,NA,6.82061111111111,NA,NA,NA,NA,467.825706,494.611678184115
"312",2021-07-14 10:10:55,331,296,62.6005483333333,NA,NA,6.82173888888889,NA,NA,NA,NA,467.8255654,494.613299500276
"313",2021-07-14 10:11:00,331,291,62.60058,NA,NA,6.82286666666667,NA,NA,NA,NA,459.9229683,494.614920815373
"314",2021-07-14 10:11:05,326,291,62.6006116666667,NA,NA,6.82399444444444,NA,NA,NA,NA,459.922830075,487.144993154641
"315",2021-07-14 10:11:10,326,291,62.6006433333333,NA,NA,6.82512222222222,NA,NA,NA,NA,459.92269185,487.146589976477
"316",2021-07-14 10:11:15,326,291,62.600675,NA,NA,6.82625,NA,NA,NA,NA,459.922553625,487.148186797266
"317",2021-07-14 10:11:20,326,291,62.6007066666667,NA,NA,6.82737777777778,NA,NA,NA,NA,459.9224154,487.149783617007
"318",2021-07-14 10:11:25,326,286,62.6007383333333,NA,NA,6.82850555555556,NA,NA,NA,NA,452.01983255,487.1513804357
"319",2021-07-14 10:11:30,326,286,62.60077,NA,NA,6.82963333333333,NA,NA,NA,NA,452.0196967,487.152977253345
"320",2021-07-14 10:11:35,331,281,62.6008016666667,NA,NA,6.83076111111111,NA,NA,NA,NA,444.117120975,494.62626999126
"321",2021-07-14 10:11:40,336,281,62.6008333333333,NA,NA,6.83188888888889,NA,NA,NA,NA,444.1169875,502.0996117102
"322",2021-07-14 10:11:45,336,281,62.600865,NA,NA,6.83301666666667,NA,NA,NA,NA,444.116854025,502.101257506742
"323",2021-07-14 10:11:50,336,291,62.6008966666667,NA,NA,6.83414444444444,NA,NA,NA,NA,459.92158605,502.102903302203
"324",2021-07-14 10:11:55,336,296,62.6009283333333,NA,NA,6.83527222222222,NA,NA,NA,NA,467.8238782,502.104549096585
"325",2021-07-14 10:12:00,336,301,62.60096,NA,NA,6.8364,NA,NA,NA,NA,475.7261656,502.106194889887
"326",2021-07-14 10:12:05,331,296,62.6009916666667,NA,NA,6.83752777777778,NA,NA,NA,NA,467.823597,494.635997814815
"327",2021-07-14 10:12:10,331,291,62.6010233333333,NA,NA,6.83865555555556,NA,NA,NA,NA,459.92103315,494.637619115018
"328",2021-07-14 10:12:15,326,286,62.601055,NA,NA,6.83978333333333,NA,NA,NA,NA,452.01847405,487.167348564999
"329",2021-07-14 10:12:20,326,281,62.6010866666667,NA,NA,6.84091111111111,NA,NA,NA,NA,444.1159197,487.168945372166
"330",2021-07-14 10:12:25,326,281,62.6011183333333,NA,NA,6.84203888888889,NA,NA,NA,NA,444.115786225,487.170542178285
"331",2021-07-14 10:12:30,326,281,62.60115,NA,NA,6.84316666666667,NA,NA,NA,NA,444.11565275,487.172138983357
"332",2021-07-14 10:12:35,326,286,62.6011816666667,NA,NA,6.84429444444444,NA,NA,NA,NA,452.01793065,487.17373578738
"333",2021-07-14 10:12:40,331,291,62.6012133333333,NA,NA,6.84542222222222,NA,NA,NA,NA,459.9202038,494.647346893889
"334",2021-07-14 10:12:45,326,291,62.601245,NA,NA,6.84655,NA,NA,NA,NA,459.920065575,487.176929392284
"335",2021-07-14 10:12:50,326,291,62.6012766666667,NA,NA,6.84767777777778,NA,NA,NA,NA,459.91992735,487.178526193164
"336",2021-07-14 10:12:55,321,286,62.6013083333333,NA,NA,6.84880555555556,NA,NA,NA,NA,452.01738725,479.70803521703
"337",2021-07-14 10:13:00,326,286,62.60134,NA,NA,6.84993333333333,NA,NA,NA,NA,452.0172514,487.18171979178
"338",2021-07-14 10:13:05,326,286,62.6013716666667,NA,NA,6.85106111111111,NA,NA,NA,NA,452.01711555,487.183316589517
"339",2021-07-14 10:13:10,326,281,62.6014033333333,NA,NA,6.85218888888889,NA,NA,NA,NA,444.11458495,487.184913386206
"340",2021-07-14 10:13:15,321,281,62.601435,NA,NA,6.85331666666667,NA,NA,NA,NA,444.114451475,479.714324442861
"341",2021-07-14 10:13:20,321,281,62.6014666666667,NA,NA,6.85444444444444,NA,NA,NA,NA,444.114318,479.71589674674
"342",2021-07-14 10:13:25,326,286,62.6014983333333,NA,NA,6.85557222222222,NA,NA,NA,NA,452.01657215,487.189703769985
"343",2021-07-14 10:13:30,331,291,62.60153,NA,NA,6.8567,NA,NA,NA,NA,459.91882155,494.663559773564
"344",2021-07-14 10:13:35,331,291,62.6015616666667,NA,NA,6.85782777777778,NA,NA,NA,NA,459.918683325,494.66518105568
"345",2021-07-14 10:13:40,326,291,62.6015933333333,NA,NA,6.85895555555556,NA,NA,NA,NA,459.9185451,487.194494144334
"346",2021-07-14 10:13:45,326,286,62.601625,NA,NA,6.86008333333333,NA,NA,NA,NA,452.01602875,487.196090933688
"347",2021-07-14 10:13:50,331,281,62.6016566666667,NA,NA,6.86121111111111,NA,NA,NA,NA,444.11351715,494.670044895645
"348",2021-07-14 10:13:55,331,281,62.6016883333333,NA,NA,6.86233888888889,NA,NA,NA,NA,444.113383675,494.671666173505
"349",2021-07-14 10:14:00,331,281,62.60172,NA,NA,6.86346666666667,NA,NA,NA,NA,444.1132502,494.673287450302
"350",2021-07-14 10:14:05,326,281,62.6017516666667,NA,NA,6.86459444444444,NA,NA,NA,NA,444.113116725,487.202478080626
"351",2021-07-14 10:14:10,321,276,62.6017833333333,NA,NA,6.86572222222222,NA,NA,NA,NA,436.210617,479.731619728779
"352",2021-07-14 10:14:15,316,276,62.601815,NA,NA,6.86685,NA,NA,NA,NA,436.2104859,472.260712394808
"353",2021-07-14 10:14:20,316,276,62.6018466666667,NA,NA,6.86797777777778,NA,NA,NA,NA,436.2103548,472.262260195784
"354",2021-07-14 10:14:25,321,281,62.6018783333333,NA,NA,6.86910555555556,NA,NA,NA,NA,444.112582825,479.736336603272
"355",2021-07-14 10:14:30,326,281,62.60191,NA,NA,6.87023333333333,NA,NA,NA,NA,444.11244935,487.210461990723
"356",2021-07-14 10:14:35,326,281,62.6019416666667,NA,NA,6.87136111111111,NA,NA,NA,NA,444.112315875,487.212058769599
"357",2021-07-14 10:14:40,326,286,62.6019733333333,NA,NA,6.87248888888889,NA,NA,NA,NA,452.0145344,487.213655547427
"358",2021-07-14 10:14:45,326,286,62.602005,NA,NA,6.87361666666667,NA,NA,NA,NA,452.01439855,487.215252324207
"359",2021-07-14 10:14:50,326,291,62.6020366666667,NA,NA,6.87474444444444,NA,NA,NA,NA,459.91660995,487.21684909994
"360",2021-07-14 10:14:55,326,286,62.6020683333333,NA,NA,6.87587222222222,NA,NA,NA,NA,452.01412685,487.218445874624
"361",2021-07-14 10:15:00,326,281,62.6021,6.62,64.213,6.877,"Stn02",64.213,0.164266695,0.02221433,444.1116485,487.220042648261
"362",2021-07-14 10:15:05,326,281,62.6021105555556,NA,NA,6.87923888888889,NA,NA,NA,NA,444.111604008333,487.223454484104
"363",2021-07-14 10:15:10,326,281,62.6021211111111,NA,NA,6.88147777777778,NA,NA,NA,NA,444.111559516667,487.226866319254
"364",2021-07-14 10:15:15,326,276,62.6021316666667,NA,NA,6.88371666666667,NA,NA,NA,NA,436.2091749,487.23027815371
"365",2021-07-14 10:15:20,321,276,62.6021422222222,NA,NA,6.88595555555556,NA,NA,NA,NA,436.2091312,479.760780631837
"366",2021-07-14 10:15:25,321,276,62.6021527777778,NA,NA,6.88819444444444,NA,NA,NA,NA,436.2090875,479.764140136178
"367",2021-07-14 10:15:30,321,271,62.6021633333333,NA,NA,6.89043333333333,NA,NA,NA,NA,428.30670605,479.767499639837
"368",2021-07-14 10:15:35,326,276,62.6021738888889,NA,NA,6.89267222222222,NA,NA,NA,NA,436.2090001,487.243925484601
"369",2021-07-14 10:15:40,326,276,62.6021844444444,NA,NA,6.89491111111111,NA,NA,NA,NA,436.2089564,487.247337315591
"370",2021-07-14 10:15:45,326,276,62.602195,NA,NA,6.89715,NA,NA,NA,NA,436.2089127,487.250749145887
"371",2021-07-14 10:15:50,326,281,62.6022055555556,NA,NA,6.89938888888889,NA,NA,NA,NA,444.111203583333,487.254160975489
"372",2021-07-14 10:15:55,326,286,62.6022161111111,NA,NA,6.90162777777778,NA,NA,NA,NA,452.013492883333,487.257572804399
"373",2021-07-14 10:16:00,326,286,62.6022266666667,NA,NA,6.90386666666667,NA,NA,NA,NA,452.0134476,487.260984632615
"374",2021-07-14 10:16:05,321,286,62.6022372222222,NA,NA,6.90610555555556,NA,NA,NA,NA,452.013402316667,479.791016146331
"375",2021-07-14 10:16:10,321,286,62.6022477777778,NA,NA,6.90834444444444,NA,NA,NA,NA,452.013357033333,479.794375644528
"376",2021-07-14 10:16:15,326,286,62.6022583333333,NA,NA,6.91058333333333,NA,NA,NA,NA,452.01331175,487.271220113102
"377",2021-07-14 10:16:20,326,291,62.6022688888889,NA,NA,6.91282222222222,NA,NA,NA,NA,459.9155963,487.274631938544
"378",2021-07-14 10:16:25,326,291,62.6022794444444,NA,NA,6.91506111111111,NA,NA,NA,NA,459.915550225,487.278043763293
"379",2021-07-14 10:16:30,326,301,62.60229,NA,NA,6.9173,NA,NA,NA,NA,475.72016065,487.281455587349
"380",2021-07-14 10:16:35,326,296,62.6023005555556,NA,NA,6.91953888888889,NA,NA,NA,NA,467.817785533333,487.284867410711
"381",2021-07-14 10:16:40,321,301,62.6023111111111,NA,NA,6.92177777777778,NA,NA,NA,NA,475.720065333333,479.814532619371
"382",2021-07-14 10:16:45,321,296,62.6023216666667,NA,NA,6.92401666666667,NA,NA,NA,NA,467.8176918,479.817892112788
"383",2021-07-14 10:16:50,321,291,62.6023322222222,NA,NA,6.92625555555556,NA,NA,NA,NA,459.91531985,479.821251605523
"384",2021-07-14 10:16:55,316,291,62.6023427777778,NA,NA,6.92849444444444,NA,NA,NA,NA,459.915273775,472.350707497924
"385",2021-07-14 10:17:00,321,286,62.6023533333333,NA,NA,6.93073333333333,NA,NA,NA,NA,452.0129042,479.827970588944
"386",2021-07-14 10:17:05,326,281,62.6023638888889,NA,NA,6.93297222222222,NA,NA,NA,NA,444.110536208333,487.305338336323
"387",2021-07-14 10:17:10,321,281,62.6023744444444,NA,NA,6.93521111111111,NA,NA,NA,NA,444.110491716667,479.834689569634
"388",2021-07-14 10:17:15,316,281,62.602385,NA,NA,6.93745,NA,NA,NA,NA,444.110447225,472.363936145264
"389",2021-07-14 10:17:20,316,281,62.6023955555556,NA,NA,6.93968888888889,NA,NA,NA,NA,444.110402733333,472.367243305419
"390",2021-07-14 10:17:25,316,286,62.6024061111111,NA,NA,6.94192777777778,NA,NA,NA,NA,452.012677783333,472.370550464902
"391",2021-07-14 10:17:30,316,291,62.6024166666667,NA,NA,6.94416666666667,NA,NA,NA,NA,459.91495125,472.373857623712
"392",2021-07-14 10:17:35,311,296,62.6024272222222,NA,NA,6.94640555555556,NA,NA,NA,NA,467.817223133333,464.90284255429
"393",2021-07-14 10:17:40,311,296,62.6024377777778,NA,NA,6.94864444444444,NA,NA,NA,NA,467.817176266667,464.906097383315
"394",2021-07-14 10:17:45,316,296,62.6024483333333,NA,NA,6.95088333333333,NA,NA,NA,NA,467.8171294,472.383779096111
"395",2021-07-14 10:17:50,316,296,62.6024588888889,NA,NA,6.95312222222222,NA,NA,NA,NA,467.817082533333,472.387086252234
"396",2021-07-14 10:17:55,316,296,62.6024694444444,NA,NA,6.95536111111111,NA,NA,NA,NA,467.817035666667,472.390393407684
"397",2021-07-14 10:18:00,316,296,62.60248,NA,NA,6.9576,NA,NA,NA,NA,467.8169888,472.393700562461
"398",2021-07-14 10:18:05,316,296,62.6024905555556,NA,NA,6.95983888888889,NA,NA,NA,NA,467.816941933333,472.397007716567
"399",2021-07-14 10:18:10,316,296,62.6025011111111,NA,NA,6.96207777777778,NA,NA,NA,NA,467.816895066667,472.400314870001
"400",2021-07-14 10:18:15,316,291,62.6025116666667,NA,NA,6.96431666666667,NA,NA,NA,NA,459.914536575,472.403622022762
"401",2021-07-14 10:18:20,316,286,62.6025222222222,NA,NA,6.96655555555556,NA,NA,NA,NA,452.012179666667,472.406929174852
"402",2021-07-14 10:18:25,316,281,62.6025327777778,NA,NA,6.96879444444444,NA,NA,NA,NA,444.109824341667,472.410236326269
"403",2021-07-14 10:18:30,316,281,62.6025433333333,NA,NA,6.97103333333333,NA,NA,NA,NA,444.10977985,472.413543477014
"404",2021-07-14 10:18:35,316,281,62.6025538888889,NA,NA,6.97327222222222,NA,NA,NA,NA,444.109735358333,472.416850627087
"405",2021-07-14 10:18:40,316,281,62.6025644444444,NA,NA,6.97551111111111,NA,NA,NA,NA,444.109690866667,472.420157776488
"406",2021-07-14 10:18:45,311,281,62.602575,NA,NA,6.97775,NA,NA,NA,NA,444.109646375,464.948410100451
"407",2021-07-14 10:18:50,311,281,62.6025855555556,NA,NA,6.97998888888889,NA,NA,NA,NA,444.109601883333,464.951664920216
"408",2021-07-14 10:18:55,316,286,62.6025961111111,NA,NA,6.98222777777778,NA,NA,NA,NA,452.011862683333,472.430079220659
"409",2021-07-14 10:19:00,316,291,62.6026066666667,NA,NA,6.98446666666667,NA,NA,NA,NA,459.9141219,472.433386367371
"410",2021-07-14 10:19:05,316,291,62.6026172222222,NA,NA,6.98670555555556,NA,NA,NA,NA,459.914075825,472.436693513411
"411",2021-07-14 10:19:10,316,291,62.6026277777778,NA,NA,6.98894444444444,NA,NA,NA,NA,459.91402975,472.44000065878
"412",2021-07-14 10:19:15,316,296,62.6026383333333,NA,NA,6.99118333333333,NA,NA,NA,NA,467.8162858,472.443307803476
"413",2021-07-14 10:19:20,311,296,62.6026488888889,NA,NA,6.99342222222222,NA,NA,NA,NA,467.816238933333,464.971193824913
"414",2021-07-14 10:19:25,306,296,62.6026594444444,NA,NA,6.99566111111111,NA,NA,NA,NA,467.816192066667,457.498975189242
"415",2021-07-14 10:19:30,306,296,62.60267,NA,NA,6.9979,NA,NA,NA,NA,467.8161452,457.502177675508
"416",2021-07-14 10:19:35,311,291,62.6026805555556,NA,NA,7.00013888888889,NA,NA,NA,NA,459.913799375,464.980958268331
"417",2021-07-14 10:19:40,311,291,62.6026911111111,NA,NA,7.00237777777778,NA,NA,NA,NA,459.9137533,464.984213081481
"418",2021-07-14 10:19:45,311,286,62.6027016666667,NA,NA,7.00461666666667,NA,NA,NA,NA,452.01140985,464.98746789397
"419",2021-07-14 10:19:50,316,286,62.6027122222222,NA,NA,7.00685555555556,NA,NA,NA,NA,452.011364566667,472.46645779753
"420",2021-07-14 10:19:55,321,276,62.6027227777778,NA,NA,7.00909444444444,NA,NA,NA,NA,436.2067277,479.945552356736
"421",2021-07-14 10:20:00,326,271,62.6027333333333,NA,NA,7.01133333333333,NA,NA,NA,NA,428.304389,487.424751571556
"422",2021-07-14 10:20:05,326,271,62.6027438888889,NA,NA,7.01357222222222,NA,NA,NA,NA,428.304346091667,487.428163365796
"423",2021-07-14 10:20:10,326,271,62.6027544444444,NA,NA,7.01581111111111,NA,NA,NA,NA,428.304303183333,487.431575159343
"424",2021-07-14 10:20:15,326,271,62.602765,NA,NA,7.01805,NA,NA,NA,NA,428.304260275,487.434986952196
"425",2021-07-14 10:20:20,326,271,62.6027755555556,NA,NA,7.02028888888889,NA,NA,NA,NA,428.304217366667,487.438398744356
"426",2021-07-14 10:20:25,321,266,62.6027861111111,NA,NA,7.02252777777778,NA,NA,NA,NA,420.401883416667,479.965709147236
"427",2021-07-14 10:20:30,316,261,62.6027966666667,NA,NA,7.02476666666667,NA,NA,NA,NA,412.49955105,472.492914893264
"428",2021-07-14 10:20:35,316,261,62.6028072222222,NA,NA,7.02700555555556,NA,NA,NA,NA,412.499509725,472.496222027207
"429",2021-07-14 10:20:40,311,266,62.6028177777778,NA,NA,7.02924444444444,NA,NA,NA,NA,420.401757066667,465.023270787684
"430",2021-07-14 10:20:45,311,271,62.6028283333333,NA,NA,7.03148333333333,NA,NA,NA,NA,428.304002825,465.026525592235
"431",2021-07-14 10:20:50,311,276,62.6028388888889,NA,NA,7.03372222222222,NA,NA,NA,NA,436.206247,465.029780396124
"432",2021-07-14 10:20:55,311,276,62.6028494444444,NA,NA,7.03596111111111,NA,NA,NA,NA,436.2062033,465.033035199352
"433",2021-07-14 10:21:00,311,276,62.60286,NA,NA,7.0382,NA,NA,NA,NA,436.2061596,465.036290001918
"434",2021-07-14 10:21:05,306,276,62.6028705555556,NA,NA,7.04043888888889,NA,NA,NA,NA,436.2061159,457.5630247909
"435",2021-07-14 10:21:10,311,276,62.6028811111111,NA,NA,7.04267777777778,NA,NA,NA,NA,436.2060722,465.042799605066
"436",2021-07-14 10:21:15,311,276,62.6028916666667,NA,NA,7.04491666666667,NA,NA,NA,NA,436.2060285,465.046054405648
"437",2021-07-14 10:21:20,311,281,62.6029022222222,NA,NA,7.04715555555556,NA,NA,NA,NA,444.108267133333,465.049309205568
"438",2021-07-14 10:21:25,311,286,62.6029127777778,NA,NA,7.04939444444444,NA,NA,NA,NA,452.010504183333,465.052564004827
"439",2021-07-14 10:21:30,311,286,62.6029233333333,NA,NA,7.05163333333333,NA,NA,NA,NA,452.0104589,465.055818803424
"440",2021-07-14 10:21:35,311,291,62.6029338888889,NA,NA,7.05387222222222,NA,NA,NA,NA,459.912693575,465.05907360136
"441",2021-07-14 10:21:40,311,286,62.6029444444444,NA,NA,7.05611111111111,NA,NA,NA,NA,452.010368333333,465.062328398635
"442",2021-07-14 10:21:45,311,286,62.602955,NA,NA,7.05835,NA,NA,NA,NA,452.01032305,465.065583195248
"443",2021-07-14 10:21:50,306,281,62.6029655555556,NA,NA,7.06058888888889,NA,NA,NA,NA,444.108000183333,457.59184702671
"444",2021-07-14 10:21:55,306,281,62.6029761111111,NA,NA,7.06282777777778,NA,NA,NA,NA,444.107955691667,457.595049494102
"445",2021-07-14 10:22:00,301,286,62.6029866666667,NA,NA,7.06506666666667,NA,NA,NA,NA,452.0101872,450.121156340567
"446",2021-07-14 10:22:05,301,281,62.6029972222222,NA,NA,7.06730555555556,NA,NA,NA,NA,444.107866708333,450.124306478779
"447",2021-07-14 10:22:10,306,281,62.6030077777778,NA,NA,7.06954444444444,NA,NA,NA,NA,444.107822216667,457.604656892371
"448",2021-07-14 10:22:15,306,276,62.6030183333333,NA,NA,7.07178333333333,NA,NA,NA,NA,436.2055041,457.607859357159
"449",2021-07-14 10:22:20,311,276,62.6030288888889,NA,NA,7.07402222222222,NA,NA,NA,NA,436.2054604,465.088366753016
"450",2021-07-14 10:22:25,311,271,62.6030394444444,NA,NA,7.07626111111111,NA,NA,NA,NA,428.303144658333,465.091621544338
"451",2021-07-14 10:22:30,331,266,62.60305,NA,NA,7.0785,NA,NA,NA,NA,420.4008305,495.004514684515
"452",2021-07-14 10:22:35,346,266,62.6030605555556,NA,NA,7.08073888888889,NA,NA,NA,NA,420.400788383333,517.440364531345
"453",2021-07-14 10:22:40,361,266,62.6030711111111,NA,NA,7.08297777777778,NA,NA,NA,NA,420.400746266667,539.876528344289
"454",2021-07-14 10:22:45,356,271,62.6030816666667,NA,NA,7.08521666666667,NA,NA,NA,NA,428.302973025,532.402739840098
"455",2021-07-14 10:22:50,351,276,62.6030922222222,NA,NA,7.08745555555556,NA,NA,NA,NA,436.2051982,524.928846679576
"456",2021-07-14 10:22:55,351,286,62.6031027777778,NA,NA,7.08969444444444,NA,NA,NA,NA,452.009689083333,524.932520089096
"457",2021-07-14 10:23:00,351,286,62.6031133333333,NA,NA,7.09193333333333,NA,NA,NA,NA,452.0096438,524.936193497869
"458",2021-07-14 10:23:05,351,286,62.6031238888889,NA,NA,7.09417222222222,NA,NA,NA,NA,452.009598516667,524.939866905896
"459",2021-07-14 10:23:10,356,281,62.6031344444444,NA,NA,7.09641111111111,NA,NA,NA,NA,444.107288316667,532.421368522765
"460",2021-07-14 10:23:15,361,276,62.603145,NA,NA,7.09865,NA,NA,NA,NA,436.2049797,539.902974794345
"461",2021-07-14 10:23:20,366,276,62.6031555555556,NA,NA,7.10088888888889,NA,NA,NA,NA,436.204936,547.384685720603
"462",2021-07-14 10:23:25,371,271,62.6031661111111,NA,NA,7.10312777777778,NA,NA,NA,NA,428.302629758333,554.866501301507
"463",2021-07-14 10:23:30,371,276,62.6031766666667,NA,NA,7.10536666666667,NA,NA,NA,NA,436.2048486,554.870384016587
"464",2021-07-14 10:23:35,376,276,62.6031872222222,NA,NA,7.10760555555556,NA,NA,NA,NA,436.2048049,562.352356579003
"465",2021-07-14 10:23:40,371,271,62.6031977777778,NA,NA,7.10984444444444,NA,NA,NA,NA,428.302501033333,554.878149444379
"466",2021-07-14 10:23:45,376,276,62.6032083333333,NA,NA,7.11208333333333,NA,NA,NA,NA,436.2047175,562.360226660556
"467",2021-07-14 10:23:50,376,276,62.6032188888889,NA,NA,7.11432222222222,NA,NA,NA,NA,436.2046738,562.364161700134
"468",2021-07-14 10:23:55,381,276,62.6032294444444,NA,NA,7.11656111111111,NA,NA,NA,NA,436.2046301,569.846395897673
"469",2021-07-14 10:24:00,386,276,62.60324,NA,NA,7.1188,NA,NA,NA,NA,436.2045864,577.328734749678
"470",2021-07-14 10:24:05,391,276,62.6032505555556,NA,NA,7.12103888888889,NA,NA,NA,NA,436.2045427,584.811178256118
"471",2021-07-14 10:24:10,396,276,62.6032611111111,NA,NA,7.12327777777778,NA,NA,NA,NA,436.204499,592.293726416959
"472",2021-07-14 10:24:15,406,281,62.6032716666667,NA,NA,7.12551666666667,NA,NA,NA,NA,444.106709925,607.254887701398
"473",2021-07-14 10:24:20,416,281,62.6032822222222,NA,NA,7.12775555555556,NA,NA,NA,NA,444.106665433333,622.216258295357
"474",2021-07-14 10:24:25,426,281,62.6032927777778,NA,NA,7.12999444444444,NA,NA,NA,NA,444.106620941667,637.177838198769
"475",2021-07-14 10:24:30,426,281,62.6033033333333,NA,NA,7.13223333333333,NA,NA,NA,NA,444.10657645,637.182296507637
"476",2021-07-14 10:24:35,436,286,62.6033138888889,NA,NA,7.13447222222222,NA,NA,NA,NA,452.008783416667,652.144190374651
"477",2021-07-14 10:24:40,446,281,62.6033244444444,NA,NA,7.13671111111111,NA,NA,NA,NA,444.106487466667,667.106293550949
"478",2021-07-14 10:24:45,451,276,62.603335,NA,NA,7.13895,NA,NA,NA,NA,436.2041931,674.589783601858
"479",2021-07-14 10:24:50,461,271,62.6033455555556,NA,NA,7.14118888888889,NA,NA,NA,NA,428.301900316667,689.552253069007
"480",2021-07-14 10:24:55,471,271,62.6033561111111,NA,NA,7.14342777777778,NA,NA,NA,NA,428.301857408333,704.514931845259
"481",2021-07-14 10:25:00,476,276,62.6033666666667,NA,NA,7.14566666666667,NA,NA,NA,NA,436.204062,711.998840513394
"482",2021-07-14 10:25:05,486,276,62.6033772222222,NA,NA,7.14790555555556,NA,NA,NA,NA,436.2040183,726.961885580168
"483",2021-07-14 10:25:10,501,276,62.6033877777778,NA,NA,7.15014444444444,NA,NA,NA,NA,436.2039746,749.404224028
"484",2021-07-14 10:25:15,511,276,62.6033983333333,NA,NA,7.15238333333333,NA,NA,NA,NA,436.2039309,764.367740040029
"485",2021-07-14 10:25:20,521,281,62.6034088888889,NA,NA,7.15462222222222,NA,NA,NA,NA,444.106131533333,779.331465360842
"486",2021-07-14 10:25:25,526,281,62.6034194444444,NA,NA,7.15686111111111,NA,NA,NA,NA,444.106087041667,786.816158935853
"487",2021-07-14 10:25:30,536,286,62.60343,NA,NA,7.1591,NA,NA,NA,NA,452.0082853,801.780250546602
"488",2021-07-14 10:25:35,541,281,62.6034405555556,NA,NA,7.16133888888889,NA,NA,NA,NA,444.105998058333,809.265205756561
"489",2021-07-14 10:25:40,546,281,62.6034511111111,NA,NA,7.16357777777778,NA,NA,NA,NA,444.105953566667,816.750265620219
"490",2021-07-14 10:25:45,546,276,62.6034616666667,NA,NA,7.16581666666667,NA,NA,NA,NA,436.2036687,816.75597977332
"491",2021-07-14 10:25:50,556,271,62.6034722222222,NA,NA,7.16805555555556,NA,NA,NA,NA,428.301385416667,831.720699308507
"492",2021-07-14 10:25:55,561,266,62.6034827777778,NA,NA,7.17029444444444,NA,NA,NA,NA,420.399103716667,839.206073133073
"493",2021-07-14 10:26:00,566,266,62.6034933333333,NA,NA,7.17253333333333,NA,NA,NA,NA,420.3990616,846.691551611212
"494",2021-07-14 10:26:05,571,271,62.6035038888889,NA,NA,7.17477222222222,NA,NA,NA,NA,428.301256691667,854.177134742891
"495",2021-07-14 10:26:10,576,271,62.6035144444444,NA,NA,7.17701111111111,NA,NA,NA,NA,428.301213783333,861.662822528079
"496",2021-07-14 10:26:15,586,266,62.603525,NA,NA,7.17925,NA,NA,NA,NA,420.39893525,876.628379295201
"497",2021-07-14 10:26:20,591,271,62.6035355555556,NA,NA,7.18148888888889,NA,NA,NA,NA,428.301127966667,884.114328714645
"498",2021-07-14 10:26:25,596,276,62.6035461111111,NA,NA,7.18372777777778,NA,NA,NA,NA,436.2033191,891.600382787491
"499",2021-07-14 10:26:30,601,286,62.6035566666667,NA,NA,7.18596666666667,NA,NA,NA,NA,452.0077419,899.086541513707
"500",2021-07-14 10:26:35,606,286,62.6035672222222,NA,NA,7.18820555555556,NA,NA,NA,NA,452.007696616667,906.572804893262
"501",2021-07-14 10:26:40,611,286,62.6035777777778,NA,NA,7.19044444444444,NA,NA,NA,NA,452.007651333333,914.059172926123
"502",2021-07-14 10:26:45,611,281,62.6035883333333,NA,NA,7.19268333333333,NA,NA,NA,NA,444.105375175,914.065567319951
"503",2021-07-14 10:26:50,611,281,62.6035988888889,NA,NA,7.19492222222222,NA,NA,NA,NA,444.105330683333,914.07196171248
"504",2021-07-14 10:26:55,621,276,62.6036094444444,NA,NA,7.19716111111111,NA,NA,NA,NA,436.2030569,929.038721997387
"505",2021-07-14 10:27:00,626,271,62.60362,NA,NA,7.1994,NA,NA,NA,NA,428.3007847,936.525456315905
"506",2021-07-14 10:27:05,631,266,62.6036305555556,NA,NA,7.20163888888889,NA,NA,NA,NA,420.398514083333,944.012295287581
"507",2021-07-14 10:27:10,631,266,62.6036411111111,NA,NA,7.20387777777778,NA,NA,NA,NA,420.398471966667,944.018898983826
"508",2021-07-14 10:27:15,637,266,62.6036516666667,NA,NA,7.20611666666667,NA,NA,NA,NA,420.39842985,953.001973385658
"509",2021-07-14 10:27:20,637,276,62.6036622222222,NA,NA,7.20835555555556,NA,NA,NA,NA,436.2028384,953.008639871867
"510",2021-07-14 10:27:25,637,276,62.6036727777778,NA,NA,7.21059444444444,NA,NA,NA,NA,436.2027947,953.015306356722
"511",2021-07-14 10:27:30,642,276,62.6036833333333,NA,NA,7.21283333333333,NA,NA,NA,NA,436.202751,960.502522077586
"512",2021-07-14 10:27:35,652,276,62.6036938888889,NA,NA,7.21507222222222,NA,NA,NA,NA,436.2027073,975.470444015986
"513",2021-07-14 10:27:40,657,276,62.6037044444444,NA,NA,7.21731111111111,NA,NA,NA,NA,436.2026636,982.957921369974
"514",2021-07-14 10:27:45,662,281,62.603715,NA,NA,7.21955,NA,NA,NA,NA,444.104841275,990.445503376885
"515",2021-07-14 10:27:50,672,286,62.6037255555556,NA,NA,7.22178888888889,NA,NA,NA,NA,452.007017366667,1005.41394858269
"516",2021-07-14 10:27:55,672,286,62.6037361111111,NA,NA,7.22402777777778,NA,NA,NA,NA,452.006972083333,1005.42098134934
"517",2021-07-14 10:28:00,672,286,62.6037466666667,NA,NA,7.22626666666667,NA,NA,NA,NA,452.0069268,1005.42801411457
"518",2021-07-14 10:28:05,672,281,62.6037572222222,NA,NA,7.22850555555556,NA,NA,NA,NA,444.104663308333,1005.43504687836
"519",2021-07-14 10:28:10,682,281,62.6037677777778,NA,NA,7.23074444444444,NA,NA,NA,NA,444.104618816667,1020.40401534967
"520",2021-07-14 10:28:15,682,281,62.6037783333333,NA,NA,7.23298333333333,NA,NA,NA,NA,444.104574325,1020.41115276479
"521",2021-07-14 10:28:20,682,276,62.6037888888889,NA,NA,7.23522222222222,NA,NA,NA,NA,436.202314,1020.41829017846
"522",2021-07-14 10:28:25,682,276,62.6037994444444,NA,NA,7.23746111111111,NA,NA,NA,NA,436.2022703,1020.42542759068
"523",2021-07-14 10:28:30,682,276,62.60381,NA,NA,7.2397,NA,NA,NA,NA,436.2022266,1020.43256500144
"524",2021-07-14 10:28:35,692,276,62.6038205555556,NA,NA,7.24193888888889,NA,NA,NA,NA,436.2021829,1035.40216139039
"525",2021-07-14 10:28:40,692,276,62.6038311111111,NA,NA,7.24417777777778,NA,NA,NA,NA,436.2021392,1035.40940345233
"526",2021-07-14 10:28:45,692,271,62.6038416666667,NA,NA,7.24641666666667,NA,NA,NA,NA,428.299883625,1035.4166455128
"527",2021-07-14 10:28:50,692,271,62.6038522222222,NA,NA,7.24865555555556,NA,NA,NA,NA,428.299840716667,1035.42388757179
"528",2021-07-14 10:28:55,692,276,62.6038627777778,NA,NA,7.25089444444444,NA,NA,NA,NA,436.2020081,1035.43112962932
"529",2021-07-14 10:29:00,697,276,62.6038733333333,NA,NA,7.25313333333333,NA,NA,NA,NA,436.2019644,1042.91986281027
"530",2021-07-14 10:29:05,702,276,62.6038838888889,NA,NA,7.25537222222222,NA,NA,NA,NA,436.2019207,1050.40870064371
"531",2021-07-14 10:29:10,702,271,62.6038944444444,NA,NA,7.25761111111111,NA,NA,NA,NA,428.299669083333,1050.41604735076
"532",2021-07-14 10:29:15,707,271,62.603905,NA,NA,7.25985,NA,NA,NA,NA,428.299626175,1057.90504216214
"533",2021-07-14 10:29:20,717,266,62.6039155555556,NA,NA,7.26208888888889,NA,NA,NA,NA,420.397376933333,1072.8758420587
"534",2021-07-14 10:29:25,717,266,62.6039261111111,NA,NA,7.26432777777778,NA,NA,NA,NA,420.397334816667,1072.8833457421
"535",2021-07-14 10:29:30,722,276,62.6039366666667,NA,NA,7.26656666666667,NA,NA,NA,NA,436.2017022,1080.37265451061
"536",2021-07-14 10:29:35,722,286,62.6039472222222,NA,NA,7.26880555555556,NA,NA,NA,NA,452.006066416667,1080.38021051788
"537",2021-07-14 10:29:40,722,306,62.6039577777778,NA,NA,7.27104444444444,NA,NA,NA,NA,483.6148338,1080.38776652362
"538",2021-07-14 10:29:45,722,371,62.6039683333333,NA,NA,7.27328333333333,NA,NA,NA,NA,586.343416225,1080.39532252782
"539",2021-07-14 10:29:50,732,416,62.6039788888889,NA,NA,7.27552222222222,NA,NA,NA,NA,657.463171733333,1095.36690731899
"540",2021-07-14 10:29:55,732,421,62.6039894444444,NA,NA,7.27776111111111,NA,NA,NA,NA,665.365306658333,1095.37456797387
"541",2021-07-14 10:30:00,732,376,62.604,6.624,64.238,7.28,"Stn02",64.238,0.166622248,0.023037095,594.24544,1095.3822286272
"542",2021-07-14 10:30:05,732,351,62.6039661111111,NA,NA,7.28167777777778,NA,NA,NA,NA,554.734618425,1095.38840392137
"543",2021-07-14 10:30:10,732,331,62.6039322222222,NA,NA,7.28335555555556,NA,NA,NA,NA,523.125976516667,1095.39457921929
"544",2021-07-14 10:30:15,727,316,62.6038983333333,NA,NA,7.28503333333333,NA,NA,NA,NA,499.4195219,1087.91850892997
"545",2021-07-14 10:30:20,727,311,62.6038644444444,NA,NA,7.28671111111111,NA,NA,NA,NA,491.517472366667,1087.92464205433
"546",2021-07-14 10:30:25,727,306,62.6038305555556,NA,NA,7.28838888888889,NA,NA,NA,NA,483.61541775,1087.93077518241
"547",2021-07-14 10:30:30,727,301,62.6037966666667,NA,NA,7.29006666666667,NA,NA,NA,NA,475.71335805,1087.93690831421
"548",2021-07-14 10:30:35,732,306,62.6037627777778,NA,NA,7.29174444444444,NA,NA,NA,NA,483.61572885,1095.42545576507
"549",2021-07-14 10:30:40,737,311,62.6037288888889,NA,NA,7.29342222222222,NA,NA,NA,NA,491.518104733333,1102.91408758195
"550",2021-07-14 10:30:45,737,321,62.603695,NA,NA,7.2951,NA,NA,NA,NA,507.322708575,1102.92030508727
"551",2021-07-14 10:30:50,737,331,62.6036611111111,NA,NA,7.29677777777778,NA,NA,NA,NA,523.127322583333,1102.92652259635
"552",2021-07-14 10:30:55,737,341,62.6036272222222,NA,NA,7.29845555555556,NA,NA,NA,NA,538.931946758333,1102.93274010921
"553",2021-07-14 10:31:00,737,346,62.6035933333333,NA,NA,7.30013333333333,NA,NA,NA,NA,546.8343506,1102.93895762584
"554",2021-07-14 10:31:05,742,346,62.6035594444444,NA,NA,7.30181111111111,NA,NA,NA,NA,546.834526483333,1110.42784254886
"555",2021-07-14 10:31:10,747,351,62.6035255555556,NA,NA,7.30348888888889,NA,NA,NA,NA,554.73693795,1117.91681183826
"556",2021-07-14 10:31:15,752,351,62.6034916666667,NA,NA,7.30516666666667,NA,NA,NA,NA,554.737116375,1125.40586549412
"557",2021-07-14 10:31:20,747,361,62.6034577777778,NA,NA,7.30684444444444,NA,NA,NA,NA,570.541776133333,1117.92941562329
"558",2021-07-14 10:31:25,747,371,62.6034238888889,NA,NA,7.30852222222222,NA,NA,NA,NA,586.346446058333,1117.93571752154
"559",2021-07-14 10:31:30,747,381,62.60339,NA,NA,7.3102,NA,NA,NA,NA,602.15112615,1117.94201942361
"560",2021-07-14 10:31:35,752,386,62.6033561111111,NA,NA,7.31187777777778,NA,NA,NA,NA,610.053568116667,1125.43124182032
"561",2021-07-14 10:31:40,752,396,62.6033222222222,NA,NA,7.31355555555556,NA,NA,NA,NA,625.858266,1125.4375859115
"562",2021-07-14 10:31:45,752,406,62.6032883333333,NA,NA,7.31523333333333,NA,NA,NA,NA,641.66297405,1125.44393000652
"563",2021-07-14 10:31:50,752,406,62.6032544444444,NA,NA,7.31691111111111,NA,NA,NA,NA,641.663180433333,1125.45027410539
"564",2021-07-14 10:31:55,752,401,62.6032205555556,NA,NA,7.31858888888889,NA,NA,NA,NA,633.761128358333,1125.4566182081
"565",2021-07-14 10:32:00,752,396,62.6031866666667,NA,NA,7.32026666666667,NA,NA,NA,NA,625.8590712,1125.46296231467
"566",2021-07-14 10:32:05,747,391,62.6031527777778,NA,NA,7.32194444444445,NA,NA,NA,NA,617.957008958333,1117.98613284513
"567",2021-07-14 10:32:10,747,396,62.6031188888889,NA,NA,7.32362222222222,NA,NA,NA,NA,625.8594738,1117.99243477778
"568",2021-07-14 10:32:15,747,401,62.603085,NA,NA,7.3253,NA,NA,NA,NA,633.761943725,1117.99873671425
"569",2021-07-14 10:32:20,752,406,62.6030511111111,NA,NA,7.32697777777778,NA,NA,NA,NA,641.664418733333,1125.48833877941
"570",2021-07-14 10:32:25,752,411,62.6030172222222,NA,NA,7.32865555555556,NA,NA,NA,NA,649.566898825,1125.49468290521
"571",2021-07-14 10:32:30,757,416,62.6029833333333,NA,NA,7.33033333333333,NA,NA,NA,NA,657.469384,1132.98441152313
"572",2021-07-14 10:32:35,757,416,62.6029494444444,NA,NA,7.33201111111111,NA,NA,NA,NA,657.469595466667,1132.99079783837
"573",2021-07-14 10:32:40,762,421,62.6029155555556,NA,NA,7.33368888888889,NA,NA,NA,NA,665.372088266667,1140.48065300925
"574",2021-07-14 10:32:45,767,421,62.6028816666667,NA,NA,7.33536666666667,NA,NA,NA,NA,665.372302275,1147.97059254759
"575",2021-07-14 10:32:50,772,421,62.6028477777778,NA,NA,7.33704444444444,NA,NA,NA,NA,665.372516283333,1155.46061645345
"576",2021-07-14 10:32:55,772,426,62.6028138888889,NA,NA,7.33872222222222,NA,NA,NA,NA,673.27501925,1155.46712932971
"577",2021-07-14 10:33:00,767,426,62.60278,NA,NA,7.3404,NA,NA,NA,NA,673.2752358,1147.99000463084
"578",2021-07-14 10:33:05,767,426,62.6027461111111,NA,NA,7.34207777777778,NA,NA,NA,NA,673.27545235,1147.99647533311
"579",2021-07-14 10:33:10,767,431,62.6027122222222,NA,NA,7.34375555555556,NA,NA,NA,NA,681.177965483333,1148.0029460393
"580",2021-07-14 10:33:15,762,436,62.6026783333333,NA,NA,7.34543333333333,NA,NA,NA,NA,689.0804837,1140.52565262459
"581",2021-07-14 10:33:20,762,436,62.6026444444444,NA,NA,7.34711111111111,NA,NA,NA,NA,689.080705333333,1140.53208115666
"582",2021-07-14 10:33:25,762,436,62.6026105555556,NA,NA,7.34878888888889,NA,NA,NA,NA,689.080926966667,1140.53850969263
"583",2021-07-14 10:33:30,757,436,62.6025766666667,NA,NA,7.35046666666667,NA,NA,NA,NA,689.0811486,1133.06104756169
"584",2021-07-14 10:33:35,757,436,62.6025427777778,NA,NA,7.35214444444444,NA,NA,NA,NA,689.081370233333,1133.06743392341
"585",2021-07-14 10:33:40,757,431,62.6025088888889,NA,NA,7.35382222222222,NA,NA,NA,NA,681.179280033333,1133.07382028901
"586",2021-07-14 10:33:45,752,431,62.602475,NA,NA,7.3555,NA,NA,NA,NA,681.179499125,1125.59618944145
"587",2021-07-14 10:33:50,752,431,62.6024411111111,NA,NA,7.35717777777778,NA,NA,NA,NA,681.179718216667,1125.60253363268
"588",2021-07-14 10:33:55,752,436,62.6024072222222,NA,NA,7.35885555555556,NA,NA,NA,NA,689.082256766667,1125.60887782775
"589",2021-07-14 10:34:00,752,436,62.6023733333333,NA,NA,7.36053333333333,NA,NA,NA,NA,689.0824784,1125.61522202667
"590",2021-07-14 10:34:05,757,436,62.6023394444444,NA,NA,7.36221111111111,NA,NA,NA,NA,689.082700033333,1133.10575217511
"591",2021-07-14 10:34:10,762,436,62.6023055555556,NA,NA,7.36388888888889,NA,NA,NA,NA,689.082921666667,1140.59636669185
"592",2021-07-14 10:34:15,767,436,62.6022716666667,NA,NA,7.36556666666667,NA,NA,NA,NA,689.0831433,1148.08706557697
"593",2021-07-14 10:34:20,767,436,62.6022377777778,NA,NA,7.36724444444444,NA,NA,NA,NA,689.083364933333,1148.09353633811
"594",2021-07-14 10:34:25,767,436,62.6022038888889,NA,NA,7.36892222222222,NA,NA,NA,NA,689.083586566667,1148.10000710318
"595",2021-07-14 10:34:30,767,441,62.60217,NA,NA,7.3706,NA,NA,NA,NA,696.98614545,1148.10647787217
"596",2021-07-14 10:34:35,767,446,62.6021361111111,NA,NA,7.37227777777778,NA,NA,NA,NA,704.888709416667,1148.11294864508
"597",2021-07-14 10:34:40,767,451,62.6021022222222,NA,NA,7.37395555555556,NA,NA,NA,NA,712.791278466667,1148.11941942192
"598",2021-07-14 10:34:45,767,451,62.6020683333333,NA,NA,7.37563333333333,NA,NA,NA,NA,712.791507725,1148.12589020269
"599",2021-07-14 10:34:50,767,451,62.6020344444444,NA,NA,7.37731111111111,NA,NA,NA,NA,712.791736983333,1148.13236098738
"600",2021-07-14 10:34:55,762,446,62.6020005555556,NA,NA,7.37898888888889,NA,NA,NA,NA,704.889616283333,1140.65422400692
"601",2021-07-14 10:35:00,762,451,62.6019666666667,NA,NA,7.38066666666667,NA,NA,NA,NA,712.7921955,1140.66065261698
"602",2021-07-14 10:35:05,762,451,62.6019327777778,NA,NA,7.38234444444444,NA,NA,NA,NA,712.792424758333,1140.66708123094
"603",2021-07-14 10:35:10,762,456,62.6018988888889,NA,NA,7.38402222222222,NA,NA,NA,NA,720.6950116,1140.6735098488
"604",2021-07-14 10:35:15,762,456,62.601865,NA,NA,7.3857,NA,NA,NA,NA,720.6952434,1140.67993847056
"605",2021-07-14 10:35:20,762,451,62.6018311111111,NA,NA,7.38737777777778,NA,NA,NA,NA,712.793112533333,1140.68636709621
"606",2021-07-14 10:35:25,762,446,62.6017972222222,NA,NA,7.38905555555556,NA,NA,NA,NA,704.890976583333,1140.69279572577
"607",2021-07-14 10:35:30,762,436,62.6017633333333,NA,NA,7.39073333333333,NA,NA,NA,NA,689.0864678,1140.69922435923
"608",2021-07-14 10:35:35,762,436,62.6017294444444,NA,NA,7.39241111111111,NA,NA,NA,NA,689.086689433333,1140.70565299658
"609",2021-07-14 10:35:40,762,436,62.6016955555556,NA,NA,7.39408888888889,NA,NA,NA,NA,689.086911066667,1140.71208163784
"610",2021-07-14 10:35:45,762,436,62.6016616666667,NA,NA,7.39576666666667,NA,NA,NA,NA,689.0871327,1140.71851028299
"611",2021-07-14 10:35:50,762,436,62.6016277777778,NA,NA,7.39744444444444,NA,NA,NA,NA,689.087354333333,1140.72493893204
"612",2021-07-14 10:35:55,767,441,62.6015938888889,NA,NA,7.39912222222222,NA,NA,NA,NA,696.989956425,1148.21648154553
"613",2021-07-14 10:36:00,767,446,62.60156,NA,NA,7.4008,NA,NA,NA,NA,704.8925636,1148.22295238517
"614",2021-07-14 10:36:05,772,451,62.6015261111111,NA,NA,7.40247777777778,NA,NA,NA,NA,712.795175858333,1155.71462155486
"615",2021-07-14 10:36:10,777,456,62.6014922222222,NA,NA,7.40415555555556,NA,NA,NA,NA,720.6977932,1163.20637509416
"616",2021-07-14 10:36:15,782,451,62.6014583333333,NA,NA,7.40583333333333,NA,NA,NA,NA,712.795634375,1170.69821300314
"617",2021-07-14 10:36:20,782,456,62.6014244444444,NA,NA,7.40751111111111,NA,NA,NA,NA,720.6982568,1170.70481040715
"618",2021-07-14 10:36:25,777,451,62.6013905555556,NA,NA,7.40918888888889,NA,NA,NA,NA,712.796092891667,1163.22604075752
"619",2021-07-14 10:36:30,767,451,62.6013566666667,NA,NA,7.41086666666667,NA,NA,NA,NA,712.79632215,1148.26177750542
"620",2021-07-14 10:36:35,767,446,62.6013227777778,NA,NA,7.41254444444444,NA,NA,NA,NA,704.894150616667,1148.26824837254
"621",2021-07-14 10:36:40,767,446,62.6012888888889,NA,NA,7.41422222222222,NA,NA,NA,NA,704.894377333333,1148.27471924358
"622",2021-07-14 10:36:45,767,446,62.601255,NA,NA,7.4159,NA,NA,NA,NA,704.89460405,1148.28119011854
"623",2021-07-14 10:36:50,767,446,62.6012211111111,NA,NA,7.41757777777778,NA,NA,NA,NA,704.894830766667,1148.28766099743
"624",2021-07-14 10:36:55,772,446,62.6011872222222,NA,NA,7.41925555555556,NA,NA,NA,NA,704.895057483333,1155.77975203592
"625",2021-07-14 10:37:00,772,441,62.6011533333333,NA,NA,7.42093333333333,NA,NA,NA,NA,696.9928707,1155.78626510575
"626",2021-07-14 10:37:05,772,446,62.6011194444444,NA,NA,7.42261111111111,NA,NA,NA,NA,704.895510916667,1155.79277817953
"627",2021-07-14 10:37:10,767,446,62.6010855555556,NA,NA,7.42428888888889,NA,NA,NA,NA,704.895737633333,1148.31354455223
"628",2021-07-14 10:37:15,767,451,62.6010516666667,NA,NA,7.42596666666667,NA,NA,NA,NA,712.798385475,1148.32001545074
"629",2021-07-14 10:37:20,767,446,62.6010177777778,NA,NA,7.42764444444444,NA,NA,NA,NA,704.896191066667,1148.32648635318
"630",2021-07-14 10:37:25,767,446,62.6009838888889,NA,NA,7.42932222222222,NA,NA,NA,NA,704.896417783333,1148.33295725955
"631",2021-07-14 10:37:30,767,446,62.60095,NA,NA,7.431,NA,NA,NA,NA,704.8966445,1148.33942816983
"632",2021-07-14 10:37:35,767,446,62.6009161111111,NA,NA,7.43267777777778,NA,NA,NA,NA,704.896871216667,1148.34589908405
"633",2021-07-14 10:37:40,767,451,62.6008822222222,NA,NA,7.43435555555556,NA,NA,NA,NA,712.799531766667,1148.35237000218
"634",2021-07-14 10:37:45,767,451,62.6008483333333,NA,NA,7.43603333333333,NA,NA,NA,NA,712.799761025,1148.35884092425
"635",2021-07-14 10:37:50,772,451,62.6008144444444,NA,NA,7.43771111111111,NA,NA,NA,NA,712.799990283333,1155.85139602136
"636",2021-07-14 10:37:55,772,451,62.6007805555556,NA,NA,7.43938888888889,NA,NA,NA,NA,712.800219541667,1155.85790913464
"637",2021-07-14 10:38:00,772,456,62.6007466666667,NA,NA,7.44106666666667,NA,NA,NA,NA,720.7028928,1155.86442225188
"638",2021-07-14 10:38:05,777,461,62.6007127777778,NA,NA,7.44274444444444,NA,NA,NA,NA,728.605571141667,1163.3571460944
"639",2021-07-14 10:38:10,777,466,62.6006788888889,NA,NA,7.44442222222222,NA,NA,NA,NA,736.508254566667,1163.36370140299
"640",2021-07-14 10:38:15,772,471,62.600645,NA,NA,7.4461,NA,NA,NA,NA,744.410943075,1155.8839616273
"641",2021-07-14 10:38:20,772,471,62.6006111111111,NA,NA,7.44777777777778,NA,NA,NA,NA,744.4111825,1155.89047476034
"642",2021-07-14 10:38:25,767,471,62.6005772222222,NA,NA,7.44945555555556,NA,NA,NA,NA,744.411421925,1148.41060844204
"643",2021-07-14 10:38:30,767,471,62.6005433333333,NA,NA,7.45113333333333,NA,NA,NA,NA,744.41166135,1148.41707939943
"644",2021-07-14 10:38:35,772,466,62.6005094444444,NA,NA,7.45281111111111,NA,NA,NA,NA,736.509438983333,1155.91001418317
"645",2021-07-14 10:38:40,772,466,62.6004755555556,NA,NA,7.45448888888889,NA,NA,NA,NA,736.509675866667,1155.91652733201
"646",2021-07-14 10:38:45,772,466,62.6004416666667,NA,NA,7.45616666666667,NA,NA,NA,NA,736.50991275,1155.92304048481
"647",2021-07-14 10:38:50,772,466,62.6004077777778,NA,NA,7.45784444444444,NA,NA,NA,NA,736.510149633333,1155.92955364155
"648",2021-07-14 10:38:55,767,461,62.6003738888889,NA,NA,7.45952222222222,NA,NA,NA,NA,728.607914558333,1148.44943424524
"649",2021-07-14 10:39:00,767,461,62.60034,NA,NA,7.4612,NA,NA,NA,NA,728.6081489,1148.45590522617
"650",2021-07-14 10:39:05,767,451,62.6003061111111,NA,NA,7.46287777777778,NA,NA,NA,NA,712.803429158333,1148.46237621103
"651",2021-07-14 10:39:10,767,446,62.6002722222222,NA,NA,7.46455555555556,NA,NA,NA,NA,704.901178833333,1148.46884719982
"652",2021-07-14 10:39:15,772,446,62.6002383333333,NA,NA,7.46623333333333,NA,NA,NA,NA,704.90140555,1155.96211948453
"653",2021-07-14 10:39:20,777,451,62.6002044444444,NA,NA,7.46791111111111,NA,NA,NA,NA,712.804116933333,1163.45547614078
"654",2021-07-14 10:39:25,777,451,62.6001705555556,NA,NA,7.46958888888889,NA,NA,NA,NA,712.804346191667,1163.46203150902
"655",2021-07-14 10:39:30,772,461,62.6001366666667,NA,NA,7.47126666666667,NA,NA,NA,NA,728.60955495,1155.98165903772
"656",2021-07-14 10:39:35,772,461,62.6001027777778,NA,NA,7.47294444444444,NA,NA,NA,NA,728.609789291667,1155.98817223002
"657",2021-07-14 10:39:40,772,461,62.6000688888889,NA,NA,7.47462222222222,NA,NA,NA,NA,728.610023633333,1155.99468542627
"658",2021-07-14 10:39:45,777,461,62.600035,NA,NA,7.4763,NA,NA,NA,NA,728.610257975,1163.48825302172
"659",2021-07-14 10:39:50,772,461,62.6000011111111,NA,NA,7.47797777777778,NA,NA,NA,NA,728.610492316667,1156.00771183062
"660",2021-07-14 10:39:55,772,456,62.5999672222222,NA,NA,7.47965555555556,NA,NA,NA,NA,720.7082242,1156.01422503872
"661",2021-07-14 10:40:00,772,456,62.5999333333333,NA,NA,7.48133333333333,NA,NA,NA,NA,720.708456,1156.02073825077
"662",2021-07-14 10:40:05,772,451,62.5998994444444,NA,NA,7.48301111111111,NA,NA,NA,NA,712.806180258333,1156.02725146677
"663",2021-07-14 10:40:10,772,451,62.5998655555556,NA,NA,7.48468888888889,NA,NA,NA,NA,712.806409516667,1156.03376468672
"664",2021-07-14 10:40:15,772,446,62.5998316666667,NA,NA,7.48636666666667,NA,NA,NA,NA,704.90412615,1156.04027791062
"665",2021-07-14 10:40:20,772,446,62.5997977777778,NA,NA,7.48804444444444,NA,NA,NA,NA,704.904352866667,1156.04679113848
"666",2021-07-14 10:40:25,772,441,62.5997638888889,NA,NA,7.48972222222222,NA,NA,NA,NA,697.002061875,1156.05330437028
"667",2021-07-14 10:40:30,772,446,62.59973,NA,NA,7.4914,NA,NA,NA,NA,704.9048063,1156.05981760603
"668",2021-07-14 10:40:35,772,446,62.5996961111111,NA,NA,7.49307777777778,NA,NA,NA,NA,704.905033016667,1156.06633084574
"669",2021-07-14 10:40:40,772,451,62.5996622222222,NA,NA,7.49475555555556,NA,NA,NA,NA,712.807785066667,1156.07284408939
"670",2021-07-14 10:40:45,767,451,62.5996283333333,NA,NA,7.49643333333333,NA,NA,NA,NA,712.808014325,1148.59179673248
"671",2021-07-14 10:40:50,767,456,62.5995944444444,NA,NA,7.49811111111111,NA,NA,NA,NA,720.710774,1148.59826779977
"672",2021-07-14 10:40:55,762,451,62.5995605555556,NA,NA,7.49978888888889,NA,NA,NA,NA,712.808472841667,1141.11709389789
"673",2021-07-14 10:41:00,762,451,62.5995266666667,NA,NA,7.50146666666667,NA,NA,NA,NA,712.8087021,1141.12352278871
"674",2021-07-14 10:41:05,767,451,62.5994927777778,NA,NA,7.50314444444444,NA,NA,NA,NA,712.808931358333,1148.61768102517
"675",2021-07-14 10:41:10,767,451,62.5994588888889,NA,NA,7.50482222222222,NA,NA,NA,NA,712.809160616667,1148.62415210815
"676",2021-07-14 10:41:15,762,446,62.599425,NA,NA,7.5065,NA,NA,NA,NA,704.90684675,1141.14280948453
"677",2021-07-14 10:41:20,762,446,62.5993911111111,NA,NA,7.50817777777778,NA,NA,NA,NA,704.907073466667,1141.14923839094
"678",2021-07-14 10:41:25,767,451,62.5993572222222,NA,NA,7.50985555555556,NA,NA,NA,NA,712.809848391667,1148.64356538065
"679",2021-07-14 10:41:30,767,456,62.5993233333333,NA,NA,7.51153333333333,NA,NA,NA,NA,720.7126284,1148.65003647934
"680",2021-07-14 10:41:35,772,461,62.5992894444444,NA,NA,7.51321111111111,NA,NA,NA,NA,728.615413491667,1156.14449003033
"681",2021-07-14 10:41:40,772,461,62.5992555555556,NA,NA,7.51488888888889,NA,NA,NA,NA,728.615647833333,1156.15100332139
"682",2021-07-14 10:41:45,777,461,62.5992216666667,NA,NA,7.51656666666667,NA,NA,NA,NA,728.615882175,1163.64558343386
"683",2021-07-14 10:41:50,777,461,62.5991877777778,NA,NA,7.51824444444444,NA,NA,NA,NA,728.616116516667,1163.65213891741
"684",2021-07-14 10:41:55,777,461,62.5991538888889,NA,NA,7.51992222222222,NA,NA,NA,NA,728.616350858333,1163.65869440492
"685",2021-07-14 10:42:00,782,456,62.59912,NA,NA,7.5216,NA,NA,NA,NA,720.7140192,1171.15344326769
"686",2021-07-14 10:42:05,782,461,62.5990861111111,NA,NA,7.52327777777778,NA,NA,NA,NA,728.616819541667,1171.16004094782
"687",2021-07-14 10:42:10,782,456,62.5990522222222,NA,NA,7.52495555555556,NA,NA,NA,NA,720.7144828,1171.16663863194
"688",2021-07-14 10:42:15,782,461,62.5990183333333,NA,NA,7.52663333333333,NA,NA,NA,NA,728.617288225,1171.17323632007
"689",2021-07-14 10:42:20,782,461,62.5989844444444,NA,NA,7.52831111111111,NA,NA,NA,NA,728.617522566667,1171.1798340122
"690",2021-07-14 10:42:25,782,456,62.5989505555556,NA,NA,7.52998888888889,NA,NA,NA,NA,720.7151782,1171.18643170833
"691",2021-07-14 10:42:30,782,451,62.5989166666667,NA,NA,7.53166666666667,NA,NA,NA,NA,712.81282875,1171.19302940846
"692",2021-07-14 10:42:35,782,451,62.5988827777778,NA,NA,7.53334444444444,NA,NA,NA,NA,712.813058008333,1171.1996271126
"693",2021-07-14 10:42:40,777,451,62.5988488888889,NA,NA,7.53502222222222,NA,NA,NA,NA,712.813287266667,1163.7176939715
"694",2021-07-14 10:42:45,777,461,62.598815,NA,NA,7.5367,NA,NA,NA,NA,728.618694275,1163.72424949877
"695",2021-07-14 10:42:50,777,466,62.5987811111111,NA,NA,7.53837777777778,NA,NA,NA,NA,736.521520033333,1163.73080503003
"696",2021-07-14 10:42:55,777,466,62.5987472222222,NA,NA,7.54005555555556,NA,NA,NA,NA,736.521756916667,1163.73736056526
"697",2021-07-14 10:43:00,777,461,62.5987133333333,NA,NA,7.54173333333333,NA,NA,NA,NA,728.6193973,1163.74391610446
"698",2021-07-14 10:43:05,772,461,62.5986794444444,NA,NA,7.54341111111111,NA,NA,NA,NA,728.619631641667,1156.26172987385
"699",2021-07-14 10:43:10,767,461,62.5986455555556,NA,NA,7.54508888888889,NA,NA,NA,NA,728.619865983333,1148.77945927724
"700",2021-07-14 10:43:15,762,461,62.5986116666667,NA,NA,7.54676666666667,NA,NA,NA,NA,728.620100325,1141.29710431455
"701",2021-07-14 10:43:20,762,461,62.5985777777778,NA,NA,7.54844444444444,NA,NA,NA,NA,728.620334666667,1141.30353331454
"702",2021-07-14 10:43:25,757,461,62.5985438888889,NA,NA,7.55012222222222,NA,NA,NA,NA,728.620569008333,1133.82105180453
"703",2021-07-14 10:43:30,762,461,62.59851,NA,NA,7.5518,NA,NA,NA,NA,728.62080335,1141.31639132622
"704",2021-07-14 10:43:35,767,461,62.5984761111111,NA,NA,7.55347777777778,NA,NA,NA,NA,728.621037691667,1148.81181522202
"705",2021-07-14 10:43:40,772,461,62.5984422222222,NA,NA,7.55515555555556,NA,NA,NA,NA,728.621272033333,1156.307323492
"706",2021-07-14 10:43:45,772,456,62.5984083333333,NA,NA,7.55683333333333,NA,NA,NA,NA,720.718887,1156.31383688182
"707",2021-07-14 10:43:50,777,456,62.5983744444444,NA,NA,7.55851111111111,NA,NA,NA,NA,720.7191188,1163.8094717152
"708",2021-07-14 10:43:55,777,456,62.5983405555556,NA,NA,7.56018888888889,NA,NA,NA,NA,720.7193506,1163.81602729815
"709",2021-07-14 10:44:00,782,461,62.5983066666667,NA,NA,7.56186666666667,NA,NA,NA,NA,728.6222094,1171.31178869514
"710",2021-07-14 10:44:05,782,461,62.5982727777778,NA,NA,7.56354444444444,NA,NA,NA,NA,728.622443741667,1171.3183864713
"711",2021-07-14 10:44:10,787,461,62.5982388888889,NA,NA,7.56522222222222,NA,NA,NA,NA,728.622678083333,1178.8142744321
"712",2021-07-14 10:44:15,787,456,62.598205,NA,NA,7.5669,NA,NA,NA,NA,720.7202778,1178.82091440159
"713",2021-07-14 10:44:20,787,456,62.5981711111111,NA,NA,7.56857777777778,NA,NA,NA,NA,720.7205096,1178.82755437511
"714",2021-07-14 10:44:25,787,456,62.5981372222222,NA,NA,7.57025555555556,NA,NA,NA,NA,720.7207414,1178.83419435265
"715",2021-07-14 10:44:30,782,461,62.5981033333333,NA,NA,7.57193333333333,NA,NA,NA,NA,728.62361545,1171.35137541215
"716",2021-07-14 10:44:35,777,461,62.5980694444444,NA,NA,7.57361111111111,NA,NA,NA,NA,728.623849791667,1163.86847210483
"717",2021-07-14 10:44:40,777,461,62.5980355555556,NA,NA,7.57528888888889,NA,NA,NA,NA,728.624084133333,1163.87502772355
"718",2021-07-14 10:44:45,772,456,62.5980016666667,NA,NA,7.57696666666667,NA,NA,NA,NA,720.7216686,1156.39199786784
"719",2021-07-14 10:44:50,772,451,62.5979677777778,NA,NA,7.57864444444444,NA,NA,NA,NA,712.819247983333,1156.39851130902
"720",2021-07-14 10:44:55,772,456,62.5979338888889,NA,NA,7.58032222222222,NA,NA,NA,NA,720.7221322,1156.40502475415
"721",2021-07-14 10:45:00,777,461,62.5979,6.625,64.236,7.582,"Stn02",64.236,0.167040333,0.023184952,728.6250215,1163.90125023822
"722",2021-07-14 10:45:05,782,461,62.5978733333333,NA,NA,7.58255555555556,NA,NA,NA,NA,728.6252059,1171.39331868808
"723",2021-07-14 10:45:10,777,466,62.5978466666667,NA,NA,7.58311111111111,NA,NA,NA,NA,736.5280518,1163.90593293579
"724",2021-07-14 10:45:15,777,456,62.59782,NA,NA,7.58366666666667,NA,NA,NA,NA,720.7229112,1163.90827428613
"725",2021-07-14 10:45:20,777,456,62.5977933333333,NA,NA,7.58422222222222,NA,NA,NA,NA,720.7230936,1163.91061563751
"726",2021-07-14 10:45:25,777,456,62.5977666666667,NA,NA,7.58477777777778,NA,NA,NA,NA,720.723276,1163.91295698992
"727",2021-07-14 10:45:30,782,461,62.59774,NA,NA,7.58533333333333,NA,NA,NA,NA,728.6261279,1171.40510077801
"728",2021-07-14 10:45:35,777,466,62.5977133333333,NA,NA,7.58588888888889,NA,NA,NA,NA,736.5289838,1163.91763969785
"729",2021-07-14 10:45:40,777,461,62.5976866666667,NA,NA,7.58644444444444,NA,NA,NA,NA,728.6264967,1163.91998105337
"730",2021-07-14 10:45:45,782,461,62.59766,NA,NA,7.587,NA,NA,NA,NA,728.6266811,1171.41217004448
"731",2021-07-14 10:45:50,782,461,62.5976333333333,NA,NA,7.58755555555556,NA,NA,NA,NA,728.6268655,1171.41452646872
"732",2021-07-14 10:45:55,782,461,62.5976066666667,NA,NA,7.58811111111111,NA,NA,NA,NA,728.6270499,1171.41688289401
"733",2021-07-14 10:46:00,782,461,62.59758,NA,NA,7.58866666666667,NA,NA,NA,NA,728.6272343,1171.41923932034
"734",2021-07-14 10:46:05,782,466,62.5975533333333,NA,NA,7.58922222222222,NA,NA,NA,NA,736.5301022,1171.42159574771
"735",2021-07-14 10:46:10,777,471,62.5975266666667,NA,NA,7.58977777777778,NA,NA,NA,NA,744.4329741,1163.93402920824
"736",2021-07-14 10:46:15,772,466,62.5975,NA,NA,7.59033333333333,NA,NA,NA,NA,736.530475,1156.44643253645
"737",2021-07-14 10:46:20,772,461,62.5974733333333,NA,NA,7.59088888888889,NA,NA,NA,NA,728.6279719,1156.44875883357
"738",2021-07-14 10:46:25,767,451,62.5974466666667,NA,NA,7.59144444444444,NA,NA,NA,NA,712.8227733,1148.96111696376
"739",2021-07-14 10:46:30,767,446,62.59742,NA,NA,7.592,NA,NA,NA,NA,704.9202602,1148.96342819623
"740",2021-07-14 10:46:35,767,451,62.5973933333333,NA,NA,7.59255555555556,NA,NA,NA,NA,712.8231341,1148.96573942972
"741",2021-07-14 10:46:40,767,451,62.5973666666667,NA,NA,7.59311111111111,NA,NA,NA,NA,712.8233145,1148.96805066424
"742",2021-07-14 10:46:45,762,461,62.59734,NA,NA,7.59366666666667,NA,NA,NA,NA,728.6288939,1141.48033346497
"743",2021-07-14 10:46:50,762,471,62.5973133333333,NA,NA,7.59422222222222,NA,NA,NA,NA,744.4344813,1141.4826296348
"744",2021-07-14 10:46:55,767,471,62.5972866666667,NA,NA,7.59477777777778,NA,NA,NA,NA,744.4346697,1148.97498437392
"745",2021-07-14 10:47:00,767,471,62.59726,NA,NA,7.59533333333333,NA,NA,NA,NA,744.4348581,1148.97729561253
"746",2021-07-14 10:47:05,767,471,62.5972333333333,NA,NA,7.59588888888889,NA,NA,NA,NA,744.4350465,1148.97960685216
"747",2021-07-14 10:47:10,767,461,62.5972066666667,NA,NA,7.59644444444444,NA,NA,NA,NA,728.6298159,1148.98191809281
"748",2021-07-14 10:47:15,772,456,62.59718,NA,NA,7.597,NA,NA,NA,NA,720.7272888,1156.47434816978
"749",2021-07-14 10:47:20,772,456,62.5971533333333,NA,NA,7.59755555555556,NA,NA,NA,NA,720.7274712,1156.47667447925
"750",2021-07-14 10:47:25,772,456,62.5971266666667,NA,NA,7.59811111111111,NA,NA,NA,NA,720.7276536,1156.47900078974
"751",2021-07-14 10:47:30,772,456,62.5971,NA,NA,7.59866666666667,NA,NA,NA,NA,720.727836,1156.48132710127
"752",2021-07-14 10:47:35,777,451,62.5970733333333,NA,NA,7.59922222222222,NA,NA,NA,NA,712.8252989,1163.97383251625
"753",2021-07-14 10:47:40,772,451,62.5970466666667,NA,NA,7.59977777777778,NA,NA,NA,NA,712.8254793,1156.48597972741
"754",2021-07-14 10:47:45,772,451,62.59702,NA,NA,7.60033333333333,NA,NA,NA,NA,712.8256597,1156.48830604203
"755",2021-07-14 10:47:50,772,451,62.5969933333333,NA,NA,7.60088888888889,NA,NA,NA,NA,712.8258401,1156.49063235767
"756",2021-07-14 10:47:55,772,451,62.5969666666667,NA,NA,7.60144444444444,NA,NA,NA,NA,712.8260205,1156.49295867435
"757",2021-07-14 10:48:00,777,446,62.59694,NA,NA,7.602,NA,NA,NA,NA,704.9234714,1163.98553942853
"758",2021-07-14 10:48:05,777,441,62.5969133333333,NA,NA,7.60255555555556,NA,NA,NA,NA,697.0209183,1163.98788081409
"759",2021-07-14 10:48:10,777,441,62.5968866666667,NA,NA,7.60311111111111,NA,NA,NA,NA,697.0210947,1163.99022220069
"760",2021-07-14 10:48:15,772,441,62.59686,NA,NA,7.60366666666667,NA,NA,NA,NA,697.0212711,1156.50226395133
"761",2021-07-14 10:48:20,772,451,62.5968333333333,NA,NA,7.60422222222222,NA,NA,NA,NA,712.8269225,1156.50459027315
"762",2021-07-14 10:48:25,772,456,62.5968066666667,NA,NA,7.60477777777778,NA,NA,NA,NA,720.7298424,1156.506916596
"763",2021-07-14 10:48:30,772,461,62.59678,NA,NA,7.60533333333333,NA,NA,NA,NA,728.6327663,1156.50924291988
"764",2021-07-14 10:48:35,772,461,62.5967533333333,NA,NA,7.60588888888889,NA,NA,NA,NA,728.6329507,1156.51156924479
"765",2021-07-14 10:48:40,772,456,62.5967266666667,NA,NA,7.60644444444444,NA,NA,NA,NA,720.7303896,1156.51389557073
"766",2021-07-14 10:48:45,777,456,62.5967,NA,NA,7.607,NA,NA,NA,NA,720.730572,1164.00661193589
"767",2021-07-14 10:48:50,777,456,62.5966733333333,NA,NA,7.60755555555556,NA,NA,NA,NA,720.7307544,1164.00895333078
"768",2021-07-14 10:48:55,777,456,62.5966466666667,NA,NA,7.60811111111111,NA,NA,NA,NA,720.7309368,1164.0112947267
"769",2021-07-14 10:49:00,782,451,62.59662,NA,NA,7.60866666666667,NA,NA,NA,NA,712.8283657,1171.50407136255
"770",2021-07-14 10:49:05,782,456,62.5965933333333,NA,NA,7.60922222222222,NA,NA,NA,NA,720.7313016,1171.50642782746
"771",2021-07-14 10:49:10,782,456,62.5965666666667,NA,NA,7.60977777777778,NA,NA,NA,NA,720.731484,1171.50878429341
"772",2021-07-14 10:49:15,782,461,62.59654,NA,NA,7.61033333333333,NA,NA,NA,NA,728.6344259,1171.5111407604
"773",2021-07-14 10:49:20,777,461,62.5965133333333,NA,NA,7.61088888888889,NA,NA,NA,NA,728.6346103,1164.02300172186
"774",2021-07-14 10:49:25,777,461,62.5964866666667,NA,NA,7.61144444444444,NA,NA,NA,NA,728.6347947,1164.025343124
"775",2021-07-14 10:49:30,767,456,62.59646,NA,NA,7.612,NA,NA,NA,NA,720.7322136,1149.04663324626
"776",2021-07-14 10:49:35,762,451,62.5964333333333,NA,NA,7.61255555555556,NA,NA,NA,NA,712.8296285,1141.55840380916
"777",2021-07-14 10:49:40,762,451,62.5964066666667,NA,NA,7.61311111111111,NA,NA,NA,NA,712.8298089,1141.56070001353
"778",2021-07-14 10:49:45,757,451,62.59638,NA,NA,7.61366666666667,NA,NA,NA,NA,712.8299893,1134.07242537759
"779",2021-07-14 10:49:50,752,451,62.5963533333333,NA,NA,7.61422222222222,NA,NA,NA,NA,712.8301697,1126.58412060872
"780",2021-07-14 10:49:55,747,446,62.5963266666667,NA,NA,7.61477777777778,NA,NA,NA,NA,704.9275746,1119.09578570691
"781",2021-07-14 10:50:00,747,446,62.5963,NA,NA,7.61533333333333,NA,NA,NA,NA,704.927753,1119.09803671439
"782",2021-07-14 10:50:05,742,446,62.5962733333333,NA,NA,7.61588888888889,NA,NA,NA,NA,704.9279314,1111.60965661362
"783",2021-07-14 10:50:10,742,446,62.5962466666667,NA,NA,7.61644444444444,NA,NA,NA,NA,704.9281098,1111.61189255609
"784",2021-07-14 10:50:15,742,446,62.59622,NA,NA,7.617,NA,NA,NA,NA,704.9282882,1111.61412849956
"785",2021-07-14 10:50:20,742,446,62.5961933333333,NA,NA,7.61755555555556,NA,NA,NA,NA,704.9284666,1111.61636444402
"786",2021-07-14 10:50:25,747,441,62.5961666666667,NA,NA,7.61811111111111,NA,NA,NA,NA,697.0258575,1119.10929176675
"787",2021-07-14 10:50:30,752,436,62.59614,NA,NA,7.61866666666667,NA,NA,NA,NA,689.1232444,1126.60224922452
"788",2021-07-14 10:50:35,747,436,62.5961133333333,NA,NA,7.61922222222222,NA,NA,NA,NA,689.1234188,1119.11379379467
"789",2021-07-14 10:50:40,747,441,62.5960866666667,NA,NA,7.61977777777778,NA,NA,NA,NA,697.0263867,1119.11604481012
"790",2021-07-14 10:50:45,747,441,62.59606,NA,NA,7.62033333333333,NA,NA,NA,NA,697.0265631,1119.11829582657
"791",2021-07-14 10:50:50,747,441,62.5960333333333,NA,NA,7.62088888888889,NA,NA,NA,NA,697.0267395,1119.12054684401
"792",2021-07-14 10:50:55,747,441,62.5960066666667,NA,NA,7.62144444444444,NA,NA,NA,NA,697.0269159,1119.12279786245
"793",2021-07-14 10:51:00,752,441,62.59598,NA,NA,7.622,NA,NA,NA,NA,697.0270923,1126.61584572849
"794",2021-07-14 10:51:05,747,446,62.5959533333333,NA,NA,7.62255555555556,NA,NA,NA,NA,704.9300722,1119.12729990232
"795",2021-07-14 10:51:10,747,451,62.5959266666667,NA,NA,7.62311111111111,NA,NA,NA,NA,712.8330561,1119.12955092375
"796",2021-07-14 10:51:15,747,456,62.5959,NA,NA,7.62366666666667,NA,NA,NA,NA,720.736044,1119.13180194618
"797",2021-07-14 10:51:20,747,456,62.5958733333333,NA,NA,7.62422222222222,NA,NA,NA,NA,720.7362264,1119.1340529696
"798",2021-07-14 10:51:25,752,456,62.5958466666667,NA,NA,7.62477777777778,NA,NA,NA,NA,720.7364088,1126.62717617603
"799",2021-07-14 10:51:30,757,456,62.59582,NA,NA,7.62533333333333,NA,NA,NA,NA,720.7365912,1134.12032951768
"800",2021-07-14 10:51:35,752,466,62.5957933333333,NA,NA,7.62588888888889,NA,NA,NA,NA,736.5424046,1126.63170836207
"801",2021-07-14 10:51:40,757,471,62.5957666666667,NA,NA,7.62644444444444,NA,NA,NA,NA,744.4454085,1134.12489183995
"802",2021-07-14 10:51:45,757,471,62.59574,NA,NA,7.627,NA,NA,NA,NA,744.4455969,1134.1271730026
"803",2021-07-14 10:51:50,762,466,62.5957133333333,NA,NA,7.62755555555556,NA,NA,NA,NA,736.5429638,1141.62040168387
"804",2021-07-14 10:51:55,762,466,62.5956866666667,NA,NA,7.62811111111111,NA,NA,NA,NA,736.5431502,1141.62269791567
"805",2021-07-14 10:52:00,762,461,62.59566,NA,NA,7.62866666666667,NA,NA,NA,NA,728.6405111,1141.62499414849
"806",2021-07-14 10:52:05,767,461,62.5956333333333,NA,NA,7.62922222222222,NA,NA,NA,NA,728.6406955,1149.11828310138
"807",2021-07-14 10:52:10,767,461,62.5956066666667,NA,NA,7.62977777777778,NA,NA,NA,NA,728.6408799,1149.12059440339
"808",2021-07-14 10:52:15,772,461,62.59558,NA,NA,7.63033333333333,NA,NA,NA,NA,728.6410643,1156.61392855979
"809",2021-07-14 10:52:20,772,466,62.5955533333333,NA,NA,7.63088888888889,NA,NA,NA,NA,736.5440822,1156.61625493102
"810",2021-07-14 10:52:25,777,461,62.5955266666667,NA,NA,7.63144444444444,NA,NA,NA,NA,728.6414331,1164.10963429099
"811",2021-07-14 10:52:30,777,456,62.5955,NA,NA,7.632,NA,NA,NA,NA,720.73878,1164.11197573146
"812",2021-07-14 10:52:35,777,456,62.5954733333333,NA,NA,7.63255555555556,NA,NA,NA,NA,720.7389624,1164.11431717297
"813",2021-07-14 10:52:40,772,456,62.5954466666667,NA,NA,7.63311111111111,NA,NA,NA,NA,720.7391448,1156.62556042622
"814",2021-07-14 10:52:45,767,461,62.59542,NA,NA,7.63366666666667,NA,NA,NA,NA,728.6421707,1149.1367735461
"815",2021-07-14 10:52:50,767,461,62.5953933333333,NA,NA,7.63422222222222,NA,NA,NA,NA,728.6423551,1149.1390848563
"816",2021-07-14 10:52:55,767,456,62.5953666666667,NA,NA,7.63477777777778,NA,NA,NA,NA,720.739692,1149.14139616751
"817",2021-07-14 10:53:00,772,451,62.59534,NA,NA,7.63533333333333,NA,NA,NA,NA,712.8370249,1156.6348659379
"818",2021-07-14 10:53:05,772,451,62.5953133333333,NA,NA,7.63588888888889,NA,NA,NA,NA,712.8372053,1156.63719231839
"819",2021-07-14 10:53:10,772,451,62.5952866666667,NA,NA,7.63644444444444,NA,NA,NA,NA,712.8373857,1156.63951869991
"820",2021-07-14 10:53:15,772,451,62.59526,NA,NA,7.637,NA,NA,NA,NA,712.8375661,1156.64184508246
"821",2021-07-14 10:53:20,772,456,62.5952333333333,NA,NA,7.63755555555556,NA,NA,NA,NA,720.740604,1156.64417146604
"822",2021-07-14 10:53:25,772,461,62.5952066666667,NA,NA,7.63811111111111,NA,NA,NA,NA,728.6436459,1156.64649785065
"823",2021-07-14 10:53:30,777,461,62.59518,NA,NA,7.63866666666667,NA,NA,NA,NA,728.6438303,1164.14007309792
"824",2021-07-14 10:53:35,782,461,62.5951533333333,NA,NA,7.63922222222222,NA,NA,NA,NA,728.6440147,1171.63367848077
"825",2021-07-14 10:53:40,782,466,62.5951266666667,NA,NA,7.63977777777778,NA,NA,NA,NA,736.5470646,1171.63603500302
"826",2021-07-14 10:53:45,782,471,62.5951,NA,NA,7.64033333333333,NA,NA,NA,NA,744.4501185,1171.63839152632
"827",2021-07-14 10:53:50,782,466,62.5950733333333,NA,NA,7.64088888888889,NA,NA,NA,NA,736.5474374,1171.64074805066
"828",2021-07-14 10:53:55,787,461,62.5950466666667,NA,NA,7.64144444444444,NA,NA,NA,NA,728.6447523,1179.13442877409
"829",2021-07-14 10:54:00,787,461,62.59502,NA,NA,7.642,NA,NA,NA,NA,728.6449367,1179.13680036782
"830",2021-07-14 10:54:05,787,456,62.5949933333333,NA,NA,7.64255555555556,NA,NA,NA,NA,720.7422456,1179.1391719626
"831",2021-07-14 10:54:10,787,456,62.5949666666667,NA,NA,7.64311111111111,NA,NA,NA,NA,720.742428,1179.14154355843
"832",2021-07-14 10:54:15,782,456,62.59494,NA,NA,7.64366666666667,NA,NA,NA,NA,720.7426104,1171.65253068799
"833",2021-07-14 10:54:20,782,456,62.5949133333333,NA,NA,7.64422222222222,NA,NA,NA,NA,720.7427928,1171.65488721858
"834",2021-07-14 10:54:25,777,451,62.5948866666667,NA,NA,7.64477777777778,NA,NA,NA,NA,712.8400917,1164.16582914824
"835",2021-07-14 10:54:30,772,446,62.59486,NA,NA,7.64533333333333,NA,NA,NA,NA,704.9373866,1156.67674094424
"836",2021-07-14 10:54:35,772,441,62.5948333333333,NA,NA,7.64588888888889,NA,NA,NA,NA,697.0346775,1156.67906734326
"837",2021-07-14 10:54:40,772,441,62.5948066666667,NA,NA,7.64644444444444,NA,NA,NA,NA,697.0348539,1156.68139374331
"838",2021-07-14 10:54:45,777,441,62.59478,NA,NA,7.647,NA,NA,NA,NA,697.0350303,1164.17519501579
"839",2021-07-14 10:54:50,777,446,62.5947533333333,NA,NA,7.64755555555556,NA,NA,NA,NA,704.9381002,1164.17753648527
"840",2021-07-14 10:54:55,777,446,62.5947266666667,NA,NA,7.64811111111111,NA,NA,NA,NA,704.9382786,1164.17987795579
"841",2021-07-14 10:55:00,782,451,62.5947,NA,NA,7.64866666666667,NA,NA,NA,NA,712.8413545,1171.67373950087
"842",2021-07-14 10:55:05,787,451,62.5946733333333,NA,NA,7.64922222222222,NA,NA,NA,NA,712.8415349,1179.16763118178
"843",2021-07-14 10:55:10,787,451,62.5946466666667,NA,NA,7.64977777777778,NA,NA,NA,NA,712.8417153,1179.1700027902
"844",2021-07-14 10:55:15,792,456,62.59462,NA,NA,7.65033333333333,NA,NA,NA,NA,720.7447992,1186.66393967539
"845",2021-07-14 10:55:20,792,461,62.5945933333333,NA,NA,7.65088888888889,NA,NA,NA,NA,728.6478871,1186.66632635332
"846",2021-07-14 10:55:25,787,461,62.5945666666667,NA,NA,7.65144444444444,NA,NA,NA,NA,728.6480715,1179.17711762175
"847",2021-07-14 10:55:30,782,456,62.59454,NA,NA,7.652,NA,NA,NA,NA,720.7453464,1171.68787875638
"848",2021-07-14 10:55:35,782,451,62.5945133333333,NA,NA,7.65255555555556,NA,NA,NA,NA,712.8426173,1171.69023530262
"849",2021-07-14 10:55:40,777,446,62.5944866666667,NA,NA,7.65311111111111,NA,NA,NA,NA,704.9398842,1164.20095123705
"850",2021-07-14 10:55:45,772,451,62.59446,NA,NA,7.65366666666667,NA,NA,NA,NA,712.8429781,1156.71163703763
"851",2021-07-14 10:55:50,772,451,62.5944333333333,NA,NA,7.65422222222222,NA,NA,NA,NA,712.8431585,1156.71396345209
"852",2021-07-14 10:55:55,772,451,62.5944066666667,NA,NA,7.65477777777778,NA,NA,NA,NA,712.8433389,1156.71628986757
"853",2021-07-14 10:56:00,772,456,62.59438,NA,NA,7.65533333333333,NA,NA,NA,NA,720.7464408,1156.71861628409
"854",2021-07-14 10:56:05,777,456,62.5943533333333,NA,NA,7.65588888888889,NA,NA,NA,NA,720.7466232,1164.21265865178
"855",2021-07-14 10:56:10,777,451,62.5943266666667,NA,NA,7.65644444444444,NA,NA,NA,NA,712.8438801,1164.21500013784
"856",2021-07-14 10:56:15,782,451,62.5943,NA,NA,7.657,NA,NA,NA,NA,712.8440605,1171.70908771003
"857",2021-07-14 10:56:20,777,451,62.5942733333333,NA,NA,7.65755555555556,NA,NA,NA,NA,712.8442409,1164.21968311306
"858",2021-07-14 10:56:25,777,451,62.5942466666667,NA,NA,7.65811111111111,NA,NA,NA,NA,712.8444213,1164.22202460222
"859",2021-07-14 10:56:30,772,451,62.59422,NA,NA,7.65866666666667,NA,NA,NA,NA,712.8446017,1156.73257480482
"860",2021-07-14 10:56:35,772,451,62.5941933333333,NA,NA,7.65922222222222,NA,NA,NA,NA,712.8447821,1156.73490122855
"861",2021-07-14 10:56:40,772,451,62.5941666666667,NA,NA,7.65977777777778,NA,NA,NA,NA,712.8449625,1156.7372276533
"862",2021-07-14 10:56:45,767,451,62.59414,NA,NA,7.66033333333333,NA,NA,NA,NA,712.8451429,1149.24771758893
"863",2021-07-14 10:56:50,767,456,62.5941133333333,NA,NA,7.66088888888889,NA,NA,NA,NA,720.7482648,1149.25002894821
"864",2021-07-14 10:56:55,772,461,62.5940866666667,NA,NA,7.66144444444444,NA,NA,NA,NA,728.6513907,1156.74420693374
"865",2021-07-14 10:57:00,767,461,62.59406,NA,NA,7.662,NA,NA,NA,NA,728.6515751,1149.25465166984
"866",2021-07-14 10:57:05,767,461,62.5940333333333,NA,NA,7.66255555555556,NA,NA,NA,NA,728.6517595,1149.25696303219
"867",2021-07-14 10:57:10,772,461,62.5940066666667,NA,NA,7.66311111111111,NA,NA,NA,NA,728.6519439,1156.75118622344
"868",2021-07-14 10:57:15,772,461,62.59398,NA,NA,7.66366666666667,NA,NA,NA,NA,728.6521283,1156.7535126554
"869",2021-07-14 10:57:20,777,461,62.5939533333333,NA,NA,7.66422222222222,NA,NA,NA,NA,728.6523127,1164.24778105139
"870",2021-07-14 10:57:25,777,461,62.5939266666667,NA,NA,7.66477777777778,NA,NA,NA,NA,728.6524971,1164.25012255299
"871",2021-07-14 10:57:30,777,456,62.5939,NA,NA,7.66533333333333,NA,NA,NA,NA,720.749724,1164.25246405562
"872",2021-07-14 10:57:35,777,456,62.5938733333333,NA,NA,7.66588888888889,NA,NA,NA,NA,720.7499064,1164.25480555929
"873",2021-07-14 10:57:40,777,456,62.5938466666667,NA,NA,7.66644444444445,NA,NA,NA,NA,720.7500888,1164.25714706399
"874",2021-07-14 10:57:45,772,461,62.59382,NA,NA,7.667,NA,NA,NA,NA,728.6532347,1156.76747126876
"875",2021-07-14 10:57:50,772,461,62.5937933333333,NA,NA,7.66755555555556,NA,NA,NA,NA,728.6534191,1156.76979770793
"876",2021-07-14 10:57:55,772,461,62.5937666666667,NA,NA,7.66811111111111,NA,NA,NA,NA,728.6536035,1156.77212414812
"877",2021-07-14 10:58:00,772,461,62.59374,NA,NA,7.66866666666667,NA,NA,NA,NA,728.6537879,1156.77445058934
"878",2021-07-14 10:58:05,772,456,62.5937133333333,NA,NA,7.66922222222222,NA,NA,NA,NA,720.7510008,1156.7767770316
"879",2021-07-14 10:58:10,772,451,62.5936866666667,NA,NA,7.66977777777778,NA,NA,NA,NA,712.8482097,1156.77910347488
"880",2021-07-14 10:58:15,777,451,62.59366,NA,NA,7.67033333333333,NA,NA,NA,NA,712.8483901,1164.27353762592
"881",2021-07-14 10:58:20,772,446,62.5936333333333,NA,NA,7.67088888888889,NA,NA,NA,NA,704.945593,1156.78375636453
"882",2021-07-14 10:58:25,772,446,62.5936066666667,NA,NA,7.67144444444444,NA,NA,NA,NA,704.9457714,1156.7860828109
"883",2021-07-14 10:58:30,772,451,62.59358,NA,NA,7.672,NA,NA,NA,NA,712.8489313,1156.7884092583
"884",2021-07-14 10:58:35,777,461,62.5935533333333,NA,NA,7.67255555555556,NA,NA,NA,NA,728.6550787,1164.2829036841
"885",2021-07-14 10:58:40,777,461,62.5935266666667,NA,NA,7.67311111111111,NA,NA,NA,NA,728.6552631,1164.28524520124
"886",2021-07-14 10:58:45,782,461,62.5935,NA,NA,7.67366666666667,NA,NA,NA,NA,728.6554475,1171.77978483214
"887",2021-07-14 10:58:50,782,466,62.5934733333333,NA,NA,7.67422222222222,NA,NA,NA,NA,736.5586214,1171.78214141904
"888",2021-07-14 10:58:55,777,471,62.5934466666667,NA,NA,7.67477777777778,NA,NA,NA,NA,744.4617993,1164.29226975886
"889",2021-07-14 10:59:00,777,481,62.59342,NA,NA,7.67533333333333,NA,NA,NA,NA,760.2679747,1164.29461128014
"890",2021-07-14 10:59:05,772,481,62.5933933333333,NA,NA,7.67588888888889,NA,NA,NA,NA,760.2681671,1156.80469441891
"891",2021-07-14 10:59:10,772,476,62.5933666666667,NA,NA,7.67644444444444,NA,NA,NA,NA,752.365362,1156.80702087454
"892",2021-07-14 10:59:15,772,471,62.59334,NA,NA,7.677,NA,NA,NA,NA,744.4625529,1156.80934733121
"893",2021-07-14 10:59:20,772,466,62.5933133333333,NA,NA,7.67755555555556,NA,NA,NA,NA,736.5597398,1156.8116737889
"894",2021-07-14 10:59:25,772,461,62.5932866666667,NA,NA,7.67811111111111,NA,NA,NA,NA,728.6569227,1156.81400024762
"895",2021-07-14 10:59:30,777,461,62.59326,NA,NA,7.67866666666667,NA,NA,NA,NA,728.6571071,1164.30866042957
"896",2021-07-14 10:59:35,782,461,62.5932333333333,NA,NA,7.67922222222222,NA,NA,NA,NA,728.6572915,1171.80335074805
"897",2021-07-14 10:59:40,777,461,62.5932066666667,NA,NA,7.67977777777778,NA,NA,NA,NA,728.6574759,1164.31334348767
"898",2021-07-14 10:59:45,777,461,62.59318,NA,NA,7.68033333333333,NA,NA,NA,NA,728.6576603,1164.31568501827
"899",2021-07-14 10:59:50,782,461,62.5931533333333,NA,NA,7.68088888888889,NA,NA,NA,NA,728.6578447,1171.81042054315
"900",2021-07-14 10:59:55,782,461,62.5931266666667,NA,NA,7.68144444444444,NA,NA,NA,NA,728.6580291,1171.81277714361
"901",2021-07-14 11:00:00,787,461,62.5931,6.625,64.228,7.682,"Stn02",64.228,0.166714023,0.023069504,728.6582135,1179.30755787391
"902",2021-07-14 11:00:05,787,466,62.5931155555556,NA,NA,7.68311111111111,NA,NA,NA,NA,736.561122266667,1179.3115302303
"903",2021-07-14 11:00:10,782,466,62.5931311111111,NA,NA,7.68422222222222,NA,NA,NA,NA,736.561013533333,1171.823027982
"904",2021-07-14 11:00:15,782,471,62.5931466666667,NA,NA,7.68533333333333,NA,NA,NA,NA,744.4639188,1171.82697509862
"905",2021-07-14 11:00:20,782,471,62.5931622222222,NA,NA,7.68644444444444,NA,NA,NA,NA,744.4638089,1171.83092221402
"906",2021-07-14 11:00:25,782,471,62.5931777777778,NA,NA,7.68755555555556,NA,NA,NA,NA,744.463699,1171.83486932821
"907",2021-07-14 11:00:30,782,461,62.5931933333333,NA,NA,7.68866666666667,NA,NA,NA,NA,728.6575681,1171.83881644119
"908",2021-07-14 11:00:35,782,456,62.5932088888889,NA,NA,7.68977777777778,NA,NA,NA,NA,720.7544512,1171.84276355294
"909",2021-07-14 11:00:40,777,456,62.5932244444444,NA,NA,7.69088888888889,NA,NA,NA,NA,720.7543448,1164.35408463622
"910",2021-07-14 11:00:45,772,456,62.59324,NA,NA,7.692,NA,NA,NA,NA,720.7542384,1156.86535524374
"911",2021-07-14 11:00:50,772,456,62.5932555555556,NA,NA,7.69311111111111,NA,NA,NA,NA,720.754132,1156.86925187732
"912",2021-07-14 11:00:55,772,456,62.5932711111111,NA,NA,7.69422222222222,NA,NA,NA,NA,720.7540256,1156.8731485097
"913",2021-07-14 11:01:00,772,461,62.5932866666667,NA,NA,7.69533333333333,NA,NA,NA,NA,728.6569227,1156.87704514087
"914",2021-07-14 11:01:05,767,461,62.5933022222222,NA,NA,7.69644444444444,NA,NA,NA,NA,728.656815133333,1149.38818955731
"915",2021-07-14 11:01:10,767,461,62.5933177777778,NA,NA,7.69755555555556,NA,NA,NA,NA,728.656707566667,1149.39206094885
"916",2021-07-14 11:01:15,772,461,62.5933333333333,NA,NA,7.69866666666667,NA,NA,NA,NA,728.6566,1156.8887350272
"917",2021-07-14 11:01:20,772,461,62.5933488888889,NA,NA,7.69977777777778,NA,NA,NA,NA,728.656492433333,1156.89263165357
"918",2021-07-14 11:01:25,767,456,62.5933644444444,NA,NA,7.70088888888889,NA,NA,NA,NA,720.7533872,1149.40367511632
"919",2021-07-14 11:01:30,762,451,62.59338,NA,NA,7.702,NA,NA,NA,NA,712.8502843,1141.91466810346
"920",2021-07-14 11:01:35,762,451,62.5933955555556,NA,NA,7.70311111111111,NA,NA,NA,NA,712.850179066667,1141.91851425184
"921",2021-07-14 11:01:40,767,456,62.5934111111111,NA,NA,7.70422222222222,NA,NA,NA,NA,720.753068,1149.41528927305
"922",2021-07-14 11:01:45,772,456,62.5934266666667,NA,NA,7.70533333333333,NA,NA,NA,NA,720.7529616,1156.91211476743
"923",2021-07-14 11:01:50,772,451,62.5934422222222,NA,NA,7.70644444444445,NA,NA,NA,NA,712.849863366667,1156.9160113866
"924",2021-07-14 11:01:55,772,451,62.5934577777778,NA,NA,7.70755555555556,NA,NA,NA,NA,712.849758133333,1156.91990800456
"925",2021-07-14 11:02:00,772,451,62.5934733333333,NA,NA,7.70866666666667,NA,NA,NA,NA,712.8496529,1156.92380462133
"926",2021-07-14 11:02:05,777,456,62.5934888888889,NA,NA,7.70977777777778,NA,NA,NA,NA,720.752536,1164.42075629672
"927",2021-07-14 11:02:10,777,456,62.5935044444444,NA,NA,7.71088888888889,NA,NA,NA,NA,720.7524296,1164.42467814822
"928",2021-07-14 11:02:15,777,461,62.59352,NA,NA,7.712,NA,NA,NA,NA,728.6553092,1164.42859999852
"929",2021-07-14 11:02:20,772,461,62.5935355555556,NA,NA,7.71311111111111,NA,NA,NA,NA,728.655201633333,1156.93939107639
"930",2021-07-14 11:02:25,772,461,62.5935511111111,NA,NA,7.71422222222222,NA,NA,NA,NA,728.655094066667,1156.94328768715
"931",2021-07-14 11:02:30,772,466,62.5935666666667,NA,NA,7.71533333333333,NA,NA,NA,NA,736.557969,1156.94718429671
"932",2021-07-14 11:02:35,772,466,62.5935822222222,NA,NA,7.71644444444444,NA,NA,NA,NA,736.557860266667,1156.95108090507
"933",2021-07-14 11:02:40,772,461,62.5935977777778,NA,NA,7.71755555555556,NA,NA,NA,NA,728.654771366667,1156.95497751223
"934",2021-07-14 11:02:45,772,456,62.5936133333333,NA,NA,7.71866666666667,NA,NA,NA,NA,720.7516848,1156.95887411819
"935",2021-07-14 11:02:50,772,456,62.5936288888889,NA,NA,7.71977777777778,NA,NA,NA,NA,720.7515784,1156.96277072294
"936",2021-07-14 11:02:55,772,456,62.5936444444444,NA,NA,7.72088888888889,NA,NA,NA,NA,720.751472,1156.9666673265
"937",2021-07-14 11:03:00,772,456,62.59366,NA,NA,7.722,NA,NA,NA,NA,720.7513656,1156.97056392886
"938",2021-07-14 11:03:05,777,451,62.5936755555556,NA,NA,7.72311111111111,NA,NA,NA,NA,712.848284866667,1164.467818435
"939",2021-07-14 11:03:10,782,451,62.5936911111111,NA,NA,7.72422222222222,NA,NA,NA,NA,712.848179633333,1171.96512341403
"940",2021-07-14 11:03:15,782,461,62.5937066666667,NA,NA,7.72533333333333,NA,NA,NA,NA,728.6540184,1171.96907048686
"941",2021-07-14 11:03:20,782,461,62.5937222222222,NA,NA,7.72644444444444,NA,NA,NA,NA,728.653910833333,1171.97301755847
"942",2021-07-14 11:03:25,782,461,62.5937377777778,NA,NA,7.72755555555556,NA,NA,NA,NA,728.653803266667,1171.97696462887
"943",2021-07-14 11:03:30,787,461,62.5937533333333,NA,NA,7.72866666666667,NA,NA,NA,NA,728.6536957,1179.47439578819
"944",2021-07-14 11:03:35,787,461,62.5937688888889,NA,NA,7.72977777777778,NA,NA,NA,NA,728.653588133333,1179.47836809317
"945",2021-07-14 11:03:40,792,461,62.5937844444444,NA,NA,7.73088888888889,NA,NA,NA,NA,728.653480566667,1186.97587496106
"946",2021-07-14 11:03:45,792,461,62.5938,NA,NA,7.732,NA,NA,NA,NA,728.653373,1186.97987250058
"947",2021-07-14 11:03:50,797,461,62.5938155555556,NA,NA,7.73311111111111,NA,NA,NA,NA,728.653265433333,1194.47745507698
"948",2021-07-14 11:03:55,802,461,62.5938311111111,NA,NA,7.73422222222222,NA,NA,NA,NA,728.653157866667,1201.97508812611
"949",2021-07-14 11:04:00,797,461,62.5938466666667,NA,NA,7.73533333333333,NA,NA,NA,NA,728.6530503,1194.4855006238
"950",2021-07-14 11:04:05,807,461,62.5938622222222,NA,NA,7.73644444444444,NA,NA,NA,NA,728.652942733333,1209.47684489341
"951",2021-07-14 11:04:10,812,461,62.5938777777778,NA,NA,7.73755555555556,NA,NA,NA,NA,728.652835166667,1216.9746041236
"952",2021-07-14 11:04:15,817,461,62.5938933333333,NA,NA,7.73866666666667,NA,NA,NA,NA,728.6527276,1224.47241382644
"953",2021-07-14 11:04:20,822,461,62.5939088888889,NA,NA,7.73977777777778,NA,NA,NA,NA,728.652620033333,1231.97027400188
"954",2021-07-14 11:04:25,822,461,62.5939244444444,NA,NA,7.74088888888889,NA,NA,NA,NA,728.652512466667,1231.97442295312
"955",2021-07-14 11:04:30,827,461,62.59394,NA,NA,7.742,NA,NA,NA,NA,728.6524049,1239.47235883679
"956",2021-07-14 11:04:35,832,461,62.5939555555556,NA,NA,7.74311111111111,NA,NA,NA,NA,728.652297333333,1246.97034519302
"957",2021-07-14 11:04:40,837,461,62.5939711111111,NA,NA,7.74422222222222,NA,NA,NA,NA,728.652189766667,1254.46838202177
"958",2021-07-14 11:04:45,842,461,62.5939866666667,NA,NA,7.74533333333333,NA,NA,NA,NA,728.6520822,1261.96646932302
"959",2021-07-14 11:04:50,842,466,62.5940022222222,NA,NA,7.74644444444444,NA,NA,NA,NA,736.554924466667,1261.97071921543
"960",2021-07-14 11:04:55,842,466,62.5940177777778,NA,NA,7.74755555555556,NA,NA,NA,NA,736.554815733333,1261.97496910653
"961",2021-07-14 11:05:00,842,471,62.5940333333333,NA,NA,7.74866666666667,NA,NA,NA,NA,744.4576545,1261.97921899631
"962",2021-07-14 11:05:05,847,471,62.5940488888889,NA,NA,7.74977777777778,NA,NA,NA,NA,744.4575446,1269.47743247674
"963",2021-07-14 11:05:10,852,471,62.5940644444444,NA,NA,7.75088888888889,NA,NA,NA,NA,744.4574347,1276.97569642958
"964",2021-07-14 11:05:15,857,471,62.59408,NA,NA,7.752,NA,NA,NA,NA,744.4573248,1284.47401085481
"965",2021-07-14 11:05:20,867,471,62.5940955555556,NA,NA,7.75311111111111,NA,NA,NA,NA,744.4572149,1299.46641505491
"966",2021-07-14 11:05:25,872,471,62.5941111111111,NA,NA,7.75422222222222,NA,NA,NA,NA,744.457105,1306.96485566167
"967",2021-07-14 11:05:30,877,471,62.5941266666667,NA,NA,7.75533333333333,NA,NA,NA,NA,744.4569951,1314.46334674074
"968",2021-07-14 11:05:35,882,471,62.5941422222222,NA,NA,7.75644444444444,NA,NA,NA,NA,744.4568852,1321.9618882921
"969",2021-07-14 11:05:40,887,471,62.5941577777778,NA,NA,7.75755555555556,NA,NA,NA,NA,744.4567753,1329.46048031572
"970",2021-07-14 11:05:45,887,471,62.5941733333333,NA,NA,7.75866666666667,NA,NA,NA,NA,744.4566654,1329.46495732497
"971",2021-07-14 11:05:50,887,466,62.5941888888889,NA,NA,7.75977777777778,NA,NA,NA,NA,736.553619666667,1329.46943433284
"972",2021-07-14 11:05:55,892,461,62.5942044444444,NA,NA,7.76088888888889,NA,NA,NA,NA,728.650576266667,1336.96812729952
"973",2021-07-14 11:06:00,897,456,62.59422,NA,NA,7.762,NA,NA,NA,NA,720.7475352,1344.46687073839
"974",2021-07-14 11:06:05,907,456,62.5942355555556,NA,NA,7.76311111111111,NA,NA,NA,NA,720.7474288,1359.45993108318
"975",2021-07-14 11:06:10,907,451,62.5942511111111,NA,NA,7.76422222222222,NA,NA,NA,NA,712.844391233333,1359.46450903259
"976",2021-07-14 11:06:15,912,461,62.5942666666667,NA,NA,7.76533333333333,NA,NA,NA,NA,728.650146,1366.96340388787
"977",2021-07-14 11:06:20,912,461,62.5942822222222,NA,NA,7.76644444444444,NA,NA,NA,NA,728.650038433333,1366.96800707121
"978",2021-07-14 11:06:25,922,466,62.5942977777778,NA,NA,7.76755555555556,NA,NA,NA,NA,736.552858533333,1381.96134501468
"979",2021-07-14 11:06:30,927,461,62.5943133333333,NA,NA,7.76866666666667,NA,NA,NA,NA,728.6498233,1389.46039128617
"980",2021-07-14 11:06:35,937,461,62.5943288888889,NA,NA,7.76977777777778,NA,NA,NA,NA,728.649715733333,1404.45390588391
"981",2021-07-14 11:06:40,947,461,62.5943444444444,NA,NA,7.77088888888889,NA,NA,NA,NA,728.649608166667,1419.44752142709
"982",2021-07-14 11:06:45,952,461,62.59436,NA,NA,7.772,NA,NA,NA,NA,728.6495006,1426.94676958799
"983",2021-07-14 11:06:50,967,461,62.5943755555556,NA,NA,7.77311111111111,NA,NA,NA,NA,728.649393033333,1449.43505534957
"984",2021-07-14 11:06:55,972,461,62.5943911111111,NA,NA,7.77422222222222,NA,NA,NA,NA,728.649285466667,1456.93445492771
"985",2021-07-14 11:07:00,982,461,62.5944066666667,NA,NA,7.77533333333333,NA,NA,NA,NA,728.6491779,1471.92844901547
"986",2021-07-14 11:07:05,982,466,62.5944222222222,NA,NA,7.77644444444444,NA,NA,NA,NA,736.551988666667,1471.93340549958
"987",2021-07-14 11:07:10,987,466,62.5944377777778,NA,NA,7.77755555555556,NA,NA,NA,NA,736.551879933333,1479.43295649327
"988",2021-07-14 11:07:15,987,466,62.5944533333333,NA,NA,7.77866666666667,NA,NA,NA,NA,736.5517712,1479.43793821098
"989",2021-07-14 11:07:20,987,471,62.5944688888889,NA,NA,7.77977777777778,NA,NA,NA,NA,744.4545773,1479.44291992716
"990",2021-07-14 11:07:25,992,466,62.5944844444444,NA,NA,7.78088888888889,NA,NA,NA,NA,736.551553733333,1486.94257186289
"991",2021-07-14 11:07:30,997,461,62.5945,NA,NA,7.782,NA,NA,NA,NA,728.6485325,1494.44227427037
"992",2021-07-14 11:07:35,997,461,62.5945155555556,NA,NA,7.78311111111111,NA,NA,NA,NA,728.648424933333,1494.44730645521
"993",2021-07-14 11:07:40,1002,456,62.5945311111111,NA,NA,7.78422222222222,NA,NA,NA,NA,720.7454072,1501.94708456948
"994",2021-07-14 11:07:45,1012,451,62.5945466666667,NA,NA,7.78533333333333,NA,NA,NA,NA,712.8423918,1516.94168432305
"995",2021-07-14 11:07:50,1022,456,62.5945622222222,NA,NA,7.78644444444444,NA,NA,NA,NA,720.7451944,1531.9363850215
"996",2021-07-14 11:07:55,1022,456,62.5945777777778,NA,NA,7.78755555555556,NA,NA,NA,NA,720.745088,1531.94154338315
"997",2021-07-14 11:08:00,1032,461,62.5945933333333,NA,NA,7.78866666666667,NA,NA,NA,NA,728.6478871,1546.93639549804
"998",2021-07-14 11:08:05,1032,466,62.5946088888889,NA,NA,7.78977777777778,NA,NA,NA,NA,736.550683866667,1546.94160432969
"999",2021-07-14 11:08:10,1037,466,62.5946244444444,NA,NA,7.79088888888889,NA,NA,NA,NA,736.550575133333,1554.44171051031
"1000",2021-07-14 11:08:15,1042,466,62.59464,NA,NA,7.792,NA,NA,NA,NA,736.5504664,1561.94186716248
"1001",2021-07-14 11:08:20,1047,466,62.5946555555556,NA,NA,7.79311111111111,NA,NA,NA,NA,736.550357666667,1569.44207428615
"1002",2021-07-14 11:08:25,1052,461,62.5946711111111,NA,NA,7.79422222222222,NA,NA,NA,NA,728.647349266667,1576.94233188132
"1003",2021-07-14 11:08:30,1058,461,62.5946866666667,NA,NA,7.79533333333333,NA,NA,NA,NA,728.6472417,1585.94163960732
"1004",2021-07-14 11:08:35,1058,456,62.5947022222222,NA,NA,7.79644444444444,NA,NA,NA,NA,720.7442368,1585.94697965935
"1005",2021-07-14 11:08:40,1063,451,62.5947177777778,NA,NA,7.79755555555556,NA,NA,NA,NA,712.841234233333,1593.44736847963
"1006",2021-07-14 11:08:45,1063,456,62.5947333333333,NA,NA,7.79866666666667,NA,NA,NA,NA,720.744024,1593.45273376489
"1007",2021-07-14 11:08:50,1068,456,62.5947488888889,NA,NA,7.79977777777778,NA,NA,NA,NA,720.7439176,1600.95319829144
"1008",2021-07-14 11:08:55,1073,461,62.5947644444444,NA,NA,7.80088888888889,NA,NA,NA,NA,728.646703866667,1608.45371328935
"1009",2021-07-14 11:09:00,1073,456,62.59478,NA,NA,7.802,NA,NA,NA,NA,720.7437048,1608.45912904266
"1010",2021-07-14 11:09:05,1078,456,62.5947955555556,NA,NA,7.80311111111111,NA,NA,NA,NA,720.7435984,1615.95971974673
"1011",2021-07-14 11:09:10,1083,456,62.5948111111111,NA,NA,7.80422222222222,NA,NA,NA,NA,720.743492,1623.46036092212
"1012",2021-07-14 11:09:15,1083,456,62.5948266666667,NA,NA,7.80533333333333,NA,NA,NA,NA,720.7433856,1623.46582714337
"1013",2021-07-14 11:09:20,1088,456,62.5948422222222,NA,NA,7.80644444444444,NA,NA,NA,NA,720.7432792,1630.96654402482
"1014",2021-07-14 11:09:25,1088,456,62.5948577777778,NA,NA,7.80755555555556,NA,NA,NA,NA,720.7431728,1630.97203547917
"1015",2021-07-14 11:09:30,1098,456,62.5948733333333,NA,NA,7.80866666666667,NA,NA,NA,NA,720.7430664,1645.96812920142
"1016",2021-07-14 11:09:35,1103,461,62.5948888888889,NA,NA,7.80977777777778,NA,NA,NA,NA,728.645843333333,1653.46899749652
"1017",2021-07-14 11:09:40,1103,466,62.5949044444444,NA,NA,7.81088888888889,NA,NA,NA,NA,736.548617933333,1653.47456465512
"1018",2021-07-14 11:09:45,1103,471,62.59492,NA,NA,7.812,NA,NA,NA,NA,744.4513902,1653.48013181199
"1019",2021-07-14 11:09:50,1108,476,62.5949355555556,NA,NA,7.81311111111111,NA,NA,NA,NA,752.354160133333,1660.98110104769
"1020",2021-07-14 11:09:55,1108,476,62.5949511111111,NA,NA,7.81422222222222,NA,NA,NA,NA,752.354049066667,1660.98669343755
"1021",2021-07-14 11:10:00,1108,471,62.5949666666667,NA,NA,7.81533333333333,NA,NA,NA,NA,744.4510605,1660.99228582568
"1022",2021-07-14 11:10:05,1113,471,62.5949822222222,NA,NA,7.81644444444444,NA,NA,NA,NA,744.4509506,1668.49335600186
"1023",2021-07-14 11:10:10,1118,471,62.5949977777778,NA,NA,7.81755555555556,NA,NA,NA,NA,744.4508407,1675.9944766491
"1024",2021-07-14 11:10:15,1123,471,62.5950133333333,NA,NA,7.81866666666667,NA,NA,NA,NA,744.4507308,1683.49564776738
"1025",2021-07-14 11:10:20,1123,466,62.5950288888889,NA,NA,7.81977777777778,NA,NA,NA,NA,736.547748066667,1683.50131585776
"1026",2021-07-14 11:10:25,1128,466,62.5950444444444,NA,NA,7.82088888888889,NA,NA,NA,NA,736.547639333333,1691.00256268167
"1027",2021-07-14 11:10:30,1133,461,62.59506,NA,NA,7.822,NA,NA,NA,NA,728.6446601,1698.50385997657
"1028",2021-07-14 11:10:35,1133,461,62.5950755555556,NA,NA,7.82311111111111,NA,NA,NA,NA,728.644552533333,1698.50957853441
"1029",2021-07-14 11:10:40,1133,461,62.5950911111111,NA,NA,7.82422222222222,NA,NA,NA,NA,728.644444966667,1698.51529709049
"1030",2021-07-14 11:10:45,1138,466,62.5951066666667,NA,NA,7.82533333333333,NA,NA,NA,NA,736.5472044,1706.0166953255
"1031",2021-07-14 11:10:50,1148,466,62.5951222222222,NA,NA,7.82644444444444,NA,NA,NA,NA,736.547095666667,1721.01384894843
"1032",2021-07-14 11:10:55,1148,466,62.5951377777778,NA,NA,7.82755555555556,NA,NA,NA,NA,736.546986933333,1721.01964320819
"1033",2021-07-14 11:11:00,1153,461,62.5951533333333,NA,NA,7.82866666666667,NA,NA,NA,NA,728.6440147,1728.52119285583
"1034",2021-07-14 11:11:05,1153,461,62.5951688888889,NA,NA,7.82977777777778,NA,NA,NA,NA,728.643907133333,1728.52701234832
"1035",2021-07-14 11:11:10,1158,456,62.5951844444444,NA,NA,7.83088888888889,NA,NA,NA,NA,720.7409384,1736.02863770129
"1036",2021-07-14 11:11:15,1158,451,62.5952,NA,NA,7.832,NA,NA,NA,NA,712.837972,1736.0344824265
"1037",2021-07-14 11:11:20,1163,446,62.5952155555556,NA,NA,7.83311111111111,NA,NA,NA,NA,704.935007933333,1743.53618348474
"1038",2021-07-14 11:11:25,1168,446,62.5952311111111,NA,NA,7.83422222222222,NA,NA,NA,NA,704.934903866667,1751.03793501374
"1039",2021-07-14 11:11:30,1168,446,62.5952466666667,NA,NA,7.83533333333333,NA,NA,NA,NA,704.9347998,1751.04383020607
"1040",2021-07-14 11:11:35,1168,451,62.5952622222222,NA,NA,7.83644444444444,NA,NA,NA,NA,712.837551066667,1751.04972539659
"1041",2021-07-14 11:11:40,1168,461,62.5952777777778,NA,NA,7.83755555555556,NA,NA,NA,NA,728.643154166667,1751.05562058529
"1042",2021-07-14 11:11:45,1168,461,62.5952933333333,NA,NA,7.83866666666667,NA,NA,NA,NA,728.6430466,1751.06151577217
"1043",2021-07-14 11:11:50,1168,466,62.5953088888889,NA,NA,7.83977777777778,NA,NA,NA,NA,736.545790866667,1751.06741095724
"1044",2021-07-14 11:11:55,1173,461,62.5953244444444,NA,NA,7.84088888888889,NA,NA,NA,NA,728.642831466667,1758.56933912911
"1045",2021-07-14 11:12:00,1178,466,62.59534,NA,NA,7.842,NA,NA,NA,NA,736.5455734,1766.0713177716
"1046",2021-07-14 11:12:05,1178,471,62.5953555555556,NA,NA,7.84311111111111,NA,NA,NA,NA,744.448313,1766.07726342364
"1047",2021-07-14 11:12:10,1183,471,62.5953711111111,NA,NA,7.84422222222222,NA,NA,NA,NA,744.4482031,1773.57931777111
"1048",2021-07-14 11:12:15,1183,471,62.5953866666667,NA,NA,7.84533333333333,NA,NA,NA,NA,744.4480932,1773.58528865569
"1049",2021-07-14 11:12:20,1183,466,62.5954022222222,NA,NA,7.84644444444444,NA,NA,NA,NA,736.545138466667,1773.59125953843
"1050",2021-07-14 11:12:25,1188,461,62.5954177777778,NA,NA,7.84755555555556,NA,NA,NA,NA,728.642186066667,1781.09341482516
"1051",2021-07-14 11:12:30,1188,461,62.5954333333333,NA,NA,7.84866666666667,NA,NA,NA,NA,728.6420785,1781.09941094039
"1052",2021-07-14 11:12:35,1188,461,62.5954488888889,NA,NA,7.84977777777778,NA,NA,NA,NA,728.641970933333,1781.10540705377
"1053",2021-07-14 11:12:40,1183,466,62.5954644444444,NA,NA,7.85088888888889,NA,NA,NA,NA,736.544703533333,1773.61514305098
"1054",2021-07-14 11:12:45,1188,461,62.59548,NA,NA,7.852,NA,NA,NA,NA,728.6417558,1781.117399275
"1055",2021-07-14 11:12:50,1193,456,62.5954955555556,NA,NA,7.85311111111111,NA,NA,NA,NA,720.7388104,1788.61970596947
"1056",2021-07-14 11:12:55,1198,456,62.5955111111111,NA,NA,7.85422222222222,NA,NA,NA,NA,720.738704,1796.12206313436
"1057",2021-07-14 11:13:00,1198,461,62.5955266666667,NA,NA,7.85533333333333,NA,NA,NA,NA,728.6414331,1796.12810971076
"1058",2021-07-14 11:13:05,1203,466,62.5955422222222,NA,NA,7.85644444444444,NA,NA,NA,NA,736.544159866667,1803.63054258032
"1059",2021-07-14 11:13:10,1208,466,62.5955577777778,NA,NA,7.85755555555555,NA,NA,NA,NA,736.544051133333,1811.13302592023
"1060",2021-07-14 11:13:15,1213,466,62.5955733333333,NA,NA,7.85866666666667,NA,NA,NA,NA,736.5439424,1818.63555973048
"1061",2021-07-14 11:13:20,1218,466,62.5955888888889,NA,NA,7.85977777777778,NA,NA,NA,NA,736.543833666667,1826.13814401105
"1062",2021-07-14 11:13:25,1218,466,62.5956044444444,NA,NA,7.86088888888889,NA,NA,NA,NA,736.543724933333,1826.1442915225
"1063",2021-07-14 11:13:30,1223,471,62.59562,NA,NA,7.862,NA,NA,NA,NA,744.4464447,1833.64695150754
"1064",2021-07-14 11:13:35,1223,476,62.5956355555556,NA,NA,7.86311111111111,NA,NA,NA,NA,752.349162133333,1833.65312425127
"1065",2021-07-14 11:13:40,1223,471,62.5956511111111,NA,NA,7.86422222222222,NA,NA,NA,NA,744.4462249,1833.6592969931
"1066",2021-07-14 11:13:45,1223,466,62.5956666666667,NA,NA,7.86533333333333,NA,NA,NA,NA,736.54329,1833.66546973302
"1067",2021-07-14 11:13:50,1228,466,62.5956822222222,NA,NA,7.86644444444444,NA,NA,NA,NA,736.543181266667,1841.16825589079
"1068",2021-07-14 11:13:55,1233,466,62.5956977777778,NA,NA,7.86755555555556,NA,NA,NA,NA,736.543072533333,1848.67109251875
"1069",2021-07-14 11:14:00,1233,461,62.5957133333333,NA,NA,7.86866666666667,NA,NA,NA,NA,728.6401423,1848.67731572503
"1070",2021-07-14 11:14:05,1238,461,62.5957288888889,NA,NA,7.86977777777778,NA,NA,NA,NA,728.640034733333,1856.18022805726
"1071",2021-07-14 11:14:10,1233,461,62.5957444444444,NA,NA,7.87088888888889,NA,NA,NA,NA,728.639927166667,1848.68976213185
"1072",2021-07-14 11:14:15,1233,461,62.59576,NA,NA,7.872,NA,NA,NA,NA,728.6398196,1848.69598533238
"1073",2021-07-14 11:14:20,1238,461,62.5957755555556,NA,NA,7.87311111111111,NA,NA,NA,NA,728.639712033333,1856.19897336689
"1074",2021-07-14 11:14:25,1243,461,62.5957911111111,NA,NA,7.87422222222222,NA,NA,NA,NA,728.639604466667,1863.70201187147
"1075",2021-07-14 11:14:30,1243,461,62.5958066666667,NA,NA,7.87533333333333,NA,NA,NA,NA,728.6394969,1863.70828553822
"1076",2021-07-14 11:14:35,1243,466,62.5958222222222,NA,NA,7.87644444444444,NA,NA,NA,NA,736.542202666667,1863.71455920304
"1077",2021-07-14 11:14:40,1243,461,62.5958377777778,NA,NA,7.87755555555556,NA,NA,NA,NA,728.639281766667,1863.72083286593
"1078",2021-07-14 11:14:45,1243,471,62.5958533333333,NA,NA,7.87866666666667,NA,NA,NA,NA,744.4447962,1863.72710652689
"1079",2021-07-14 11:14:50,1243,471,62.5958688888889,NA,NA,7.87977777777778,NA,NA,NA,NA,744.4446863,1863.73338018591
"1080",2021-07-14 11:14:55,1243,476,62.5958844444444,NA,NA,7.88088888888889,NA,NA,NA,NA,752.347385066667,1863.73965384299
"1081",2021-07-14 11:15:00,1248,476,62.5959,6.628,64.234,7.882,"Stn02",64.234,0.167040333,0.023184952,752.347274,1871.24289422179
"1082",2021-07-14 11:15:05,1253,486,62.5958983333333,NA,NA,7.88366666666667,NA,NA,NA,NA,768.15290115,1878.74979287973
"1083",2021-07-14 11:15:10,1253,486,62.5958966666667,NA,NA,7.88533333333333,NA,NA,NA,NA,768.1529133,1878.75972481433
"1084",2021-07-14 11:15:15,1253,481,62.595895,NA,NA,7.887,NA,NA,NA,NA,760.250117575,1878.76965674925
"1085",2021-07-14 11:15:20,1253,476,62.5958933333333,NA,NA,7.88866666666667,NA,NA,NA,NA,752.3473216,1878.77958868448
"1086",2021-07-14 11:15:25,1248,476,62.5958916666667,NA,NA,7.89033333333333,NA,NA,NA,NA,752.3473335,1871.29235573327
"1087",2021-07-14 11:15:30,1248,476,62.59589,NA,NA,7.892,NA,NA,NA,NA,752.3473454,1871.3022480365
"1088",2021-07-14 11:15:35,1253,481,62.5958883333333,NA,NA,7.89366666666667,NA,NA,NA,NA,760.250165675,1878.80938449205
"1089",2021-07-14 11:15:40,1253,481,62.5958866666667,NA,NA,7.89533333333333,NA,NA,NA,NA,760.2501777,1878.81931642853
"1090",2021-07-14 11:15:45,1253,486,62.595885,NA,NA,7.897,NA,NA,NA,NA,768.15299835,1878.82924836532
"1091",2021-07-14 11:15:50,1253,481,62.5958833333333,NA,NA,7.89866666666667,NA,NA,NA,NA,760.25020175,1878.83918030243
"1092",2021-07-14 11:15:55,1258,481,62.5958816666667,NA,NA,7.90033333333333,NA,NA,NA,NA,760.250213775,1886.34651492238
"1093",2021-07-14 11:16:00,1258,476,62.59588,NA,NA,7.902,NA,NA,NA,NA,752.3474168,1886.35648649275
"1094",2021-07-14 11:16:05,1258,476,62.5958783333333,NA,NA,7.90366666666667,NA,NA,NA,NA,752.3474287,1886.36645806343
"1095",2021-07-14 11:16:10,1258,481,62.5958766666667,NA,NA,7.90533333333333,NA,NA,NA,NA,760.25024985,1886.37642963443
"1096",2021-07-14 11:16:15,1258,481,62.595875,NA,NA,7.907,NA,NA,NA,NA,760.250261875,1886.38640120574
"1097",2021-07-14 11:16:20,1258,481,62.5958733333333,NA,NA,7.90866666666667,NA,NA,NA,NA,760.2502739,1886.39637277737
"1098",2021-07-14 11:16:25,1258,481,62.5958716666667,NA,NA,7.91033333333333,NA,NA,NA,NA,760.250285925,1886.40634434931
"1099",2021-07-14 11:16:30,1258,481,62.59587,NA,NA,7.912,NA,NA,NA,NA,760.25029795,1886.41631592156
"1100",2021-07-14 11:16:35,1258,476,62.5958683333333,NA,NA,7.91366666666667,NA,NA,NA,NA,752.3475001,1886.42628749413
"1101",2021-07-14 11:16:40,1263,471,62.5958666666667,NA,NA,7.91533333333333,NA,NA,NA,NA,744.444702,1893.93401844328
"1102",2021-07-14 11:16:45,1263,466,62.595865,NA,NA,7.917,NA,NA,NA,NA,736.54190365,1893.94402964912
"1103",2021-07-14 11:16:50,1263,471,62.5958633333333,NA,NA,7.91866666666667,NA,NA,NA,NA,744.44472555,1893.95404085528
"1104",2021-07-14 11:16:55,1258,476,62.5958616666667,NA,NA,7.92033333333333,NA,NA,NA,NA,752.3475477,1886.46617378756
"1105",2021-07-14 11:17:00,1263,476,62.59586,NA,NA,7.922,NA,NA,NA,NA,752.3475596,1893.97406326854
"1106",2021-07-14 11:17:05,1268,471,62.5958583333333,NA,NA,7.92366666666667,NA,NA,NA,NA,744.444760875,1901.48203201514
"1107",2021-07-14 11:17:10,1268,471,62.5958566666667,NA,NA,7.92533333333333,NA,NA,NA,NA,744.44477265,1901.49208285521
"1108",2021-07-14 11:17:15,1263,471,62.595855,NA,NA,7.927,NA,NA,NA,NA,744.444784425,1894.00409689081
"1109",2021-07-14 11:17:20,1258,476,62.5958533333333,NA,NA,7.92866666666667,NA,NA,NA,NA,752.3476072,1886.51603166141
"1110",2021-07-14 11:17:25,1263,476,62.5958516666667,NA,NA,7.93033333333333,NA,NA,NA,NA,752.3476191,1894.02411930723
"1111",2021-07-14 11:17:30,1268,476,62.59585,NA,NA,7.932,NA,NA,NA,NA,752.347631,1901.53228621867
"1112",2021-07-14 11:17:35,1273,476,62.5958483333333,NA,NA,7.93366666666667,NA,NA,NA,NA,752.3476429,1909.04053239574
"1113",2021-07-14 11:17:40,1278,481,62.5958466666667,NA,NA,7.93533333333333,NA,NA,NA,NA,760.2504663,1916.54885783844
"1114",2021-07-14 11:17:45,1273,486,62.595845,NA,NA,7.937,NA,NA,NA,NA,768.15328995,1909.06071334532
"1115",2021-07-14 11:17:50,1273,491,62.5958433333333,NA,NA,7.93866666666667,NA,NA,NA,NA,776.05611385,1909.07080382058
"1116",2021-07-14 11:17:55,1273,491,62.5958416666667,NA,NA,7.94033333333333,NA,NA,NA,NA,776.056126125,1909.08089429617
"1117",2021-07-14 11:18:00,1273,491,62.59584,NA,NA,7.942,NA,NA,NA,NA,776.0561384,1909.09098477208
"1118",2021-07-14 11:18:05,1273,486,62.5958383333333,NA,NA,7.94366666666667,NA,NA,NA,NA,768.15333855,1909.1010752483
"1119",2021-07-14 11:18:10,1273,481,62.5958366666667,NA,NA,7.94533333333333,NA,NA,NA,NA,760.25053845,1909.11116572484
"1120",2021-07-14 11:18:15,1273,481,62.595835,NA,NA,7.947,NA,NA,NA,NA,760.250550475,1909.1212562017
"1121",2021-07-14 11:18:20,1268,481,62.5958333333333,NA,NA,7.94866666666667,NA,NA,NA,NA,760.2505625,1901.6327946495
"1122",2021-07-14 11:18:25,1263,481,62.5958316666667,NA,NA,7.95033333333333,NA,NA,NA,NA,760.250574525,1894.14425383228
"1123",2021-07-14 11:18:30,1263,476,62.59583,NA,NA,7.952,NA,NA,NA,NA,752.3477738,1894.15426504476
"1124",2021-07-14 11:18:35,1268,476,62.5958283333333,NA,NA,7.95366666666667,NA,NA,NA,NA,752.3477857,1901.66294718493
"1125",2021-07-14 11:18:40,1268,481,62.5958266666667,NA,NA,7.95533333333333,NA,NA,NA,NA,760.2506106,1901.67299803071
"1126",2021-07-14 11:18:45,1268,486,62.595825,NA,NA,7.957,NA,NA,NA,NA,768.15343575,1901.6830488768
"1127",2021-07-14 11:18:50,1268,491,62.5958233333333,NA,NA,7.95866666666667,NA,NA,NA,NA,776.05626115,1901.69309972322
"1128",2021-07-14 11:18:55,1263,496,62.5958216666667,NA,NA,7.96033333333333,NA,NA,NA,NA,783.9590868,1894.20432111186
"1129",2021-07-14 11:19:00,1268,496,62.59582,NA,NA,7.962,NA,NA,NA,NA,783.9590992,1901.71320141699
"1130",2021-07-14 11:19:05,1268,496,62.5958183333333,NA,NA,7.96366666666667,NA,NA,NA,NA,783.9591116,1901.72325226435
"1131",2021-07-14 11:19:10,1268,496,62.5958166666667,NA,NA,7.96533333333333,NA,NA,NA,NA,783.959124,1901.73330311203
"1132",2021-07-14 11:19:15,1268,491,62.595815,NA,NA,7.967,NA,NA,NA,NA,776.056322525,1901.74335396003
"1133",2021-07-14 11:19:20,1268,496,62.5958133333333,NA,NA,7.96866666666667,NA,NA,NA,NA,783.9591488,1901.75340480834
"1134",2021-07-14 11:19:25,1268,496,62.5958116666667,NA,NA,7.97033333333333,NA,NA,NA,NA,783.9591612,1901.76345565697
"1135",2021-07-14 11:19:30,1268,501,62.59581,NA,NA,7.972,NA,NA,NA,NA,791.86198785,1901.77350650592
"1136",2021-07-14 11:19:35,1263,501,62.5958083333333,NA,NA,7.97366666666667,NA,NA,NA,NA,791.862000375,1894.28441083565
"1137",2021-07-14 11:19:40,1263,501,62.5958066666667,NA,NA,7.97533333333333,NA,NA,NA,NA,791.8620129,1894.29442205254
"1138",2021-07-14 11:19:45,1263,496,62.595805,NA,NA,7.977,NA,NA,NA,NA,783.9592108,1894.30443326975
"1139",2021-07-14 11:19:50,1268,486,62.5958033333333,NA,NA,7.97866666666667,NA,NA,NA,NA,768.1535937,1901.81370990488
"1140",2021-07-14 11:19:55,1268,486,62.5958016666667,NA,NA,7.98033333333333,NA,NA,NA,NA,768.15360585,1901.82376075541
"1141",2021-07-14 11:20:00,1273,486,62.5958,NA,NA,7.982,NA,NA,NA,NA,768.153618,1909.33315628925
"1142",2021-07-14 11:20:05,1268,491,62.5957983333333,NA,NA,7.98366666666667,NA,NA,NA,NA,776.056445275,1901.84386245743
"1143",2021-07-14 11:20:10,1268,491,62.5957966666667,NA,NA,7.98533333333333,NA,NA,NA,NA,776.05645755,1901.85391330891
"1144",2021-07-14 11:20:15,1268,496,62.595795,NA,NA,7.987,NA,NA,NA,NA,783.9592852,1901.86396416072
"1145",2021-07-14 11:20:20,1268,496,62.5957933333333,NA,NA,7.98866666666667,NA,NA,NA,NA,783.9592976,1901.87401501283
"1146",2021-07-14 11:20:25,1273,501,62.5957916666667,NA,NA,7.99033333333333,NA,NA,NA,NA,791.862125625,1909.38360871174
"1147",2021-07-14 11:20:30,1273,501,62.59579,NA,NA,7.992,NA,NA,NA,NA,791.86213815,1909.39369919719
"1148",2021-07-14 11:20:35,1278,501,62.5957883333333,NA,NA,7.99366666666667,NA,NA,NA,NA,791.862150675,1916.90341179483
"1149",2021-07-14 11:20:40,1283,501,62.5957866666667,NA,NA,7.99533333333333,NA,NA,NA,NA,791.8621632,1924.4132036582
"1150",2021-07-14 11:20:45,1283,501,62.595785,NA,NA,7.997,NA,NA,NA,NA,791.862175725,1924.42337341002
"1151",2021-07-14 11:20:50,1288,506,62.5957833333333,NA,NA,7.99866666666667,NA,NA,NA,NA,799.7650045,1931.93328417214
"1152",2021-07-14 11:20:55,1288,506,62.5957816666667,NA,NA,8.00033333333333,NA,NA,NA,NA,799.76501715,1931.9434935573
"1153",2021-07-14 11:21:00,1293,511,62.59578,NA,NA,8.002,NA,NA,NA,NA,807.6678463,1939.45352321818
"1154",2021-07-14 11:21:05,1293,511,62.5957783333333,NA,NA,8.00366666666667,NA,NA,NA,NA,807.667859075,1939.4637722367
"1155",2021-07-14 11:21:10,1288,511,62.5957766666667,NA,NA,8.00533333333333,NA,NA,NA,NA,807.66787185,1931.97412171472
"1156",2021-07-14 11:21:15,1288,511,62.595775,NA,NA,8.007,NA,NA,NA,NA,807.667884625,1931.98433110117
"1157",2021-07-14 11:21:20,1288,506,62.5957733333333,NA,NA,8.00866666666667,NA,NA,NA,NA,799.7650804,1931.99454048794
"1158",2021-07-14 11:21:25,1288,506,62.5957716666667,NA,NA,8.01033333333333,NA,NA,NA,NA,799.76509305,1932.00474987503
"1159",2021-07-14 11:21:30,1288,501,62.59577,NA,NA,8.012,NA,NA,NA,NA,791.86228845,1932.01495926245
"1160",2021-07-14 11:21:35,1288,501,62.5957683333333,NA,NA,8.01366666666667,NA,NA,NA,NA,791.862300975,1932.02516865019
"1161",2021-07-14 11:21:40,1288,501,62.5957666666667,NA,NA,8.01533333333333,NA,NA,NA,NA,791.8623135,1932.03537803825
"1162",2021-07-14 11:21:45,1283,501,62.595765,NA,NA,8.017,NA,NA,NA,NA,791.862326025,1924.54541045681
"1163",2021-07-14 11:21:50,1283,501,62.5957633333333,NA,NA,8.01866666666667,NA,NA,NA,NA,791.86233855,1924.55558021279
"1164",2021-07-14 11:21:55,1278,501,62.5957616666667,NA,NA,8.02033333333333,NA,NA,NA,NA,791.862351075,1917.06549373383
"1165",2021-07-14 11:22:00,1278,501,62.59576,NA,NA,8.022,NA,NA,NA,NA,791.8623636,1917.07562385773
"1166",2021-07-14 11:22:05,1278,501,62.5957583333333,NA,NA,8.02366666666667,NA,NA,NA,NA,791.862376125,1917.08575398196
"1167",2021-07-14 11:22:10,1278,501,62.5957566666667,NA,NA,8.02533333333333,NA,NA,NA,NA,791.86238865,1917.0958841065
"1168",2021-07-14 11:22:15,1278,501,62.595755,NA,NA,8.027,NA,NA,NA,NA,791.862401175,1917.10601423136
"1169",2021-07-14 11:22:20,1278,506,62.5957533333333,NA,NA,8.02866666666667,NA,NA,NA,NA,799.7652322,1917.11614435654
"1170",2021-07-14 11:22:25,1273,506,62.5957516666667,NA,NA,8.03033333333333,NA,NA,NA,NA,799.76524485,1909.62578045042
"1171",2021-07-14 11:22:30,1273,506,62.59575,NA,NA,8.032,NA,NA,NA,NA,799.7652575,1909.63587094351
"1172",2021-07-14 11:22:35,1278,501,62.5957483333333,NA,NA,8.03366666666667,NA,NA,NA,NA,791.862451275,1917.146534734
"1173",2021-07-14 11:22:40,1288,496,62.5957466666667,NA,NA,8.03533333333333,NA,NA,NA,NA,783.9596448,1932.15789072009
"1174",2021-07-14 11:22:45,1288,496,62.595745,NA,NA,8.037,NA,NA,NA,NA,783.9596572,1932.16810011233
"1175",2021-07-14 11:22:50,1293,501,62.5957433333333,NA,NA,8.03866666666667,NA,NA,NA,NA,791.86248885,1939.67900170018
"1176",2021-07-14 11:22:55,1288,506,62.5957416666667,NA,NA,8.04033333333333,NA,NA,NA,NA,799.76532075,1932.18851889779
"1177",2021-07-14 11:23:00,1288,506,62.59574,NA,NA,8.042,NA,NA,NA,NA,799.7653334,1932.198728291
"1178",2021-07-14 11:23:05,1293,506,62.5957383333333,NA,NA,8.04366666666667,NA,NA,NA,NA,799.76534605,1939.70974877803
"1179",2021-07-14 11:23:10,1293,501,62.5957366666667,NA,NA,8.04533333333333,NA,NA,NA,NA,791.86253895,1939.71999780463
"1180",2021-07-14 11:23:15,1298,506,62.595735,NA,NA,8.047,NA,NA,NA,NA,799.76537135,1947.23113719053
"1181",2021-07-14 11:23:20,1298,506,62.5957333333333,NA,NA,8.04866666666667,NA,NA,NA,NA,799.765384,1947.24142585051
"1182",2021-07-14 11:23:25,1298,516,62.5957316666667,NA,NA,8.05033333333333,NA,NA,NA,NA,815.5710369,1947.25171451082
"1183",2021-07-14 11:23:30,1293,516,62.59573,NA,NA,8.052,NA,NA,NA,NA,815.5710498,1939.76099391425
"1184",2021-07-14 11:23:35,1293,516,62.5957283333333,NA,NA,8.05366666666667,NA,NA,NA,NA,815.5710627,1939.77124294246
"1185",2021-07-14 11:23:40,1293,511,62.5957266666667,NA,NA,8.05533333333333,NA,NA,NA,NA,807.6682551,1939.781491971
"1186",2021-07-14 11:23:45,1293,511,62.595725,NA,NA,8.057,NA,NA,NA,NA,807.668267875,1939.79174099985
"1187",2021-07-14 11:23:50,1288,511,62.5957233333333,NA,NA,8.05866666666667,NA,NA,NA,NA,807.66828065,1932.30082224084
"1188",2021-07-14 11:23:55,1288,511,62.5957216666667,NA,NA,8.06033333333333,NA,NA,NA,NA,807.668293425,1932.31103163759
"1189",2021-07-14 11:24:00,1288,511,62.59572,NA,NA,8.062,NA,NA,NA,NA,807.6683062,1932.32124103467
"1190",2021-07-14 11:24:05,1293,511,62.5957183333333,NA,NA,8.06366666666667,NA,NA,NA,NA,807.668318975,1939.83273711852
"1191",2021-07-14 11:24:10,1298,511,62.5957166666667,NA,NA,8.06533333333333,NA,NA,NA,NA,807.66833175,1947.34431246821
"1192",2021-07-14 11:24:15,1298,516,62.595715,NA,NA,8.067,NA,NA,NA,NA,815.5711659,1947.35460113177
"1193",2021-07-14 11:24:20,1298,516,62.5957133333333,NA,NA,8.06866666666667,NA,NA,NA,NA,815.5711788,1947.36488979565
"1194",2021-07-14 11:24:25,1298,521,62.5957116666667,NA,NA,8.07033333333333,NA,NA,NA,NA,823.474013325,1947.37517845985
"1195",2021-07-14 11:24:30,1298,516,62.59571,NA,NA,8.072,NA,NA,NA,NA,815.5712046,1947.38546712438
"1196",2021-07-14 11:24:35,1303,511,62.5957083333333,NA,NA,8.07366666666667,NA,NA,NA,NA,807.668395625,1954.89728027224
"1197",2021-07-14 11:24:40,1303,511,62.5957066666667,NA,NA,8.07533333333333,NA,NA,NA,NA,807.6684084,1954.90760857018
"1198",2021-07-14 11:24:45,1308,506,62.595705,NA,NA,8.077,NA,NA,NA,NA,799.76559905,1962.41954061698
"1199",2021-07-14 11:24:50,1308,506,62.5957033333333,NA,NA,8.07866666666667,NA,NA,NA,NA,799.7656117,1962.42990854834
"1200",2021-07-14 11:24:55,1308,506,62.5957016666667,NA,NA,8.08033333333333,NA,NA,NA,NA,799.76562435,1962.44027648003
"1201",2021-07-14 11:25:00,1308,501,62.5957,NA,NA,8.082,NA,NA,NA,NA,791.8628145,1962.45064441204
"1202",2021-07-14 11:25:05,1303,501,62.5956983333333,NA,NA,8.08366666666667,NA,NA,NA,NA,791.862827025,1954.95925006477
"1203",2021-07-14 11:25:10,1303,501,62.5956966666667,NA,NA,8.08533333333333,NA,NA,NA,NA,791.86283955,1954.96957836466
"1204",2021-07-14 11:25:15,1298,506,62.595695,NA,NA,8.087,NA,NA,NA,NA,799.76567495,1947.47806511974
"1205",2021-07-14 11:25:20,1298,511,62.5956933333333,NA,NA,8.08866666666667,NA,NA,NA,NA,807.6685106,1947.48835378751
"1206",2021-07-14 11:25:25,1298,511,62.5956916666667,NA,NA,8.09033333333333,NA,NA,NA,NA,807.668523375,1947.49864245561
"1207",2021-07-14 11:25:30,1293,511,62.59569,NA,NA,8.092,NA,NA,NA,NA,807.66853615,1940.00697068057
"1208",2021-07-14 11:25:35,1298,511,62.5956883333333,NA,NA,8.09366666666667,NA,NA,NA,NA,807.668548925,1947.51921979278
"1209",2021-07-14 11:25:40,1293,506,62.5956866666667,NA,NA,8.09533333333333,NA,NA,NA,NA,799.7657382,1940.02746875283
"1210",2021-07-14 11:25:45,1298,511,62.595685,NA,NA,8.097,NA,NA,NA,NA,807.668574475,1947.53979713125
"1211",2021-07-14 11:25:50,1298,511,62.5956833333333,NA,NA,8.09866666666667,NA,NA,NA,NA,807.66858725,1947.55008580097
"1212",2021-07-14 11:25:55,1303,511,62.5956816666667,NA,NA,8.10033333333333,NA,NA,NA,NA,807.668600025,1955.06253307837
"1213",2021-07-14 11:26:00,1303,511,62.59568,NA,NA,8.102,NA,NA,NA,NA,807.6686128,1955.07286138153
"1214",2021-07-14 11:26:05,1303,511,62.5956783333333,NA,NA,8.10366666666667,NA,NA,NA,NA,807.668625575,1955.083189685
"1215",2021-07-14 11:26:10,1298,516,62.5956766666667,NA,NA,8.10533333333333,NA,NA,NA,NA,815.5714626,1947.59124048309
"1216",2021-07-14 11:26:15,1298,521,62.595675,NA,NA,8.107,NA,NA,NA,NA,823.474299875,1947.60152915444
"1217",2021-07-14 11:26:20,1303,526,62.5956733333333,NA,NA,8.10866666666667,NA,NA,NA,NA,831.3771374,1955.11417459739
"1218",2021-07-14 11:26:25,1303,521,62.5956716666667,NA,NA,8.11033333333333,NA,NA,NA,NA,823.474325925,1955.12450290217
"1219",2021-07-14 11:26:30,1298,516,62.59567,NA,NA,8.112,NA,NA,NA,NA,815.5715142,1947.63239517041
"1220",2021-07-14 11:26:35,1298,511,62.5956683333333,NA,NA,8.11366666666667,NA,NA,NA,NA,807.668702225,1947.64268384305
"1221",2021-07-14 11:26:40,1303,511,62.5956666666667,NA,NA,8.11533333333333,NA,NA,NA,NA,807.668715,1955.15548781847
"1222",2021-07-14 11:26:45,1303,516,62.595665,NA,NA,8.117,NA,NA,NA,NA,815.5715529,1955.16581612455
"1223",2021-07-14 11:26:50,1298,516,62.5956633333333,NA,NA,8.11866666666667,NA,NA,NA,NA,815.5715658,1947.67354986292
"1224",2021-07-14 11:26:55,1298,521,62.5956616666667,NA,NA,8.12033333333333,NA,NA,NA,NA,823.474404075,1947.68383853686
"1225",2021-07-14 11:27:00,1293,521,62.59566,NA,NA,8.122,NA,NA,NA,NA,823.4744171,1940.19145337749
"1226",2021-07-14 11:27:05,1293,521,62.5956583333333,NA,NA,8.12366666666667,NA,NA,NA,NA,823.474430125,1940.20170241928
"1227",2021-07-14 11:27:10,1298,526,62.5956566666667,NA,NA,8.12533333333333,NA,NA,NA,NA,831.3772689,1947.71470456063
"1228",2021-07-14 11:27:15,1308,526,62.595655,NA,NA,8.127,NA,NA,NA,NA,831.37728205,1962.73057869993
"1229",2021-07-14 11:27:20,1308,526,62.5956533333333,NA,NA,8.12866666666667,NA,NA,NA,NA,831.3772952,1962.7409466411
"1230",2021-07-14 11:27:25,1308,531,62.5956516666667,NA,NA,8.13033333333333,NA,NA,NA,NA,839.280134475,1962.75131458259
"1231",2021-07-14 11:27:30,1313,531,62.59565,NA,NA,8.132,NA,NA,NA,NA,839.28014775,1970.26459415486
"1232",2021-07-14 11:27:35,1313,531,62.5956483333333,NA,NA,8.13366666666667,NA,NA,NA,NA,839.280161025,1970.27500172981
"1233",2021-07-14 11:27:40,1313,531,62.5956466666667,NA,NA,8.13533333333333,NA,NA,NA,NA,839.2801743,1970.28540930509
"1234",2021-07-14 11:27:45,1308,531,62.595645,NA,NA,8.137,NA,NA,NA,NA,839.280187575,1962.79278635184
"1235",2021-07-14 11:27:50,1313,531,62.5956433333333,NA,NA,8.13866666666667,NA,NA,NA,NA,839.28020085,1970.30622445664
"1236",2021-07-14 11:27:55,1313,526,62.5956416666667,NA,NA,8.14033333333333,NA,NA,NA,NA,831.37738725,1970.31663203291
"1237",2021-07-14 11:28:00,1308,521,62.59564,NA,NA,8.142,NA,NA,NA,NA,823.4745734,1962.8238901822
"1238",2021-07-14 11:28:05,1308,521,62.5956383333333,NA,NA,8.14366666666667,NA,NA,NA,NA,823.474586425,1962.83425812631
"1239",2021-07-14 11:28:10,1303,516,62.5956366666667,NA,NA,8.14533333333333,NA,NA,NA,NA,815.5717722,1955.34139737782
"1240",2021-07-14 11:28:15,1303,521,62.595635,NA,NA,8.147,NA,NA,NA,NA,823.474612475,1955.35172568977
"1241",2021-07-14 11:28:20,1303,521,62.5956333333333,NA,NA,8.14866666666667,NA,NA,NA,NA,823.4746255,1955.36205400204
"1242",2021-07-14 11:28:25,1303,516,62.5956316666667,NA,NA,8.15033333333333,NA,NA,NA,NA,815.5718109,1955.37238231464
"1243",2021-07-14 11:28:30,1308,516,62.59563,NA,NA,8.152,NA,NA,NA,NA,815.5718238,1962.88609785177
"1244",2021-07-14 11:28:35,1313,516,62.5956283333333,NA,NA,8.15366666666667,NA,NA,NA,NA,815.5718367,1970.39989265486
"1245",2021-07-14 11:28:40,1308,516,62.5956266666667,NA,NA,8.15533333333333,NA,NA,NA,NA,815.5718496,1962.90683374424
"1246",2021-07-14 11:28:45,1303,516,62.595625,NA,NA,8.157,NA,NA,NA,NA,815.5718625,1955.41369556829
"1247",2021-07-14 11:28:50,1303,516,62.5956233333333,NA,NA,8.15866666666667,NA,NA,NA,NA,815.5718754,1955.42402388252
"1248",2021-07-14 11:28:55,1303,516,62.5956216666667,NA,NA,8.16033333333333,NA,NA,NA,NA,815.5718883,1955.43435219707
"1249",2021-07-14 11:29:00,1298,521,62.59562,NA,NA,8.162,NA,NA,NA,NA,823.4747297,1947.9410554908
"1250",2021-07-14 11:29:05,1298,526,62.5956183333333,NA,NA,8.16366666666667,NA,NA,NA,NA,831.37757135,1947.95134417318
"1251",2021-07-14 11:29:10,1298,521,62.5956166666667,NA,NA,8.16533333333333,NA,NA,NA,NA,823.47475575,1947.96163285588
"1252",2021-07-14 11:29:15,1303,521,62.595615,NA,NA,8.167,NA,NA,NA,NA,823.474768775,1955.47566545854
"1253",2021-07-14 11:29:20,1303,521,62.5956133333333,NA,NA,8.16866666666667,NA,NA,NA,NA,823.4747818,1955.48599377472
"1254",2021-07-14 11:29:25,1303,521,62.5956116666667,NA,NA,8.17033333333333,NA,NA,NA,NA,823.474794825,1955.49632209123
"1255",2021-07-14 11:29:30,1303,521,62.59561,NA,NA,8.172,NA,NA,NA,NA,823.47480785,1955.50665040807
"1256",2021-07-14 11:29:35,1303,521,62.5956083333333,NA,NA,8.17366666666667,NA,NA,NA,NA,823.474820875,1955.51697872523
"1257",2021-07-14 11:29:40,1308,521,62.5956066666667,NA,NA,8.17533333333333,NA,NA,NA,NA,823.4748339,1963.03124912653
"1258",2021-07-14 11:29:45,1303,521,62.595605,NA,NA,8.177,NA,NA,NA,NA,823.474846925,1955.53763536052
"1259",2021-07-14 11:29:50,1303,521,62.5956033333333,NA,NA,8.17866666666667,NA,NA,NA,NA,823.47485995,1955.54796367866
"1260",2021-07-14 11:29:55,1298,526,62.5956016666667,NA,NA,8.18033333333333,NA,NA,NA,NA,831.37770285,1948.05423101478
"1261",2021-07-14 11:30:00,1298,531,62.5956,6.629,64.232,8.182,"Stn02",64.232,0.166866981,0.023123579,839.280546,1948.06451970073
"1262",2021-07-14 11:30:05,1303,536,62.5956405555556,NA,NA,8.18366111111111,NA,NA,NA,NA,847.183049933333,1955.57813070927
"1263",2021-07-14 11:30:10,1303,531,62.5956811111111,NA,NA,8.18532222222222,NA,NA,NA,NA,839.27989995,1955.58764109474
"1264",2021-07-14 11:30:15,1303,531,62.5957216666667,NA,NA,8.18698333333333,NA,NA,NA,NA,839.279576925,1955.5971514723
"1265",2021-07-14 11:30:20,1303,526,62.5957622222222,NA,NA,8.18864444444444,NA,NA,NA,NA,831.376436066667,1955.60666184197
"1266",2021-07-14 11:30:25,1303,531,62.5958027777778,NA,NA,8.19030555555556,NA,NA,NA,NA,839.278930875,1955.61617220373
"1267",2021-07-14 11:30:30,1308,531,62.5958433333333,NA,NA,8.19196666666667,NA,NA,NA,NA,839.27860785,1963.13000213763
"1268",2021-07-14 11:30:35,1308,531,62.5958838888889,NA,NA,8.19362777777778,NA,NA,NA,NA,839.278284825,1963.13954897763
"1269",2021-07-14 11:30:40,1308,531,62.5959244444444,NA,NA,8.19528888888889,NA,NA,NA,NA,839.2779618,1963.14909580971
"1270",2021-07-14 11:30:45,1308,531,62.595965,NA,NA,8.19695,NA,NA,NA,NA,839.277638775,1963.15864263384
"1271",2021-07-14 11:30:50,1303,531,62.5960055555555,NA,NA,8.19861111111111,NA,NA,NA,NA,839.27731575,1955.66372389405
"1272",2021-07-14 11:30:55,1308,526,62.5960461111111,NA,NA,8.20027222222222,NA,NA,NA,NA,831.374196183333,1963.17773625833
"1273",2021-07-14 11:31:00,1308,526,62.5960866666667,NA,NA,8.20193333333333,NA,NA,NA,NA,831.3738762,1963.18728305868
"1274",2021-07-14 11:31:05,1303,521,62.5961272222222,NA,NA,8.20359444444444,NA,NA,NA,NA,823.470765758333,1955.69225481344
"1275",2021-07-14 11:31:10,1303,521,62.5961677777778,NA,NA,8.20525555555556,NA,NA,NA,NA,823.470448816667,1955.70176510411
"1276",2021-07-14 11:31:15,1298,526,62.5962083333333,NA,NA,8.20691666666667,NA,NA,NA,NA,831.37291625,1948.20662736159
"1277",2021-07-14 11:31:20,1298,526,62.5962488888889,NA,NA,8.20857777777778,NA,NA,NA,NA,831.372596266667,1948.21610114269
"1278",2021-07-14 11:31:25,1298,531,62.5962894444444,NA,NA,8.21023888888889,NA,NA,NA,NA,839.275054575,1948.22557491592
"1279",2021-07-14 11:31:30,1303,536,62.59633,NA,NA,8.2119,NA,NA,NA,NA,847.1775068,1955.73980618776
"1280",2021-07-14 11:31:35,1303,541,62.5963705555556,NA,NA,8.21356111111111,NA,NA,NA,NA,855.079952941667,1955.74931643892
"1281",2021-07-14 11:31:40,1298,541,62.5964111111111,NA,NA,8.21522222222222,NA,NA,NA,NA,855.079623833333,1948.25399618839
"1282",2021-07-14 11:31:45,1293,536,62.5964516666667,NA,NA,8.21688333333333,NA,NA,NA,NA,847.1765286,1940.75860294273
"1283",2021-07-14 11:31:50,1293,531,62.5964922222222,NA,NA,8.21854444444445,NA,NA,NA,NA,839.27343945,1940.76804018303
"1284",2021-07-14 11:31:55,1293,526,62.5965327777778,NA,NA,8.22020555555556,NA,NA,NA,NA,831.370356383333,1940.77747741549
"1285",2021-07-14 11:32:00,1293,526,62.5965733333333,NA,NA,8.22186666666667,NA,NA,NA,NA,831.3700364,1940.78691464011
"1286",2021-07-14 11:32:05,1293,521,62.5966138888889,NA,NA,8.22352777777778,NA,NA,NA,NA,823.466962458333,1940.79635185689
"1287",2021-07-14 11:32:10,1293,521,62.5966544444444,NA,NA,8.22518888888889,NA,NA,NA,NA,823.466645516667,1940.80578906583
"1288",2021-07-14 11:32:15,1298,516,62.596695,NA,NA,8.22685,NA,NA,NA,NA,815.5635807,1948.32031221537
"1289",2021-07-14 11:32:20,1293,516,62.5967355555556,NA,NA,8.22851111111111,NA,NA,NA,NA,815.5632668,1940.82466346019
"1290",2021-07-14 11:32:25,1293,521,62.5967761111111,NA,NA,8.23017222222222,NA,NA,NA,NA,823.465694691667,1940.83410064561
"1291",2021-07-14 11:32:30,1293,526,62.5968166666667,NA,NA,8.23183333333333,NA,NA,NA,NA,831.3681165,1940.84353782319
"1292",2021-07-14 11:32:35,1298,526,62.5968572222222,NA,NA,8.23349444444444,NA,NA,NA,NA,831.367796516667,1948.35820691479
"1293",2021-07-14 11:32:40,1293,526,62.5968977777778,NA,NA,8.23515555555556,NA,NA,NA,NA,831.367476533333,1940.86241215484
"1294",2021-07-14 11:32:45,1293,526,62.5969383333333,NA,NA,8.23681666666667,NA,NA,NA,NA,831.36715655,1940.8718493089
"1295",2021-07-14 11:32:50,1293,531,62.5969788888889,NA,NA,8.23847777777778,NA,NA,NA,NA,839.26956315,1940.88128645512
"1296",2021-07-14 11:32:55,1288,536,62.5970194444444,NA,NA,8.24013888888889,NA,NA,NA,NA,847.171963666667,1933.38534569871
"1297",2021-07-14 11:33:00,1288,541,62.59706,NA,NA,8.2418,NA,NA,NA,NA,855.0743581,1933.3947463361
"1298",2021-07-14 11:33:05,1293,541,62.5971005555556,NA,NA,8.24346111111111,NA,NA,NA,NA,855.074028991667,1940.90959784676
"1299",2021-07-14 11:33:10,1298,536,62.5971411111111,NA,NA,8.24512222222222,NA,NA,NA,NA,847.170985466667,1948.4245223358
"1300",2021-07-14 11:33:15,1303,536,62.5971816666667,NA,NA,8.24678333333333,NA,NA,NA,NA,847.1706594,1955.93951980313
"1301",2021-07-14 11:33:20,1303,531,62.5972222222222,NA,NA,8.24844444444444,NA,NA,NA,NA,839.267625,1955.94902988839
"1302",2021-07-14 11:33:25,1298,526,62.5972627777778,NA,NA,8.25010555555556,NA,NA,NA,NA,831.364596683333,1948.45294311246
"1303",2021-07-14 11:33:30,1293,526,62.5973033333333,NA,NA,8.25176666666667,NA,NA,NA,NA,831.3642767,1940.95678334269
"1304",2021-07-14 11:33:35,1288,521,62.5973438888889,NA,NA,8.25342777777778,NA,NA,NA,NA,823.461257508333,1933.46055057915
"1305",2021-07-14 11:33:40,1293,516,62.5973844444444,NA,NA,8.25508888888889,NA,NA,NA,NA,815.5582444,1940.97565748618
"1306",2021-07-14 11:33:45,1293,516,62.597425,NA,NA,8.25675,NA,NA,NA,NA,815.5579305,1940.98509454617
"1307",2021-07-14 11:33:50,1293,521,62.5974655555556,NA,NA,8.25841111111111,NA,NA,NA,NA,823.460306683333,1940.99453159832
"1308",2021-07-14 11:33:55,1293,526,62.5975061111111,NA,NA,8.26007222222222,NA,NA,NA,NA,831.362676783333,1941.00396864263
"1309",2021-07-14 11:34:00,1288,526,62.5975466666667,NA,NA,8.26173333333333,NA,NA,NA,NA,831.3623568,1933.50755337562
"1310",2021-07-14 11:34:05,1288,531,62.5975872222222,NA,NA,8.26339444444444,NA,NA,NA,NA,839.264717775,1933.51695391149
"1311",2021-07-14 11:34:10,1288,531,62.5976277777778,NA,NA,8.26505555555556,NA,NA,NA,NA,839.26439475,1933.52635443955
"1312",2021-07-14 11:34:15,1288,531,62.5976683333333,NA,NA,8.26671666666667,NA,NA,NA,NA,839.264071725,1933.5357549598
"1313",2021-07-14 11:34:20,1288,536,62.5977088888889,NA,NA,8.26837777777778,NA,NA,NA,NA,847.166420533334,1933.54515547224
"1314",2021-07-14 11:34:25,1288,541,62.5977494444444,NA,NA,8.27003888888889,NA,NA,NA,NA,855.068763258333,1933.55455597687
"1315",2021-07-14 11:34:30,1288,536,62.59779,NA,NA,8.2717,NA,NA,NA,NA,847.1657684,1933.56395647369
"1316",2021-07-14 11:34:35,1293,536,62.5978305555556,NA,NA,8.27336111111111,NA,NA,NA,NA,847.165442333333,1941.07946471488
"1317",2021-07-14 11:34:40,1293,531,62.5978711111111,NA,NA,8.27502222222222,NA,NA,NA,NA,839.2624566,1941.08890168864
"1318",2021-07-14 11:34:45,1288,526,62.5979116666667,NA,NA,8.27668333333333,NA,NA,NA,NA,831.35947695,1933.5921579173
"1319",2021-07-14 11:34:50,1288,531,62.5979522222222,NA,NA,8.27834444444444,NA,NA,NA,NA,839.26181055,1933.60155838288
"1320",2021-07-14 11:34:55,1288,531,62.5979927777778,NA,NA,8.28000555555556,NA,NA,NA,NA,839.261487525,1933.61095884065
"1321",2021-07-14 11:35:00,1293,531,62.5980333333333,NA,NA,8.28166666666667,NA,NA,NA,NA,839.2611645,1941.12664950526
"1322",2021-07-14 11:35:05,1293,531,62.5980738888889,NA,NA,8.28332777777778,NA,NA,NA,NA,839.260841475,1941.13608643981
"1323",2021-07-14 11:35:10,1293,526,62.5981144444444,NA,NA,8.28498888888889,NA,NA,NA,NA,831.357877033333,1941.14552336653
"1324",2021-07-14 11:35:15,1298,526,62.598155,NA,NA,8.28665,NA,NA,NA,NA,831.35755705,1948.66135997715
"1325",2021-07-14 11:35:20,1298,521,62.5981955555556,NA,NA,8.28831111111111,NA,NA,NA,NA,823.454601733333,1948.6708333805
"1326",2021-07-14 11:35:25,1303,521,62.5982361111111,NA,NA,8.28997222222222,NA,NA,NA,NA,823.454284791667,1956.18677945231
"1327",2021-07-14 11:35:30,1303,521,62.5982766666667,NA,NA,8.29163333333333,NA,NA,NA,NA,823.45396785,1956.19628933216
"1328",2021-07-14 11:35:35,1303,526,62.5983172222222,NA,NA,8.29329444444445,NA,NA,NA,NA,831.356277116667,1956.20579920412
"1329",2021-07-14 11:35:40,1298,521,62.5983577777778,NA,NA,8.29495555555556,NA,NA,NA,NA,823.453333966667,1948.70872691519
"1330",2021-07-14 11:35:45,1298,521,62.5983983333333,NA,NA,8.29661666666667,NA,NA,NA,NA,823.453017025,1948.71820027918
"1331",2021-07-14 11:35:50,1298,516,62.5984388888889,NA,NA,8.29827777777778,NA,NA,NA,NA,815.550083,1948.72767363531
"1332",2021-07-14 11:35:55,1298,516,62.5984794444444,NA,NA,8.29993888888889,NA,NA,NA,NA,815.5497691,1948.73714698357
"1333",2021-07-14 11:36:00,1293,516,62.59852,NA,NA,8.3016,NA,NA,NA,NA,815.5494552,1941.23989220252
"1334",2021-07-14 11:36:05,1298,516,62.5985605555556,NA,NA,8.30326111111111,NA,NA,NA,NA,815.5491413,1948.75609365647
"1335",2021-07-14 11:36:10,1298,521,62.5986011111111,NA,NA,8.30492222222222,NA,NA,NA,NA,823.451432316667,1948.76556698112
"1336",2021-07-14 11:36:15,1293,521,62.5986416666667,NA,NA,8.30658333333333,NA,NA,NA,NA,823.451115375,1941.26820270045
"1337",2021-07-14 11:36:20,1293,531,62.5986822222222,NA,NA,8.30824444444444,NA,NA,NA,NA,839.2559961,1941.27763951741
"1338",2021-07-14 11:36:25,1288,531,62.5987227777778,NA,NA,8.30990555555556,NA,NA,NA,NA,839.255673075,1933.78016574523
"1339",2021-07-14 11:36:30,1283,536,62.5987633333333,NA,NA,8.31156666666667,NA,NA,NA,NA,847.1579428,1926.28261898143
"1340",2021-07-14 11:36:35,1283,536,62.5988038888889,NA,NA,8.31322777777778,NA,NA,NA,NA,847.157616733333,1926.29198279117
"1341",2021-07-14 11:36:40,1283,536,62.5988444444444,NA,NA,8.31488888888889,NA,NA,NA,NA,847.157290666667,1926.30134659313
"1342",2021-07-14 11:36:45,1288,531,62.598885,NA,NA,8.31655,NA,NA,NA,NA,839.254380975,1933.81776693597
"1343",2021-07-14 11:36:50,1283,526,62.5989255555556,NA,NA,8.31821111111111,NA,NA,NA,NA,831.351477366667,1926.32007417371
"1344",2021-07-14 11:36:55,1283,526,62.5989661111111,NA,NA,8.31987222222222,NA,NA,NA,NA,831.351157383333,1926.32943795233
"1345",2021-07-14 11:37:00,1288,526,62.5990066666667,NA,NA,8.32153333333333,NA,NA,NA,NA,831.3508374,1933.84596774703
"1346",2021-07-14 11:37:05,1293,526,62.5990472222222,NA,NA,8.32319444444444,NA,NA,NA,NA,831.350517416667,1941.3625705173
"1347",2021-07-14 11:37:10,1293,526,62.5990877777778,NA,NA,8.32485555555556,NA,NA,NA,NA,831.350197433333,1941.37200725587
"1348",2021-07-14 11:37:15,1293,526,62.5991283333333,NA,NA,8.32651666666667,NA,NA,NA,NA,831.34987745,1941.3814439866
"1349",2021-07-14 11:37:20,1293,526,62.5991688888889,NA,NA,8.32817777777778,NA,NA,NA,NA,831.349557466667,1941.39088070949
"1350",2021-07-14 11:37:25,1293,531,62.5992094444444,NA,NA,8.32983888888889,NA,NA,NA,NA,839.251796775,1941.40031742454
"1351",2021-07-14 11:37:30,1293,526,62.59925,NA,NA,8.3315,NA,NA,NA,NA,831.3489175,1941.40975413175
"1352",2021-07-14 11:37:35,1298,526,62.5992905555556,NA,NA,8.33316111111111,NA,NA,NA,NA,831.348597516667,1948.92661229605
"1353",2021-07-14 11:37:40,1298,526,62.5993311111111,NA,NA,8.33482222222222,NA,NA,NA,NA,831.348277533333,1948.93608547904
"1354",2021-07-14 11:37:45,1298,531,62.5993716666667,NA,NA,8.33648333333333,NA,NA,NA,NA,839.250504675,1948.94555865416
"1355",2021-07-14 11:37:50,1293,536,62.5994122222222,NA,NA,8.33814444444445,NA,NA,NA,NA,847.152725733333,1941.44750088219
"1356",2021-07-14 11:37:55,1283,536,62.5994527777778,NA,NA,8.33980555555556,NA,NA,NA,NA,847.152399666667,1926.44180268902
"1357",2021-07-14 11:38:00,1288,536,62.5994933333333,NA,NA,8.34146666666667,NA,NA,NA,NA,847.1520736,1933.95877028845
"1358",2021-07-14 11:38:05,1288,536,62.5995338888889,NA,NA,8.34312777777778,NA,NA,NA,NA,847.151747533333,1933.96817044947
"1359",2021-07-14 11:38:10,1293,536,62.5995744444444,NA,NA,8.34478888888889,NA,NA,NA,NA,847.151421466667,1941.4852475072
"1360",2021-07-14 11:38:15,1293,536,62.599615,NA,NA,8.34645,NA,NA,NA,NA,847.1510954,1941.49468414385
"1361",2021-07-14 11:38:20,1288,536,62.5996555555556,NA,NA,8.34811111111111,NA,NA,NA,NA,847.150769333333,1933.99637088569
"1362",2021-07-14 11:38:25,1293,536,62.5996961111111,NA,NA,8.34977222222222,NA,NA,NA,NA,847.150443266667,1941.51355739364
"1363",2021-07-14 11:38:30,1298,531,62.5997366666667,NA,NA,8.35143333333333,NA,NA,NA,NA,839.24759745,1949.0308168761
"1364",2021-07-14 11:38:35,1303,531,62.5997772222222,NA,NA,8.35309444444444,NA,NA,NA,NA,839.247274425,1956.54814933297
"1365",2021-07-14 11:38:40,1298,526,62.5998177777778,NA,NA,8.35475555555556,NA,NA,NA,NA,831.344437733333,1949.04976306108
"1366",2021-07-14 11:38:45,1298,526,62.5998583333333,NA,NA,8.35641666666667,NA,NA,NA,NA,831.34411775,1949.05923614176
"1367",2021-07-14 11:38:50,1293,526,62.5998988888889,NA,NA,8.35807777777778,NA,NA,NA,NA,831.343797766667,1941.56074038093
"1368",2021-07-14 11:38:55,1288,531,62.5999394444444,NA,NA,8.35973888888889,NA,NA,NA,NA,839.245982325,1934.06217163021
"1369",2021-07-14 11:39:00,1288,536,62.59998,NA,NA,8.3614,NA,NA,NA,NA,847.1481608,1934.07157170534
"1370",2021-07-14 11:39:05,1283,536,62.6000205555556,NA,NA,8.36306111111111,NA,NA,NA,NA,847.147834733333,1926.57289346608
"1371",2021-07-14 11:39:10,1283,536,62.6000611111111,NA,NA,8.36472222222222,NA,NA,NA,NA,847.147508666667,1926.58225703467
"1372",2021-07-14 11:39:15,1278,536,62.6001016666667,NA,NA,8.36638333333333,NA,NA,NA,NA,847.1471826,1919.08346930711
"1373",2021-07-14 11:39:20,1273,536,62.6001422222222,NA,NA,8.36804444444445,NA,NA,NA,NA,847.146856533333,1911.58460859007
"1374",2021-07-14 11:39:25,1273,536,62.6001827777778,NA,NA,8.36970555555556,NA,NA,NA,NA,847.146530466667,1911.59389915368
"1375",2021-07-14 11:39:30,1273,536,62.6002233333333,NA,NA,8.37136666666667,NA,NA,NA,NA,847.1462044,1911.60318970956
"1376",2021-07-14 11:39:35,1278,536,62.6002638888889,NA,NA,8.37302777777778,NA,NA,NA,NA,847.145878333333,1919.12077750934
"1377",2021-07-14 11:39:40,1278,531,62.6003044444444,NA,NA,8.37468888888889,NA,NA,NA,NA,839.2430751,1919.13010454052
"1378",2021-07-14 11:39:45,1283,531,62.600345,NA,NA,8.37635,NA,NA,NA,NA,839.242752075,1926.64780179699
"1379",2021-07-14 11:39:50,1283,531,62.6003855555556,NA,NA,8.37801111111111,NA,NA,NA,NA,839.24242905,1926.65716530335
"1380",2021-07-14 11:39:55,1283,531,62.6004261111111,NA,NA,8.37967222222222,NA,NA,NA,NA,839.242106025,1926.66652880193
"1381",2021-07-14 11:40:00,1283,531,62.6004666666667,NA,NA,8.38133333333333,NA,NA,NA,NA,839.241783,1926.67589229274
"1382",2021-07-14 11:40:05,1283,531,62.6005072222222,NA,NA,8.38299444444444,NA,NA,NA,NA,839.241459975,1926.68525577576
"1383",2021-07-14 11:40:10,1283,526,62.6005477777778,NA,NA,8.38465555555556,NA,NA,NA,NA,831.338678033333,1926.694619251
"1384",2021-07-14 11:40:15,1288,526,62.6005883333333,NA,NA,8.38631666666667,NA,NA,NA,NA,831.33835805,1934.21257189508
"1385",2021-07-14 11:40:20,1288,526,62.6006288888889,NA,NA,8.38797777777778,NA,NA,NA,NA,831.338038066667,1934.22197184525
"1386",2021-07-14 11:40:25,1293,526,62.6006694444444,NA,NA,8.38963888888889,NA,NA,NA,NA,831.337718083333,1941.74003394518
"1387",2021-07-14 11:40:30,1293,531,62.60071,NA,NA,8.3913,NA,NA,NA,NA,839.23984485,1941.74947037017
"1388",2021-07-14 11:40:35,1288,531,62.6007505555556,NA,NA,8.39296111111111,NA,NA,NA,NA,839.239521825,1934.25017164893
"1389",2021-07-14 11:40:40,1288,526,62.6007911111111,NA,NA,8.39462222222222,NA,NA,NA,NA,831.336758133333,1934.25957156787
"1390",2021-07-14 11:40:45,1288,526,62.6008316666667,NA,NA,8.39628333333333,NA,NA,NA,NA,831.33643815,1934.268971479
"1391",2021-07-14 11:40:50,1293,526,62.6008722222222,NA,NA,8.39794444444444,NA,NA,NA,NA,831.336118166667,1941.78721599172
"1392",2021-07-14 11:40:55,1293,531,62.6009127777778,NA,NA,8.39960555555556,NA,NA,NA,NA,839.238229725,1941.79665237751
"1393",2021-07-14 11:41:00,1288,531,62.6009533333333,NA,NA,8.40126666666667,NA,NA,NA,NA,839.2379067,1934.29717116553
"1394",2021-07-14 11:41:05,1288,531,62.6009938888889,NA,NA,8.40292777777778,NA,NA,NA,NA,839.237583675,1934.30657104542
"1395",2021-07-14 11:41:10,1288,526,62.6010344444444,NA,NA,8.40458888888889,NA,NA,NA,NA,831.334838233333,1934.31597091751
"1396",2021-07-14 11:41:15,1288,531,62.601075,NA,NA,8.40625,NA,NA,NA,NA,839.236937625,1934.32537078178
"1397",2021-07-14 11:41:20,1288,526,62.6011155555556,NA,NA,8.40791111111111,NA,NA,NA,NA,831.334198266667,1934.33477063825
"1398",2021-07-14 11:41:25,1288,521,62.6011561111111,NA,NA,8.40957222222222,NA,NA,NA,NA,823.431464991667,1934.3441704869
"1399",2021-07-14 11:41:30,1288,516,62.6011966666667,NA,NA,8.41123333333333,NA,NA,NA,NA,815.5287378,1934.35357032775
"1400",2021-07-14 11:41:35,1288,516,62.6012372222222,NA,NA,8.41289444444444,NA,NA,NA,NA,815.5284239,1934.36297016079
"1401",2021-07-14 11:41:40,1283,521,62.6012777777778,NA,NA,8.41455555555556,NA,NA,NA,NA,823.430514166667,1926.8631604752
"1402",2021-07-14 11:41:45,1283,521,62.6013183333333,NA,NA,8.41621666666667,NA,NA,NA,NA,823.430197225,1926.87252380265
"1403",2021-07-14 11:41:50,1288,526,62.6013588888889,NA,NA,8.41787777777778,NA,NA,NA,NA,831.332278366667,1934.39116961304
"1404",2021-07-14 11:41:55,1288,526,62.6013994444444,NA,NA,8.41953888888889,NA,NA,NA,NA,831.331958383333,1934.40056941485
"1405",2021-07-14 11:42:00,1283,526,62.60144,NA,NA,8.4212,NA,NA,NA,NA,831.3316384,1926.90061373831
"1406",2021-07-14 11:42:05,1288,531,62.6014805555556,NA,NA,8.42286111111111,NA,NA,NA,NA,839.233707375,1934.41936899502
"1407",2021-07-14 11:42:10,1288,536,62.6015211111111,NA,NA,8.42452222222222,NA,NA,NA,NA,847.135770266667,1934.42876877339
"1408",2021-07-14 11:42:15,1288,536,62.6015616666667,NA,NA,8.42618333333333,NA,NA,NA,NA,847.1354442,1934.43816854396
"1409",2021-07-14 11:42:20,1288,536,62.6016022222222,NA,NA,8.42784444444444,NA,NA,NA,NA,847.135118133333,1934.44756830671
"1410",2021-07-14 11:42:25,1288,531,62.6016427777778,NA,NA,8.42950555555556,NA,NA,NA,NA,839.232415275,1934.45696806166
"1411",2021-07-14 11:42:30,1288,531,62.6016833333333,NA,NA,8.43116666666667,NA,NA,NA,NA,839.23209225,1934.46636780879
"1412",2021-07-14 11:42:35,1293,531,62.6017238888889,NA,NA,8.43282777777778,NA,NA,NA,NA,839.231769225,1941.98537844699
"1413",2021-07-14 11:42:40,1293,531,62.6017644444444,NA,NA,8.43448888888889,NA,NA,NA,NA,839.2314462,1941.99481466815
"1414",2021-07-14 11:42:45,1293,526,62.601805,NA,NA,8.43615,NA,NA,NA,NA,831.32875855,1942.00425088147
"1415",2021-07-14 11:42:50,1293,531,62.6018455555556,NA,NA,8.43781111111111,NA,NA,NA,NA,839.23080015,1942.01368708694
"1416",2021-07-14 11:42:55,1293,531,62.6018861111111,NA,NA,8.43947222222222,NA,NA,NA,NA,839.230477125,1942.02312328459
"1417",2021-07-14 11:43:00,1293,531,62.6019266666667,NA,NA,8.44113333333333,NA,NA,NA,NA,839.2301541,1942.03255947439
"1418",2021-07-14 11:43:05,1293,536,62.6019672222222,NA,NA,8.44279444444444,NA,NA,NA,NA,847.132183533333,1942.04199565635
"1419",2021-07-14 11:43:10,1288,536,62.6020077777778,NA,NA,8.44445555555555,NA,NA,NA,NA,847.131857466667,1934.54156550475
"1420",2021-07-14 11:43:15,1288,531,62.6020483333333,NA,NA,8.44611666666667,NA,NA,NA,NA,839.229185025,1934.5509651816
"1421",2021-07-14 11:43:20,1288,531,62.6020888888889,NA,NA,8.44777777777778,NA,NA,NA,NA,839.228862,1934.56036485065
"1422",2021-07-14 11:43:25,1288,536,62.6021294444444,NA,NA,8.44943888888889,NA,NA,NA,NA,847.130879266667,1934.56976451188
"1423",2021-07-14 11:43:30,1288,541,62.60217,NA,NA,8.4511,NA,NA,NA,NA,855.03289045,1934.57916416531
"1424",2021-07-14 11:43:35,1288,536,62.6022105555556,NA,NA,8.45276111111111,NA,NA,NA,NA,847.130227133333,1934.58856381093
"1425",2021-07-14 11:43:40,1293,536,62.6022511111111,NA,NA,8.45442222222222,NA,NA,NA,NA,847.129901066667,1942.10804871057
"1426",2021-07-14 11:43:45,1298,526,62.6022916666667,NA,NA,8.45608333333333,NA,NA,NA,NA,831.32491875,1949.6276065809
"1427",2021-07-14 11:43:50,1298,526,62.6023322222222,NA,NA,8.45774444444444,NA,NA,NA,NA,831.324598766667,1949.63707918152
"1428",2021-07-14 11:43:55,1293,526,62.6023727777778,NA,NA,8.45940555555556,NA,NA,NA,NA,831.324278783333,1942.13635704478
"1429",2021-07-14 11:44:00,1293,526,62.6024133333333,NA,NA,8.46106666666667,NA,NA,NA,NA,831.3239588,1942.14579314051
"1430",2021-07-14 11:44:05,1293,526,62.6024538888889,NA,NA,8.46272777777778,NA,NA,NA,NA,831.323638816667,1942.1552292284
"1431",2021-07-14 11:44:10,1293,531,62.6024944444444,NA,NA,8.46438888888889,NA,NA,NA,NA,839.22563175,1942.16466530845
"1432",2021-07-14 11:44:15,1288,526,62.602535,NA,NA,8.46605,NA,NA,NA,NA,831.32299885,1934.66376069473
"1433",2021-07-14 11:44:20,1288,526,62.6025755555556,NA,NA,8.46771111111111,NA,NA,NA,NA,831.322678866667,1934.67316027006
"1434",2021-07-14 11:44:25,1288,521,62.6026161111111,NA,NA,8.46937222222222,NA,NA,NA,NA,823.420055091667,1934.68255983758
"1435",2021-07-14 11:44:30,1283,521,62.6026566666667,NA,NA,8.47103333333333,NA,NA,NA,NA,823.41973815,1927.18150924436
"1436",2021-07-14 11:44:35,1283,521,62.6026972222222,NA,NA,8.47269444444444,NA,NA,NA,NA,823.419421208333,1927.19087230732
"1437",2021-07-14 11:44:40,1278,526,62.6027377777778,NA,NA,8.47435555555555,NA,NA,NA,NA,831.321398933333,1919.68971223171
"1438",2021-07-14 11:44:45,1278,526,62.6027783333333,NA,NA,8.47601666666667,NA,NA,NA,NA,831.32107895,1919.69903879023
"1439",2021-07-14 11:44:50,1283,531,62.6028188888889,NA,NA,8.47767777777778,NA,NA,NA,NA,839.22304755,1927.21896144953
"1440",2021-07-14 11:44:55,1283,526,62.6028594444444,NA,NA,8.47933888888889,NA,NA,NA,NA,831.320438983333,1927.22832448138
"1441",2021-07-14 11:45:00,1288,526,62.6029,6.634,64.231,8.481,"Stn02",64.231,0.166020613,0.022825291,831.320119,1934.7483565916
"1442",2021-07-14 11:45:05,1288,526,62.6028516666667,NA,NA,8.48376111111111,NA,NA,NA,NA,831.32050035,1934.76610590804
"1443",2021-07-14 11:45:10,1288,526,62.6028033333333,NA,NA,8.48652222222222,NA,NA,NA,NA,831.3208817,1934.78385523995
"1444",2021-07-14 11:45:15,1283,526,62.602755,NA,NA,8.48928333333333,NA,NA,NA,NA,831.32126305,1927.29072879313
"1445",2021-07-14 11:45:20,1288,526,62.6027066666667,NA,NA,8.49204444444444,NA,NA,NA,NA,831.3216444,1934.81935395019
"1446",2021-07-14 11:45:25,1288,526,62.6026583333333,NA,NA,8.49480555555555,NA,NA,NA,NA,831.32202575,1934.83710332851
"1447",2021-07-14 11:45:30,1293,516,62.60261,NA,NA,8.49756666666667,NA,NA,NA,NA,815.5177986,1942.36593522511
"1448",2021-07-14 11:45:35,1293,516,62.6025616666667,NA,NA,8.50032777777778,NA,NA,NA,NA,815.5181727,1942.38375353736
"1449",2021-07-14 11:45:40,1293,521,62.6025133333333,NA,NA,8.50308888888889,NA,NA,NA,NA,823.4208583,1942.40157186514
"1450",2021-07-14 11:45:45,1288,526,62.602465,NA,NA,8.50585,NA,NA,NA,NA,831.32355115,1934.9081009965
"1451",2021-07-14 11:45:50,1293,526,62.6024166666667,NA,NA,8.50861111111111,NA,NA,NA,NA,831.3239325,1942.43720856728
"1452",2021-07-14 11:45:55,1293,531,62.6023683333333,NA,NA,8.51137222222222,NA,NA,NA,NA,839.226636225,1942.45502694165
"1453",2021-07-14 11:46:00,1293,536,62.60232,NA,NA,8.51413333333333,NA,NA,NA,NA,847.1293472,1942.47284533155
"1454",2021-07-14 11:46:05,1293,541,62.6022716666667,NA,NA,8.51689444444444,NA,NA,NA,NA,855.032065425,1942.49066373698
"1455",2021-07-14 11:46:10,1293,546,62.6022233333333,NA,NA,8.51965555555556,NA,NA,NA,NA,862.9347909,1942.50848215794
"1456",2021-07-14 11:46:15,1288,551,62.602175,NA,NA,8.52241666666667,NA,NA,NA,NA,870.837523625,1935.01459796259
"1457",2021-07-14 11:46:20,1283,551,62.6021266666667,NA,NA,8.52517777777778,NA,NA,NA,NA,870.8379231,1927.52057597571
"1458",2021-07-14 11:46:25,1283,556,62.6020783333333,NA,NA,8.52793888888889,NA,NA,NA,NA,878.7406667,1927.53825663609
"1459",2021-07-14 11:46:30,1288,551,62.60203,NA,NA,8.5307,NA,NA,NA,NA,870.83872205,1935.06784665447
"1460",2021-07-14 11:46:35,1288,546,62.6019816666667,NA,NA,8.53346111111111,NA,NA,NA,NA,862.93677015,1935.08559624938
"1461",2021-07-14 11:46:40,1293,541,62.6019333333333,NA,NA,8.53622222222222,NA,NA,NA,NA,855.034811,1942.61539300983
"1462",2021-07-14 11:46:45,1293,536,62.601885,NA,NA,8.53898333333333,NA,NA,NA,NA,847.1328446,1942.6332115395
"1463",2021-07-14 11:46:50,1293,536,62.6018366666667,NA,NA,8.54174444444444,NA,NA,NA,NA,847.1332332,1942.65103008469
"1464",2021-07-14 11:46:55,1298,541,62.6017883333333,NA,NA,8.54450555555556,NA,NA,NA,NA,855.035987675,1950.18110250716
"1465",2021-07-14 11:47:00,1298,536,62.60174,NA,NA,8.54726666666667,NA,NA,NA,NA,847.1340104,1950.19898998743
"1466",2021-07-14 11:47:05,1298,536,62.6016916666667,NA,NA,8.55002777777778,NA,NA,NA,NA,847.134399,1950.21687748328
"1467",2021-07-14 11:47:10,1298,536,62.6016433333333,NA,NA,8.55278888888889,NA,NA,NA,NA,847.1347876,1950.23476499473
"1468",2021-07-14 11:47:15,1298,536,62.601595,NA,NA,8.55555,NA,NA,NA,NA,847.1351762,1950.25265252177
"1469",2021-07-14 11:47:20,1298,536,62.6015466666667,NA,NA,8.55831111111111,NA,NA,NA,NA,847.1355648,1950.27054006439
"1470",2021-07-14 11:47:25,1293,536,62.6014983333333,NA,NA,8.56107222222222,NA,NA,NA,NA,847.1359534,1942.77576033593
"1471",2021-07-14 11:47:30,1293,536,62.60145,NA,NA,8.56383333333333,NA,NA,NA,NA,847.136342,1942.79357900537
"1472",2021-07-14 11:47:35,1293,536,62.6014016666667,NA,NA,8.56659444444444,NA,NA,NA,NA,847.1367306,1942.81139769034
"1473",2021-07-14 11:47:40,1288,541,62.6013533333333,NA,NA,8.56935555555556,NA,NA,NA,NA,855.0395177,1935.31634239087
"1474",2021-07-14 11:47:45,1288,541,62.601305,NA,NA,8.57211666666667,NA,NA,NA,NA,855.039909925,1935.33409220235
"1475",2021-07-14 11:47:50,1283,541,62.6012566666667,NA,NA,8.57487777777778,NA,NA,NA,NA,855.04030215,1927.83883022019
"1476",2021-07-14 11:47:55,1288,536,62.6012083333333,NA,NA,8.57763888888889,NA,NA,NA,NA,847.138285,1935.36959187173
"1477",2021-07-14 11:48:00,1283,541,62.60116,NA,NA,8.5804,NA,NA,NA,NA,855.0410866,1927.8741921111
"1478",2021-07-14 11:48:05,1288,541,62.6011116666667,NA,NA,8.58316111111111,NA,NA,NA,NA,855.041478825,1935.40509160298
"1479",2021-07-14 11:48:10,1288,546,62.6010633333333,NA,NA,8.58592222222222,NA,NA,NA,NA,862.9442913,1935.42284149181
"1480",2021-07-14 11:48:15,1288,541,62.601015,NA,NA,8.58868333333333,NA,NA,NA,NA,855.042263275,1935.44059139611
"1481",2021-07-14 11:48:20,1288,541,62.6009666666667,NA,NA,8.59144444444444,NA,NA,NA,NA,855.0426555,1935.45834131588
"1482",2021-07-14 11:48:25,1293,546,62.6009183333333,NA,NA,8.59420555555556,NA,NA,NA,NA,862.94547885,1942.98958539418
"1483",2021-07-14 11:48:30,1288,546,62.60087,NA,NA,8.59696666666667,NA,NA,NA,NA,862.9458747,1935.49384120184
"1484",2021-07-14 11:48:35,1288,546,62.6008216666667,NA,NA,8.59972777777778,NA,NA,NA,NA,862.94627055,1935.51159116802
"1485",2021-07-14 11:48:40,1288,546,62.6007733333333,NA,NA,8.60248888888889,NA,NA,NA,NA,862.9466664,1935.52934114967
"1486",2021-07-14 11:48:45,1288,541,62.600725,NA,NA,8.60525,NA,NA,NA,NA,855.044616625,1935.54709114679
"1487",2021-07-14 11:48:50,1288,541,62.6006766666667,NA,NA,8.60801111111111,NA,NA,NA,NA,855.04500885,1935.56484115938
"1488",2021-07-14 11:48:55,1288,536,62.6006283333333,NA,NA,8.61077222222222,NA,NA,NA,NA,847.1429482,1935.58259118744
"1489",2021-07-14 11:49:00,1283,531,62.60058,NA,NA,8.61353333333333,NA,NA,NA,NA,839.2408803,1928.08636475104
"1490",2021-07-14 11:49:05,1283,526,62.6005316666667,NA,NA,8.61629444444444,NA,NA,NA,NA,831.33880515,1928.10404590453
"1491",2021-07-14 11:49:10,1288,531,62.6004833333333,NA,NA,8.61905555555555,NA,NA,NA,NA,839.24165025,1935.63584136444
"1492",2021-07-14 11:49:15,1283,531,62.600435,NA,NA,8.62181666666667,NA,NA,NA,NA,839.242035225,1928.13940825775
"1493",2021-07-14 11:49:20,1283,536,62.6003866666667,NA,NA,8.62457777777778,NA,NA,NA,NA,847.1448912,1928.15708945747
"1494",2021-07-14 11:49:25,1283,536,62.6003383333333,NA,NA,8.62733888888889,NA,NA,NA,NA,847.1452798,1928.1747706726
"1495",2021-07-14 11:49:30,1288,531,62.60029,NA,NA,8.6301,NA,NA,NA,NA,839.24319015,1935.70684181703
"1496",2021-07-14 11:49:35,1288,531,62.6002416666667,NA,NA,8.63286111111111,NA,NA,NA,NA,839.243575125,1935.72459196885
"1497",2021-07-14 11:49:40,1288,526,62.6001933333333,NA,NA,8.63562222222222,NA,NA,NA,NA,831.3414746,1935.74234213614
"1498",2021-07-14 11:49:45,1293,531,62.600145,NA,NA,8.63838333333333,NA,NA,NA,NA,839.244345075,1943.27468895057
"1499",2021-07-14 11:49:50,1293,531,62.6000966666667,NA,NA,8.64114444444444,NA,NA,NA,NA,839.24473005,1943.29250805485
"1500",2021-07-14 11:49:55,1293,531,62.6000483333333,NA,NA,8.64390555555556,NA,NA,NA,NA,839.245115025,1943.31032717466
"1501",2021-07-14 11:50:00,1298,531,62.6,NA,NA,8.64666666666667,NA,NA,NA,NA,839.2455,1950.84294966
"1502",2021-07-14 11:50:05,1293,531,62.5999516666667,NA,NA,8.64942777777778,NA,NA,NA,NA,839.245884975,1943.34596546087
"1503",2021-07-14 11:50:10,1293,526,62.5999033333333,NA,NA,8.65218888888889,NA,NA,NA,NA,831.3437627,1943.36378462727
"1504",2021-07-14 11:50:15,1288,521,62.599855,NA,NA,8.65495,NA,NA,NA,NA,823.441633175,1935.86659374033
"1505",2021-07-14 11:50:20,1283,526,62.5998066666667,NA,NA,8.65771111111111,NA,NA,NA,NA,831.3445254,1928.3692650561
"1506",2021-07-14 11:50:25,1283,526,62.5997583333333,NA,NA,8.66047222222222,NA,NA,NA,NA,831.34490675,1928.38694645615
"1507",2021-07-14 11:50:30,1278,526,62.59971,NA,NA,8.66323333333333,NA,NA,NA,NA,831.3452881,1920.88941108334
"1508",2021-07-14 11:50:35,1283,521,62.5996616666667,NA,NA,8.66599444444444,NA,NA,NA,NA,823.443144075,1928.42230930249
"1509",2021-07-14 11:50:40,1283,516,62.5996133333333,NA,NA,8.66875555555556,NA,NA,NA,NA,815.5409928,1928.43999074877
"1510",2021-07-14 11:50:45,1288,516,62.599565,NA,NA,8.67151666666667,NA,NA,NA,NA,815.5413669,1935.97309571868
"1511",2021-07-14 11:50:50,1288,516,62.5995166666667,NA,NA,8.67427777777778,NA,NA,NA,NA,815.541741,1935.99084610255
"1512",2021-07-14 11:50:55,1283,526,62.5994683333333,NA,NA,8.67703888888889,NA,NA,NA,NA,831.34719485,1928.49303518007
"1513",2021-07-14 11:51:00,1278,516,62.59942,NA,NA,8.6798,NA,NA,NA,NA,815.5424892,1920.99508645927
"1514",2021-07-14 11:51:05,1278,496,62.5993716666667,NA,NA,8.68256111111111,NA,NA,NA,NA,783.9326748,1921.01269907565
"1515",2021-07-14 11:51:10,1278,481,62.5993233333333,NA,NA,8.68532222222222,NA,NA,NA,NA,760.22538215,1921.03031170738
"1516",2021-07-14 11:51:15,1278,466,62.599275,NA,NA,8.68808333333333,NA,NA,NA,NA,736.51806775,1921.04792435446
"1517",2021-07-14 11:51:20,1283,456,62.5992266666667,NA,NA,8.69084444444444,NA,NA,NA,NA,720.7132896,1928.58144287377
"1518",2021-07-14 11:51:25,1283,441,62.5991783333333,NA,NA,8.69360555555556,NA,NA,NA,NA,697.005935325,1928.59912445874
"1519",2021-07-14 11:51:30,1288,421,62.59913,NA,NA,8.69636666666667,NA,NA,NA,NA,665.39599405,1936.13284973043
"1520",2021-07-14 11:51:35,1293,401,62.5990816666667,NA,NA,8.69912777777778,NA,NA,NA,NA,633.786023775,1943.66671283215
"1521",2021-07-14 11:51:40,1293,386,62.5990333333333,NA,NA,8.70188888888889,NA,NA,NA,NA,610.078597,1943.68453227809
"1522",2021-07-14 11:51:45,1288,366,62.598985,NA,NA,8.70465,NA,NA,NA,NA,578.46857235,1936.18610134614
"1523",2021-07-14 11:51:50,1288,351,62.5989366666667,NA,NA,8.70741111111111,NA,NA,NA,NA,554.76109845,1936.20385191565
"1524",2021-07-14 11:51:55,1288,341,62.5988883333333,NA,NA,8.71017222222222,NA,NA,NA,NA,538.956186175,1936.22160250063
"1525",2021-07-14 11:52:00,1283,331,62.59884,NA,NA,8.71293333333333,NA,NA,NA,NA,523.1512594,1928.722895985
"1526",2021-07-14 11:52:05,1283,326,62.5987916666667,NA,NA,8.71569444444444,NA,NA,NA,NA,515.24890875,1928.74057769325
"1527",2021-07-14 11:52:10,1278,321,62.5987433333333,NA,NA,8.71845555555556,NA,NA,NA,NA,507.34655085,1921.24166448543
"1528",2021-07-14 11:52:15,1278,321,62.598695,NA,NA,8.72121666666667,NA,NA,NA,NA,507.346783575,1921.25927731671
"1529",2021-07-14 11:52:20,1278,316,62.5986466666667,NA,NA,8.72397777777778,NA,NA,NA,NA,499.4444148,1921.27689016333
"1530",2021-07-14 11:52:25,1278,311,62.5985983333333,NA,NA,8.72673888888889,NA,NA,NA,NA,491.542038775,1921.29450302531
"1531",2021-07-14 11:52:30,1278,301,62.59855,NA,NA,8.7295,NA,NA,NA,NA,475.73704675,1921.31211590264
"1532",2021-07-14 11:52:35,1278,291,62.5985016666667,NA,NA,8.73226111111111,NA,NA,NA,NA,459.932040225,1921.32972879532
"1533",2021-07-14 11:52:40,1278,291,62.5984533333333,NA,NA,8.73502222222222,NA,NA,NA,NA,459.9322512,1921.34734170334
"1534",2021-07-14 11:52:45,1278,281,62.598405,NA,NA,8.73778333333333,NA,NA,NA,NA,444.127222925,1921.36495462672
"1535",2021-07-14 11:52:50,1278,281,62.5983566666667,NA,NA,8.74054444444444,NA,NA,NA,NA,444.12742665,1921.38256756545
"1536",2021-07-14 11:52:55,1273,281,62.5983083333333,NA,NA,8.74330555555555,NA,NA,NA,NA,444.127630375,1913.88296541577
"1537",2021-07-14 11:53:00,1278,286,62.59826,NA,NA,8.74606666666667,NA,NA,NA,NA,452.0304646,1921.41779348895
"1538",2021-07-14 11:53:05,1278,291,62.5982116666667,NA,NA,8.74882777777778,NA,NA,NA,NA,459.933306075,1921.43540647373
"1539",2021-07-14 11:53:10,1283,296,62.5981633333333,NA,NA,8.75158888888889,NA,NA,NA,NA,467.8361548,1928.97044130278
"1540",2021-07-14 11:53:15,1283,291,62.598115,NA,NA,8.75435,NA,NA,NA,NA,459.933728025,1928.98812322677
"1541",2021-07-14 11:53:20,1288,286,62.5980666666667,NA,NA,8.75711111111111,NA,NA,NA,NA,452.031294,1936.52336481218
"1542",2021-07-14 11:53:25,1288,286,62.5980183333333,NA,NA,8.75987222222222,NA,NA,NA,NA,452.03150135,1936.54111567561
"1543",2021-07-14 11:53:30,1288,286,62.59797,NA,NA,8.76263333333333,NA,NA,NA,NA,452.0317087,1936.55886655452
"1544",2021-07-14 11:53:35,1283,286,62.5979216666667,NA,NA,8.76539444444444,NA,NA,NA,NA,452.03191605,1929.05885107682
"1545",2021-07-14 11:53:40,1283,286,62.5978733333333,NA,NA,8.76815555555556,NA,NA,NA,NA,452.0321234,1929.07653307785
"1546",2021-07-14 11:53:45,1283,286,62.597825,NA,NA,8.77091666666667,NA,NA,NA,NA,452.03233075,1929.0942150943
"1547",2021-07-14 11:53:50,1283,281,62.5977766666667,NA,NA,8.77367777777778,NA,NA,NA,NA,444.12987135,1929.11189712616
"1548",2021-07-14 11:53:55,1283,276,62.5977283333333,NA,NA,8.77643888888889,NA,NA,NA,NA,436.2274047,1929.12957917342
"1549",2021-07-14 11:54:00,1283,271,62.59768,NA,NA,8.7792,NA,NA,NA,NA,428.3249308,1929.1472612361
"1550",2021-07-14 11:54:05,1278,271,62.5976316666667,NA,NA,8.78196111111111,NA,NA,NA,NA,428.325127275,1921.64676348833
"1551",2021-07-14 11:54:10,1283,266,62.5975833333333,NA,NA,8.78472222222222,NA,NA,NA,NA,420.4226425,1929.18262540768
"1552",2021-07-14 11:54:15,1288,271,62.597535,NA,NA,8.78748333333333,NA,NA,NA,NA,428.325520225,1936.71862516085
"1553",2021-07-14 11:54:20,1288,271,62.5974866666667,NA,NA,8.79024444444444,NA,NA,NA,NA,428.3257167,1936.73637619445
"1554",2021-07-14 11:54:25,1288,271,62.5974383333333,NA,NA,8.79300555555556,NA,NA,NA,NA,428.325913175,1936.75412724353
"1555",2021-07-14 11:54:30,1288,271,62.59739,NA,NA,8.79576666666667,NA,NA,NA,NA,428.32610965,1936.77187830808
"1556",2021-07-14 11:54:35,1283,271,62.5973416666667,NA,NA,8.79852777777778,NA,NA,NA,NA,428.326306125,1929.27103610631
"1557",2021-07-14 11:54:40,1283,271,62.5972933333333,NA,NA,8.80128888888889,NA,NA,NA,NA,428.3265026,1929.28871829227
"1558",2021-07-14 11:54:45,1278,271,62.597245,NA,NA,8.80405,NA,NA,NA,NA,428.326699075,1921.78766939272
"1559",2021-07-14 11:54:50,1278,276,62.5971966666667,NA,NA,8.80681111111111,NA,NA,NA,NA,436.2296058,1921.80528269985
"1560",2021-07-14 11:54:55,1273,286,62.5971483333333,NA,NA,8.80957222222222,NA,NA,NA,NA,452.03523365,1914.30402710204
"1561",2021-07-14 11:55:00,1273,291,62.5971,NA,NA,8.81233333333333,NA,NA,NA,NA,459.9381585,1914.32157153009
"1562",2021-07-14 11:55:05,1268,296,62.5970516666667,NA,NA,8.81509444444444,NA,NA,NA,NA,467.8410906,1906.82010923355
"1563",2021-07-14 11:55:10,1268,301,62.5970033333333,NA,NA,8.81785555555556,NA,NA,NA,NA,475.74402995,1906.83758478229
"1564",2021-07-14 11:55:15,1268,311,62.596955,NA,NA,8.82061666666667,NA,NA,NA,NA,491.549704925,1906.85506034626
"1565",2021-07-14 11:55:20,1273,321,62.5969066666667,NA,NA,8.82337777777778,NA,NA,NA,NA,507.3553944,1914.39174939519
"1566",2021-07-14 11:55:25,1273,331,62.5968583333333,NA,NA,8.82613888888889,NA,NA,NA,NA,523.161098375,1914.40929389969
"1567",2021-07-14 11:55:30,1273,336,62.59681,NA,NA,8.8289,NA,NA,NA,NA,531.0640776,1914.42683841948
"1568",2021-07-14 11:55:35,1273,341,62.5967616666667,NA,NA,8.83166111111111,NA,NA,NA,NA,538.967064075,1914.44438295456
"1569",2021-07-14 11:55:40,1273,351,62.5967133333333,NA,NA,8.83442222222222,NA,NA,NA,NA,554.7728043,1914.46192750493
"1570",2021-07-14 11:55:45,1278,356,62.596665,NA,NA,8.83718333333333,NA,NA,NA,NA,562.6758089,1921.99903009129
"1571",2021-07-14 11:55:50,1278,366,62.5966166666667,NA,NA,8.83994444444444,NA,NA,NA,NA,578.4815745,1922.01664358261
"1572",2021-07-14 11:55:55,1278,376,62.5965683333333,NA,NA,8.84270555555556,NA,NA,NA,NA,594.2873546,1922.03425708928
"1573",2021-07-14 11:56:00,1273,386,62.59652,NA,NA,8.84546666666667,NA,NA,NA,NA,610.0931492,1914.5321058593
"1574",2021-07-14 11:56:05,1268,396,62.5964716666667,NA,NA,8.84822777777778,NA,NA,NA,NA,625.8989583,1907.02981682357
"1575",2021-07-14 11:56:10,1273,401,62.5964233333333,NA,NA,8.85098888888889,NA,NA,NA,NA,633.80201365,1914.56719512823
"1576",2021-07-14 11:56:15,1273,411,62.596375,NA,NA,8.85375,NA,NA,NA,NA,649.607848125,1914.58473978562
"1577",2021-07-14 11:56:20,1278,416,62.5963266666667,NA,NA,8.85651111111111,NA,NA,NA,NA,657.5109216,1922.12232485288
"1578",2021-07-14 11:56:25,1283,426,62.5962783333333,NA,NA,8.85927222222222,NA,NA,NA,NA,673.31678145,1929.66004775702
"1579",2021-07-14 11:56:30,1278,436,62.59623,NA,NA,8.86203333333333,NA,NA,NA,NA,689.1226558,1922.15755206577
"1580",2021-07-14 11:56:35,1278,446,62.5961816666667,NA,NA,8.86479444444444,NA,NA,NA,NA,704.92854465,1922.17516569524
"1581",2021-07-14 11:56:40,1278,456,62.5961333333333,NA,NA,8.86755555555555,NA,NA,NA,NA,720.734448,1922.19277934006
"1582",2021-07-14 11:56:45,1278,461,62.596085,NA,NA,8.87031666666667,NA,NA,NA,NA,728.637572225,1922.21039300023
"1583",2021-07-14 11:56:50,1283,471,62.5960366666667,NA,NA,8.87307777777778,NA,NA,NA,NA,744.44350095,1929.74846053599
"1584",2021-07-14 11:56:55,1278,471,62.5959883333333,NA,NA,8.87583888888889,NA,NA,NA,NA,744.443842425,1922.24562036662
"1585",2021-07-14 11:57:00,1278,471,62.59594,NA,NA,8.8786,NA,NA,NA,NA,744.4441839,1922.26323407284
"1586",2021-07-14 11:57:05,1273,481,62.5958916666667,NA,NA,8.88136111111111,NA,NA,NA,NA,760.250141625,1914.76018720054
"1587",2021-07-14 11:57:10,1273,486,62.5958433333333,NA,NA,8.88412222222222,NA,NA,NA,NA,768.1533021,1914.77773202612
"1588",2021-07-14 11:57:15,1273,491,62.595795,NA,NA,8.88688333333333,NA,NA,NA,NA,776.056469825,1914.795276867
"1589",2021-07-14 11:57:20,1273,501,62.5957466666667,NA,NA,8.88964444444444,NA,NA,NA,NA,791.8624638,1914.81282172316
"1590",2021-07-14 11:57:25,1278,501,62.5956983333333,NA,NA,8.89240555555556,NA,NA,NA,NA,791.862827025,1922.35130283418
"1591",2021-07-14 11:57:30,1278,506,62.59565,NA,NA,8.89516666666667,NA,NA,NA,NA,799.7660165,1922.3689166325
"1592",2021-07-14 11:57:35,1278,511,62.5956016666667,NA,NA,8.89792777777778,NA,NA,NA,NA,807.669213225,1922.38653044617
"1593",2021-07-14 11:57:40,1278,516,62.5955533333333,NA,NA,8.90068888888889,NA,NA,NA,NA,815.5724172,1922.40414427519
"1594",2021-07-14 11:57:45,1278,521,62.595505,NA,NA,8.90345,NA,NA,NA,NA,823.475628425,1922.42175811956
"1595",2021-07-14 11:57:50,1283,521,62.5954566666667,NA,NA,8.90621111111111,NA,NA,NA,NA,823.47600615,1929.96065277731
"1596",2021-07-14 11:57:55,1278,521,62.5954083333333,NA,NA,8.90897222222222,NA,NA,NA,NA,823.476383875,1922.45698585434
"1597",2021-07-14 11:58:00,1278,531,62.59536,NA,NA,8.91173333333333,NA,NA,NA,NA,839.2824576,1922.47459974476
"1598",2021-07-14 11:58:05,1278,531,62.5953116666667,NA,NA,8.91449444444444,NA,NA,NA,NA,839.282842575,1922.49221365052
"1599",2021-07-14 11:58:10,1278,531,62.5952633333333,NA,NA,8.91725555555556,NA,NA,NA,NA,839.28322755,1922.50982757164
"1600",2021-07-14 11:58:15,1278,531,62.595215,NA,NA,8.92001666666667,NA,NA,NA,NA,839.283612525,1922.52744150811
"1601",2021-07-14 11:58:20,1278,536,62.5951666666667,NA,NA,8.92277777777778,NA,NA,NA,NA,847.18686,1922.54505545993
"1602",2021-07-14 11:58:25,1278,546,62.5951183333333,NA,NA,8.92553888888889,NA,NA,NA,NA,862.99298085,1922.56266942709
"1603",2021-07-14 11:58:30,1273,546,62.59507,NA,NA,8.9283,NA,NA,NA,NA,862.9933767,1915.05845131489
"1604",2021-07-14 11:58:35,1273,551,62.5950216666667,NA,NA,8.93106111111111,NA,NA,NA,NA,870.896645925,1915.0759964004
"1605",2021-07-14 11:58:40,1273,556,62.5949733333333,NA,NA,8.93382222222222,NA,NA,NA,NA,878.7999224,1915.0935415012
"1606",2021-07-14 11:58:45,1273,561,62.594925,NA,NA,8.93658333333333,NA,NA,NA,NA,886.703206125,1915.11108661729
"1607",2021-07-14 11:58:50,1273,566,62.5948766666667,NA,NA,8.93934444444444,NA,NA,NA,NA,894.6064971,1915.12863174868
"1608",2021-07-14 11:58:55,1278,566,62.5948283333333,NA,NA,8.94210555555556,NA,NA,NA,NA,894.60690745,1922.66835355244
"1609",2021-07-14 11:59:00,1273,561,62.59478,NA,NA,8.94486666666667,NA,NA,NA,NA,886.7044263,1915.16372205731
"1610",2021-07-14 11:59:05,1273,561,62.5947316666667,NA,NA,8.94762777777778,NA,NA,NA,NA,886.704833025,1915.18126723456
"1611",2021-07-14 11:59:10,1273,561,62.5946833333333,NA,NA,8.95038888888889,NA,NA,NA,NA,886.70523975,1915.1988124271
"1612",2021-07-14 11:59:15,1278,566,62.594635,NA,NA,8.95315,NA,NA,NA,NA,894.60854885,1922.738809943
"1613",2021-07-14 11:59:20,1278,571,62.5945866666667,NA,NA,8.95591111111111,NA,NA,NA,NA,902.5118652,1922.75642407901
"1614",2021-07-14 11:59:25,1283,576,62.5945383333333,NA,NA,8.95867222222222,NA,NA,NA,NA,910.4151888,1930.2966283643
"1615",2021-07-14 11:59:30,1283,576,62.59449,NA,NA,8.96143333333333,NA,NA,NA,NA,910.4156064,1930.31431144403
"1616",2021-07-14 11:59:35,1283,581,62.5944416666667,NA,NA,8.96419444444444,NA,NA,NA,NA,918.318940875,1930.33199453917
"1617",2021-07-14 11:59:40,1283,581,62.5943933333333,NA,NA,8.96695555555556,NA,NA,NA,NA,918.3193621,1930.34967764972
"1618",2021-07-14 11:59:45,1273,581,62.594345,NA,NA,8.96971666666667,NA,NA,NA,NA,918.319783325,1915.32162920299
"1619",2021-07-14 11:59:50,1273,581,62.5942966666667,NA,NA,8.97247777777778,NA,NA,NA,NA,918.32020455,1915.33917451785
"1620",2021-07-14 11:59:55,1273,586,62.5942483333333,NA,NA,8.97523888888889,NA,NA,NA,NA,926.22355715,1915.356719848
"1621",2021-07-14 12:00:00,1278,586,62.5942,6.639,64.223,8.978,"Stn02",64.223,0.166091994,0.022850361,926.223982,1922.89733771972
"1622",2021-07-14 12:00:05,1278,591,62.5941522222222,NA,NA,8.98129444444444,NA,NA,NA,NA,934.12734055,1922.91817384147
"1623",2021-07-14 12:00:10,1278,596,62.5941044444444,NA,NA,8.98458888888889,NA,NA,NA,NA,942.030706266667,1922.93900998131
"1624",2021-07-14 12:00:15,1273,596,62.5940566666667,NA,NA,8.98788333333333,NA,NA,NA,NA,942.0311334,1915.43652905734
"1625",2021-07-14 12:00:20,1273,596,62.5940088888889,NA,NA,8.99117777777778,NA,NA,NA,NA,942.031560533333,1915.45728371471
"1626",2021-07-14 12:00:25,1268,591,62.5939611111111,NA,NA,8.99447222222222,NA,NA,NA,NA,934.12903475,1907.95455827074
"1627",2021-07-14 12:00:30,1273,591,62.5939133333333,NA,NA,8.99776666666667,NA,NA,NA,NA,934.1294583,1915.49879308354
"1628",2021-07-14 12:00:35,1273,591,62.5938655555556,NA,NA,9.00106111111111,NA,NA,NA,NA,934.12988185,1915.51954779501
"1629",2021-07-14 12:00:40,1278,591,62.5938177777778,NA,NA,9.00435555555556,NA,NA,NA,NA,934.1303054,1923.06402720057
"1630",2021-07-14 12:00:45,1278,591,62.59377,NA,NA,9.00765,NA,NA,NA,NA,934.13072895,1923.08486346715
"1631",2021-07-14 12:00:50,1273,591,62.5937222222222,NA,NA,9.01094444444444,NA,NA,NA,NA,934.1311525,1915.58181203762
"1632",2021-07-14 12:00:55,1273,591,62.5936744444444,NA,NA,9.01423888888889,NA,NA,NA,NA,934.13157605,1915.60256682122
"1633",2021-07-14 12:01:00,1273,591,62.5936266666667,NA,NA,9.01753333333333,NA,NA,NA,NA,934.1319996,1915.62332162286
"1634",2021-07-14 12:01:05,1273,601,62.5935788888889,NA,NA,9.02082777777778,NA,NA,NA,NA,949.938386316667,1915.64407644253
"1635",2021-07-14 12:01:10,1273,601,62.5935311111111,NA,NA,9.02412222222222,NA,NA,NA,NA,949.938817033333,1915.66483128023
"1636",2021-07-14 12:01:15,1278,601,62.5934833333333,NA,NA,9.02741666666667,NA,NA,NA,NA,949.93924775,1923.20988144679
"1637",2021-07-14 12:01:20,1283,601,62.5934355555556,NA,NA,9.03071111111111,NA,NA,NA,NA,949.939678466667,1930.75509467046
"1638",2021-07-14 12:01:25,1278,606,62.5933877777778,NA,NA,9.03400555555556,NA,NA,NA,NA,957.8431051,1923.25155425151
"1639",2021-07-14 12:01:30,1278,606,62.59334,NA,NA,9.0373,NA,NA,NA,NA,957.8435394,1923.27239068102
"1640",2021-07-14 12:01:35,1278,601,62.5932922222222,NA,NA,9.04059444444444,NA,NA,NA,NA,949.940970616667,1923.29322712864
"1641",2021-07-14 12:01:40,1283,596,62.5932444444444,NA,NA,9.04388888888889,NA,NA,NA,NA,942.038394666667,1930.83876650357
"1642",2021-07-14 12:01:45,1283,596,62.5931966666667,NA,NA,9.04718333333333,NA,NA,NA,NA,942.0388218,1930.85968450729
"1643",2021-07-14 12:01:50,1283,601,62.5931488888889,NA,NA,9.05047777777778,NA,NA,NA,NA,949.942262766667,1930.88060252918
"1644",2021-07-14 12:01:55,1283,596,62.5931011111111,NA,NA,9.05377222222222,NA,NA,NA,NA,942.039676066667,1930.90152056925
"1645",2021-07-14 12:02:00,1283,596,62.5930533333333,NA,NA,9.05706666666667,NA,NA,NA,NA,942.0401032,1930.92243862749
"1646",2021-07-14 12:02:05,1278,596,62.5930055555556,NA,NA,9.06036111111111,NA,NA,NA,NA,942.040530333333,1923.41824619454
"1647",2021-07-14 12:02:10,1278,596,62.5929577777778,NA,NA,9.06365555555556,NA,NA,NA,NA,942.040957466667,1923.43908276889
"1648",2021-07-14 12:02:15,1273,601,62.59291,NA,NA,9.06695,NA,NA,NA,NA,949.94441635,1915.93464581141
"1649",2021-07-14 12:02:20,1273,596,62.5928622222222,NA,NA,9.07024444444444,NA,NA,NA,NA,942.041811733333,1915.95540090158
"1650",2021-07-14 12:02:25,1273,601,62.5928144444444,NA,NA,9.07353888888889,NA,NA,NA,NA,949.945277783333,1915.97615600979
"1651",2021-07-14 12:02:30,1273,596,62.5927666666667,NA,NA,9.07683333333333,NA,NA,NA,NA,942.042666,1915.99691113602
"1652",2021-07-14 12:02:35,1273,591,62.5927188888889,NA,NA,9.08012777777778,NA,NA,NA,NA,934.14004705,1916.0176662803
"1653",2021-07-14 12:02:40,1278,591,62.5926711111111,NA,NA,9.08342222222222,NA,NA,NA,NA,934.1404706,1923.56410259517
"1654",2021-07-14 12:02:45,1278,591,62.5926233333333,NA,NA,9.08671666666667,NA,NA,NA,NA,934.14089415,1923.58493929624
"1655",2021-07-14 12:02:50,1288,586,62.5925755555556,NA,NA,9.09001111111111,NA,NA,NA,NA,926.238260866667,1938.65746440365
"1656",2021-07-14 12:02:55,1288,586,62.5925277777778,NA,NA,9.09330555555556,NA,NA,NA,NA,926.238680833333,1938.6784641827
"1657",2021-07-14 12:03:00,1288,596,62.59248,NA,NA,9.0966,NA,NA,NA,NA,942.0452288,1938.69946398
"1658",2021-07-14 12:03:05,1283,601,62.5924322222222,NA,NA,9.09989444444444,NA,NA,NA,NA,949.948723516667,1931.19437503857
"1659",2021-07-14 12:03:10,1278,611,62.5923844444444,NA,NA,9.10318888888889,NA,NA,NA,NA,965.755296566667,1923.6891230732
"1660",2021-07-14 12:03:15,1278,611,62.5923366666667,NA,NA,9.10648333333333,NA,NA,NA,NA,965.75573445,1923.7099598829
"1661",2021-07-14 12:03:20,1278,611,62.5922888888889,NA,NA,9.10977777777778,NA,NA,NA,NA,965.756172333333,1923.73079671071
"1662",2021-07-14 12:03:25,1273,606,62.5922411111111,NA,NA,9.11307222222222,NA,NA,NA,NA,957.8535283,1916.22521871485
"1663",2021-07-14 12:03:30,1273,601,62.5921933333333,NA,NA,9.11636666666667,NA,NA,NA,NA,949.9508771,1916.24597405749
"1664",2021-07-14 12:03:35,1268,596,62.5921455555556,NA,NA,9.11966111111111,NA,NA,NA,NA,942.048218733333,1908.74015153357
"1665",2021-07-14 12:03:40,1263,601,62.5920977777778,NA,NA,9.12295555555555,NA,NA,NA,NA,949.951738533333,1901.23416598464
"1666",2021-07-14 12:03:45,1263,606,62.59205,NA,NA,9.12625,NA,NA,NA,NA,957.8552655,1901.2547583382
"1667",2021-07-14 12:03:50,1263,611,62.5920022222222,NA,NA,9.12954444444444,NA,NA,NA,NA,965.758799633333,1901.27535070966
"1668",2021-07-14 12:03:55,1268,611,62.5919544444444,NA,NA,9.13283888888889,NA,NA,NA,NA,965.759237516667,1908.8228470701
"1669",2021-07-14 12:04:00,1268,606,62.5919066666667,NA,NA,9.13613333333333,NA,NA,NA,NA,957.8565684,1908.84352099914
"1670",2021-07-14 12:04:05,1263,596,62.5918588888889,NA,NA,9.13942777777778,NA,NA,NA,NA,942.050781533333,1901.33712793136
"1671",2021-07-14 12:04:10,1263,591,62.5918111111111,NA,NA,9.14272222222222,NA,NA,NA,NA,934.1480945,1901.35772037438
"1672",2021-07-14 12:04:15,1268,591,62.5917633333333,NA,NA,9.14601666666667,NA,NA,NA,NA,934.14851805,1908.90554289403
"1673",2021-07-14 12:04:20,1268,601,62.5917155555556,NA,NA,9.14931111111111,NA,NA,NA,NA,949.955184266667,1908.92621689492
"1674",2021-07-14 12:04:25,1273,606,62.5916677777778,NA,NA,9.15260555555555,NA,NA,NA,NA,957.8587399,1916.47428401674
"1675",2021-07-14 12:04:30,1273,606,62.59162,NA,NA,9.1559,NA,NA,NA,NA,957.8591742,1916.49503957578
"1676",2021-07-14 12:04:35,1273,606,62.5915722222222,NA,NA,9.15919444444445,NA,NA,NA,NA,957.8596085,1916.51579515285
"1677",2021-07-14 12:04:40,1273,601,62.5915244444444,NA,NA,9.16248888888889,NA,NA,NA,NA,949.956907133333,1916.53655074796
"1678",2021-07-14 12:04:45,1273,601,62.5914766666667,NA,NA,9.16578333333333,NA,NA,NA,NA,949.95733785,1916.5573063611
"1679",2021-07-14 12:04:50,1273,606,62.5914288888889,NA,NA,9.16907777777778,NA,NA,NA,NA,957.8609114,1916.57806199228
"1680",2021-07-14 12:04:55,1268,606,62.5913811111111,NA,NA,9.17237222222222,NA,NA,NA,NA,957.8613457,1909.07093540409
"1681",2021-07-14 12:05:00,1268,611,62.5913333333333,NA,NA,9.17566666666667,NA,NA,NA,NA,965.76493,1909.09160954868
"1682",2021-07-14 12:05:05,1263,611,62.5912855555556,NA,NA,9.17896111111111,NA,NA,NA,NA,965.765367883333,1901.58423842846
"1683",2021-07-14 12:05:10,1263,611,62.5912377777778,NA,NA,9.18225555555555,NA,NA,NA,NA,965.765805766667,1901.60483108618
"1684",2021-07-14 12:05:15,1263,611,62.59119,NA,NA,9.18555,NA,NA,NA,NA,965.76624365,1901.62542376179
"1685",2021-07-14 12:05:20,1263,611,62.5911422222222,NA,NA,9.18884444444444,NA,NA,NA,NA,965.766681533333,1901.6460164553
"1686",2021-07-14 12:05:25,1263,616,62.5910944444444,NA,NA,9.19213888888889,NA,NA,NA,NA,973.670287333333,1901.6666091667
"1687",2021-07-14 12:05:30,1258,621,62.5910466666667,NA,NA,9.19543333333333,NA,NA,NA,NA,981.5739003,1894.15874899853
"1688",2021-07-14 12:05:35,1258,621,62.5909988888889,NA,NA,9.19872777777778,NA,NA,NA,NA,981.57434535,1894.17926022257
"1689",2021-07-14 12:05:40,1258,616,62.5909511111111,NA,NA,9.20202222222222,NA,NA,NA,NA,973.671611733333,1894.19977146442
"1690",2021-07-14 12:05:45,1258,611,62.5909033333333,NA,NA,9.20531666666667,NA,NA,NA,NA,965.76887095,1894.22028272409
"1691",2021-07-14 12:05:50,1258,601,62.5908555555556,NA,NA,9.20861111111111,NA,NA,NA,NA,949.962937166667,1894.24079400159
"1692",2021-07-14 12:05:55,1258,601,62.5908077777778,NA,NA,9.21190555555556,NA,NA,NA,NA,949.963367883333,1894.2613052969
"1693",2021-07-14 12:06:00,1258,596,62.59076,NA,NA,9.2152,NA,NA,NA,NA,942.0606056,1894.28181661004
"1694",2021-07-14 12:06:05,1263,601,62.5907122222222,NA,NA,9.21849444444444,NA,NA,NA,NA,949.964229316667,1901.83135150197
"1695",2021-07-14 12:06:10,1263,606,62.5906644444444,NA,NA,9.22178888888889,NA,NA,NA,NA,957.8678602,1901.8519443744
"1696",2021-07-14 12:06:15,1263,611,62.5906166666667,NA,NA,9.22508333333333,NA,NA,NA,NA,965.77149825,1901.87253726471
"1697",2021-07-14 12:06:20,1263,611,62.5905688888889,NA,NA,9.22837777777778,NA,NA,NA,NA,965.771936133333,1901.89313017292
"1698",2021-07-14 12:06:25,1263,616,62.5905211111111,NA,NA,9.23167222222222,NA,NA,NA,NA,973.675584933333,1901.91372309902
"1699",2021-07-14 12:06:30,1263,616,62.5904733333333,NA,NA,9.23496666666667,NA,NA,NA,NA,973.6760264,1901.93431604301
"1700",2021-07-14 12:06:35,1263,611,62.5904255555556,NA,NA,9.23826111111111,NA,NA,NA,NA,965.773249783333,1901.95490900489
"1701",2021-07-14 12:06:40,1263,596,62.5903777777778,NA,NA,9.24155555555556,NA,NA,NA,NA,942.064022666667,1901.97550198466
"1702",2021-07-14 12:06:45,1263,576,62.59033,NA,NA,9.24485,NA,NA,NA,NA,910.4515488,1901.99609498233
"1703",2021-07-14 12:06:50,1263,556,62.5902822222222,NA,NA,9.24814444444444,NA,NA,NA,NA,878.839046266667,1902.01668799788
"1704",2021-07-14 12:06:55,1263,531,62.5902344444444,NA,NA,9.25143888888889,NA,NA,NA,NA,839.32328265,1902.03728103133
"1705",2021-07-14 12:07:00,1263,511,62.5901866666667,NA,NA,9.25473333333333,NA,NA,NA,NA,807.7107192,1902.05787408267
"1706",2021-07-14 12:07:05,1263,486,62.5901388888889,NA,NA,9.25802777777778,NA,NA,NA,NA,768.1948875,1902.07846715191
"1707",2021-07-14 12:07:10,1263,461,62.5900911111111,NA,NA,9.26132222222222,NA,NA,NA,NA,728.679019966667,1902.09906023903
"1708",2021-07-14 12:07:15,1258,446,62.5900433333333,NA,NA,9.26461666666667,NA,NA,NA,NA,704.9696101,1894.58948844561
"1709",2021-07-14 12:07:20,1253,436,62.5899955555556,NA,NA,9.26791111111111,NA,NA,NA,NA,689.163429066667,1887.07975362082
"1710",2021-07-14 12:07:25,1253,426,62.5899477777778,NA,NA,9.27120555555556,NA,NA,NA,NA,673.3572337,1887.10018371221
"1711",2021-07-14 12:07:30,1253,416,62.5899,NA,NA,9.2745,NA,NA,NA,NA,657.551024,1887.12061382134
"1712",2021-07-14 12:07:35,1258,411,62.5898522222222,NA,NA,9.27779444444444,NA,NA,NA,NA,649.64806105,1894.67153494563
"1713",2021-07-14 12:07:40,1258,411,62.5898044444444,NA,NA,9.28108888888889,NA,NA,NA,NA,649.6483556,1894.69204661519
"1714",2021-07-14 12:07:45,1258,411,62.5897566666667,NA,NA,9.28438333333333,NA,NA,NA,NA,649.64865015,1894.71255830256
"1715",2021-07-14 12:07:50,1263,416,62.5897088888889,NA,NA,9.28767777777778,NA,NA,NA,NA,657.552216533333,1902.26380558013
"1716",2021-07-14 12:07:55,1263,426,62.5896611111111,NA,NA,9.29097222222222,NA,NA,NA,NA,673.3590655,1902.28439882828
"1717",2021-07-14 12:08:00,1268,436,62.5896133333333,NA,NA,9.29426666666667,NA,NA,NA,NA,689.1659288,1909.83589071702
"1718",2021-07-14 12:08:05,1263,446,62.5895655555556,NA,NA,9.29756111111111,NA,NA,NA,NA,704.972806433333,1902.32558537826
"1719",2021-07-14 12:08:10,1263,461,62.5895177777778,NA,NA,9.30085555555556,NA,NA,NA,NA,728.682984566667,1902.34617868008
"1720",2021-07-14 12:08:15,1253,471,62.58947,NA,NA,9.30415,NA,NA,NA,NA,744.48989445,1887.30448560234
"1721",2021-07-14 12:08:20,1248,481,62.5894222222222,NA,NA,9.30744444444444,NA,NA,NA,NA,760.296818666667,1879.79369116476
"1722",2021-07-14 12:08:25,1243,486,62.5893744444444,NA,NA,9.31073888888889,NA,NA,NA,NA,768.2004603,1872.28273369382
"1723",2021-07-14 12:08:30,1243,491,62.5893266666667,NA,NA,9.31403333333333,NA,NA,NA,NA,776.1041091,1872.3030009647
"1724",2021-07-14 12:08:35,1243,506,62.5892788888889,NA,NA,9.31732777777778,NA,NA,NA,NA,799.814373233333,1872.32326825319
"1725",2021-07-14 12:08:40,1243,511,62.5892311111111,NA,NA,9.32062222222222,NA,NA,NA,NA,807.718043533333,1872.3435355593
"1726",2021-07-14 12:08:45,1243,521,62.5891833333333,NA,NA,9.32391666666667,NA,NA,NA,NA,823.52503225,1872.36380288301
"1727",2021-07-14 12:08:50,1248,536,62.5891355555556,NA,NA,9.32721111111111,NA,NA,NA,NA,847.235350133333,1879.91578410294
"1728",2021-07-14 12:08:55,1253,546,62.5890877777778,NA,NA,9.33050555555556,NA,NA,NA,NA,863.0423711,1887.46792839245
"1729",2021-07-14 12:09:00,1248,551,62.58904,NA,NA,9.3338,NA,NA,NA,NA,870.9460844,1879.95648189044
"1730",2021-07-14 12:09:05,1248,556,62.5889922222222,NA,NA,9.33709444444444,NA,NA,NA,NA,878.849804866667,1879.97683081071
"1731",2021-07-14 12:09:10,1253,561,62.5889444444444,NA,NA,9.34038888888889,NA,NA,NA,NA,886.7535325,1887.52921973162
"1732",2021-07-14 12:09:15,1258,561,62.5888966666667,NA,NA,9.34368333333333,NA,NA,NA,NA,886.75393455,1895.08177172274
"1733",2021-07-14 12:09:20,1263,566,62.5888488888889,NA,NA,9.34697777777778,NA,NA,NA,NA,894.657672933333,1902.63448678429
"1734",2021-07-14 12:09:25,1263,566,62.5888011111111,NA,NA,9.35027222222222,NA,NA,NA,NA,894.658078566667,1902.65508035449
"1735",2021-07-14 12:09:30,1263,571,62.5887533333333,NA,NA,9.35356666666667,NA,NA,NA,NA,902.5618277,1902.67567394258
"1736",2021-07-14 12:09:35,1263,576,62.5887055555556,NA,NA,9.35686111111111,NA,NA,NA,NA,910.465584,1902.69626754857
"1737",2021-07-14 12:09:40,1263,576,62.5886577777778,NA,NA,9.36015555555556,NA,NA,NA,NA,910.4659968,1902.71686117245
"1738",2021-07-14 12:09:45,1263,576,62.58861,NA,NA,9.36345,NA,NA,NA,NA,910.4664096,1902.73745481422
"1739",2021-07-14 12:09:50,1263,576,62.5885622222222,NA,NA,9.36674444444444,NA,NA,NA,NA,910.4668224,1902.75804847388
"1740",2021-07-14 12:09:55,1263,576,62.5885144444444,NA,NA,9.37003888888889,NA,NA,NA,NA,910.4672352,1902.77864215143
"1741",2021-07-14 12:10:00,1258,586,62.5884666666667,NA,NA,9.37333333333333,NA,NA,NA,NA,926.274378,1895.26638059808
"1742",2021-07-14 12:10:05,1253,591,62.5884188888889,NA,NA,9.37662777777778,NA,NA,NA,NA,934.17816655,1887.75395600867
"1743",2021-07-14 12:10:10,1248,596,62.5883711111111,NA,NA,9.37992222222222,NA,NA,NA,NA,942.081962266667,1880.241368383
"1744",2021-07-14 12:10:15,1243,596,62.5883233333333,NA,NA,9.38321666666667,NA,NA,NA,NA,942.0823894,1872.72861772084
"1745",2021-07-14 12:10:20,1243,596,62.5882755555556,NA,NA,9.38651111111111,NA,NA,NA,NA,942.082816533333,1872.74888537912
"1746",2021-07-14 12:10:25,1243,596,62.5882277777778,NA,NA,9.38980555555555,NA,NA,NA,NA,942.083243666667,1872.769153055
"1747",2021-07-14 12:10:30,1248,606,62.58818,NA,NA,9.3931,NA,NA,NA,NA,957.8904438,1880.32276516018
"1748",2021-07-14 12:10:35,1253,611,62.5881322222222,NA,NA,9.39639444444444,NA,NA,NA,NA,965.794268183333,1887.87654033777
"1749",2021-07-14 12:10:40,1258,616,62.5880844444444,NA,NA,9.39968888888889,NA,NA,NA,NA,973.698099733333,1895.43047858798
"1750",2021-07-14 12:10:45,1258,616,62.5880366666667,NA,NA,9.40298333333333,NA,NA,NA,NA,973.6985412,1895.45099091692
"1751",2021-07-14 12:10:50,1258,616,62.5879888888889,NA,NA,9.40627777777778,NA,NA,NA,NA,973.698982666667,1895.47150326367
"1752",2021-07-14 12:10:55,1253,611,62.5879411111111,NA,NA,9.40957222222222,NA,NA,NA,NA,965.796019716667,1887.95826357885
"1753",2021-07-14 12:11:00,1258,606,62.5878933333333,NA,NA,9.41286666666667,NA,NA,NA,NA,957.8930496,1895.51252801064
"1754",2021-07-14 12:11:05,1263,601,62.5878455555556,NA,NA,9.41616111111111,NA,NA,NA,NA,949.990072316667,1903.06695551583
"1755",2021-07-14 12:11:10,1263,606,62.5877977777778,NA,NA,9.41945555555555,NA,NA,NA,NA,957.8939182,1903.08754946176
"1756",2021-07-14 12:11:15,1263,611,62.58775,NA,NA,9.42275,NA,NA,NA,NA,965.79777125,1903.10814342558
"1757",2021-07-14 12:11:20,1263,616,62.5877022222222,NA,NA,9.42604444444444,NA,NA,NA,NA,973.701631466667,1903.12873740729
"1758",2021-07-14 12:11:25,1263,616,62.5876544444444,NA,NA,9.42933888888889,NA,NA,NA,NA,973.702072933333,1903.1493314069
"1759",2021-07-14 12:11:30,1263,621,62.5876066666667,NA,NA,9.43263333333333,NA,NA,NA,NA,981.6059439,1903.1699254244
"1760",2021-07-14 12:11:35,1263,631,62.5875588888889,NA,NA,9.43592777777778,NA,NA,NA,NA,997.413255116667,1903.19051945979
"1761",2021-07-14 12:11:40,1263,631,62.5875111111111,NA,NA,9.43922222222222,NA,NA,NA,NA,997.413707333333,1903.21111351307
"1762",2021-07-14 12:11:45,1258,636,62.5874633333333,NA,NA,9.44251666666667,NA,NA,NA,NA,1005.3175998,1895.69714025414
"1763",2021-07-14 12:11:50,1253,636,62.5874155555556,NA,NA,9.44581111111111,NA,NA,NA,NA,1005.3180556,1888.18300395618
"1764",2021-07-14 12:11:55,1253,641,62.5873677777778,NA,NA,9.44910555555555,NA,NA,NA,NA,1013.22195881667,1888.20343500607
"1765",2021-07-14 12:12:00,1253,646,62.58732,NA,NA,9.4524,NA,NA,NA,NA,1021.1258692,1888.22386607372
"1766",2021-07-14 12:12:05,1253,646,62.5872722222222,NA,NA,9.45569444444444,NA,NA,NA,NA,1021.12633216667,1888.24429715911
"1767",2021-07-14 12:12:10,1253,641,62.5872244444444,NA,NA,9.45898888888889,NA,NA,NA,NA,1013.22333696667,1888.26472826226
"1768",2021-07-14 12:12:15,1253,641,62.5871766666667,NA,NA,9.46228333333333,NA,NA,NA,NA,1013.22379635,1888.28515938315
"1769",2021-07-14 12:12:20,1253,641,62.5871288888889,NA,NA,9.46557777777778,NA,NA,NA,NA,1013.22425573333,1888.3055905218
"1770",2021-07-14 12:12:25,1253,641,62.5870811111111,NA,NA,9.46887222222222,NA,NA,NA,NA,1013.22471511667,1888.32602167819
"1771",2021-07-14 12:12:30,1258,641,62.5870333333333,NA,NA,9.47216666666667,NA,NA,NA,NA,1013.2251745,1895.88175394114
"1772",2021-07-14 12:12:35,1263,636,62.5869855555556,NA,NA,9.47546111111111,NA,NA,NA,NA,1005.3221578,1903.43764928002
"1773",2021-07-14 12:12:40,1263,636,62.5869377777778,NA,NA,9.47875555555555,NA,NA,NA,NA,1005.3226136,1903.45824354801
"1774",2021-07-14 12:12:45,1263,631,62.58689,NA,NA,9.48205,NA,NA,NA,NA,997.41958615,1903.47883783388
"1775",2021-07-14 12:12:50,1263,631,62.5868422222222,NA,NA,9.48534444444444,NA,NA,NA,NA,997.420038366667,1903.49943213765
"1776",2021-07-14 12:12:55,1258,631,62.5867944444444,NA,NA,9.48863888888889,NA,NA,NA,NA,997.420490583333,1895.98431772431
"1777",2021-07-14 12:13:00,1258,631,62.5867466666667,NA,NA,9.49193333333333,NA,NA,NA,NA,997.4209428,1896.00483053441
"1778",2021-07-14 12:13:05,1258,631,62.5866988888889,NA,NA,9.49522777777778,NA,NA,NA,NA,997.421395016666,1896.02534336233
"1779",2021-07-14 12:13:10,1253,631,62.5866511111111,NA,NA,9.49852222222222,NA,NA,NA,NA,997.421847233333,1888.50990288451
"1780",2021-07-14 12:13:15,1248,636,62.5866033333333,NA,NA,9.50181666666667,NA,NA,NA,NA,1005.3258042,1880.99429936518
"1781",2021-07-14 12:13:20,1243,641,62.5865555555556,NA,NA,9.50511111111111,NA,NA,NA,NA,1013.22976833333,1873.47853280413
"1782",2021-07-14 12:13:25,1243,641,62.5865077777778,NA,NA,9.50840555555556,NA,NA,NA,NA,1013.23022771667,1873.49880111392
"1783",2021-07-14 12:13:30,1243,641,62.58646,NA,NA,9.5117,NA,NA,NA,NA,1013.2306871,1873.51906944131
"1784",2021-07-14 12:13:35,1238,641,62.5864122222222,NA,NA,9.51499444444444,NA,NA,NA,NA,1013.23114648333,1866.00297681372
"1785",2021-07-14 12:13:40,1238,641,62.5863644444444,NA,NA,9.51828888888889,NA,NA,NA,NA,1013.23160586667,1866.02316364631
"1786",2021-07-14 12:13:45,1238,646,62.5863166666667,NA,NA,9.52158333333333,NA,NA,NA,NA,1021.1355915,1866.04335049644
"1787",2021-07-14 12:13:50,1243,646,62.5862688888889,NA,NA,9.52487777777778,NA,NA,NA,NA,1021.13605446667,1873.60014292697
"1788",2021-07-14 12:13:55,1248,646,62.5862211111111,NA,NA,9.52817222222222,NA,NA,NA,NA,1021.13651743333,1881.1570984355
"1789",2021-07-14 12:14:00,1253,646,62.5861733333333,NA,NA,9.53146666666667,NA,NA,NA,NA,1021.1369804,1888.71421702224
"1790",2021-07-14 12:14:05,1258,646,62.5861255555556,NA,NA,9.53476111111111,NA,NA,NA,NA,1021.13744336667,1896.2714986874
"1791",2021-07-14 12:14:10,1263,636,62.5860777777778,NA,NA,9.53805555555556,NA,NA,NA,NA,1005.330818,1903.8289434312
"1792",2021-07-14 12:14:15,1263,636,62.58603,NA,NA,9.54135,NA,NA,NA,NA,1005.3312738,1903.84953803913
"1793",2021-07-14 12:14:20,1263,636,62.5859822222222,NA,NA,9.54464444444444,NA,NA,NA,NA,1005.3317296,1903.87013266495
"1794",2021-07-14 12:14:25,1263,636,62.5859344444444,NA,NA,9.54793888888889,NA,NA,NA,NA,1005.3321854,1903.89072730866
"1795",2021-07-14 12:14:30,1263,641,62.5858866666667,NA,NA,9.55123333333333,NA,NA,NA,NA,1013.2361997,1903.91132197026
"1796",2021-07-14 12:14:35,1268,641,62.5858388888889,NA,NA,9.55452777777778,NA,NA,NA,NA,1013.23665908333,1911.46925598724
"1797",2021-07-14 12:14:40,1268,651,62.5857911111111,NA,NA,9.55782222222222,NA,NA,NA,NA,1029.0442498,1911.4899322155
"1798",2021-07-14 12:14:45,1263,651,62.5857433333333,NA,NA,9.56111666666667,NA,NA,NA,NA,1029.04471635,1903.97310606242
"1799",2021-07-14 12:14:50,1253,651,62.5856955555556,NA,NA,9.56441111111111,NA,NA,NA,NA,1029.0451829,1888.91853293497
"1800",2021-07-14 12:14:55,1248,646,62.5856477777778,NA,NA,9.56770555555556,NA,NA,NA,NA,1021.14207303333,1881.40129916249
"1801",2021-07-14 12:15:00,1248,641,62.5856,6.644,64.242,9.571,"Stn02",64.242,0.168906421,0.023851602,1013.238956,1881.42164933798
"1802",2021-07-14 12:15:05,1253,641,62.5855144444444,NA,NA,9.57482222222222,NA,NA,NA,NA,1013.23977861667,1888.98364124133
"1803",2021-07-14 12:15:10,1258,641,62.5854288888889,NA,NA,9.57864444444444,NA,NA,NA,NA,1013.24060123333,1896.54582667659
"1804",2021-07-14 12:15:15,1258,641,62.5853433333333,NA,NA,9.58246666666667,NA,NA,NA,NA,1013.24142385,1896.57016840889
"1805",2021-07-14 12:15:20,1258,646,62.5852577777778,NA,NA,9.58628888888889,NA,NA,NA,NA,1021.14585213333,1896.59451017821
"1806",2021-07-14 12:15:25,1253,641,62.5851722222222,NA,NA,9.59011111111111,NA,NA,NA,NA,1013.24306908333,1889.0806212533
"1807",2021-07-14 12:15:30,1258,641,62.5850866666667,NA,NA,9.59393333333333,NA,NA,NA,NA,1013.2438917,1896.64319382793
"1808",2021-07-14 12:15:35,1258,641,62.5850011111111,NA,NA,9.59775555555555,NA,NA,NA,NA,1013.24471431667,1896.66753570833
"1809",2021-07-14 12:15:40,1253,636,62.5849155555556,NA,NA,9.60157777777778,NA,NA,NA,NA,1005.3419056,1889.1533566495
"1810",2021-07-14 12:15:45,1253,631,62.58483,NA,NA,9.6054,NA,NA,NA,NA,997.43908405,1889.17760185532
"1811",2021-07-14 12:15:50,1253,631,62.5847444444444,NA,NA,9.60922222222222,NA,NA,NA,NA,997.439893833333,1889.20184709801
"1812",2021-07-14 12:15:55,1253,631,62.5846588888889,NA,NA,9.61304444444444,NA,NA,NA,NA,997.440703616667,1889.22609237759
"1813",2021-07-14 12:16:00,1253,626,62.5845733333333,NA,NA,9.61686666666667,NA,NA,NA,NA,989.5378564,1889.25033769404
"1814",2021-07-14 12:16:05,1248,626,62.5844877777778,NA,NA,9.62068888888889,NA,NA,NA,NA,989.538659766667,1881.7355783265
"1815",2021-07-14 12:16:10,1243,626,62.5844022222222,NA,NA,9.62451111111111,NA,NA,NA,NA,989.539463133333,1874.22062549713
"1816",2021-07-14 12:16:15,1248,626,62.5843166666667,NA,NA,9.62833333333333,NA,NA,NA,NA,989.5402665,1881.78387564492
"1817",2021-07-14 12:16:20,1243,626,62.5842311111111,NA,NA,9.63215555555555,NA,NA,NA,NA,989.541069866667,1874.26872938983
"1818",2021-07-14 12:16:25,1243,626,62.5841455555556,NA,NA,9.63597777777778,NA,NA,NA,NA,989.541873233333,1874.29278139106
"1819",2021-07-14 12:16:30,1243,631,62.58406,NA,NA,9.6398,NA,NA,NA,NA,997.4463721,1874.31683342888
"1820",2021-07-14 12:16:35,1248,641,62.5839744444444,NA,NA,9.64362222222222,NA,NA,NA,NA,1013.25458571667,1881.88047072251
"1821",2021-07-14 12:16:40,1253,646,62.5838888888889,NA,NA,9.64744444444444,NA,NA,NA,NA,1021.15911666667,1889.44430155322
"1822",2021-07-14 12:16:45,1253,641,62.5838033333333,NA,NA,9.65126666666667,NA,NA,NA,NA,1013.25623095,1889.46854720156
"1823",2021-07-14 12:16:50,1253,631,62.5837177777778,NA,NA,9.65508888888889,NA,NA,NA,NA,997.449611233333,1889.49279288679
"1824",2021-07-14 12:16:55,1248,631,62.5836322222222,NA,NA,9.65891111111111,NA,NA,NA,NA,997.450421016667,1881.97706638778
"1825",2021-07-14 12:17:00,1248,631,62.5835466666667,NA,NA,9.66273333333333,NA,NA,NA,NA,997.4512308,1882.00121539592
"1826",2021-07-14 12:17:05,1253,636,62.5834611111111,NA,NA,9.66655555555556,NA,NA,NA,NA,1005.355781,1889.56553016372
"1827",2021-07-14 12:17:10,1248,641,62.5833755555556,NA,NA,9.67037777777778,NA,NA,NA,NA,1013.26034403333,1882.0495135224
"1828",2021-07-14 12:17:15,1248,646,62.58329,NA,NA,9.6742,NA,NA,NA,NA,1021.1649199,1882.07366264073
"1829",2021-07-14 12:17:20,1248,641,62.5832044444444,NA,NA,9.67802222222222,NA,NA,NA,NA,1013.26198926667,1882.0978117958
"1830",2021-07-14 12:17:25,1253,641,62.5831188888889,NA,NA,9.68184444444444,NA,NA,NA,NA,1013.26281188333,1889.6625137159
"1831",2021-07-14 12:17:30,1253,641,62.5830333333333,NA,NA,9.68566666666667,NA,NA,NA,NA,1013.2636345,1889.68675969614
"1832",2021-07-14 12:17:35,1253,646,62.5829477777778,NA,NA,9.68948888888889,NA,NA,NA,NA,1021.16823603333,1889.71100571326
"1833",2021-07-14 12:17:40,1248,651,62.5828622222222,NA,NA,9.69331111111111,NA,NA,NA,NA,1029.0728504,1882.19440878335
"1834",2021-07-14 12:17:45,1248,651,62.5827766666667,NA,NA,9.69713333333333,NA,NA,NA,NA,1029.07368585,1882.21855812206
"1835",2021-07-14 12:17:50,1248,651,62.5826911111111,NA,NA,9.70095555555556,NA,NA,NA,NA,1029.0745213,1882.2427074975
"1836",2021-07-14 12:17:55,1248,651,62.5826055555556,NA,NA,9.70477777777778,NA,NA,NA,NA,1029.07535675,1882.26685690968
"1837",2021-07-14 12:18:00,1248,641,62.58252,NA,NA,9.7086,NA,NA,NA,NA,1013.2685702,1882.29100635858
"1838",2021-07-14 12:18:05,1248,636,62.5824344444444,NA,NA,9.71242222222222,NA,NA,NA,NA,1005.3655754,1882.31515584421
"1839",2021-07-14 12:18:10,1248,636,62.5823488888889,NA,NA,9.71624444444444,NA,NA,NA,NA,1005.3663916,1882.33930536658
"1840",2021-07-14 12:18:15,1248,636,62.5822633333333,NA,NA,9.72006666666667,NA,NA,NA,NA,1005.3672078,1882.36345492567
"1841",2021-07-14 12:18:20,1248,636,62.5821777777778,NA,NA,9.72388888888889,NA,NA,NA,NA,1005.368024,1882.38760452149
"1842",2021-07-14 12:18:25,1253,641,62.5820922222222,NA,NA,9.72771111111111,NA,NA,NA,NA,1013.27268328333,1889.95346791268
"1843",2021-07-14 12:18:30,1253,641,62.5820066666667,NA,NA,9.73153333333333,NA,NA,NA,NA,1013.2735059,1889.97771433544
"1844",2021-07-14 12:18:35,1253,646,62.5819211111111,NA,NA,9.73535555555556,NA,NA,NA,NA,1021.17818443333,1890.00196079509
"1845",2021-07-14 12:18:40,1253,651,62.5818355555556,NA,NA,9.73917777777778,NA,NA,NA,NA,1029.0828758,1890.02620729161
"1846",2021-07-14 12:18:45,1253,646,62.58175,NA,NA,9.743,NA,NA,NA,NA,1021.1798425,1890.050453825
"1847",2021-07-14 12:18:50,1258,646,62.5816644444444,NA,NA,9.74682222222222,NA,NA,NA,NA,1021.18067153333,1897.61689792279
"1848",2021-07-14 12:18:55,1258,646,62.5815788888889,NA,NA,9.75064444444445,NA,NA,NA,NA,1021.18150056667,1897.64124128416
"1849",2021-07-14 12:19:00,1263,646,62.5814933333333,NA,NA,9.75446666666667,NA,NA,NA,NA,1021.1823296,1905.20797571866
"1850",2021-07-14 12:19:05,1263,646,62.5814077777778,NA,NA,9.75828888888889,NA,NA,NA,NA,1021.18315863333,1905.23241590859
"1851",2021-07-14 12:19:10,1258,646,62.5813222222222,NA,NA,9.76211111111111,NA,NA,NA,NA,1021.18398766667,1897.71427159042
"1852",2021-07-14 12:19:15,1253,641,62.5812366666667,NA,NA,9.76593333333333,NA,NA,NA,NA,1013.28090945,1890.19593379981
"1853",2021-07-14 12:19:20,1253,636,62.5811511111111,NA,NA,9.76975555555556,NA,NA,NA,NA,1005.3778184,1890.22018059135
"1854",2021-07-14 12:19:25,1248,636,62.5810655555556,NA,NA,9.77357777777778,NA,NA,NA,NA,1005.3786346,1882.70155260963
"1855",2021-07-14 12:19:30,1248,636,62.58098,NA,NA,9.7774,NA,NA,NA,NA,1005.3794508,1882.72570271967
"1856",2021-07-14 12:19:35,1243,636,62.5808944444444,NA,NA,9.78122222222222,NA,NA,NA,NA,1005.380267,1875.20678454567
"1857",2021-07-14 12:19:40,1248,631,62.5808088888889,NA,NA,9.78504444444444,NA,NA,NA,NA,997.477143866667,1882.77400304995
"1858",2021-07-14 12:19:45,1248,626,62.5807233333333,NA,NA,9.78886666666667,NA,NA,NA,NA,989.5740079,1882.79815327018
"1859",2021-07-14 12:19:50,1248,631,62.5806377777778,NA,NA,9.79268888888889,NA,NA,NA,NA,997.478763433333,1882.82230352715
"1860",2021-07-14 12:19:55,1248,636,62.5805522222222,NA,NA,9.79651111111111,NA,NA,NA,NA,1005.3835318,1882.84645382084
"1861",2021-07-14 12:20:00,1253,636,62.5804666666667,NA,NA,9.80033333333333,NA,NA,NA,NA,1005.384348,1890.41415625123
"1862",2021-07-14 12:20:05,1253,636,62.5803811111111,NA,NA,9.80415555555556,NA,NA,NA,NA,1005.3851642,1890.43840337466
"1863",2021-07-14 12:20:10,1253,641,62.5802955555556,NA,NA,9.80797777777778,NA,NA,NA,NA,1013.28995823333,1890.46265053497
"1864",2021-07-14 12:20:15,1243,646,62.58021,NA,NA,9.8118,NA,NA,NA,NA,1021.1947651,1875.39921299367
"1865",2021-07-14 12:20:20,1243,641,62.5801244444444,NA,NA,9.81562222222222,NA,NA,NA,NA,1013.29160346667,1875.4232667143
"1866",2021-07-14 12:20:25,1243,636,62.5800388888889,NA,NA,9.81944444444444,NA,NA,NA,NA,1005.388429,1875.4473204715
"1867",2021-07-14 12:20:30,1248,636,62.5799533333333,NA,NA,9.82326666666667,NA,NA,NA,NA,1005.3892452,1883.01550690514
"1868",2021-07-14 12:20:35,1243,636,62.5798677777778,NA,NA,9.82708888888889,NA,NA,NA,NA,1005.3900614,1875.49542809567
"1869",2021-07-14 12:20:40,1238,631,62.5797822222222,NA,NA,9.83091111111111,NA,NA,NA,NA,997.486861266667,1867.97515580831
"1870",2021-07-14 12:20:45,1233,631,62.5796966666667,NA,NA,9.83473333333333,NA,NA,NA,NA,997.48767105,1860.45469004262
"1871",2021-07-14 12:20:50,1233,636,62.5796111111111,NA,NA,9.83855555555555,NA,NA,NA,NA,1005.39251,1860.47855046753
"1872",2021-07-14 12:20:55,1238,636,62.5795255555556,NA,NA,9.84237777777778,NA,NA,NA,NA,1005.3933262,1868.04702735586
"1873",2021-07-14 12:21:00,1238,641,62.57944,NA,NA,9.8462,NA,NA,NA,NA,1013.2981844,1868.07098461125
"1874",2021-07-14 12:21:05,1238,641,62.5793544444444,NA,NA,9.85002222222222,NA,NA,NA,NA,1013.29900701667,1868.09494190307
"1875",2021-07-14 12:21:10,1243,646,62.5792688888889,NA,NA,9.85384444444444,NA,NA,NA,NA,1021.20388446667,1875.66380593259
"1876",2021-07-14 12:21:15,1238,651,62.5791833333333,NA,NA,9.85766666666667,NA,NA,NA,NA,1029.10877475,1868.14285659603
"1877",2021-07-14 12:21:20,1238,651,62.5790977777778,NA,NA,9.86148888888889,NA,NA,NA,NA,1029.1096102,1868.16681399716
"1878",2021-07-14 12:21:25,1238,646,62.5790122222222,NA,NA,9.86531111111111,NA,NA,NA,NA,1021.20637156667,1868.19077143473
"1879",2021-07-14 12:21:30,1238,646,62.5789266666667,NA,NA,9.86913333333333,NA,NA,NA,NA,1021.2072006,1868.21472890874
"1880",2021-07-14 12:21:35,1243,641,62.5788411111111,NA,NA,9.87295555555556,NA,NA,NA,NA,1013.30394271667,1875.7840769136
"1881",2021-07-14 12:21:40,1243,641,62.5787555555556,NA,NA,9.87677777777778,NA,NA,NA,NA,1013.30476533333,1875.80813121955
"1882",2021-07-14 12:21:45,1243,636,62.57867,NA,NA,9.8806,NA,NA,NA,NA,1005.4014882,1875.83218556208
"1883",2021-07-14 12:21:50,1243,641,62.5785844444444,NA,NA,9.88442222222222,NA,NA,NA,NA,1013.30641056667,1875.8562399412
"1884",2021-07-14 12:21:55,1243,646,62.5784988888889,NA,NA,9.88824444444444,NA,NA,NA,NA,1021.21134576667,1875.88029435689
"1885",2021-07-14 12:22:00,1238,646,62.5784133333333,NA,NA,9.89206666666667,NA,NA,NA,NA,1021.2121748,1868.35847451791
"1886",2021-07-14 12:22:05,1233,646,62.5783277777778,NA,NA,9.89588888888889,NA,NA,NA,NA,1021.21300383333,1860.83646119588
"1887",2021-07-14 12:22:10,1233,641,62.5782422222222,NA,NA,9.89971111111111,NA,NA,NA,NA,1013.30970103333,1860.86032220141
"1888",2021-07-14 12:22:15,1238,646,62.5781566666667,NA,NA,9.90353333333333,NA,NA,NA,NA,1021.2146619,1868.43034781438
"1889",2021-07-14 12:22:20,1238,646,62.5780711111111,NA,NA,9.90735555555556,NA,NA,NA,NA,1021.21549093333,1868.45430565274
"1890",2021-07-14 12:22:25,1238,646,62.5779855555556,NA,NA,9.91117777777778,NA,NA,NA,NA,1021.21631996667,1868.47826352753
"1891",2021-07-14 12:22:30,1238,646,62.5779,NA,NA,9.915,NA,NA,NA,NA,1021.217149,1868.50222143876
"1892",2021-07-14 12:22:35,1238,646,62.5778144444444,NA,NA,9.91882222222222,NA,NA,NA,NA,1021.21797803333,1868.52617938643
"1893",2021-07-14 12:22:40,1248,646,62.5777288888889,NA,NA,9.92264444444444,NA,NA,NA,NA,1021.21880706667,1883.64343411828
"1894",2021-07-14 12:22:45,1248,641,62.5776433333333,NA,NA,9.92646666666667,NA,NA,NA,NA,1013.31545935,1883.66758566079
"1895",2021-07-14 12:22:50,1243,636,62.5775577777778,NA,NA,9.93028888888889,NA,NA,NA,NA,1005.4120988,1876.14489534404
"1896",2021-07-14 12:22:55,1238,636,62.5774722222222,NA,NA,9.93411111111111,NA,NA,NA,NA,1005.412915,1868.62201154146
"1897",2021-07-14 12:23:00,1238,636,62.5773866666667,NA,NA,9.93793333333333,NA,NA,NA,NA,1005.4137312,1868.64596967131
"1898",2021-07-14 12:23:05,1233,636,62.5773011111111,NA,NA,9.94175555555556,NA,NA,NA,NA,1005.4145474,1861.12279565731
"1899",2021-07-14 12:23:10,1233,636,62.5772155555556,NA,NA,9.94557777777778,NA,NA,NA,NA,1005.4153636,1861.1466570983
"1900",2021-07-14 12:23:15,1238,641,62.57713,NA,NA,9.9494,NA,NA,NA,NA,1013.32039505,1868.71784427946
"1901",2021-07-14 12:23:20,1238,646,62.5770444444444,NA,NA,9.95322222222222,NA,NA,NA,NA,1021.22543933333,1868.74180255505
"1902",2021-07-14 12:23:25,1243,646,62.5769588888889,NA,NA,9.95704444444444,NA,NA,NA,NA,1021.22626836667,1876.31328009513
"1903",2021-07-14 12:23:30,1243,646,62.5768733333333,NA,NA,9.96086666666667,NA,NA,NA,NA,1021.2270974,1876.33733520591
"1904",2021-07-14 12:23:35,1243,641,62.5767877777778,NA,NA,9.96468888888889,NA,NA,NA,NA,1013.32368551667,1876.36139035326
"1905",2021-07-14 12:23:40,1248,636,62.5767022222222,NA,NA,9.96851111111111,NA,NA,NA,NA,1005.4202608,1883.93325505264
"1906",2021-07-14 12:23:45,1248,621,62.5766166666667,NA,NA,9.97233333333333,NA,NA,NA,NA,981.70831575,1883.95740703591
"1907",2021-07-14 12:23:50,1253,611,62.5765311111111,NA,NA,9.97615555555556,NA,NA,NA,NA,965.900592366667,1891.52956209701
"1908",2021-07-14 12:23:55,1253,596,62.5764455555556,NA,NA,9.97997777777778,NA,NA,NA,NA,942.188576733333,1891.55381091679
"1909",2021-07-14 12:24:00,1253,576,62.57636,NA,NA,9.9838,NA,NA,NA,NA,910.5722496,1891.57805977345
"1910",2021-07-14 12:24:05,1248,561,62.5762744444444,NA,NA,9.98762222222222,NA,NA,NA,NA,886.86015055,1884.05401533631
"1911",2021-07-14 12:24:10,1248,541,62.5761888888889,NA,NA,9.99144444444445,NA,NA,NA,NA,855.243727166667,1884.07816750324
"1912",2021-07-14 12:24:15,1248,516,62.5761033333333,NA,NA,9.99526666666667,NA,NA,NA,NA,815.7229602,1884.10231970689
"1913",2021-07-14 12:24:20,1248,496,62.5760177777778,NA,NA,9.99908888888889,NA,NA,NA,NA,784.106427733333,1884.12647194728
"1914",2021-07-14 12:24:25,1243,481,62.5759322222222,NA,NA,10.0029111111111,NA,NA,NA,NA,760.394149016667,1876.60194383888
"1915",2021-07-14 12:24:30,1238,471,62.5758466666667,NA,NA,10.0067333333333,NA,NA,NA,NA,744.5861433,1869.07722223905
"1916",2021-07-14 12:24:35,1233,461,62.5757611111111,NA,NA,10.0105555555556,NA,NA,NA,NA,728.778111916667,1861.55230714736
"1917",2021-07-14 12:24:40,1238,456,62.5756755555556,NA,NA,10.0143777777778,NA,NA,NA,NA,720.8743792,1869.12513991974
"1918",2021-07-14 12:24:45,1243,461,62.57559,NA,NA,10.0182,NA,NA,NA,NA,728.77929515,1876.69816625744
"1919",2021-07-14 12:24:50,1248,466,62.5755044444444,NA,NA,10.0220222222222,NA,NA,NA,NA,736.684223933333,1884.27138616092
"1920",2021-07-14 12:24:55,1243,481,62.5754188888889,NA,NA,10.0258444444444,NA,NA,NA,NA,760.397852716667,1876.74627768623
"1921",2021-07-14 12:25:00,1243,491,62.5753333333333,NA,NA,10.0296666666667,NA,NA,NA,NA,776.20717,1876.77033345549
"1922",2021-07-14 12:25:05,1243,506,62.5752477777778,NA,NA,10.0334888888889,NA,NA,NA,NA,799.920869366667,1876.79438926134
"1923",2021-07-14 12:25:10,1243,521,62.5751622222222,NA,NA,10.0373111111111,NA,NA,NA,NA,823.634607233333,1876.81844510377
"1924",2021-07-14 12:25:15,1243,536,62.5750766666667,NA,NA,10.0411333333333,NA,NA,NA,NA,847.3483836,1876.84250098278
"1925",2021-07-14 12:25:20,1243,551,62.5749911111111,NA,NA,10.0449555555556,NA,NA,NA,NA,871.062198466667,1876.86655689838
"1926",2021-07-14 12:25:25,1238,566,62.5749055555556,NA,NA,10.0487777777778,NA,NA,NA,NA,894.776051833333,1869.34077128639
"1927",2021-07-14 12:25:30,1238,576,62.57482,NA,NA,10.0526,NA,NA,NA,NA,910.5855552,1869.36473050931
"1928",2021-07-14 12:25:35,1238,586,62.5747344444444,NA,NA,10.0564222222222,NA,NA,NA,NA,926.395084233333,1869.38868976867
"1929",2021-07-14 12:25:40,1243,591,62.5746488888889,NA,NA,10.0602444444444,NA,NA,NA,NA,934.3002376,1876.96278092659
"1930",2021-07-14 12:25:45,1243,606,62.5745633333333,NA,NA,10.0640666666667,NA,NA,NA,NA,958.0142193,1876.9868370251
"1931",2021-07-14 12:25:50,1248,616,62.5744777777778,NA,NA,10.0678888888889,NA,NA,NA,NA,973.823825333333,1884.56121855505
"1932",2021-07-14 12:25:55,1248,631,62.5743922222222,NA,NA,10.0717111111111,NA,NA,NA,NA,997.537877616667,1884.5853714933
"1933",2021-07-14 12:26:00,1253,646,62.5743066666667,NA,NA,10.0755333333333,NA,NA,NA,NA,1021.2519684,1892.16004339645
"1934",2021-07-14 12:26:05,1248,656,62.5742211111111,NA,NA,10.0793555555556,NA,NA,NA,NA,1037.06166426667,1884.63367748
"1935",2021-07-14 12:26:10,1248,666,62.5741355555556,NA,NA,10.0831777777778,NA,NA,NA,NA,1052.8713858,1884.65783052845
"1936",2021-07-14 12:26:15,1243,676,62.57405,NA,NA,10.087,NA,NA,NA,NA,1068.681133,1877.1311743844
"1937",2021-07-14 12:26:20,1248,686,62.5739644444444,NA,NA,10.0908222222222,NA,NA,NA,NA,1084.49090586667,1884.70613673553
"1938",2021-07-14 12:26:25,1248,696,62.5738788888889,NA,NA,10.0946444444444,NA,NA,NA,NA,1100.3007044,1884.73028989417
"1939",2021-07-14 12:26:30,1248,711,62.5737933333333,NA,NA,10.0984666666667,NA,NA,NA,NA,1124.0149941,1884.75444308953
"1940",2021-07-14 12:26:35,1243,722,62.5737077777778,NA,NA,10.1022888888889,NA,NA,NA,NA,1141.40574476667,1877.22740002226
"1941",2021-07-14 12:26:40,1243,732,62.5736222222222,NA,NA,10.1061111111111,NA,NA,NA,NA,1157.215628,1877.25145652318
"1942",2021-07-14 12:26:45,1243,737,62.5735366666667,NA,NA,10.1099333333333,NA,NA,NA,NA,1165.12105215,1877.27551306069
"1943",2021-07-14 12:26:50,1243,747,62.5734511111111,NA,NA,10.1137555555556,NA,NA,NA,NA,1180.9309803,1877.29956963478
"1944",2021-07-14 12:26:55,1243,752,62.5733655555556,NA,NA,10.1175777777778,NA,NA,NA,NA,1188.83643653333,1877.32362624545
"1945",2021-07-14 12:27:00,1248,762,62.57328,NA,NA,10.1214,NA,NA,NA,NA,1204.6464096,1884.89936303306
"1946",2021-07-14 12:27:05,1248,772,62.5731944444444,NA,NA,10.1252222222222,NA,NA,NA,NA,1220.45640833333,1884.92351648553
"1947",2021-07-14 12:27:10,1248,777,62.5731088888889,NA,NA,10.1290444444444,NA,NA,NA,NA,1228.3619159,1884.94766997474
"1948",2021-07-14 12:27:15,1248,782,62.5730233333333,NA,NA,10.1328666666667,NA,NA,NA,NA,1236.2674363,1884.97182350068
"1949",2021-07-14 12:27:20,1243,782,62.5729377777778,NA,NA,10.1366888888889,NA,NA,NA,NA,1236.26843986667,1877.44390984754
"1950",2021-07-14 12:27:25,1248,792,62.5728522222222,NA,NA,10.1405111111111,NA,NA,NA,NA,1252.0785156,1885.02013066274
"1951",2021-07-14 12:27:30,1243,792,62.5727666666667,NA,NA,10.1443333333333,NA,NA,NA,NA,1252.079532,1877.49202354446
"1952",2021-07-14 12:27:35,1243,792,62.5726811111111,NA,NA,10.1481555555556,NA,NA,NA,NA,1252.0805484,1877.5160804478
"1953",2021-07-14 12:27:40,1238,792,62.5725955555556,NA,NA,10.1519777777778,NA,NA,NA,NA,1252.0815648,1869.98768309412
"1954",2021-07-14 12:27:45,1238,792,62.57251,NA,NA,10.1558,NA,NA,NA,NA,1252.0825812,1870.0116433008
"1955",2021-07-14 12:27:50,1233,797,62.5724244444444,NA,NA,10.1596222222222,NA,NA,NA,NA,1259.98816576667,1862.48295571054
"1956",2021-07-14 12:27:55,1233,802,62.5723388888889,NA,NA,10.1634444444444,NA,NA,NA,NA,1267.89376316667,1862.50681921998
"1957",2021-07-14 12:28:00,1238,812,62.5722533333333,NA,NA,10.1672666666667,NA,NA,NA,NA,1283.7039544,1870.08352413946
"1958",2021-07-14 12:28:05,1238,822,62.5721677777778,NA,NA,10.1710888888889,NA,NA,NA,NA,1299.5141713,1870.10748449189
"1959",2021-07-14 12:28:10,1238,827,62.5720822222222,NA,NA,10.1749111111111,NA,NA,NA,NA,1307.41982003333,1870.13144488075
"1960",2021-07-14 12:28:15,1233,827,62.5719966666667,NA,NA,10.1787333333333,NA,NA,NA,NA,1307.42088135,1862.60227362064
"1961",2021-07-14 12:28:20,1238,837,62.5719111111111,NA,NA,10.1825555555556,NA,NA,NA,NA,1323.231156,1870.17936576778
"1962",2021-07-14 12:28:25,1238,837,62.5718255555556,NA,NA,10.1863777777778,NA,NA,NA,NA,1323.23223015,1870.20332626594
"1963",2021-07-14 12:28:30,1238,842,62.57174,NA,NA,10.1902,NA,NA,NA,NA,1331.1379238,1870.22728680055
"1964",2021-07-14 12:28:35,1238,847,62.5716544444444,NA,NA,10.1940222222222,NA,NA,NA,NA,1339.04363028333,1870.25124737159
"1965",2021-07-14 12:28:40,1243,852,62.5715688888889,NA,NA,10.1978444444444,NA,NA,NA,NA,1346.9493496,1877.82882352017
"1966",2021-07-14 12:28:45,1238,852,62.5714833333333,NA,NA,10.2016666666667,NA,NA,NA,NA,1346.950443,1870.29916862297
"1967",2021-07-14 12:28:50,1238,852,62.5713977777778,NA,NA,10.2054888888889,NA,NA,NA,NA,1346.9515364,1870.32312930332
"1968",2021-07-14 12:28:55,1238,857,62.5713122222222,NA,NA,10.2093111111111,NA,NA,NA,NA,1354.85728138333,1870.3470900201
"1969",2021-07-14 12:29:00,1238,862,62.5712266666667,NA,NA,10.2131333333333,NA,NA,NA,NA,1362.7630392,1870.37105077332
"1970",2021-07-14 12:29:05,1238,867,62.5711411111111,NA,NA,10.2169555555556,NA,NA,NA,NA,1370.66880985,1870.39501156297
"1971",2021-07-14 12:29:10,1233,872,62.5710555555556,NA,NA,10.2207777777778,NA,NA,NA,NA,1378.57459333333,1862.86477621625
"1972",2021-07-14 12:29:15,1233,877,62.57097,NA,NA,10.2246,NA,NA,NA,NA,1386.48038965,1862.88864030631
"1973",2021-07-14 12:29:20,1233,877,62.5708844444444,NA,NA,10.2284222222222,NA,NA,NA,NA,1386.48151513333,1862.91250443265
"1974",2021-07-14 12:29:25,1233,872,62.5707988888889,NA,NA,10.2322444444444,NA,NA,NA,NA,1378.57795053333,1862.93636859529
"1975",2021-07-14 12:29:30,1228,877,62.5707133333333,NA,NA,10.2360666666667,NA,NA,NA,NA,1386.4837661,1855.40564953066
"1976",2021-07-14 12:29:35,1233,877,62.5706277777778,NA,NA,10.2398888888889,NA,NA,NA,NA,1386.48489158333,1862.98409702943
"1977",2021-07-14 12:29:40,1238,882,62.5705422222222,NA,NA,10.2437111111111,NA,NA,NA,NA,1394.3907264,1870.56273811075
"1978",2021-07-14 12:29:45,1238,887,62.5704566666667,NA,NA,10.2475333333333,NA,NA,NA,NA,1402.29657405,1870.58669919189
"1979",2021-07-14 12:29:50,1243,897,62.5703711111111,NA,NA,10.2513555555556,NA,NA,NA,NA,1418.1071567,1878.16563066613
"1980",2021-07-14 12:29:55,1243,902,62.5702855555556,NA,NA,10.2551777777778,NA,NA,NA,NA,1426.01303643333,1878.18968859378
"1981",2021-07-14 12:30:00,1248,902,62.5702,6.647,64.217,10.259,"Stn02",64.217,0.16792749,0.023500517,1426.014194,1885.76891046211
"1982",2021-07-14 12:30:05,1248,907,62.5700755555556,NA,NA,10.2617166666667,NA,NA,NA,NA,1433.92062206667,1885.78721718732
"1983",2021-07-14 12:30:10,1248,907,62.5699511111111,NA,NA,10.2644333333333,NA,NA,NA,NA,1433.92231513333,1885.80552395051
"1984",2021-07-14 12:30:15,1248,912,62.5698266666667,NA,NA,10.26715,NA,NA,NA,NA,1441.8287712,1885.82383075167
"1985",2021-07-14 12:30:20,1253,912,62.5697022222222,NA,NA,10.2698666666667,NA,NA,NA,NA,1441.8304736,1893.39759487281
"1986",2021-07-14 12:30:25,1248,917,62.5695777777778,NA,NA,10.2725833333333,NA,NA,NA,NA,1449.73695766667,1885.8604444679
"1987",2021-07-14 12:30:30,1248,917,62.5694533333333,NA,NA,10.2753,NA,NA,NA,NA,1449.7386694,1885.87875138297
"1988",2021-07-14 12:30:35,1248,917,62.5693288888889,NA,NA,10.2780166666667,NA,NA,NA,NA,1449.74038113333,1885.89705833602
"1989",2021-07-14 12:30:40,1243,917,62.5692044444444,NA,NA,10.2807333333333,NA,NA,NA,NA,1449.74209286667,1878.35961466467
"1990",2021-07-14 12:30:45,1238,917,62.56908,NA,NA,10.28345,NA,NA,NA,NA,1449.7438046,1870.82202434035
"1991",2021-07-14 12:30:50,1238,922,62.5689555555556,NA,NA,10.2861666666667,NA,NA,NA,NA,1457.65034466667,1870.84018471608
"1992",2021-07-14 12:30:55,1238,932,62.5688311111111,NA,NA,10.2888833333333,NA,NA,NA,NA,1473.46174106667,1870.85834512947
"1993",2021-07-14 12:31:00,1238,942,62.5687066666667,NA,NA,10.2916,NA,NA,NA,NA,1489.2731748,1870.87650558053
"1994",2021-07-14 12:31:05,1238,942,62.5685822222222,NA,NA,10.2943166666667,NA,NA,NA,NA,1489.2749332,1870.89466606925
"1995",2021-07-14 12:31:10,1238,942,62.5684577777778,NA,NA,10.2970333333333,NA,NA,NA,NA,1489.2766916,1870.91282659565
"1996",2021-07-14 12:31:15,1243,942,62.5683333333333,NA,NA,10.29975,NA,NA,NA,NA,1489.27845,1878.48725124356
"1997",2021-07-14 12:31:20,1243,947,62.5682088888889,NA,NA,10.3024666666667,NA,NA,NA,NA,1497.18509273333,1878.50548519182
"1998",2021-07-14 12:31:25,1243,947,62.5680844444444,NA,NA,10.3051833333333,NA,NA,NA,NA,1497.18686046667,1878.52371917791
"1999",2021-07-14 12:31:30,1243,952,62.56796,NA,NA,10.3079,NA,NA,NA,NA,1505.0935312,1878.54195320181
"2000",2021-07-14 12:31:35,1238,957,62.5678355555556,NA,NA,10.3106166666667,NA,NA,NA,NA,1513.0002206,1871.00362979265
"2001",2021-07-14 12:31:40,1238,962,62.5677111111111,NA,NA,10.3133333333333,NA,NA,NA,NA,1520.90692866667,1871.02179054505
"2002",2021-07-14 12:31:45,1243,962,62.5675866666667,NA,NA,10.31605,NA,NA,NA,NA,1520.9087244,1878.59665550045
"2003",2021-07-14 12:31:50,1243,962,62.5674622222222,NA,NA,10.3187666666667,NA,NA,NA,NA,1520.91052013333,1878.61488967564
"2004",2021-07-14 12:31:55,1243,962,62.5673377777778,NA,NA,10.3214833333333,NA,NA,NA,NA,1520.91231586667,1878.63312388865
"2005",2021-07-14 12:32:00,1238,962,62.5672133333333,NA,NA,10.3242,NA,NA,NA,NA,1520.9141116,1871.09443393135
"2006",2021-07-14 12:32:05,1238,967,62.5670888888889,NA,NA,10.3269166666667,NA,NA,NA,NA,1528.82087566667,1871.1125948721
"2007",2021-07-14 12:32:10,1238,967,62.5669644444444,NA,NA,10.3296333333333,NA,NA,NA,NA,1528.82268073333,1871.13075585051
"2008",2021-07-14 12:32:15,1238,967,62.56684,NA,NA,10.33235,NA,NA,NA,NA,1528.8244858,1871.1489168666
"2009",2021-07-14 12:32:20,1233,967,62.5667155555556,NA,NA,10.3350666666667,NA,NA,NA,NA,1528.82629086667,1863.6098603197
"2010",2021-07-14 12:32:25,1233,972,62.5665911111111,NA,NA,10.3377833333333,NA,NA,NA,NA,1536.7331016,1863.62794806261
"2011",2021-07-14 12:32:30,1233,977,62.5664666666667,NA,NA,10.3405,NA,NA,NA,NA,1544.639931,1863.64603584303
"2012",2021-07-14 12:32:35,1233,982,62.5663422222222,NA,NA,10.3432166666667,NA,NA,NA,NA,1552.54677906667,1863.66412366097
"2013",2021-07-14 12:32:40,1238,992,62.5662177777778,NA,NA,10.3459333333333,NA,NA,NA,NA,1568.35867946667,1871.23972251203
"2014",2021-07-14 12:32:45,1238,992,62.5660933333333,NA,NA,10.34865,NA,NA,NA,NA,1568.3605312,1871.25788375412
"2015",2021-07-14 12:32:50,1238,992,62.5659688888889,NA,NA,10.3513666666667,NA,NA,NA,NA,1568.36238293333,1871.27604503388
"2016",2021-07-14 12:32:55,1238,987,62.5658444444444,NA,NA,10.3540833333333,NA,NA,NA,NA,1560.459173,1871.29420635131
"2017",2021-07-14 12:33:00,1228,987,62.56572,NA,NA,10.3568,NA,NA,NA,NA,1560.4610154,1856.19675892041
"2018",2021-07-14 12:33:05,1228,987,62.5655955555556,NA,NA,10.3595166666667,NA,NA,NA,NA,1560.4628578,1856.21477361371
"2019",2021-07-14 12:33:10,1228,987,62.5654711111111,NA,NA,10.3622333333333,NA,NA,NA,NA,1560.4647002,1856.23278834439
"2020",2021-07-14 12:33:15,1228,992,62.5653466666667,NA,NA,10.36495,NA,NA,NA,NA,1568.3716416,1856.25080311242
"2021",2021-07-14 12:33:20,1228,997,62.5652222222222,NA,NA,10.3676666666667,NA,NA,NA,NA,1576.27860166667,1856.26881791782
"2022",2021-07-14 12:33:25,1233,1012,62.5650977777778,NA,NA,10.3703833333333,NA,NA,NA,NA,1599.99581573333,1863.84500390375
"2023",2021-07-14 12:33:30,1233,1017,62.5649733333333,NA,NA,10.3731,NA,NA,NA,NA,1607.9028318,1863.86309213436
"2024",2021-07-14 12:33:35,1233,1017,62.5648488888889,NA,NA,10.3758166666667,NA,NA,NA,NA,1607.9047302,1863.88118040249
"2025",2021-07-14 12:33:40,1233,1017,62.5647244444444,NA,NA,10.3785333333333,NA,NA,NA,NA,1607.9066286,1863.89926870814
"2026",2021-07-14 12:33:45,1233,1022,62.5646,NA,NA,10.38125,NA,NA,NA,NA,1615.813682,1863.91735705131
"2027",2021-07-14 12:33:50,1233,1027,62.5644755555556,NA,NA,10.3839666666667,NA,NA,NA,NA,1623.72075406667,1863.93544543199
"2028",2021-07-14 12:33:55,1238,1032,62.5643511111111,NA,NA,10.3866833333333,NA,NA,NA,NA,1631.6278448,1871.51214509856
"2029",2021-07-14 12:34:00,1238,1027,62.5642266666667,NA,NA,10.3894,NA,NA,NA,NA,1623.7245882,1871.53030690568
"2030",2021-07-14 12:34:05,1233,1022,62.5641022222222,NA,NA,10.3921166666667,NA,NA,NA,NA,1615.82131293333,1863.98971079912
"2031",2021-07-14 12:34:10,1233,1022,62.5639777777778,NA,NA,10.3948333333333,NA,NA,NA,NA,1615.82322066667,1864.00779932987
"2032",2021-07-14 12:34:15,1233,1027,62.5638533333333,NA,NA,10.39755,NA,NA,NA,NA,1623.7303394,1864.02588789813
"2033",2021-07-14 12:34:20,1233,1037,62.5637288888889,NA,NA,10.4002666666667,NA,NA,NA,NA,1639.54269713333,1864.04397650391
"2034",2021-07-14 12:34:25,1228,1037,62.5636044444444,NA,NA,10.4029833333333,NA,NA,NA,NA,1639.54463286667,1856.50301378813
"2035",2021-07-14 12:34:30,1228,1037,62.56348,NA,NA,10.4057,NA,NA,NA,NA,1639.5465686,1856.52102911662
"2036",2021-07-14 12:34:35,1233,1037,62.5633555555556,NA,NA,10.4084166666667,NA,NA,NA,NA,1639.54850433333,1864.09824254633
"2037",2021-07-14 12:34:40,1228,1042,62.5632311111111,NA,NA,10.4111333333333,NA,NA,NA,NA,1647.45569773333,1856.5570598857
"2038",2021-07-14 12:34:45,1228,1047,62.5631066666667,NA,NA,10.41385,NA,NA,NA,NA,1655.3629098,1856.57507532629
"2039",2021-07-14 12:34:50,1228,1047,62.5629822222222,NA,NA,10.4165666666667,NA,NA,NA,NA,1655.3648642,1856.59309080424
"2040",2021-07-14 12:34:55,1228,1047,62.5628577777778,NA,NA,10.4192833333333,NA,NA,NA,NA,1655.3668186,1856.61110631955
"2041",2021-07-14 12:35:00,1228,1047,62.5627333333333,NA,NA,10.422,NA,NA,NA,NA,1655.368773,1856.62912187223
"2042",2021-07-14 12:35:05,1228,1042,62.5626088888889,NA,NA,10.4247166666667,NA,NA,NA,NA,1647.46542306667,1856.64713746227
"2043",2021-07-14 12:35:10,1228,1042,62.5624844444444,NA,NA,10.4274333333333,NA,NA,NA,NA,1647.46736813333,1856.66515308968
"2044",2021-07-14 12:35:15,1233,1042,62.56236,NA,NA,10.43015,NA,NA,NA,NA,1647.4693132,1864.24295364352
"2045",2021-07-14 12:35:20,1233,1037,62.5622355555556,NA,NA,10.4328666666667,NA,NA,NA,NA,1639.56592593333,1864.26104269949
"2046",2021-07-14 12:35:25,1233,1037,62.5621111111111,NA,NA,10.4355833333333,NA,NA,NA,NA,1639.56786166667,1864.27913179297
"2047",2021-07-14 12:35:30,1233,1037,62.5619866666667,NA,NA,10.4383,NA,NA,NA,NA,1639.5697974,1864.29722092397
"2048",2021-07-14 12:35:35,1233,1042,62.5618622222222,NA,NA,10.4410166666667,NA,NA,NA,NA,1647.47709346667,1864.31531009249
"2049",2021-07-14 12:35:40,1238,1052,62.5617377777778,NA,NA,10.4437333333333,NA,NA,NA,NA,1663.28977786667,1871.89355095829
"2050",2021-07-14 12:35:45,1238,1057,62.5616133333333,NA,NA,10.44645,NA,NA,NA,NA,1671.1971206,1871.91171355644
"2051",2021-07-14 12:35:50,1238,1057,62.5614888888889,NA,NA,10.4491666666667,NA,NA,NA,NA,1671.19909366667,1871.92987619225
"2052",2021-07-14 12:35:55,1238,1057,62.5613644444444,NA,NA,10.4518833333333,NA,NA,NA,NA,1671.20106673333,1871.94803886574
"2053",2021-07-14 12:36:00,1233,1057,62.56124,NA,NA,10.4546,NA,NA,NA,NA,1671.2030398,1864.40575649782
"2054",2021-07-14 12:36:05,1228,1057,62.5611155555556,NA,NA,10.4573166666667,NA,NA,NA,NA,1671.20501286667,1856.86332745717
"2055",2021-07-14 12:36:10,1228,1052,62.5609911111111,NA,NA,10.4600333333333,NA,NA,NA,NA,1663.30156026667,1856.88134353294
"2056",2021-07-14 12:36:15,1233,1057,62.5608666666667,NA,NA,10.46275,NA,NA,NA,NA,1671.208959,1864.46002479122
"2057",2021-07-14 12:36:20,1233,1062,62.5607422222222,NA,NA,10.4654666666667,NA,NA,NA,NA,1679.1163764,1864.47811429738
"2058",2021-07-14 12:36:25,1238,1062,62.5606177777778,NA,NA,10.4681833333333,NA,NA,NA,NA,1679.1183588,1872.05701569767
"2059",2021-07-14 12:36:30,1238,1062,62.5604933333333,NA,NA,10.4709,NA,NA,NA,NA,1679.1203412,1872.07517863483
"2060",2021-07-14 12:36:35,1233,1062,62.5603688888889,NA,NA,10.4736166666667,NA,NA,NA,NA,1679.1223236,1864.53238304096
"2061",2021-07-14 12:36:40,1228,1067,62.5602444444444,NA,NA,10.4763333333333,NA,NA,NA,NA,1687.02978766667,1856.98944077222
"2062",2021-07-14 12:36:45,1223,1067,62.56012,NA,NA,10.47905,NA,NA,NA,NA,1687.0317794,1849.44635182815
"2063",2021-07-14 12:36:50,1228,1057,62.5599955555556,NA,NA,10.4817666666667,NA,NA,NA,NA,1671.22277046667,1857.02547348423
"2064",2021-07-14 12:36:55,1233,1057,62.5598711111111,NA,NA,10.4844833333333,NA,NA,NA,NA,1671.22474353333,1864.60474189097
"2065",2021-07-14 12:37:00,1233,1052,62.5597466666667,NA,NA,10.4872,NA,NA,NA,NA,1663.3211976,1864.62283169726
"2066",2021-07-14 12:37:05,1228,1047,62.5596222222222,NA,NA,10.4899166666667,NA,NA,NA,NA,1655.417633,1857.07952283247
"2067",2021-07-14 12:37:10,1228,1047,62.5594977777778,NA,NA,10.4926333333333,NA,NA,NA,NA,1655.4195874,1857.09753935661
"2068",2021-07-14 12:37:15,1228,1047,62.5593733333333,NA,NA,10.49535,NA,NA,NA,NA,1655.4215418,1857.11555591811
"2069",2021-07-14 12:37:20,1228,1052,62.5592488888889,NA,NA,10.4980666666667,NA,NA,NA,NA,1663.32905253333,1857.13357251698
"2070",2021-07-14 12:37:25,1223,1057,62.5591244444444,NA,NA,10.5007833333333,NA,NA,NA,NA,1671.23658193333,1849.58989701497
"2071",2021-07-14 12:37:30,1223,1057,62.559,NA,NA,10.5035,NA,NA,NA,NA,1671.238555,1849.60784033077
"2072",2021-07-14 12:37:35,1228,1057,62.5588755555556,NA,NA,10.5062166666667,NA,NA,NA,NA,1671.24052806667,1857.18762253777
"2073",2021-07-14 12:37:40,1223,1052,62.5587511111111,NA,NA,10.5089333333333,NA,NA,NA,NA,1663.33690746667,1849.64372707402
"2074",2021-07-14 12:37:45,1223,1052,62.5586266666667,NA,NA,10.51165,NA,NA,NA,NA,1663.3388712,1849.66167050146
"2075",2021-07-14 12:37:50,1223,1052,62.5585022222222,NA,NA,10.5143666666667,NA,NA,NA,NA,1663.34083493333,1849.67961396611
"2076",2021-07-14 12:37:55,1228,1052,62.5583777777778,NA,NA,10.5170833333333,NA,NA,NA,NA,1663.34279866667,1857.25968975525
"2077",2021-07-14 12:38:00,1228,1057,62.5582533333333,NA,NA,10.5198,NA,NA,NA,NA,1671.2503934,1857.27770665303
"2078",2021-07-14 12:38:05,1228,1062,62.5581288888889,NA,NA,10.5225166666667,NA,NA,NA,NA,1679.1580068,1857.29572358818
"2079",2021-07-14 12:38:10,1228,1067,62.5580044444444,NA,NA,10.5252333333333,NA,NA,NA,NA,1687.06563886667,1857.31374056068
"2080",2021-07-14 12:38:15,1228,1067,62.55788,NA,NA,10.52795,NA,NA,NA,NA,1687.0676306,1857.33175757056
"2081",2021-07-14 12:38:20,1233,1072,62.5577555555556,NA,NA,10.5306666666667,NA,NA,NA,NA,1694.97529066667,1864.91227370011
"2082",2021-07-14 12:38:25,1233,1072,62.5576311111111,NA,NA,10.5333833333333,NA,NA,NA,NA,1694.97729173333,1864.93036414418
"2083",2021-07-14 12:38:30,1233,1072,62.5575066666667,NA,NA,10.5361,NA,NA,NA,NA,1694.9792928,1864.94845462576
"2084",2021-07-14 12:38:35,1238,1067,62.5573822222222,NA,NA,10.5388166666667,NA,NA,NA,NA,1687.07559753333,1872.52926430603
"2085",2021-07-14 12:38:40,1238,1067,62.5572577777778,NA,NA,10.5415333333333,NA,NA,NA,NA,1687.07758926667,1872.54742822256
"2086",2021-07-14 12:38:45,1238,1057,62.5571333333333,NA,NA,10.54425,NA,NA,NA,NA,1671.268151,1872.56559217676
"2087",2021-07-14 12:38:50,1238,1057,62.5570088888889,NA,NA,10.5469666666667,NA,NA,NA,NA,1671.27012406667,1872.58375616863
"2088",2021-07-14 12:38:55,1238,1062,62.5568844444444,NA,NA,10.5496833333333,NA,NA,NA,NA,1679.1778308,1872.60192019817
"2089",2021-07-14 12:39:00,1238,1072,62.55676,NA,NA,10.5524,NA,NA,NA,NA,1694.9912992,1872.62008426538
"2090",2021-07-14 12:39:05,1238,1072,62.5566355555556,NA,NA,10.5551166666667,NA,NA,NA,NA,1694.99330026667,1872.63824837026
"2091",2021-07-14 12:39:10,1238,1072,62.5565111111111,NA,NA,10.5578333333333,NA,NA,NA,NA,1694.99530133333,1872.6564125128
"2092",2021-07-14 12:39:15,1238,1067,62.5563866666667,NA,NA,10.56055,NA,NA,NA,NA,1687.0915314,1872.67457669301
"2093",2021-07-14 12:39:20,1238,1067,62.5562622222222,NA,NA,10.5632666666667,NA,NA,NA,NA,1687.09352313333,1872.69274091089
"2094",2021-07-14 12:39:25,1238,1067,62.5561377777778,NA,NA,10.5659833333333,NA,NA,NA,NA,1687.09551486667,1872.71090516644
"2095",2021-07-14 12:39:30,1233,1067,62.5560133333333,NA,NA,10.5687,NA,NA,NA,NA,1687.0975066,1865.16554333098
"2096",2021-07-14 12:39:35,1238,1057,62.5558888888889,NA,NA,10.5714166666667,NA,NA,NA,NA,1671.28788166667,1872.74723379054
"2097",2021-07-14 12:39:40,1233,1052,62.5557644444444,NA,NA,10.5741333333333,NA,NA,NA,NA,1663.38403706667,1865.20172530708
"2098",2021-07-14 12:39:45,1233,1042,62.55564,NA,NA,10.57685,NA,NA,NA,NA,1647.5743468,1865.2198163514
"2099",2021-07-14 12:39:50,1233,1022,62.5555155555556,NA,NA,10.5795666666667,NA,NA,NA,NA,1615.95294653333,1865.23790743324
"2100",2021-07-14 12:39:55,1233,982,62.5553911111111,NA,NA,10.5822833333333,NA,NA,NA,NA,1552.70808893333,1865.25599855259
"2101",2021-07-14 12:40:00,1228,942,62.5552666666667,NA,NA,10.585,NA,NA,NA,NA,1489.463082,1857.71012340894
"2102",2021-07-14 12:40:05,1228,897,62.5551422222222,NA,NA,10.5877166666667,NA,NA,NA,NA,1418.3120614,1857.72814124082
"2103",2021-07-14 12:40:10,1228,857,62.5550177777778,NA,NA,10.5904333333333,NA,NA,NA,NA,1355.06674646667,1857.74615911006
"2104",2021-07-14 12:40:15,1228,812,62.5548933333333,NA,NA,10.59315,NA,NA,NA,NA,1283.9153992,1857.76417701667
"2105",2021-07-14 12:40:20,1228,772,62.5547688888889,NA,NA,10.5958666666667,NA,NA,NA,NA,1220.66977626667,1857.78219496064
"2106",2021-07-14 12:40:25,1233,737,62.5546444444444,NA,NA,10.5985833333333,NA,NA,NA,NA,1165.32990566667,1865.36454605656
"2107",2021-07-14 12:40:30,1228,706,62.55452,NA,NA,10.6013,NA,NA,NA,NA,1116.3146332,1857.81823096067
"2108",2021-07-14 12:40:35,1233,661,62.5543955555556,NA,NA,10.6040166666667,NA,NA,NA,NA,1045.16266806667,1865.40072885801
"2109",2021-07-14 12:40:40,1228,626,62.5542711111111,NA,NA,10.6067333333333,NA,NA,NA,NA,989.822394266667,1857.85426711016
"2110",2021-07-14 12:40:45,1228,606,62.5541466666667,NA,NA,10.60945,NA,NA,NA,NA,958.1998068,1857.87228524095
"2111",2021-07-14 12:40:50,1228,591,62.5540222222222,NA,NA,10.6121666666667,NA,NA,NA,NA,934.483093,1857.89030340911
"2112",2021-07-14 12:40:55,1228,581,62.5538977777778,NA,NA,10.6148833333333,NA,NA,NA,NA,918.672280866667,1857.90832161462
"2113",2021-07-14 12:41:00,1218,581,62.5537733333333,NA,NA,10.6176,NA,NA,NA,NA,918.6733654,1842.79664653619
"2114",2021-07-14 12:41:05,1218,596,62.5536488888889,NA,NA,10.6203166666667,NA,NA,NA,NA,942.392378933333,1842.81451808777
"2115",2021-07-14 12:41:10,1218,631,62.5535244444444,NA,NA,10.6230333333333,NA,NA,NA,NA,997.735391133333,1842.83238967641
"2116",2021-07-14 12:41:15,1218,671,62.5534,NA,NA,10.62575,NA,NA,NA,NA,1060.984529,1842.85026130211
"2117",2021-07-14 12:41:20,1218,722,62.5532755555556,NA,NA,10.6284666666667,NA,NA,NA,NA,1141.62702573333,1842.86813296487
"2118",2021-07-14 12:41:25,1223,767,62.5531511111111,NA,NA,10.6311833333333,NA,NA,NA,NA,1212.78249646667,1850.45121814853
"2119",2021-07-14 12:41:30,1223,822,62.5530266666667,NA,NA,10.6339,NA,NA,NA,NA,1299.7501812,1850.4691632505
"2120",2021-07-14 12:41:35,1223,872,62.5529022222222,NA,NA,10.6366166666667,NA,NA,NA,NA,1378.81203893333,1850.48710838969
"2121",2021-07-14 12:41:40,1218,912,62.5527777777778,NA,NA,10.6393333333333,NA,NA,NA,NA,1442.062,1842.9396199865
"2122",2021-07-14 12:41:45,1223,957,62.5526533333333,NA,NA,10.64205,NA,NA,NA,NA,1513.2181614,1850.52299877969
"2123",2021-07-14 12:41:50,1223,992,62.5525288888889,NA,NA,10.6447666666667,NA,NA,NA,NA,1568.56237013333,1850.54094403051
"2124",2021-07-14 12:41:55,1228,1032,62.5524044444444,NA,NA,10.6474833333333,NA,NA,NA,NA,1631.8127792,1858.12454299523
"2125",2021-07-14 12:42:00,1228,1067,62.55228,NA,NA,10.6502,NA,NA,NA,NA,1687.1572586,1858.14256168648
"2126",2021-07-14 12:42:05,1228,1097,62.5521555555556,NA,NA,10.6529166666667,NA,NA,NA,NA,1734.59578033333,1858.16058041509
"2127",2021-07-14 12:42:10,1228,1132,62.5520311111111,NA,NA,10.6556333333333,NA,NA,NA,NA,1789.94051173333,1858.17859918107
"2128",2021-07-14 12:42:15,1223,1167,62.5519066666667,NA,NA,10.65835,NA,NA,NA,NA,1845.2853738,1850.63067084278
"2129",2021-07-14 12:42:20,1223,1192,62.5517822222222,NA,NA,10.6610666666667,NA,NA,NA,NA,1884.81813386667,1850.64861631687
"2130",2021-07-14 12:42:25,1228,1223,62.5516577777778,NA,NA,10.6637833333333,NA,NA,NA,NA,1933.83833806667,1858.23265570319
"2131",2021-07-14 12:42:30,1228,1253,62.5515333333333,NA,NA,10.6665,NA,NA,NA,NA,1981.277431,1858.25067461862
"2132",2021-07-14 12:42:35,1228,1288,62.5514088888889,NA,NA,10.6692166666667,NA,NA,NA,NA,2036.62278026667,1858.26869357142
"2133",2021-07-14 12:42:40,1228,1323,62.5512844444444,NA,NA,10.6719333333333,NA,NA,NA,NA,2091.9682602,1858.28671256158
"2134",2021-07-14 12:42:45,1228,1353,62.55116,NA,NA,10.67465,NA,NA,NA,NA,2139.4077078,1858.30473158911
"2135",2021-07-14 12:42:50,1228,1378,62.5510355555556,NA,NA,10.6773666666667,NA,NA,NA,NA,2178.94109506667,1858.32275065399
"2136",2021-07-14 12:42:55,1233,1403,62.5509111111111,NA,NA,10.6800833333333,NA,NA,NA,NA,2218.47457566667,1865.90730383506
"2137",2021-07-14 12:43:00,1233,1423,62.5507866666667,NA,NA,10.6828,NA,NA,NA,NA,2250.1019586,1865.92539634251
"2138",2021-07-14 12:43:05,1238,1443,62.5506622222222,NA,NA,10.6855166666667,NA,NA,NA,NA,2281.7294162,1873.5101697021
"2139",2021-07-14 12:43:10,1238,1458,62.5505377777778,NA,NA,10.6882333333333,NA,NA,NA,NA,2305.4507388,1873.52833565272
"2140",2021-07-14 12:43:15,1238,1473,62.5504133333333,NA,NA,10.69095,NA,NA,NA,NA,2329.1721174,1873.54650164101
"2141",2021-07-14 12:43:20,1238,1498,62.5502888888889,NA,NA,10.6936666666667,NA,NA,NA,NA,2368.70600866667,1873.56466766696
"2142",2021-07-14 12:43:25,1238,1513,62.5501644444444,NA,NA,10.6963833333333,NA,NA,NA,NA,2392.42751793333,1873.58283373058
"2143",2021-07-14 12:43:30,1243,1528,62.55004,NA,NA,10.6991,NA,NA,NA,NA,2416.1490832,1881.16804748871
"2144",2021-07-14 12:43:35,1248,1538,62.5499155555556,NA,NA,10.7018166666667,NA,NA,NA,NA,2431.96444813333,1888.7534080223
"2145",2021-07-14 12:43:40,1248,1543,62.5497911111111,NA,NA,10.7045333333333,NA,NA,NA,NA,2439.87358473333,1888.77172093702
"2146",2021-07-14 12:43:45,1248,1558,62.5496666666667,NA,NA,10.70725,NA,NA,NA,NA,2463.59529,1888.79003388972
"2147",2021-07-14 12:43:50,1248,1573,62.5495422222222,NA,NA,10.7099666666667,NA,NA,NA,NA,2487.31705126667,1888.80834688039
"2148",2021-07-14 12:43:55,1238,1578,62.5494177777778,NA,NA,10.7126833333333,NA,NA,NA,NA,2495.2262812,1873.69183090335
"2149",2021-07-14 12:44:00,1238,1583,62.5492933333333,NA,NA,10.7154,NA,NA,NA,NA,2503.1355298,1873.70999723065
"2150",2021-07-14 12:44:05,1238,1593,62.5491688888889,NA,NA,10.7181166666667,NA,NA,NA,NA,2518.9511094,1873.72816359562
"2151",2021-07-14 12:44:10,1243,1608,62.5490444444444,NA,NA,10.7208333333333,NA,NA,NA,NA,2542.673048,1881.31396461053
"2152",2021-07-14 12:44:15,1238,1623,62.54892,NA,NA,10.72355,NA,NA,NA,NA,2566.3950426,1873.76449643856
"2153",2021-07-14 12:44:20,1238,1628,62.5487955555556,NA,NA,10.7262666666667,NA,NA,NA,NA,2574.30441253333,1873.78266291654
"2154",2021-07-14 12:44:25,1233,1638,62.5486711111111,NA,NA,10.7289833333333,NA,NA,NA,NA,2590.1201508,1866.23297470911
"2155",2021-07-14 12:44:30,1238,1658,62.5485466666667,NA,NA,10.7317,NA,NA,NA,NA,2621.7486444,1873.81899598549
"2156",2021-07-14 12:44:35,1233,1673,62.5484222222222,NA,NA,10.7344166666667,NA,NA,NA,NA,2645.47084433333,1866.2691611121
"2157",2021-07-14 12:44:40,1233,1689,62.5482977777778,NA,NA,10.7371333333333,NA,NA,NA,NA,2670.7743758,1866.28725436987
"2158",2021-07-14 12:44:45,1243,1689,62.5481733333333,NA,NA,10.73985,NA,NA,NA,NA,2670.7775286,1881.44164407769
"2159",2021-07-14 12:44:50,1243,1694,62.5480488888889,NA,NA,10.7425666666667,NA,NA,NA,NA,2678.68707773333,1881.45988415285
"2160",2021-07-14 12:44:55,1243,1694,62.5479244444444,NA,NA,10.7452833333333,NA,NA,NA,NA,2678.69023986667,1881.47812426583
"2161",2021-07-14 12:45:00,1248,1689,62.5478,17.128,64.209,10.748,"Stn02",64.209,0.169395886,0.024028275,2670.786987,1889.0647327369
"2162",2021-07-14 12:45:05,1253,1689,62.5478472222222,NA,NA,10.7501722222222,NA,NA,NA,NA,2670.785790625,1896.64516323929
"2163",2021-07-14 12:45:10,1258,1684,62.5478944444444,NA,NA,10.7523444444444,NA,NA,NA,NA,2662.87818633333,1904.22568999649
"2164",2021-07-14 12:45:15,1258,1689,62.5479416666667,NA,NA,10.7545166666667,NA,NA,NA,NA,2670.783397875,1904.2378002886
"2165",2021-07-14 12:45:20,1258,1689,62.5479888888889,NA,NA,10.7566888888889,NA,NA,NA,NA,2670.7822015,1904.24991056911
"2166",2021-07-14 12:45:25,1253,1684,62.5480361111111,NA,NA,10.7588611111111,NA,NA,NA,NA,2662.87460783333,1896.69341185215
"2167",2021-07-14 12:45:30,1248,1678,62.5480833333333,NA,NA,10.7610333333333,NA,NA,NA,NA,2653.3857425,1889.13681685763
"2168",2021-07-14 12:45:35,1243,1678,62.5481305555556,NA,NA,10.7632055555556,NA,NA,NA,NA,2653.38455391667,1881.58012558567
"2169",2021-07-14 12:45:40,1238,1689,62.5481777777778,NA,NA,10.7653777777778,NA,NA,NA,NA,2670.777416,1874.02333803642
"2170",2021-07-14 12:45:45,1238,1694,62.548225,NA,NA,10.76755,NA,NA,NA,NA,2678.68260275,1874.0352557275
"2171",2021-07-14 12:45:50,1238,1694,62.5482722222222,NA,NA,10.7697222222222,NA,NA,NA,NA,2678.68140283333,1874.04717340714
"2172",2021-07-14 12:45:55,1238,1694,62.5483194444444,NA,NA,10.7718944444444,NA,NA,NA,NA,2678.68020291667,1874.05909107536
"2173",2021-07-14 12:46:00,1238,1699,62.5483666666667,NA,NA,10.7740666666667,NA,NA,NA,NA,2686.5853755,1874.07100873215
"2174",2021-07-14 12:46:05,1238,1709,62.5484138888889,NA,NA,10.7762388888889,NA,NA,NA,NA,2702.39690995833,1874.08292637751
"2175",2021-07-14 12:46:10,1243,1714,62.5484611111111,NA,NA,10.7784111111111,NA,NA,NA,NA,2710.30206483333,1881.66388619242
"2176",2021-07-14 12:46:15,1238,1714,62.5485083333333,NA,NA,10.7805833333333,NA,NA,NA,NA,2710.30085075,1874.10676163394
"2177",2021-07-14 12:46:20,1243,1714,62.5485555555556,NA,NA,10.7827555555556,NA,NA,NA,NA,2710.29963666667,1881.68781769107
"2178",2021-07-14 12:46:25,1253,1714,62.5486027777778,NA,NA,10.7849277777778,NA,NA,NA,NA,2710.29842258333,1896.83815658025
"2179",2021-07-14 12:46:30,1253,1719,62.54865,NA,NA,10.7871,NA,NA,NA,NA,2718.20355975,1896.85021856573
"2180",2021-07-14 12:46:35,1258,1724,62.5486972222222,NA,NA,10.7892722222222,NA,NA,NA,NA,2726.10868983333,1904.43156338298
"2181",2021-07-14 12:46:40,1253,1734,62.5487444444444,NA,NA,10.7914444444444,NA,NA,NA,NA,2741.920157,1896.874342502
"2182",2021-07-14 12:46:45,1248,1739,62.5487916666667,NA,NA,10.7936166666667,NA,NA,NA,NA,2749.825269375,1889.31702534483
"2183",2021-07-14 12:46:50,1248,1739,62.5488388888889,NA,NA,10.7957888888889,NA,NA,NA,NA,2749.82403758333,1889.3290391518
"2184",2021-07-14 12:46:55,1243,1729,62.5488861111111,NA,NA,10.7979611111111,NA,NA,NA,NA,2734.01013870833,1881.77157757487
"2185",2021-07-14 12:47:00,1248,1724,62.5489333333333,NA,NA,10.8001333333333,NA,NA,NA,NA,2726.102584,1889.35306673119
"2186",2021-07-14 12:47:05,1248,1724,62.5489805555556,NA,NA,10.8023055555556,NA,NA,NA,NA,2726.10136283333,1889.3650805036
"2187",2021-07-14 12:47:10,1248,1724,62.5490277777778,NA,NA,10.8044777777778,NA,NA,NA,NA,2726.10014166667,1889.37709426449
"2188",2021-07-14 12:47:15,1248,1729,62.549075,NA,NA,10.80665,NA,NA,NA,NA,2734.005239875,1889.38910801385
"2189",2021-07-14 12:47:20,1248,1734,62.5491222222222,NA,NA,10.8088222222222,NA,NA,NA,NA,2741.910331,1889.4011217517
"2190",2021-07-14 12:47:25,1248,1749,62.5491694444444,NA,NA,10.8109944444444,NA,NA,NA,NA,2765.628039625,1889.41313547802
"2191",2021-07-14 12:47:30,1253,1759,62.5492166666667,NA,NA,10.8131666666667,NA,NA,NA,NA,2781.43941825,1896.99496148927
"2192",2021-07-14 12:47:35,1253,1769,62.5492638888889,NA,NA,10.8153388888889,NA,NA,NA,NA,2797.25078270833,1897.00702332438
"2193",2021-07-14 12:47:40,1258,1769,62.5493111111111,NA,NA,10.8175111111111,NA,NA,NA,NA,2797.24952966667,1904.58899370797
"2194",2021-07-14 12:47:45,1253,1774,62.5493583333333,NA,NA,10.8196833333333,NA,NA,NA,NA,2805.15457475,1897.03114695989
"2195",2021-07-14 12:47:50,1253,1774,62.5494055555556,NA,NA,10.8218555555556,NA,NA,NA,NA,2805.15331816667,1897.04320876029
"2196",2021-07-14 12:47:55,1253,1779,62.5494527777778,NA,NA,10.8240277777778,NA,NA,NA,NA,2813.058352625,1897.05527054913
"2197",2021-07-14 12:48:00,1248,1784,62.5495,NA,NA,10.8262,NA,NA,NA,NA,2820.96338,1889.4972312397
"2198",2021-07-14 12:48:05,1248,1794,62.5495472222222,NA,NA,10.8283722222222,NA,NA,NA,NA,2836.77468425,1889.50924487385
"2199",2021-07-14 12:48:10,1248,1804,62.5495944444444,NA,NA,10.8305444444444,NA,NA,NA,NA,2852.58597433333,1889.52125849648
"2200",2021-07-14 12:48:15,1248,1809,62.5496416666667,NA,NA,10.8327166666667,NA,NA,NA,NA,2860.490973375,1889.53327210759
"2201",2021-07-14 12:48:20,1248,1814,62.5496888888889,NA,NA,10.8348888888889,NA,NA,NA,NA,2868.39596533333,1889.54528570718
"2202",2021-07-14 12:48:25,1248,1824,62.5497361111111,NA,NA,10.8370611111111,NA,NA,NA,NA,2884.20722,1889.55729929525
"2203",2021-07-14 12:48:30,1248,1829,62.5497833333333,NA,NA,10.8392333333333,NA,NA,NA,NA,2892.11219425,1889.56931287179
"2204",2021-07-14 12:48:35,1238,1824,62.5498305555556,NA,NA,10.8414055555556,NA,NA,NA,NA,2884.204636,1874.4404504237
"2205",2021-07-14 12:48:40,1233,1814,62.5498777777778,NA,NA,10.8435777777778,NA,NA,NA,NA,2868.39082566667,1866.88188157697
"2206",2021-07-14 12:48:45,1233,1804,62.549925,NA,NA,10.84575,NA,NA,NA,NA,2852.5770295,1866.89375072542
"2207",2021-07-14 12:48:50,1238,1794,62.5499722222222,NA,NA,10.8479222222222,NA,NA,NA,NA,2836.7632475,1874.47620226258
"2208",2021-07-14 12:48:55,1238,1789,62.5500194444444,NA,NA,10.8500944444444,NA,NA,NA,NA,2828.85572820833,1874.48811951934
"2209",2021-07-14 12:49:00,1238,1789,62.5500666666667,NA,NA,10.8522666666667,NA,NA,NA,NA,2828.854461,1874.50003676468
"2210",2021-07-14 12:49:05,1243,1789,62.5501138888889,NA,NA,10.8544388888889,NA,NA,NA,NA,2828.85319379167,1882.0826807918
"2211",2021-07-14 12:49:10,1248,1789,62.5501611111111,NA,NA,10.8566111111111,NA,NA,NA,NA,2828.85192658333,1889.66542106938
"2212",2021-07-14 12:49:15,1243,1799,62.5502083333333,NA,NA,10.8587833333333,NA,NA,NA,NA,2844.663128125,1882.10661148718
"2213",2021-07-14 12:49:20,1243,1794,62.5502555555556,NA,NA,10.8609555555556,NA,NA,NA,NA,2836.755623,1882.11857681765
"2214",2021-07-14 12:49:25,1243,1789,62.5503027777778,NA,NA,10.8631277777778,NA,NA,NA,NA,2828.84812495833,1882.13054213666
"2215",2021-07-14 12:49:30,1248,1789,62.55035,NA,NA,10.8653,NA,NA,NA,NA,2828.84685775,1889.71347489166
"2216",2021-07-14 12:49:35,1248,1789,62.5503972222222,NA,NA,10.8674722222222,NA,NA,NA,NA,2828.84559054167,1889.72548831843
"2217",2021-07-14 12:49:40,1248,1789,62.5504444444444,NA,NA,10.8696444444444,NA,NA,NA,NA,2828.84432333333,1889.73750173367
"2218",2021-07-14 12:49:45,1248,1789,62.5504916666667,NA,NA,10.8718166666667,NA,NA,NA,NA,2828.843056125,1889.7495151374
"2219",2021-07-14 12:49:50,1243,1784,62.5505388888889,NA,NA,10.8739888888889,NA,NA,NA,NA,2820.93557933333,1882.19036855953
"2220",2021-07-14 12:49:55,1238,1784,62.5505861111111,NA,NA,10.8761611111111,NA,NA,NA,NA,2820.93431566667,1874.63112570908
"2221",2021-07-14 12:50:00,1238,1789,62.5506333333333,NA,NA,10.8783333333333,NA,NA,NA,NA,2828.8392545,1874.64304281726
"2222",2021-07-14 12:50:05,1243,1789,62.5506805555556,NA,NA,10.8805055555556,NA,NA,NA,NA,2828.83798729167,1882.22626427555
"2223",2021-07-14 12:50:10,1243,1784,62.5507277777778,NA,NA,10.8826777777778,NA,NA,NA,NA,2820.93052466667,1882.23822949127
"2224",2021-07-14 12:50:15,1243,1784,62.550775,NA,NA,10.88485,NA,NA,NA,NA,2820.929261,1882.25019469552
"2225",2021-07-14 12:50:20,1243,1784,62.5508222222222,NA,NA,10.8870222222222,NA,NA,NA,NA,2820.92799733333,1882.26215988829
"2226",2021-07-14 12:50:25,1248,1784,62.5508694444444,NA,NA,10.8891944444444,NA,NA,NA,NA,2820.92673366667,1889.84562195241
"2227",2021-07-14 12:50:30,1248,1789,62.5509166666667,NA,NA,10.8913666666667,NA,NA,NA,NA,2828.83165125,1889.85763525244
"2228",2021-07-14 12:50:35,1248,1799,62.5509638888889,NA,NA,10.8935388888889,NA,NA,NA,NA,2844.64273945833,1889.86964854095
"2229",2021-07-14 12:50:40,1248,1804,62.5510111111111,NA,NA,10.8957111111111,NA,NA,NA,NA,2852.54763933333,1889.88166181794
"2230",2021-07-14 12:50:45,1243,1804,62.5510583333333,NA,NA,10.8978833333333,NA,NA,NA,NA,2852.5463615,1882.32198568003
"2231",2021-07-14 12:50:50,1243,1804,62.5511055555556,NA,NA,10.9000555555556,NA,NA,NA,NA,2852.54508366667,1882.33395080395
"2232",2021-07-14 12:50:55,1238,1804,62.5511527777778,NA,NA,10.9022277777778,NA,NA,NA,NA,2852.54380583333,1874.77413025301
"2233",2021-07-14 12:51:00,1238,1799,62.5512,NA,NA,10.9044,NA,NA,NA,NA,2844.636368,1874.78604722405
"2234",2021-07-14 12:51:05,1243,1789,62.5512472222222,NA,NA,10.9065722222222,NA,NA,NA,NA,2828.82278079167,1882.36984610686
"2235",2021-07-14 12:51:10,1243,1789,62.5512944444444,NA,NA,10.9087444444444,NA,NA,NA,NA,2828.82151358333,1882.38181118488
"2236",2021-07-14 12:51:15,1243,1789,62.5513416666667,NA,NA,10.9109166666667,NA,NA,NA,NA,2828.820246375,1882.39377625142
"2237",2021-07-14 12:51:20,1243,1789,62.5513888888889,NA,NA,10.9130888888889,NA,NA,NA,NA,2828.81897916667,1882.40574130649
"2238",2021-07-14 12:51:25,1243,1799,62.5514361111111,NA,NA,10.9152611111111,NA,NA,NA,NA,2844.62999654167,1882.41770635008
"2239",2021-07-14 12:51:30,1248,1814,62.5514833333333,NA,NA,10.9174333333333,NA,NA,NA,NA,2868.3471385,1890.00179395413
"2240",2021-07-14 12:51:35,1248,1824,62.5515305555556,NA,NA,10.9196055555556,NA,NA,NA,NA,2884.158124,1890.01380710438
"2241",2021-07-14 12:51:40,1243,1824,62.5515777777778,NA,NA,10.9217777777778,NA,NA,NA,NA,2884.156832,1882.45360141201
"2242",2021-07-14 12:51:45,1243,1824,62.551625,NA,NA,10.92395,NA,NA,NA,NA,2884.15554,1882.4655664097
"2243",2021-07-14 12:51:50,1238,1834,62.5516722222222,NA,NA,10.9261222222222,NA,NA,NA,NA,2899.96649716667,1874.90521630583
"2244",2021-07-14 12:51:55,1238,1834,62.5517194444444,NA,NA,10.9282944444444,NA,NA,NA,NA,2899.96519808333,1874.91713315115
"2245",2021-07-14 12:52:00,1243,1839,62.5517666666667,NA,NA,10.9304666666667,NA,NA,NA,NA,2907.8700165,1882.50146133393
"2246",2021-07-14 12:52:05,1243,1829,62.5518138888889,NA,NA,10.9326388888889,NA,NA,NA,NA,2892.05648595833,1882.51342628572
"2247",2021-07-14 12:52:10,1243,1819,62.5518611111111,NA,NA,10.9348111111111,NA,NA,NA,NA,2876.24296958333,1882.52539122604
"2248",2021-07-14 12:52:15,1243,1809,62.5519083333333,NA,NA,10.9369833333333,NA,NA,NA,NA,2860.429467375,1882.53735615488
"2249",2021-07-14 12:52:20,1248,1804,62.5519555555556,NA,NA,10.9391555555556,NA,NA,NA,NA,2852.52208266667,1890.12192493818
"2250",2021-07-14 12:52:25,1248,1804,62.5520027777778,NA,NA,10.9413277777778,NA,NA,NA,NA,2852.52080483333,1890.13393797322
"2251",2021-07-14 12:52:30,1248,1814,62.55205,NA,NA,10.9435,NA,NA,NA,NA,2868.3317195,1890.14595099673
"2252",2021-07-14 12:52:35,1248,1814,62.5520972222222,NA,NA,10.9456722222222,NA,NA,NA,NA,2868.33043458333,1890.15796400873
"2253",2021-07-14 12:52:40,1253,1809,62.5521444444444,NA,NA,10.9478444444444,NA,NA,NA,NA,2860.4230605,1897.74277339145
"2254",2021-07-14 12:52:45,1258,1804,62.5521916666667,NA,NA,10.9500166666667,NA,NA,NA,NA,2852.5156935,1905.32767902057
"2255",2021-07-14 12:52:50,1253,1804,62.5522388888889,NA,NA,10.9521888888889,NA,NA,NA,NA,2852.51441566667,1897.7668956157
"2256",2021-07-14 12:52:55,1253,1804,62.5522861111111,NA,NA,10.9543611111111,NA,NA,NA,NA,2852.51313783333,1897.77895671048
"2257",2021-07-14 12:53:00,1258,1799,62.5523333333333,NA,NA,10.9565333333333,NA,NA,NA,NA,2844.605785,1905.36400669151
"2258",2021-07-14 12:53:05,1253,1799,62.5523805555556,NA,NA,10.9587055555556,NA,NA,NA,NA,2844.60451070833,1897.80307886533
"2259",2021-07-14 12:53:10,1253,1799,62.5524277777778,NA,NA,10.9608777777778,NA,NA,NA,NA,2844.60323641667,1897.81513992541
"2260",2021-07-14 12:53:15,1248,1809,62.552475,NA,NA,10.96305,NA,NA,NA,NA,2860.414090875,1890.2540676899
"2261",2021-07-14 12:53:20,1243,1804,62.5525222222222,NA,NA,10.9652222222222,NA,NA,NA,NA,2852.50674866667,1882.69289918555
"2262",2021-07-14 12:53:25,1243,1804,62.5525694444444,NA,NA,10.9673944444444,NA,NA,NA,NA,2852.50547083333,1882.70486395374
"2263",2021-07-14 12:53:30,1243,1804,62.5526166666667,NA,NA,10.9695666666667,NA,NA,NA,NA,2852.504193,1882.71682871045
"2264",2021-07-14 12:53:35,1238,1804,62.5526638888889,NA,NA,10.9717388888889,NA,NA,NA,NA,2852.50291516667,1875.15546765739
"2265",2021-07-14 12:53:40,1243,1804,62.5527111111111,NA,NA,10.9739111111111,NA,NA,NA,NA,2852.50163733333,1882.74075818944
"2266",2021-07-14 12:53:45,1243,1799,62.5527583333333,NA,NA,10.9760833333333,NA,NA,NA,NA,2844.594316375,1882.75272291173
"2267",2021-07-14 12:53:50,1238,1794,62.5528055555556,NA,NA,10.9782555555556,NA,NA,NA,NA,2836.6870025,1875.19121743902
"2268",2021-07-14 12:53:55,1238,1789,62.5528527777778,NA,NA,10.9804277777778,NA,NA,NA,NA,2828.77969570833,1875.20313401004
"2269",2021-07-14 12:54:00,1238,1784,62.5529,NA,NA,10.9826,NA,NA,NA,NA,2820.872396,1875.21505056963
"2270",2021-07-14 12:54:05,1238,1779,62.5529472222222,NA,NA,10.9847722222222,NA,NA,NA,NA,2812.965103375,1875.22696711779
"2271",2021-07-14 12:54:10,1238,1779,62.5529944444444,NA,NA,10.9869444444444,NA,NA,NA,NA,2812.96384325,1875.23888365452
"2272",2021-07-14 12:54:15,1238,1789,62.5530416666667,NA,NA,10.9891166666667,NA,NA,NA,NA,2828.774626875,1875.25080017982
"2273",2021-07-14 12:54:20,1238,1804,62.5530888888889,NA,NA,10.9912888888889,NA,NA,NA,NA,2852.49141466667,1875.26271669369
"2274",2021-07-14 12:54:25,1243,1814,62.5531361111111,NA,NA,10.9934611111111,NA,NA,NA,NA,2868.30216641667,1882.8484402769
"2275",2021-07-14 12:54:30,1248,1824,62.5531833333333,NA,NA,10.9956333333333,NA,NA,NA,NA,2884.112904,1890.43426010466
"2276",2021-07-14 12:54:35,1248,1824,62.5532305555556,NA,NA,10.9978055555556,NA,NA,NA,NA,2884.111612,1890.44627284013
"2277",2021-07-14 12:54:40,1248,1819,62.5532777777778,NA,NA,10.9999777777778,NA,NA,NA,NA,2876.20431583333,1890.45828556409
"2278",2021-07-14 12:54:45,1248,1819,62.553325,NA,NA,11.00215,NA,NA,NA,NA,2876.203027375,1890.47029827653
"2279",2021-07-14 12:54:50,1248,1824,62.5533722222222,NA,NA,11.0043222222222,NA,NA,NA,NA,2884.107736,1890.48231097744
"2280",2021-07-14 12:54:55,1248,1824,62.5534194444444,NA,NA,11.0064944444444,NA,NA,NA,NA,2884.106444,1890.49432366683
"2281",2021-07-14 12:55:00,1248,1829,62.5534666666667,NA,NA,11.0086666666667,NA,NA,NA,NA,2892.011142,1890.5063363447
"2282",2021-07-14 12:55:05,1248,1834,62.5535138888889,NA,NA,11.0108388888889,NA,NA,NA,NA,2899.91583291667,1890.51834901105
"2283",2021-07-14 12:55:10,1248,1844,62.5535611111111,NA,NA,11.0130111111111,NA,NA,NA,NA,2915.72649966667,1890.53036166588
"2284",2021-07-14 12:55:15,1248,1839,62.5536083333333,NA,NA,11.0151833333333,NA,NA,NA,NA,2907.819214125,1890.54237430919
"2285",2021-07-14 12:55:20,1248,1834,62.5536555555556,NA,NA,11.0173555555556,NA,NA,NA,NA,2899.91193566667,1890.55438694097
"2286",2021-07-14 12:55:25,1248,1834,62.5537027777778,NA,NA,11.0195277777778,NA,NA,NA,NA,2899.91063658333,1890.56639956124
"2287",2021-07-14 12:55:30,1243,1834,62.55375,NA,NA,11.0217,NA,NA,NA,NA,2899.9093375,1883.00397942891
"2288",2021-07-14 12:55:35,1243,1834,62.5537972222222,NA,NA,11.0238722222222,NA,NA,NA,NA,2899.90803841667,1883.01594389874
"2289",2021-07-14 12:55:40,1238,1829,62.5538444444444,NA,NA,11.0260444444444,NA,NA,NA,NA,2892.00077766667,1875.45337936129
"2290",2021-07-14 12:55:45,1238,1824,62.5538916666667,NA,NA,11.0282166666667,NA,NA,NA,NA,2884.093524,1875.46529568087
"2291",2021-07-14 12:55:50,1238,1814,62.5539388888889,NA,NA,11.0303888888889,NA,NA,NA,NA,2868.28032283333,1875.47721198902
"2292",2021-07-14 12:55:55,1238,1814,62.5539861111111,NA,NA,11.0325611111111,NA,NA,NA,NA,2868.27903791667,1875.48912828573
"2293",2021-07-14 12:56:00,1233,1819,62.5540333333333,NA,NA,11.0347333333333,NA,NA,NA,NA,2876.1837005,1867.92632306629
"2294",2021-07-14 12:56:05,1238,1829,62.5540805555556,NA,NA,11.0369055555556,NA,NA,NA,NA,2891.99429995833,1875.51296084488
"2295",2021-07-14 12:56:10,1243,1834,62.5541277777778,NA,NA,11.0390777777778,NA,NA,NA,NA,2899.89894483333,1883.09969486623
"2296",2021-07-14 12:56:15,1243,1834,62.554175,NA,NA,11.04125,NA,NA,NA,NA,2899.89764575,1883.11165924426
"2297",2021-07-14 12:56:20,1243,1824,62.5542222222222,NA,NA,11.0434222222222,NA,NA,NA,NA,2884.08448,1883.12362361081
"2298",2021-07-14 12:56:25,1243,1819,62.5542694444444,NA,NA,11.0455944444444,NA,NA,NA,NA,2876.17725820833,1883.13558796588
"2299",2021-07-14 12:56:30,1243,1814,62.5543166666667,NA,NA,11.0477666666667,NA,NA,NA,NA,2868.2700435,1883.14755230948
"2300",2021-07-14 12:56:35,1248,1809,62.5543638888889,NA,NA,11.0499388888889,NA,NA,NA,NA,2860.362835875,1890.73457503518
"2301",2021-07-14 12:56:40,1253,1794,62.5544111111111,NA,NA,11.0521111111111,NA,NA,NA,NA,2836.643797,1898.32169400298
"2302",2021-07-14 12:56:45,1263,1744,62.5544583333333,NA,NA,11.0542833333333,NA,NA,NA,NA,2757.58337,1913.48406385987
"2303",2021-07-14 12:56:50,1258,1684,62.5545055555556,NA,NA,11.0564555555556,NA,NA,NA,NA,2662.71118966667,1905.92101789056
"2304",2021-07-14 12:56:55,1253,1608,62.5545527777778,NA,NA,11.0586277777778,NA,NA,NA,NA,2542.540187,1898.35787565628
"2305",2021-07-14 12:57:00,1253,1533,62.5546,NA,NA,11.0608,NA,NA,NA,NA,2423.950473,1898.36993618424
"2306",2021-07-14 12:57:05,1248,1453,62.5546472222222,NA,NA,11.0629722222222,NA,NA,NA,NA,2297.45496379167,1890.80664954701
"2307",2021-07-14 12:57:10,1243,1373,62.5546944444444,NA,NA,11.0651444444444,NA,NA,NA,NA,2170.95956791667,1883.24326664517
"2308",2021-07-14 12:57:15,1243,1293,62.5547416666667,NA,NA,11.0673166666667,NA,NA,NA,NA,2044.464285375,1883.25523088549
"2309",2021-07-14 12:57:20,1243,1223,62.5547888888889,NA,NA,11.0694888888889,NA,NA,NA,NA,1933.78089783333,1883.26719511434
"2310",2021-07-14 12:57:25,1243,1147,62.5548361111111,NA,NA,11.0716611111111,NA,NA,NA,NA,1813.61054470833,1883.27915933171
"2311",2021-07-14 12:57:30,1243,1077,62.5548833333333,NA,NA,11.0738333333333,NA,NA,NA,NA,1702.92735975,1883.29112353761
"2312",2021-07-14 12:57:35,1248,1007,62.5549305555556,NA,NA,11.0760055555556,NA,NA,NA,NA,1592.24427395833,1890.87872364406
"2313",2021-07-14 12:57:40,1248,947,62.5549777777778,NA,NA,11.0781777777778,NA,NA,NA,NA,1497.37304066667,1890.89073595325
"2314",2021-07-14 12:57:45,1248,887,62.555025,NA,NA,11.08035,NA,NA,NA,NA,1402.501892375,1890.90274825091
"2315",2021-07-14 12:57:50,1243,822,62.5550722222222,NA,NA,11.0825222222222,NA,NA,NA,NA,1299.7249595,1883.33898024644
"2316",2021-07-14 12:57:55,1238,767,62.5551194444444,NA,NA,11.0846944444444,NA,NA,NA,NA,1212.75985079167,1875.77511597824
"2317",2021-07-14 12:58:00,1238,716,62.5551666666667,NA,NA,11.0868666666667,NA,NA,NA,NA,1132.11951,1875.78703198923
"2318",2021-07-14 12:58:05,1238,691,62.5552138888889,NA,NA,11.0890388888889,NA,NA,NA,NA,1092.58970804167,1875.79894798879
"2319",2021-07-14 12:58:10,1233,676,62.5552611111111,NA,NA,11.0912111111111,NA,NA,NA,NA,1068.87165233333,1868.23489118219
"2320",2021-07-14 12:58:15,1233,666,62.5553083333333,NA,NA,11.0933833333333,NA,NA,NA,NA,1053.05946975,1868.24675903298
"2321",2021-07-14 12:58:20,1233,666,62.5553555555556,NA,NA,11.0955555555556,NA,NA,NA,NA,1053.058998,1868.25862687238
"2322",2021-07-14 12:58:25,1238,671,62.5554027777778,NA,NA,11.0977277777778,NA,NA,NA,NA,1060.96437104167,1875.84661187275
"2323",2021-07-14 12:58:30,1238,701,62.55545,NA,NA,11.0999,NA,NA,NA,NA,1108.39894325,1875.85852781516
"2324",2021-07-14 12:58:35,1238,747,62.5554972222222,NA,NA,11.1020722222222,NA,NA,NA,NA,1181.132153625,1875.87044374615
"2325",2021-07-14 12:58:40,1238,802,62.5555444444444,NA,NA,11.1042444444444,NA,NA,NA,NA,1268.09580033333,1875.88235966571
"2326",2021-07-14 12:58:45,1238,867,62.5555916666667,NA,NA,11.1064166666667,NA,NA,NA,NA,1370.871030375,1875.89427557383
"2327",2021-07-14 12:58:50,1238,937,62.5556388888889,NA,NA,11.1085888888889,NA,NA,NA,NA,1481.55199541667,1875.90619147053
"2328",2021-07-14 12:58:55,1238,1007,62.5556861111111,NA,NA,11.1107611111111,NA,NA,NA,NA,1592.23286129167,1875.9181073558
"2329",2021-07-14 12:59:00,1238,1082,62.5557333333333,NA,NA,11.1129333333333,NA,NA,NA,NA,1710.819448,1875.93002322964
"2330",2021-07-14 12:59:05,1238,1162,62.5557805555556,NA,NA,11.1151055555556,NA,NA,NA,NA,1837.31174491667,1875.94193909205
"2331",2021-07-14 12:59:10,1238,1248,62.5558277777778,NA,NA,11.1172777777778,NA,NA,NA,NA,1973.290904,1875.95385494303
"2332",2021-07-14 12:59:15,1243,1328,62.555875,NA,NA,11.11945,NA,NA,NA,NA,2099.78297,1883.54236921063
"2333",2021-07-14 12:59:20,1243,1408,62.5559222222222,NA,NA,11.1216222222222,NA,NA,NA,NA,2226.27492266667,1883.55433316407
"2334",2021-07-14 12:59:25,1243,1483,62.5559694444444,NA,NA,11.1237944444444,NA,NA,NA,NA,2344.86095970833,1883.56629710603
"2335",2021-07-14 12:59:30,1243,1553,62.5560166666667,NA,NA,11.1259666666667,NA,NA,NA,NA,2455.54109175,1883.57826103652
"2336",2021-07-14 12:59:35,1243,1618,62.5560638888889,NA,NA,11.1281388888889,NA,NA,NA,NA,2558.31532941667,1883.59022495553
"2337",2021-07-14 12:59:40,1243,1678,62.5561111111111,NA,NA,11.1303111111111,NA,NA,NA,NA,2653.18368333333,1883.60218886307
"2338",2021-07-14 12:59:45,1243,1739,62.5561583333333,NA,NA,11.1324833333333,NA,NA,NA,NA,2749.633109875,1883.61415275913
"2339",2021-07-14 12:59:50,1243,1794,62.5562055555556,NA,NA,11.1346555555556,NA,NA,NA,NA,2836.5955085,1883.62611664372
"2340",2021-07-14 12:59:55,1243,1849,62.5562527777778,NA,NA,11.1368277777778,NA,NA,NA,NA,2923.55782920833,1883.63808051683
"2341",2021-07-14 13:00:00,1238,1899,62.5563,21.622,64.197,11.139,"Stn02",64.197,0.16730546,0.023278999,3002.6142945,1876.07301282425
"2342",2021-07-14 13:00:05,1243,1949,62.5562911111111,NA,NA,11.1438555555556,NA,NA,NA,NA,3081.67232936667,1883.67883220377
"2343",2021-07-14 13:00:10,1243,1999,62.5562822222222,NA,NA,11.1487111111111,NA,NA,NA,NA,3160.73037756667,1883.7076200339
"2344",2021-07-14 13:00:15,1238,2034,62.5562733333333,NA,NA,11.1535666666667,NA,NA,NA,NA,3216.0711006,1876.15902891523
"2345",2021-07-14 13:00:20,1238,2064,62.5562644444444,NA,NA,11.1584222222222,NA,NA,NA,NA,3263.5060528,1876.18770095518
"2346",2021-07-14 13:00:25,1238,2104,62.5562555555556,NA,NA,11.1632777777778,NA,NA,NA,NA,3326.75257466667,1876.21637299993
"2347",2021-07-14 13:00:30,1238,2144,62.5562466666667,NA,NA,11.1681333333333,NA,NA,NA,NA,3389.9991072,1876.2450450495
"2348",2021-07-14 13:00:35,1233,2180,62.5562377777778,NA,NA,11.1729888888889,NA,NA,NA,NA,3446.92102466667,1868.69587495078
"2349",2021-07-14 13:00:40,1238,2210,62.5562288888889,NA,NA,11.1778444444444,NA,NA,NA,NA,3494.35601233333,1876.30238916305
"2350",2021-07-14 13:00:45,1233,2235,62.55622,NA,NA,11.1827,NA,NA,NA,NA,3533.8852245,1868.7529874741
"2351",2021-07-14 13:00:50,1233,2270,62.5562111111111,NA,NA,11.1875555555556,NA,NA,NA,NA,3589.22601166667,1868.78154374295
"2352",2021-07-14 13:00:55,1238,2290,62.5562022222222,NA,NA,11.1924111111111,NA,NA,NA,NA,3620.84945366667,1876.38840536945
"2353",2021-07-14 13:01:00,1238,2310,62.5561933333333,NA,NA,11.1972666666667,NA,NA,NA,NA,3652.472901,1876.41707744786
"2354",2021-07-14 13:01:05,1243,2335,62.5561844444444,NA,NA,11.2021222222222,NA,NA,NA,NA,3692.00213983333,1884.02428648396
"2355",2021-07-14 13:01:10,1238,2365,62.5561755555556,NA,NA,11.2069777777778,NA,NA,NA,NA,3739.43717216667,1876.47442161912
"2356",2021-07-14 13:01:15,1238,2390,62.5561666666667,NA,NA,11.2118333333333,NA,NA,NA,NA,3778.966425,1876.50309371197
"2357",2021-07-14 13:01:20,1238,2415,62.5561577777778,NA,NA,11.2166888888889,NA,NA,NA,NA,3818.4956845,1876.53176580962
"2358",2021-07-14 13:01:25,1238,2425,62.5561488888889,NA,NA,11.2215444444444,NA,NA,NA,NA,3834.30758416667,1876.56043791208
"2359",2021-07-14 13:01:30,1238,2440,62.55614,NA,NA,11.2264,NA,NA,NA,NA,3858.025276,1876.58911001935
"2360",2021-07-14 13:01:35,1238,2460,62.5561311111111,NA,NA,11.2312555555556,NA,NA,NA,NA,3889.648762,1876.61778213143
"2361",2021-07-14 13:01:40,1238,2470,62.5561222222222,NA,NA,11.2361111111111,NA,NA,NA,NA,3905.46067166667,1876.64645424832
"2362",2021-07-14 13:01:45,1228,2485,62.5561133333333,NA,NA,11.2409666666667,NA,NA,NA,NA,3929.1783755,1861.51619966267
"2363",2021-07-14 13:01:50,1223,2495,62.5561044444444,NA,NA,11.2458222222222,NA,NA,NA,NA,3944.99029116667,1853.96506103493
"2364",2021-07-14 13:01:55,1218,2510,62.5560955555556,NA,NA,11.2506777777778,NA,NA,NA,NA,3968.70800233333,1846.41369081156
"2365",2021-07-14 13:02:00,1218,2520,62.5560866666667,NA,NA,11.2555333333333,NA,NA,NA,NA,3984.519924,1846.44189974677
"2366",2021-07-14 13:02:05,1223,2530,62.5560777777778,NA,NA,11.2603888888889,NA,NA,NA,NA,4000.33184833333,1854.05003524127
"2367",2021-07-14 13:02:10,1228,2535,62.5560688888889,NA,NA,11.2652444444444,NA,NA,NA,NA,4008.2379805,1861.65840234102
"2368",2021-07-14 13:02:15,1233,2550,62.55606,NA,NA,11.2701,NA,NA,NA,NA,4031.955705,1869.26700104609
"2369",2021-07-14 13:02:20,1238,2560,62.5560511111111,NA,NA,11.2749555555556,NA,NA,NA,NA,4047.76763733333,1876.87583135655
"2370",2021-07-14 13:02:25,1233,2570,62.5560422222222,NA,NA,11.2798111111111,NA,NA,NA,NA,4063.57957233333,1869.32411376099
"2371",2021-07-14 13:02:30,1238,2580,62.5560333333333,NA,NA,11.2846666666667,NA,NA,NA,NA,4079.39151,1876.93317568169
"2372",2021-07-14 13:02:35,1238,2590,62.5560244444444,NA,NA,11.2895222222222,NA,NA,NA,NA,4095.20345033333,1876.96184785148
"2373",2021-07-14 13:02:40,1248,2605,62.5560155555556,NA,NA,11.2943777777778,NA,NA,NA,NA,4118.92119216667,1892.1519943397
"2374",2021-07-14 13:02:45,1248,2625,62.5560066666667,NA,NA,11.2992333333333,NA,NA,NA,NA,4150.5447375,1892.1808981199
"2375",2021-07-14 13:02:50,1243,2641,62.5559977777778,NA,NA,11.3040888888889,NA,NA,NA,NA,4175.84364803333,1884.62883314733
"2376",2021-07-14 13:02:55,1238,2651,62.5559888888889,NA,NA,11.3089444444444,NA,NA,NA,NA,4191.65560183333,1877.07653657872
"2377",2021-07-14 13:03:00,1238,2661,62.55598,NA,NA,11.3138,NA,NA,NA,NA,4207.4675583,1877.10520877255
"2378",2021-07-14 13:03:05,1238,2666,62.5559711111111,NA,NA,11.3186555555556,NA,NA,NA,NA,4215.37371526667,1877.13388097119
"2379",2021-07-14 13:03:10,1233,2671,62.5559622222222,NA,NA,11.3235111111111,NA,NA,NA,NA,4223.27987356667,1869.58112121513
"2380",2021-07-14 13:03:15,1233,2681,62.5559533333333,NA,NA,11.3283666666667,NA,NA,NA,NA,4239.0918367,1869.60967762287
"2381",2021-07-14 13:03:20,1233,2686,62.5559444444444,NA,NA,11.3332222222222,NA,NA,NA,NA,4246.99799833333,1869.6382340354
"2382",2021-07-14 13:03:25,1233,2691,62.5559355555556,NA,NA,11.3380777777778,NA,NA,NA,NA,4254.9041613,1869.66679045272
"2383",2021-07-14 13:03:30,1233,2691,62.5559266666667,NA,NA,11.3429333333333,NA,NA,NA,NA,4254.9045201,1869.69534687483
"2384",2021-07-14 13:03:35,1228,2686,62.5559177777778,NA,NA,11.3477888888889,NA,NA,NA,NA,4246.99907273333,1862.14189233943
"2385",2021-07-14 13:03:40,1228,2691,62.5559088888889,NA,NA,11.3526444444444,NA,NA,NA,NA,4254.9052377,1862.1703329705
"2386",2021-07-14 13:03:45,1228,2696,62.5559,NA,NA,11.3575,NA,NA,NA,NA,4262.811404,1862.19877360634
"2387",2021-07-14 13:03:50,1223,2696,62.5558911111111,NA,NA,11.3623555555556,NA,NA,NA,NA,4262.81176346667,1854.64485588276
"2388",2021-07-14 13:03:55,1223,2691,62.5558822222222,NA,NA,11.3672111111111,NA,NA,NA,NA,4254.9063141,1854.67318072747
"2389",2021-07-14 13:04:00,1228,2681,62.5558733333333,NA,NA,11.3720666666667,NA,NA,NA,NA,4239.0950539,1862.28409554249
"2390",2021-07-14 13:04:05,1228,2676,62.5558644444444,NA,NA,11.3769222222222,NA,NA,NA,NA,4231.1896012,1862.31253619742
"2391",2021-07-14 13:04:10,1228,2671,62.5558555555556,NA,NA,11.3817777777778,NA,NA,NA,NA,4223.28414716667,1862.34097685711
"2392",2021-07-14 13:04:15,1233,2671,62.5558466666667,NA,NA,11.3866333333333,NA,NA,NA,NA,4223.2845033,1869.95235488933
"2393",2021-07-14 13:04:20,1238,2681,62.5558377777778,NA,NA,11.3914888888889,NA,NA,NA,NA,4239.09648376667,1877.56396452787
"2394",2021-07-14 13:04:25,1233,2691,62.5558288888889,NA,NA,11.3963444444444,NA,NA,NA,NA,4254.9084669,1870.00946783413
"2395",2021-07-14 13:04:30,1233,2691,62.55582,NA,NA,11.4012,NA,NA,NA,NA,4254.9088257,1870.03802431371
"2396",2021-07-14 13:04:35,1238,2686,62.5558111111111,NA,NA,11.4060555555556,NA,NA,NA,NA,4247.00337033333,1877.64998136904
"2397",2021-07-14 13:04:40,1243,2686,62.5558022222222,NA,NA,11.4109111111111,NA,NA,NA,NA,4247.00372846667,1885.26217003086
"2398",2021-07-14 13:04:45,1248,2691,62.5557933333333,NA,NA,11.4157666666667,NA,NA,NA,NA,4254.9099021,1892.87459029922
"2399",2021-07-14 13:04:50,1248,2701,62.5557844444444,NA,NA,11.4206222222222,NA,NA,NA,NA,4270.72189323333,1892.90349420062
"2400",2021-07-14 13:04:55,1243,2696,62.5557755555556,NA,NA,11.4254777777778,NA,NA,NA,NA,4262.81643653333,1885.3485343324
"2401",2021-07-14 13:05:00,1233,2706,62.5557666666667,NA,NA,11.4303333333333,NA,NA,NA,NA,4278.628431,1870.20936329179
"2402",2021-07-14 13:05:05,1233,2711,62.5557577777778,NA,NA,11.4351888888889,NA,NA,NA,NA,4286.53460996667,1870.2379198049
"2403",2021-07-14 13:05:10,1233,2716,62.5557488888889,NA,NA,11.4400444444444,NA,NA,NA,NA,4294.44079026667,1870.2664763228
"2404",2021-07-14 13:05:15,1238,2716,62.55574,NA,NA,11.4449,NA,NA,NA,NA,4294.4411524,1877.87935982377
"2405",2021-07-14 13:05:20,1233,2721,62.5557311111111,NA,NA,11.4497555555556,NA,NA,NA,NA,4302.3473347,1870.32358937297
"2406",2021-07-14 13:05:25,1233,2731,62.5557222222222,NA,NA,11.4546111111111,NA,NA,NA,NA,4318.15933916667,1870.35214590523
"2407",2021-07-14 13:05:30,1238,2741,62.5557133333333,NA,NA,11.4594666666667,NA,NA,NA,NA,4333.9713463,1877.96537682365
"2408",2021-07-14 13:05:35,1238,2741,62.5557044444444,NA,NA,11.4643222222222,NA,NA,NA,NA,4333.97171176667,1877.99404916655
"2409",2021-07-14 13:05:40,1243,2741,62.5556955555556,NA,NA,11.4691777777778,NA,NA,NA,NA,4333.97207723333,1885.60762749777
"2410",2021-07-14 13:05:45,1238,2756,62.5556866666667,NA,NA,11.4740333333333,NA,NA,NA,NA,4357.6899132,1878.0513938668
"2411",2021-07-14 13:05:50,1238,2766,62.5556777777778,NA,NA,11.4788888888889,NA,NA,NA,NA,4373.501929,1878.08006622413
"2412",2021-07-14 13:05:55,1238,2771,62.5556688888889,NA,NA,11.4837444444444,NA,NA,NA,NA,4381.40812263333,1878.10873858628
"2413",2021-07-14 13:06:00,1238,2766,62.55566,NA,NA,11.4886,NA,NA,NA,NA,4373.5026666,1878.13741095323
"2414",2021-07-14 13:06:05,1238,2751,62.5556511111111,NA,NA,11.4934555555556,NA,NA,NA,NA,4349.7855569,1878.16608332499
"2415",2021-07-14 13:06:10,1233,2746,62.5556422222222,NA,NA,11.4983111111111,NA,NA,NA,NA,4341.88009686667,1870.60915491117
"2416",2021-07-14 13:06:15,1233,2746,62.5556333333333,NA,NA,11.5031666666667,NA,NA,NA,NA,4341.880463,1870.63771149133
"2417",2021-07-14 13:06:20,1233,2751,62.5556244444444,NA,NA,11.5080222222222,NA,NA,NA,NA,4349.7866573,1870.66626807629
"2418",2021-07-14 13:06:25,1238,2746,62.5556155555556,NA,NA,11.5128777777778,NA,NA,NA,NA,4341.88119526667,1878.28077286013
"2419",2021-07-14 13:06:30,1233,2741,62.5556066666667,NA,NA,11.5177333333333,NA,NA,NA,NA,4333.9757319,1870.72338126056
"2420",2021-07-14 13:06:35,1233,2746,62.5555977777778,NA,NA,11.5225888888889,NA,NA,NA,NA,4341.88192753333,1870.75193785988
"2421",2021-07-14 13:06:40,1233,2756,62.5555888888889,NA,NA,11.5274444444444,NA,NA,NA,NA,4357.69395533333,1870.78049446399
"2422",2021-07-14 13:06:45,1233,2756,62.55558,NA,NA,11.5323,NA,NA,NA,NA,4357.6943228,1870.80905107289
"2423",2021-07-14 13:06:50,1233,2751,62.5555711111111,NA,NA,11.5371555555556,NA,NA,NA,NA,4349.7888581,1870.83760768658
"2424",2021-07-14 13:06:55,1233,2751,62.5555622222222,NA,NA,11.5420111111111,NA,NA,NA,NA,4349.7892249,1870.86616430506
"2425",2021-07-14 13:07:00,1233,2756,62.5555533333333,NA,NA,11.5468666666667,NA,NA,NA,NA,4357.6954252,1870.89472092833
"2426",2021-07-14 13:07:05,1233,2761,62.5555444444444,NA,NA,11.5517222222222,NA,NA,NA,NA,4365.60162683333,1870.92327755639
"2427",2021-07-14 13:07:10,1238,2761,62.5555355555556,NA,NA,11.5565777777778,NA,NA,NA,NA,4365.60199496667,1878.53882459552
"2428",2021-07-14 13:07:15,1238,2756,62.5555266666667,NA,NA,11.5614333333333,NA,NA,NA,NA,4357.6965276,1878.5674970346
"2429",2021-07-14 13:07:20,1238,2746,62.5555177777778,NA,NA,11.5662888888889,NA,NA,NA,NA,4341.88522273333,1878.5961694785
"2430",2021-07-14 13:07:25,1238,2741,62.5555088888889,NA,NA,11.5711444444444,NA,NA,NA,NA,4333.97975203333,1878.62484192721
"2431",2021-07-14 13:07:30,1243,2736,62.5555,NA,NA,11.576,NA,NA,NA,NA,4326.07428,1886.24096799292
"2432",2021-07-14 13:07:35,1243,2731,62.5554911111111,NA,NA,11.5808555555556,NA,NA,NA,NA,4318.16880663333,1886.26975625277
"2433",2021-07-14 13:07:40,1238,2736,62.5554822222222,NA,NA,11.5857111111111,NA,NA,NA,NA,4326.0750096,1878.71085930218
"2434",2021-07-14 13:07:45,1233,2741,62.5554733333333,NA,NA,11.5905666666667,NA,NA,NA,NA,4333.9812139,1871.15173075327
"2435",2021-07-14 13:07:50,1233,2751,62.5554644444444,NA,NA,11.5954222222222,NA,NA,NA,NA,4349.7932597,1871.18028742444
"2436",2021-07-14 13:07:55,1228,2746,62.5554555555556,NA,NA,11.6002777777778,NA,NA,NA,NA,4341.88778566667,1863.62081148036
"2437",2021-07-14 13:08:00,1228,2751,62.5554466666667,NA,NA,11.6051333333333,NA,NA,NA,NA,4349.7939933,1863.64925235947
"2438",2021-07-14 13:08:05,1223,2746,62.5554377777778,NA,NA,11.6099888888889,NA,NA,NA,NA,4341.88851793333,1856.08942902006
"2439",2021-07-14 13:08:10,1223,2741,62.5554288888889,NA,NA,11.6148444444444,NA,NA,NA,NA,4333.98304123333,1856.11775410705
"2440",2021-07-14 13:08:15,1223,2736,62.55542,NA,NA,11.6197,NA,NA,NA,NA,4326.0775632,1856.1460791988
"2441",2021-07-14 13:08:20,1223,2736,62.5554111111111,NA,NA,11.6245555555556,NA,NA,NA,NA,4326.077928,1856.17440429529
"2442",2021-07-14 13:08:25,1223,2746,62.5554022222222,NA,NA,11.6294111111111,NA,NA,NA,NA,4341.88998246667,1856.20272939654
"2443",2021-07-14 13:08:30,1228,2756,62.5553933333333,NA,NA,11.6342666666667,NA,NA,NA,NA,4357.7020396,1863.81989773435
"2444",2021-07-14 13:08:35,1223,2766,62.5553844444444,NA,NA,11.6391222222222,NA,NA,NA,NA,4373.5140994,1856.25937961328
"2445",2021-07-14 13:08:40,1218,2776,62.5553755555556,NA,NA,11.6439777777778,NA,NA,NA,NA,4389.32616186667,1848.69862989342
"2446",2021-07-14 13:08:45,1218,2776,62.5553666666667,NA,NA,11.6488333333333,NA,NA,NA,NA,4389.326532,1848.72683921187
"2447",2021-07-14 13:08:50,1223,2771,62.5553577777778,NA,NA,11.6536888888889,NA,NA,NA,NA,4381.42105396667,1856.34435497403
"2448",2021-07-14 13:08:55,1228,2771,62.5553488888889,NA,NA,11.6585444444444,NA,NA,NA,NA,4381.42142343333,1863.9621023446
"2449",2021-07-14 13:09:00,1228,2771,62.55534,NA,NA,11.6634,NA,NA,NA,NA,4381.4217929,1863.99054328096
"2450",2021-07-14 13:09:05,1228,2771,62.5553311111111,NA,NA,11.6682555555556,NA,NA,NA,NA,4381.42216236667,1864.01898422208
"2451",2021-07-14 13:09:10,1228,2781,62.5553222222222,NA,NA,11.6731111111111,NA,NA,NA,NA,4397.2342335,1864.04742516798
"2452",2021-07-14 13:09:15,1233,2786,62.5553133333333,NA,NA,11.6779666666667,NA,NA,NA,NA,4405.1404558,1871.66575156702
"2453",2021-07-14 13:09:20,1233,2786,62.5553044444444,NA,NA,11.6828222222222,NA,NA,NA,NA,4405.14082726667,1871.69430832439
"2454",2021-07-14 13:09:25,1238,2781,62.5552955555556,NA,NA,11.6876777777778,NA,NA,NA,NA,4397.2353459,1879.31298213882
"2455",2021-07-14 13:09:30,1238,2771,62.5552866666667,NA,NA,11.6925333333333,NA,NA,NA,NA,4381.4240097,1879.34165470774
"2456",2021-07-14 13:09:35,1238,2761,62.5552777777778,NA,NA,11.6973888888889,NA,NA,NA,NA,4365.61267083333,1879.37032728148
"2457",2021-07-14 13:09:40,1238,2756,62.5552688888889,NA,NA,11.7022444444444,NA,NA,NA,NA,4357.70718413333,1879.39899986003
"2458",2021-07-14 13:09:45,1233,2761,62.55526,NA,NA,11.7071,NA,NA,NA,NA,4365.6134071,1871.83709218311
"2459",2021-07-14 13:09:50,1228,2771,62.5552511111111,NA,NA,11.7119555555556,NA,NA,NA,NA,4381.42548756667,1864.2749529069
"2460",2021-07-14 13:09:55,1233,2776,62.5552422222222,NA,NA,11.7168111111111,NA,NA,NA,NA,4389.33171386667,1871.89420576013
"2461",2021-07-14 13:10:00,1233,2781,62.5552333333333,NA,NA,11.7216666666667,NA,NA,NA,NA,4397.2379415,1871.92276255582
"2462",2021-07-14 13:10:05,1228,2781,62.5552244444444,NA,NA,11.7265222222222,NA,NA,NA,NA,4397.2383123,1864.3602758877
"2463",2021-07-14 13:10:10,1233,2781,62.5552155555556,NA,NA,11.7313777777778,NA,NA,NA,NA,4397.2386831,1871.97987616157
"2464",2021-07-14 13:10:15,1238,2786,62.5552066666667,NA,NA,11.7362333333333,NA,NA,NA,NA,4405.1449134,1879.59970804451
"2465",2021-07-14 13:10:20,1233,2791,62.5551977777778,NA,NA,11.7410888888889,NA,NA,NA,NA,4413.05114503333,1872.03698978648
"2466",2021-07-14 13:10:25,1238,2796,62.5551888888889,NA,NA,11.7459444444444,NA,NA,NA,NA,4420.957378,1879.65705328335
"2467",2021-07-14 13:10:30,1238,2796,62.55518,NA,NA,11.7508,NA,NA,NA,NA,4420.9577508,1879.68572590999
"2468",2021-07-14 13:10:35,1238,2786,62.5551711111111,NA,NA,11.7556555555556,NA,NA,NA,NA,4405.14639926667,1879.71439854143
"2469",2021-07-14 13:10:40,1238,2781,62.5551622222222,NA,NA,11.7605111111111,NA,NA,NA,NA,4397.2409079,1879.74307117769
"2470",2021-07-14 13:10:45,1243,2771,62.5551533333333,NA,NA,11.7653666666667,NA,NA,NA,NA,4381.4295517,1887.36371370493
"2471",2021-07-14 13:10:50,1243,2766,62.5551444444444,NA,NA,11.7702222222222,NA,NA,NA,NA,4373.524057,1887.39250215309
"2472",2021-07-14 13:10:55,1238,2761,62.5551355555556,NA,NA,11.7750777777778,NA,NA,NA,NA,4365.61856096667,1879.8290891153
"2473",2021-07-14 13:11:00,1238,2761,62.5551266666667,NA,NA,11.7799333333333,NA,NA,NA,NA,4365.6189291,1879.85776177079
"2474",2021-07-14 13:11:05,1238,2756,62.5551177777778,NA,NA,11.7847888888889,NA,NA,NA,NA,4357.71343106667,1879.88643443109
"2475",2021-07-14 13:11:10,1238,2761,62.5551088888889,NA,NA,11.7896444444444,NA,NA,NA,NA,4365.61966536667,1879.9151070962
"2476",2021-07-14 13:11:15,1238,2771,62.5551,NA,NA,11.7945,NA,NA,NA,NA,4381.4317685,1879.94377976612
"2477",2021-07-14 13:11:20,1238,2786,62.5550911111111,NA,NA,11.7993555555556,NA,NA,NA,NA,4405.14974246667,1879.97245244084
"2478",2021-07-14 13:11:25,1233,2801,62.5550822222222,NA,NA,11.8042111111111,NA,NA,NA,NA,4428.86772043333,1872.40822881537
"2479",2021-07-14 13:11:30,1228,2811,62.5550733333333,NA,NA,11.8090666666667,NA,NA,NA,NA,4444.6798329,1864.84377358982
"2480",2021-07-14 13:11:35,1223,2816,62.5550644444444,NA,NA,11.8139222222222,NA,NA,NA,NA,4452.58607786667,1857.27908676414
"2481",2021-07-14 13:11:40,1218,2811,62.5550555555556,NA,NA,11.8187777777778,NA,NA,NA,NA,4444.6805825,1849.71416833827
"2482",2021-07-14 13:11:45,1218,2806,62.5550466666667,NA,NA,11.8236333333333,NA,NA,NA,NA,4436.7750858,1849.74237782705
"2483",2021-07-14 13:11:50,1223,2796,62.5550377777778,NA,NA,11.8284888888889,NA,NA,NA,NA,4420.9637156,1857.36406263796
"2484",2021-07-14 13:11:55,1228,2791,62.5550288888889,NA,NA,11.8333444444444,NA,NA,NA,NA,4413.05821556667,1864.98597905868
"2485",2021-07-14 13:12:00,1228,2781,62.55502,NA,NA,11.8382,NA,NA,NA,NA,4397.2468407,1865.01442016676
"2486",2021-07-14 13:12:05,1228,2771,62.5550111111111,NA,NA,11.8430555555556,NA,NA,NA,NA,4381.43546316667,1865.04286127961
"2487",2021-07-14 13:12:10,1233,2776,62.5550022222222,NA,NA,11.8479111111111,NA,NA,NA,NA,4389.34170746667,1872.66524092491
"2488",2021-07-14 13:12:15,1238,2776,62.5549933333333,NA,NA,11.8527666666667,NA,NA,NA,NA,4389.3420776,1880.28785218021
"2489",2021-07-14 13:12:20,1238,2781,62.5549844444444,NA,NA,11.8576222222222,NA,NA,NA,NA,4397.2483239,1880.31652491265
"2490",2021-07-14 13:12:25,1238,2781,62.5549755555556,NA,NA,11.8624777777778,NA,NA,NA,NA,4397.2486947,1880.34519764989
"2491",2021-07-14 13:12:30,1238,2786,62.5549666666667,NA,NA,11.8673333333333,NA,NA,NA,NA,4405.154943,1880.37387039194
"2492",2021-07-14 13:12:35,1238,2791,62.5549577777778,NA,NA,11.8721888888889,NA,NA,NA,NA,4413.06119263333,1880.4025431388
"2493",2021-07-14 13:12:40,1238,2791,62.5549488888889,NA,NA,11.8770444444444,NA,NA,NA,NA,4413.06156476667,1880.43121589047
"2494",2021-07-14 13:12:45,1233,2786,62.55494,NA,NA,11.8819,NA,NA,NA,NA,4405.1560574,1872.86513950055
"2495",2021-07-14 13:12:50,1228,2781,62.5549311111111,NA,NA,11.8867555555556,NA,NA,NA,NA,4397.2505487,1865.29883150994
"2496",2021-07-14 13:12:55,1233,2786,62.5549222222222,NA,NA,11.8916111111111,NA,NA,NA,NA,4405.15680033333,1872.92225342241
"2497",2021-07-14 13:13:00,1238,2796,62.5549133333333,NA,NA,11.8964666666667,NA,NA,NA,NA,4420.9689348,1880.54590694523
"2498",2021-07-14 13:13:05,1243,2806,62.5549044444444,NA,NA,11.9013222222222,NA,NA,NA,NA,4436.78107193333,1888.16979207846
"2499",2021-07-14 13:13:10,1238,2801,62.5548955555556,NA,NA,11.9061777777778,NA,NA,NA,NA,4428.87556323333,1880.60325250147
"2500",2021-07-14 13:13:15,1238,2801,62.5548866666667,NA,NA,11.9110333333333,NA,NA,NA,NA,4428.8759367,1880.6319252868
"2501",2021-07-14 13:13:20,1233,2806,62.5548777777778,NA,NA,11.9158888888889,NA,NA,NA,NA,4436.78219433333,1873.06503831088
"2502",2021-07-14 13:13:25,1238,2806,62.5548688888889,NA,NA,11.9207444444444,NA,NA,NA,NA,4436.78256846667,1880.68927087189
"2503",2021-07-14 13:13:30,1233,2791,62.55486,NA,NA,11.9256,NA,NA,NA,NA,4413.0652861,1873.12215229979
"2504",2021-07-14 13:13:35,1228,2761,62.5548511111111,NA,NA,11.9304555555556,NA,NA,NA,NA,4365.63034123333,1865.55480212665
"2505",2021-07-14 13:13:40,1233,2716,62.5548422222222,NA,NA,11.9353111111111,NA,NA,NA,NA,4294.47772786667,1873.17926630786
"2506",2021-07-14 13:13:45,1238,2656,62.5548333333333,NA,NA,11.9401666666667,NA,NA,NA,NA,4199.60744,1880.80396209977
"2507",2021-07-14 13:13:50,1243,2580,62.5548244444444,NA,NA,11.9450222222222,NA,NA,NA,NA,4079.438294,1888.42888950244
"2508",2021-07-14 13:13:55,1243,2505,62.5548155555555,NA,NA,11.9498777777778,NA,NA,NA,NA,3960.8503055,1888.45767812925
"2509",2021-07-14 13:14:00,1238,2425,62.5548066666667,NA,NA,11.9547333333333,NA,NA,NA,NA,3834.3564075,1880.88998057118
"2510",2021-07-14 13:14:05,1233,2335,62.5547977777778,NA,NA,11.9595888888889,NA,NA,NA,NA,3692.05070783333,1873.32205141185
"2511",2021-07-14 13:14:10,1233,2245,62.5547888888889,NA,NA,11.9644444444444,NA,NA,NA,NA,3549.74498416667,1873.35060844702
"2512",2021-07-14 13:14:15,1233,2159,62.55478,NA,NA,11.9693,NA,NA,NA,NA,3413.7639497,1873.37916548698
"2513",2021-07-14 13:14:20,1233,2074,62.5547711111111,NA,NA,11.9741555555556,NA,NA,NA,NA,3279.36407073333,1873.40772253172
"2514",2021-07-14 13:14:25,1233,1989,62.5547622222222,NA,NA,11.9790111111111,NA,NA,NA,NA,3144.9641691,1873.43627958126
"2515",2021-07-14 13:14:30,1233,1904,62.5547533333333,NA,NA,11.9838666666667,NA,NA,NA,NA,3010.5642448,1873.46483663558
"2516",2021-07-14 13:14:35,1233,1814,62.5547444444444,NA,NA,11.9887222222222,NA,NA,NA,NA,2868.25840366667,1873.4933936947
"2517",2021-07-14 13:14:40,1228,1734,62.5547355555556,NA,NA,11.9935777777778,NA,NA,NA,NA,2741.7643282,1865.92453814401
"2518",2021-07-14 13:14:45,1228,1658,62.5547266666667,NA,NA,11.9984333333333,NA,NA,NA,NA,2621.5949478,1865.95297940951
"2519",2021-07-14 13:14:50,1228,1588,62.5547177777778,NA,NA,12.0032888888889,NA,NA,NA,NA,2510.91262253333,1865.98142067977
"2520",2021-07-14 13:14:55,1228,1523,62.5547088888889,NA,NA,12.0081444444444,NA,NA,NA,NA,2408.13617543333,1866.00986195481
"2521",2021-07-14 13:15:00,1228,1458,62.5547,11.787,64.131,12.013,"Stn02",64.131,0.160738464,0.021014623,2305.359711,1866.03830323461
"2522",2021-07-14 13:15:05,1228,1388,62.5545972222222,NA,NA,12.0119222222222,NA,NA,NA,NA,2194.67928583333,1866.03384450958
"2523",2021-07-14 13:15:10,1228,1328,62.5544944444444,NA,NA,12.0108444444444,NA,NA,NA,NA,2099.81047066667,1866.02938577231
"2524",2021-07-14 13:15:15,1233,1268,62.5543916666667,NA,NA,12.0097666666667,NA,NA,NA,NA,2004.9414705,1873.62274838689
"2525",2021-07-14 13:15:20,1238,1208,62.5542888888889,NA,NA,12.0086888888889,NA,NA,NA,NA,1910.07228533333,1881.2160746801
"2526",2021-07-14 13:15:25,1238,1142,62.5541861111111,NA,NA,12.0076111111111,NA,NA,NA,NA,1805.71579191667,1881.21157959686
"2527",2021-07-14 13:15:30,1238,1082,62.5540833333333,NA,NA,12.0065333333333,NA,NA,NA,NA,1710.8462275,1881.20708450128
"2528",2021-07-14 13:15:35,1238,1017,62.5539805555556,NA,NA,12.0054555555556,NA,NA,NA,NA,1608.070526625,1881.20258939336
"2529",2021-07-14 13:15:40,1238,957,62.5538777777778,NA,NA,12.0043777777778,NA,NA,NA,NA,1513.2005845,1881.1980942731
"2530",2021-07-14 13:15:45,1233,892,62.553775,NA,NA,12.0033,NA,NA,NA,NA,1410.4244905,1873.59588670455
"2531",2021-07-14 13:15:50,1238,832,62.5536722222222,NA,NA,12.0022222222222,NA,NA,NA,NA,1315.55417066667,1881.18910399555
"2532",2021-07-14 13:15:55,1238,782,62.5535694444444,NA,NA,12.0011444444444,NA,NA,NA,NA,1236.49563041667,1881.18460883826
"2533",2021-07-14 13:16:00,1238,737,62.5534666666667,NA,NA,12.0000666666667,NA,NA,NA,NA,1165.342926,1881.18011366862
"2534",2021-07-14 13:16:05,1238,711,62.5533638888889,NA,NA,11.9989888888889,NA,NA,NA,NA,1124.232874125,1881.17561848665
"2535",2021-07-14 13:16:10,1233,727,62.5532611111111,NA,NA,11.9979111111111,NA,NA,NA,NA,1149.53318758333,1873.57350163122
"2536",2021-07-14 13:16:15,1228,772,62.5531583333333,NA,NA,11.9968333333333,NA,NA,NA,NA,1220.6884265,1865.97142107368
"2537",2021-07-14 13:16:20,1228,847,62.5530555555556,NA,NA,11.9957555555556,NA,NA,NA,NA,1339.27992916667,1865.96696216501
"2538",2021-07-14 13:16:25,1238,942,62.5529527777778,NA,NA,11.9946777777778,NA,NA,NA,NA,1489.49577725,1881.15763763534
"2539",2021-07-14 13:16:30,1238,1047,62.55285,NA,NA,11.9936,NA,NA,NA,NA,1655.52399075,1881.15314239165
"2540",2021-07-14 13:16:35,1238,1162,62.5527472222222,NA,NA,11.9925222222222,NA,NA,NA,NA,1837.36461591667,1881.14864713562
"2541",2021-07-14 13:16:40,1233,1273,62.5526444444444,NA,NA,11.9914444444444,NA,NA,NA,NA,2012.88075433333,1873.54663913758
"2542",2021-07-14 13:16:45,1238,1393,62.5525416666667,NA,NA,11.9903666666667,NA,NA,NA,NA,2202.628141875,1881.13965658654
"2543",2021-07-14 13:16:50,1238,1513,62.5524388888889,NA,NA,11.9892888888889,NA,NA,NA,NA,2392.37589941667,1881.13516129349
"2544",2021-07-14 13:16:55,1238,1638,62.5523361111111,NA,NA,11.9882111111111,NA,NA,NA,NA,2590.03010175,1881.1306659881
"2545",2021-07-14 13:17:00,1238,1764,62.5522333333333,NA,NA,11.9871333333333,NA,NA,NA,NA,2789.265906,1881.12617067036
"2546",2021-07-14 13:17:05,1233,1889,62.5521305555556,NA,NA,11.9860555555556,NA,NA,NA,NA,2986.92088070833,1873.52425338818
"2547",2021-07-14 13:17:10,1233,2009,62.5520277777778,NA,NA,11.9849777777778,NA,NA,NA,NA,3176.67014291667,1873.51977620142
"2548",2021-07-14 13:17:15,1238,2124,62.551925,NA,NA,11.9839,NA,NA,NA,NA,3358.5136695,1881.11268464309
"2549",2021-07-14 13:17:20,1238,2235,62.5518222222222,NA,NA,11.9828222222222,NA,NA,NA,NA,3534.03266,1881.10818927599
"2550",2021-07-14 13:17:25,1238,2340,62.5517194444444,NA,NA,11.9817444444444,NA,NA,NA,NA,3700.0646475,1881.10369389654
"2551",2021-07-14 13:17:30,1238,2445,62.5516166666667,NA,NA,11.9806666666667,NA,NA,NA,NA,3866.09695875,1881.09919850475
"2552",2021-07-14 13:17:35,1233,2540,62.5515138888889,NA,NA,11.9795888888889,NA,NA,NA,NA,4016.31732083333,1873.49739008325
"2553",2021-07-14 13:17:40,1233,2630,62.5514111111111,NA,NA,11.9785111111111,NA,NA,NA,NA,4158.63183166667,1873.49291282273
"2554",2021-07-14 13:17:45,1233,2726,62.5513083333333,NA,NA,11.9774333333333,NA,NA,NA,NA,4310.43400225,1873.48843554993
"2555",2021-07-14 13:17:50,1228,2816,62.5512055555556,NA,NA,11.9763555555556,NA,NA,NA,NA,4452.74907733333,1865.8866997155
"2556",2021-07-14 13:17:55,1228,2896,62.5511027777778,NA,NA,11.9752777777778,NA,NA,NA,NA,4579.25209533333,1865.88224057423
"2557",2021-07-14 13:18:00,1228,2961,62.551,NA,NA,11.9742,NA,NA,NA,NA,4682.036835,1865.87778142071
"2558",2021-07-14 13:18:05,1228,3016,62.5508972222222,NA,NA,11.9731222222222,NA,NA,NA,NA,4769.00940966667,1865.87332225495
"2559",2021-07-14 13:18:10,1233,3086,62.5507944444444,NA,NA,11.9720444444444,NA,NA,NA,NA,4879.70072516667,1873.46604900152
"2560",2021-07-14 13:18:15,1238,3162,62.5506916666667,NA,NA,11.9709666666667,NA,NA,NA,NA,4999.87969425,1881.05873942323
"2561",2021-07-14 13:18:20,1238,3232,62.5505888888889,NA,NA,11.9698888888889,NA,NA,NA,NA,5110.57145066667,1881.05424390802
"2562",2021-07-14 13:18:25,1243,3307,62.5504861111111,NA,NA,11.9688111111111,NA,NA,NA,NA,5229.16963645833,1888.64687983596
"2563",2021-07-14 13:18:30,1243,3377,62.5503833333333,NA,NA,11.9677333333333,NA,NA,NA,NA,5339.86183225,1888.6423661396
"2564",2021-07-14 13:18:35,1248,3442,62.5502805555556,NA,NA,11.9666555555556,NA,NA,NA,NA,5442.64801491667,1896.23494757338
"2565",2021-07-14 13:18:40,1248,3497,62.5501777777778,NA,NA,11.9655777777778,NA,NA,NA,NA,5529.62192466667,1896.23041569567
"2566",2021-07-14 13:18:45,1253,3537,62.550075,NA,NA,11.9645,NA,NA,NA,NA,5592.877270875,1903.82294263487
"2567",2021-07-14 13:18:50,1248,3587,62.5499722222222,NA,NA,11.9634222222222,NA,NA,NA,NA,5671.94524458333,1896.22135190294
"2568",2021-07-14 13:18:55,1243,3628,62.5498694444444,NA,NA,11.9623444444444,NA,NA,NA,NA,5736.78210483333,1888.61979747193
"2569",2021-07-14 13:19:00,1238,3673,62.5497666666667,NA,NA,11.9612666666667,NA,NA,NA,NA,5807.9441055,1881.01827934201
"2570",2021-07-14 13:19:05,1243,3713,62.5496638888889,NA,NA,11.9601888888889,NA,NA,NA,NA,5871.19996970833,1888.61076991812
"2571",2021-07-14 13:19:10,1243,3753,62.5495611111111,NA,NA,11.9591111111111,NA,NA,NA,NA,5934.45595725,1888.60625612263
"2572",2021-07-14 13:19:15,1238,3788,62.5494583333333,NA,NA,11.9580333333333,NA,NA,NA,NA,5989.8057775,1881.0047924261
"2573",2021-07-14 13:19:20,1233,3823,62.5493555555556,NA,NA,11.9569555555556,NA,NA,NA,NA,6045.15570566667,1873.40336503111
"2574",2021-07-14 13:19:25,1233,3858,62.5492527777778,NA,NA,11.9558777777778,NA,NA,NA,NA,6100.50574175,1873.39888751246
"2575",2021-07-14 13:19:30,1233,3883,62.54915,NA,NA,11.9548,NA,NA,NA,NA,6140.04325825,1873.39440998152
"2576",2021-07-14 13:19:35,1238,3908,62.5490472222222,NA,NA,11.9537222222222,NA,NA,NA,NA,6179.58085183333,1880.98680969878
"2577",2021-07-14 13:19:40,1238,3933,62.5489444444444,NA,NA,11.9526444444444,NA,NA,NA,NA,6219.1185225,1880.98231398609
"2578",2021-07-14 13:19:45,1238,3963,62.5488416666667,NA,NA,11.9515666666667,NA,NA,NA,NA,6266.562607125,1880.97781826106
"2579",2021-07-14 13:19:50,1238,4003,62.5487388888889,NA,NA,11.9504888888889,NA,NA,NA,NA,6329.81947341667,1880.97332252369
"2580",2021-07-14 13:19:55,1238,4038,62.5486361111111,NA,NA,11.9494111111111,NA,NA,NA,NA,6385.17011075,1880.96882677398
"2581",2021-07-14 13:20:00,1238,4073,62.5485333333333,NA,NA,11.9483333333333,NA,NA,NA,NA,6440.520856,1880.96433101192
"2582",2021-07-14 13:20:05,1243,4094,62.5484305555556,NA,NA,11.9472555555556,NA,NA,NA,NA,6473.73387958333,1888.55660355431
"2583",2021-07-14 13:20:10,1238,4114,62.5483277777778,NA,NA,11.9461777777778,NA,NA,NA,NA,6505.36569283333,1880.95533945078
"2584",2021-07-14 13:20:15,1238,4139,62.548225,NA,NA,11.9451,NA,NA,NA,NA,6544.903950875,1880.9508436517
"2585",2021-07-14 13:20:20,1238,4164,62.5481222222222,NA,NA,11.9440222222222,NA,NA,NA,NA,6584.442286,1880.94634784028
"2586",2021-07-14 13:20:25,1238,4184,62.5480194444444,NA,NA,11.9429444444444,NA,NA,NA,NA,6616.07429966667,1880.94185201651
"2587",2021-07-14 13:20:30,1238,4204,62.5479166666667,NA,NA,11.9418666666667,NA,NA,NA,NA,6647.706375,1880.9373561804
"2588",2021-07-14 13:20:35,1238,4219,62.5478138888889,NA,NA,11.9407888888889,NA,NA,NA,NA,6671.43209804167,1880.93286033195
"2589",2021-07-14 13:20:40,1238,4224,62.5477111111111,NA,NA,11.9397111111111,NA,NA,NA,NA,6679.345024,1880.92836447116
"2590",2021-07-14 13:20:45,1233,4229,62.5476083333333,NA,NA,11.9386333333333,NA,NA,NA,NA,6687.257965375,1873.32724554229
"2591",2021-07-14 13:20:50,1233,4239,62.5475055555556,NA,NA,11.9375555555556,NA,NA,NA,NA,6703.07735925,1873.32276781467
"2592",2021-07-14 13:20:55,1233,4249,62.5474027777778,NA,NA,11.9364777777778,NA,NA,NA,NA,6718.89678395833,1873.31829007476
"2593",2021-07-14 13:21:00,1233,4259,62.5473,NA,NA,11.9354,NA,NA,NA,NA,6734.7162395,1873.31381232256
"2594",2021-07-14 13:21:05,1233,4274,62.5471972222222,NA,NA,11.9343222222222,NA,NA,NA,NA,6758.44218608333,1873.30933455806
"2595",2021-07-14 13:21:10,1233,4294,62.5470944444444,NA,NA,11.9332444444444,NA,NA,NA,NA,6790.07464683333,1873.30485678127
"2596",2021-07-14 13:21:15,1228,4304,62.5469916666667,NA,NA,11.9321666666667,NA,NA,NA,NA,6805.894218,1865.70386488435
"2597",2021-07-14 13:21:20,1228,4309,62.5468888888889,NA,NA,11.9310888888889,NA,NA,NA,NA,6813.80733666667,1865.69940524114
"2598",2021-07-14 13:21:25,1228,4309,62.5467861111111,NA,NA,11.9300111111111,NA,NA,NA,NA,6813.81397970833,1865.69494558567
"2599",2021-07-14 13:21:30,1233,4319,62.5466833333333,NA,NA,11.9289333333333,NA,NA,NA,NA,6829.63362025,1873.28694555119
"2600",2021-07-14 13:21:35,1233,4329,62.5465805555556,NA,NA,11.9278555555556,NA,NA,NA,NA,6845.453291625,1873.28246771294
"2601",2021-07-14 13:21:40,1238,4334,62.5464777777778,NA,NA,11.9267777777778,NA,NA,NA,NA,6853.36647966667,1880.87441317895
"2602",2021-07-14 13:21:45,1238,4339,62.546375,NA,NA,11.9257,NA,NA,NA,NA,6861.279683125,1880.86991715771
"2603",2021-07-14 13:21:50,1243,4344,62.5462722222222,NA,NA,11.9246222222222,NA,NA,NA,NA,6869.192902,1888.46180812382
"2604",2021-07-14 13:21:55,1238,4354,62.5461694444444,NA,NA,11.9235444444444,NA,NA,NA,NA,6885.01267358333,1880.8609250782
"2605",2021-07-14 13:22:00,1238,4359,62.5460666666667,NA,NA,11.9224666666667,NA,NA,NA,NA,6892.925931,1880.85642901993
"2606",2021-07-14 13:22:05,1238,4369,62.5459638888889,NA,NA,11.9213888888889,NA,NA,NA,NA,6908.74575654167,1880.85193294932
"2607",2021-07-14 13:22:10,1238,4379,62.5458611111111,NA,NA,11.9203111111111,NA,NA,NA,NA,6924.56561291667,1880.84743686637
"2608",2021-07-14 13:22:15,1238,4394,62.5457583333333,NA,NA,11.9192333333333,NA,NA,NA,NA,6948.29206825,1880.84294077107
"2609",2021-07-14 13:22:20,1248,4404,62.5456555555556,NA,NA,11.9181555555556,NA,NA,NA,NA,6964.111994,1896.03100075926
"2610",2021-07-14 13:22:25,1253,4404,62.5455527777778,NA,NA,11.9170777777778,NA,NA,NA,NA,6964.1187835,1903.62272821079
"2611",2021-07-14 13:22:30,1253,4409,62.54545,NA,NA,11.916,NA,NA,NA,NA,6972.03216425,1903.6181776019
"2612",2021-07-14 13:22:35,1248,4419,62.5453472222222,NA,NA,11.9149222222222,NA,NA,NA,NA,6987.852159375,1896.01740340918
"2613",2021-07-14 13:22:40,1238,4419,62.5452444444444,NA,NA,11.9138444444444,NA,NA,NA,NA,6987.858972,1880.82046010947
"2614",2021-07-14 13:22:45,1238,4424,62.5451416666667,NA,NA,11.9127666666667,NA,NA,NA,NA,6995.772399,1880.81596394012
"2615",2021-07-14 13:22:50,1238,4429,62.5450388888889,NA,NA,11.9116888888889,NA,NA,NA,NA,7003.68584141667,1880.81146775843
"2616",2021-07-14 13:22:55,1243,4434,62.5449361111111,NA,NA,11.9106111111111,NA,NA,NA,NA,7011.59929925,1888.40312249964
"2617",2021-07-14 13:23:00,1243,4439,62.5448333333333,NA,NA,11.9095333333333,NA,NA,NA,NA,7019.5127725,1888.39860813411
"2618",2021-07-14 13:23:05,1243,4434,62.5447305555556,NA,NA,11.9084555555556,NA,NA,NA,NA,7011.61297075,1888.39409375619
"2619",2021-07-14 13:23:10,1238,4429,62.5446277777778,NA,NA,11.9073777777778,NA,NA,NA,NA,7003.71315358333,1880.79348290825
"2620",2021-07-14 13:23:15,1233,4429,62.544525,NA,NA,11.9063,NA,NA,NA,NA,7003.719981625,1873.19290836653
"2621",2021-07-14 13:23:20,1233,4439,62.5444222222222,NA,NA,11.9052222222222,NA,NA,NA,NA,7019.54014633333,1873.18843027014
"2622",2021-07-14 13:23:25,1233,4454,62.5443194444444,NA,NA,11.9041444444444,NA,NA,NA,NA,7043.26701791667,1873.18395216146
"2623",2021-07-14 13:23:30,1233,4474,62.5442166666667,NA,NA,11.9030666666667,NA,NA,NA,NA,7074.9006195,1873.17947404048
"2624",2021-07-14 13:23:35,1233,4474,62.5441138888889,NA,NA,11.9019888888889,NA,NA,NA,NA,7074.90751691667,1873.17499590722
"2625",2021-07-14 13:23:40,1223,4479,62.5440111111111,NA,NA,11.9009111111111,NA,NA,NA,NA,7082.8211135,1857.97854275953
"2626",2021-07-14 13:23:45,1228,4479,62.5439083333333,NA,NA,11.8998333333333,NA,NA,NA,NA,7082.828018625,1865.57007026235
"2627",2021-07-14 13:23:50,1228,4489,62.5438055555556,NA,NA,11.8987555555556,NA,NA,NA,NA,7098.64835291667,1865.56561025185
"2628",2021-07-14 13:23:55,1228,4509,62.5437027777778,NA,NA,11.8976777777778,NA,NA,NA,NA,7130.282162625,1865.56115022912
"2629",2021-07-14 13:24:00,1228,4519,62.5436,NA,NA,11.8966,NA,NA,NA,NA,7146.102574,1865.55669019414
"2630",2021-07-14 13:24:05,1228,4519,62.5434972222222,NA,NA,11.8955222222222,NA,NA,NA,NA,7146.10954079167,1865.55223014692
"2631",2021-07-14 13:24:10,1228,4519,62.5433944444444,NA,NA,11.8944444444444,NA,NA,NA,NA,7146.11650758333,1865.54777008746
"2632",2021-07-14 13:24:15,1228,4514,62.5432916666667,NA,NA,11.8933666666667,NA,NA,NA,NA,7138.21672125,1865.54331001576
"2633",2021-07-14 13:24:20,1228,4514,62.5431888888889,NA,NA,11.8922888888889,NA,NA,NA,NA,7138.22368033333,1865.53884993181
"2634",2021-07-14 13:24:25,1233,4524,62.5430861111111,NA,NA,11.8912111111111,NA,NA,NA,NA,7154.0441765,1873.13021389847
"2635",2021-07-14 13:24:30,1233,4539,62.5429833333333,NA,NA,11.8901333333333,NA,NA,NA,NA,7177.77147975,1873.12573562999
"2636",2021-07-14 13:24:35,1233,4544,62.5428805555556,NA,NA,11.8890555555556,NA,NA,NA,NA,7185.68526133333,1873.12125734921
"2637",2021-07-14 13:24:40,1238,4544,62.5427777777778,NA,NA,11.8879777777778,NA,NA,NA,NA,7185.69226666667,1880.71254863869
"2638",2021-07-14 13:24:45,1238,4549,62.542675,NA,NA,11.8869,NA,NA,NA,NA,7193.606071375,1880.70805217313
"2639",2021-07-14 13:24:50,1238,4554,62.5425722222222,NA,NA,11.8858222222222,NA,NA,NA,NA,7201.5198915,1880.70355569523
"2640",2021-07-14 13:24:55,1238,4539,62.5424694444444,NA,NA,11.8847444444444,NA,NA,NA,NA,7177.806467875,1880.69905920499
"2641",2021-07-14 13:25:00,1238,4524,62.5423666666667,NA,NA,11.8836666666667,NA,NA,NA,NA,7154.092998,1880.6945627024
"2642",2021-07-14 13:25:05,1243,4514,62.5422638888889,NA,NA,11.8825888888889,NA,NA,NA,NA,7138.28631208333,1888.28574496852
"2643",2021-07-14 13:25:10,1243,4504,62.5421611111111,NA,NA,11.8815111111111,NA,NA,NA,NA,7122.47959533333,1888.2812302808
"2644",2021-07-14 13:25:15,1238,4504,62.5420583333333,NA,NA,11.8804333333333,NA,NA,NA,NA,7122.486539,1880.68107312059
"2645",2021-07-14 13:25:20,1238,4509,62.5419555555556,NA,NA,11.8793555555556,NA,NA,NA,NA,7130.400336,1880.67657656864
"2646",2021-07-14 13:25:25,1238,4529,62.5418527777778,NA,NA,11.8782777777778,NA,NA,NA,NA,7162.03473154167,1880.67208000434
"2647",2021-07-14 13:25:30,1238,4539,62.54175,NA,NA,11.8772,NA,NA,NA,NA,7177.85545125,1880.6675834277
"2648",2021-07-14 13:25:35,1238,4544,62.5416472222222,NA,NA,11.8761222222222,NA,NA,NA,NA,7185.76932533333,1880.66308683872
"2649",2021-07-14 13:25:40,1243,4539,62.5415444444444,NA,NA,11.8750444444444,NA,NA,NA,NA,7177.8694465,1888.25414189425
"2650",2021-07-14 13:25:45,1248,4544,62.5414416666667,NA,NA,11.8739666666667,NA,NA,NA,NA,7185.783336,1895.84516061584
"2651",2021-07-14 13:25:50,1243,4549,62.5413388888889,NA,NA,11.8728888888889,NA,NA,NA,NA,7193.69724091667,1888.24511233293
"2652",2021-07-14 13:25:55,1243,4554,62.5412361111111,NA,NA,11.8718111111111,NA,NA,NA,NA,7201.61116125,1888.24059753368
"2653",2021-07-14 13:26:00,1233,4554,62.5411333333333,NA,NA,11.8707333333333,NA,NA,NA,NA,7201.618182,1873.04512469532
"2654",2021-07-14 13:26:05,1233,4539,62.5410305555556,NA,NA,11.8696555555556,NA,NA,NA,NA,7177.904434625,1873.04064619328
"2655",2021-07-14 13:26:10,1233,4534,62.5409277777778,NA,NA,11.8685777777778,NA,NA,NA,NA,7170.00450183333,1873.03616767895
"2656",2021-07-14 13:26:15,1233,4539,62.540825,NA,NA,11.8675,NA,NA,NA,NA,7177.918429875,1873.03168915233
"2657",2021-07-14 13:26:20,1238,4544,62.5407222222222,NA,NA,11.8664222222222,NA,NA,NA,NA,7185.83237333333,1880.62261698249
"2658",2021-07-14 13:26:25,1238,4554,62.5406194444444,NA,NA,11.8653444444444,NA,NA,NA,NA,7201.65328575,1880.61812027009
"2659",2021-07-14 13:26:30,1243,4554,62.5405166666667,NA,NA,11.8642666666667,NA,NA,NA,NA,7201.6603065,1888.20899359197
"2660",2021-07-14 13:26:35,1238,4544,62.5404138888889,NA,NA,11.8631888888889,NA,NA,NA,NA,7185.85338933333,1880.60912680825
"2661",2021-07-14 13:26:40,1233,4534,62.5403111111111,NA,NA,11.8621111111111,NA,NA,NA,NA,7170.04644133333,1873.00929633484
"2662",2021-07-14 13:26:45,1233,4529,62.5402083333333,NA,NA,11.8610333333333,NA,NA,NA,NA,7162.146446875,1873.00481773446
"2663",2021-07-14 13:26:50,1228,4539,62.5401055555556,NA,NA,11.8599555555556,NA,NA,NA,NA,7177.96741325,1865.40504172065
"2664",2021-07-14 13:26:55,1233,4544,62.5400027777778,NA,NA,11.8588777777778,NA,NA,NA,NA,7185.88141066667,1872.99586049684
"2665",2021-07-14 13:27:00,1233,4549,62.5399,NA,NA,11.8578,NA,NA,NA,NA,7193.7954235,1872.99138185958
"2666",2021-07-14 13:27:05,1238,4554,62.5397972222222,NA,NA,11.8567222222222,NA,NA,NA,NA,7201.70945175,1880.58214612654
"2667",2021-07-14 13:27:10,1243,4560,62.5396944444444,NA,NA,11.8556444444444,NA,NA,NA,NA,7211.2049,1888.17287405792
"2668",2021-07-14 13:27:15,1248,4549,62.5395916666667,NA,NA,11.8545666666667,NA,NA,NA,NA,7193.816462625,1895.76356565356
"2669",2021-07-14 13:27:20,1248,4544,62.5394888888889,NA,NA,11.8534888888889,NA,NA,NA,NA,7185.91643733333,1895.75903248191
"2670",2021-07-14 13:27:25,1238,4529,62.5393861111111,NA,NA,11.8524111111111,NA,NA,NA,NA,7162.20230454167,1880.56415875856
"2671",2021-07-14 13:27:30,1233,4534,62.5392833333333,NA,NA,11.8513333333333,NA,NA,NA,NA,7170.1163405,1872.96450977793
"2672",2021-07-14 13:27:35,1233,4544,62.5391805555556,NA,NA,11.8502555555556,NA,NA,NA,NA,7185.93745333333,1872.96003105463
"2673",2021-07-14 13:27:40,1238,4549,62.5390777777778,NA,NA,11.8491777777778,NA,NA,NA,NA,7193.85152783333,1880.55066810298
"2674",2021-07-14 13:27:45,1238,4544,62.538975,NA,NA,11.8481,NA,NA,NA,NA,7185.951464,1880.5461711931
"2675",2021-07-14 13:27:50,1238,4539,62.5388722222222,NA,NA,11.8470222222222,NA,NA,NA,NA,7178.05138475,1880.54167427088
"2676",2021-07-14 13:27:55,1238,4539,62.5387694444444,NA,NA,11.8459444444444,NA,NA,NA,NA,7178.058382375,1880.53717733632
"2677",2021-07-14 13:28:00,1238,4544,62.5386666666667,NA,NA,11.8448666666667,NA,NA,NA,NA,7185.97248,1880.53268038942
"2678",2021-07-14 13:28:05,1233,4549,62.5385638888889,NA,NA,11.8437888888889,NA,NA,NA,NA,7193.88659304167,1872.9331584567
"2679",2021-07-14 13:28:10,1233,4554,62.5384611111111,NA,NA,11.8427111111111,NA,NA,NA,NA,7201.8007215,1872.92867964736
"2680",2021-07-14 13:28:15,1233,4554,62.5383583333333,NA,NA,11.8416333333333,NA,NA,NA,NA,7201.80774225,1872.92420082572
"2681",2021-07-14 13:28:20,1238,4549,62.5382555555556,NA,NA,11.8405555555556,NA,NA,NA,NA,7193.90763216667,1880.51469247838
"2682",2021-07-14 13:28:25,1238,4544,62.5381527777778,NA,NA,11.8394777777778,NA,NA,NA,NA,7186.00750666667,1880.51019546976
"2683",2021-07-14 13:28:30,1238,4554,62.53805,NA,NA,11.8384,NA,NA,NA,NA,7201.8288045,1880.5056984488
"2684",2021-07-14 13:28:35,1238,4565,62.5379472222222,NA,NA,11.8373222222222,NA,NA,NA,NA,7219.23156395833,1880.50120141551
"2685",2021-07-14 13:28:40,1243,4580,62.5378444444444,NA,NA,11.8362444444444,NA,NA,NA,NA,7242.96008666667,1888.09160220658
"2686",2021-07-14 13:28:45,1238,4580,62.5377416666667,NA,NA,11.8351666666667,NA,NA,NA,NA,7242.9671475,1880.49220731188
"2687",2021-07-14 13:28:50,1238,4580,62.5376388888889,NA,NA,11.8340888888889,NA,NA,NA,NA,7242.97420833333,1880.48771024155
"2688",2021-07-14 13:28:55,1238,4570,62.5375361111111,NA,NA,11.8330111111111,NA,NA,NA,NA,7227.16689958333,1880.48321315889
"2689",2021-07-14 13:29:00,1238,4580,62.5374333333333,NA,NA,11.8319333333333,NA,NA,NA,NA,7242.98833,1880.47871606388
"2690",2021-07-14 13:29:05,1238,4580,62.5373305555556,NA,NA,11.8308555555556,NA,NA,NA,NA,7242.99539083333,1880.47421895652
"2691",2021-07-14 13:29:10,1238,4580,62.5372277777778,NA,NA,11.8297777777778,NA,NA,NA,NA,7243.00245166667,1880.46972183683
"2692",2021-07-14 13:29:15,1238,4570,62.537125,NA,NA,11.8287,NA,NA,NA,NA,7227.19508125,1880.46522470479
"2693",2021-07-14 13:29:20,1238,4560,62.5370222222222,NA,NA,11.8276222222222,NA,NA,NA,NA,7211.38768,1880.46072756041
"2694",2021-07-14 13:29:25,1238,4554,62.5369194444444,NA,NA,11.8265444444444,NA,NA,NA,NA,7201.90603275,1880.45623040369
"2695",2021-07-14 13:29:30,1238,4549,62.5368166666667,NA,NA,11.8254666666667,NA,NA,NA,NA,7194.00581475,1880.45173323463
"2696",2021-07-14 13:29:35,1233,4554,62.5367138888889,NA,NA,11.8243888888889,NA,NA,NA,NA,7201.92007425,1872.85253800777
"2697",2021-07-14 13:29:40,1233,4565,62.5366111111111,NA,NA,11.8233111111111,NA,NA,NA,NA,7219.32305416667,1872.84805897717
"2698",2021-07-14 13:29:45,1238,4575,62.5365083333333,NA,NA,11.8222333333333,NA,NA,NA,NA,7235.144615625,1880.43824165338
"2699",2021-07-14 13:29:50,1243,4590,62.5364055555556,NA,NA,11.8211555555556,NA,NA,NA,NA,7258.8734775,1888.02838799083
"2700",2021-07-14 13:29:55,1243,4605,62.5363027777778,NA,NA,11.8200777777778,NA,NA,NA,NA,7282.602385625,1888.02387259676
"2701",2021-07-14 13:30:00,1248,4615,62.5362,8.924,64.125,11.819,"Stn02",64.125,0.162013114,0.021443524,7298.424055,1895.61396441955
"2702",2021-07-14 13:30:05,1243,4605,62.5361111111111,NA,NA,11.8200777777778,NA,NA,NA,NA,7282.615625,1888.02730492147
"2703",2021-07-14 13:30:10,1238,4590,62.5360222222222,NA,NA,11.8211555555556,NA,NA,NA,NA,7258.89987,1880.44058149414
"2704",2021-07-14 13:30:15,1238,4580,62.5359333333333,NA,NA,11.8222333333333,NA,NA,NA,NA,7243.09138,1880.44849727669
"2705",2021-07-14 13:30:20,1238,4580,62.5358444444444,NA,NA,11.8233111111111,NA,NA,NA,NA,7243.09748666667,1880.45641306992
"2706",2021-07-14 13:30:25,1238,4575,62.5357555555556,NA,NA,11.8243888888889,NA,NA,NA,NA,7235.196275,1880.46432887381
"2707",2021-07-14 13:30:30,1238,4575,62.5356666666667,NA,NA,11.8254666666667,NA,NA,NA,NA,7235.202375,1880.47224468839
"2708",2021-07-14 13:30:35,1238,4580,62.5355777777778,NA,NA,11.8265444444444,NA,NA,NA,NA,7243.11580666667,1880.48016051364
"2709",2021-07-14 13:30:40,1238,4585,62.5354888888889,NA,NA,11.8276222222222,NA,NA,NA,NA,7251.02925166667,1880.48807634956
"2710",2021-07-14 13:30:45,1238,4590,62.5354,NA,NA,11.8287,NA,NA,NA,NA,7258.94271,1880.49599219615
"2711",2021-07-14 13:30:50,1238,4595,62.5353111111111,NA,NA,11.8297777777778,NA,NA,NA,NA,7266.85618166667,1880.50390805342
"2712",2021-07-14 13:30:55,1243,4595,62.5352222222222,NA,NA,11.8308555555556,NA,NA,NA,NA,7266.86230833333,1888.10678282251
"2713",2021-07-14 13:31:00,1248,4585,62.5351333333333,NA,NA,11.8319333333333,NA,NA,NA,NA,7251.053705,1895.70972154312
"2714",2021-07-14 13:31:05,1243,4575,62.5350444444444,NA,NA,11.8330111111111,NA,NA,NA,NA,7235.245075,1888.12267853132
"2715",2021-07-14 13:31:10,1238,4575,62.5349555555556,NA,NA,11.8340888888889,NA,NA,NA,NA,7235.251175,1880.53557158925
"2716",2021-07-14 13:31:15,1233,4570,62.5348666666667,NA,NA,11.8351666666667,NA,NA,NA,NA,7227.34989,1872.94840071678
"2717",2021-07-14 13:31:20,1233,4554,62.5347777777778,NA,NA,11.8362444444444,NA,NA,NA,NA,7202.05233,1872.95628466749
"2718",2021-07-14 13:31:25,1233,4509,62.5346888888889,NA,NA,11.8373222222222,NA,NA,NA,NA,7130.891817,1872.96416862883
"2719",2021-07-14 13:31:30,1238,4429,62.5346,NA,NA,11.8384,NA,NA,NA,NA,7004.379349,1880.56723529587
"2720",2021-07-14 13:31:35,1243,4324,62.5345111111111,NA,NA,11.8394777777778,NA,NA,NA,NA,6838.32960933333,1888.17036591499
"2721",2021-07-14 13:31:40,1248,4204,62.5344222222222,NA,NA,11.8405555555556,NA,NA,NA,NA,6648.55733466667,1895.77356048635
"2722",2021-07-14 13:31:45,1248,4058,62.5343333333333,NA,NA,11.8416333333333,NA,NA,NA,NA,6417.66613,1895.78154040267
"2723",2021-07-14 13:31:50,1248,3883,62.5342444444444,NA,NA,11.8427111111111,NA,NA,NA,NA,6140.91143233333,1895.78952032976
"2724",2021-07-14 13:31:55,1253,3698,62.5341555555556,NA,NA,11.8437888888889,NA,NA,NA,NA,5848.34139133333,1903.39284281675
"2725",2021-07-14 13:32:00,1253,3512,62.5340666666667,NA,NA,11.8448666666667,NA,NA,NA,NA,5554.189368,1903.40085473631
"2726",2021-07-14 13:32:05,1253,3337,62.5339777777778,NA,NA,11.8459444444444,NA,NA,NA,NA,5277.43324233333,1903.40886666667
"2727",2021-07-14 13:32:10,1248,3157,62.5338888888889,NA,NA,11.8470222222222,NA,NA,NA,NA,4992.76919166667,1895.82144014571
"2728",2021-07-14 13:32:15,1248,2971,62.5338,NA,NA,11.8481,NA,NA,NA,NA,4698.615703,1895.8294201266
"2729",2021-07-14 13:32:20,1248,2786,62.5337111111111,NA,NA,11.8491777777778,NA,NA,NA,NA,4406.04321266667,1895.83740011824
"2730",2021-07-14 13:32:25,1248,2610,62.5336222222222,NA,NA,11.8502555555556,NA,NA,NA,NA,4127.70369,1895.84538012065
"2731",2021-07-14 13:32:30,1243,2445,62.5335333333333,NA,NA,11.8513333333333,NA,NA,NA,NA,3866.760165,1888.25779378713
"2732",2021-07-14 13:32:35,1238,2280,62.5334444444444,NA,NA,11.8524111111111,NA,NA,NA,NA,3605.8162,1880.67014352188
"2733",2021-07-14 13:32:40,1238,2129,62.5333555555556,NA,NA,11.8534888888889,NA,NA,NA,NA,3367.01279033333,1880.67805961398
"2734",2021-07-14 13:32:45,1243,1984,62.5332666666667,NA,NA,11.8545666666667,NA,NA,NA,NA,3137.697984,1888.28163797733
"2735",2021-07-14 13:32:50,1238,1844,62.5331777777778,NA,NA,11.8556444444444,NA,NA,NA,NA,2916.29030266667,1880.69389183021
"2736",2021-07-14 13:32:55,1238,1709,62.5330888888889,NA,NA,11.8567222222222,NA,NA,NA,NA,2702.78976633333,1880.70180795434
"2737",2021-07-14 13:33:00,1233,1588,62.533,NA,NA,11.8578,NA,NA,NA,NA,2511.42994,1873.11396591431
"2738",2021-07-14 13:33:05,1238,1478,62.5329111111111,NA,NA,11.8588777777778,NA,NA,NA,NA,2337.46636066667,1880.71764023462
"2739",2021-07-14 13:33:10,1238,1373,62.5328222222222,NA,NA,11.8599555555556,NA,NA,NA,NA,2171.41002633333,1880.72555639077
"2740",2021-07-14 13:33:15,1243,1283,62.5327333333333,NA,NA,11.8610333333333,NA,NA,NA,NA,2029.076047,1888.32932664709
"2741",2021-07-14 13:33:20,1248,1208,62.5326444444444,NA,NA,11.8621111111111,NA,NA,NA,NA,1910.46448266667,1895.93316085735
"2742",2021-07-14 13:33:25,1243,1152,62.5325555555556,NA,NA,11.8631888888889,NA,NA,NA,NA,1821.90144,1888.34522295608
"2743",2021-07-14 13:33:30,1248,1122,62.5324666666667,NA,NA,11.8642666666667,NA,NA,NA,NA,1774.457586,1895.94912113119
"2744",2021-07-14 13:33:35,1248,1132,62.5323777777778,NA,NA,11.8653444444444,NA,NA,NA,NA,1790.27422533333,1895.95710128424
"2745",2021-07-14 13:33:40,1243,1177,62.5322888888889,NA,NA,11.8664222222222,NA,NA,NA,NA,1861.44393966667,1888.36906749995
"2746",2021-07-14 13:33:45,1248,1268,62.5322,NA,NA,11.8675,NA,NA,NA,NA,2005.363556,1895.97306162264
"2747",2021-07-14 13:33:50,1248,1373,62.5321111111111,NA,NA,11.8685777777778,NA,NA,NA,NA,2171.42467166667,1895.98104180798
"2748",2021-07-14 13:33:55,1243,1498,62.5320222222222,NA,NA,11.8696555555556,NA,NA,NA,NA,2369.11646066667,1888.39291214028
"2749",2021-07-14 13:34:00,1243,1628,62.5319333333333,NA,NA,11.8707333333333,NA,NA,NA,NA,2574.716188,1888.40086037516
"2750",2021-07-14 13:34:05,1243,1774,62.5318444444444,NA,NA,11.8718111111111,NA,NA,NA,NA,2805.62061933333,1888.40880862075
"2751",2021-07-14 13:34:10,1238,1924,62.5317555555556,NA,NA,11.8728888888889,NA,NA,NA,NA,3042.85153466667,1880.82055109719
"2752",2021-07-14 13:34:15,1238,2074,62.5316666666667,NA,NA,11.8739666666667,NA,NA,NA,NA,3280.08285,1880.82846739211
"2753",2021-07-14 13:34:20,1238,2220,62.5315777777778,NA,NA,11.8750444444444,NA,NA,NA,NA,3510.98846,1880.8363836977
"2754",2021-07-14 13:34:25,1238,2370,62.5314888888889,NA,NA,11.8761222222222,NA,NA,NA,NA,3748.22057,1880.84430001396
"2755",2021-07-14 13:34:30,1238,2510,62.5314,NA,NA,11.8772,NA,NA,NA,NA,3969.63779,1880.8522163409
"2756",2021-07-14 13:34:35,1238,2656,62.5313111111111,NA,NA,11.8782777777778,NA,NA,NA,NA,4200.54456533333,1880.86013267852
"2757",2021-07-14 13:34:40,1238,2796,62.5312222222222,NA,NA,11.8793555555556,NA,NA,NA,NA,4421.96254,1880.86804902681
"2758",2021-07-14 13:34:45,1243,2931,62.5311333333333,NA,NA,11.8804333333333,NA,NA,NA,NA,4635.473223,1888.47239497134
"2759",2021-07-14 13:34:50,1248,3076,62.5310444444444,NA,NA,11.8815111111111,NA,NA,NA,NA,4864.79960933333,1896.07680487136
"2760",2021-07-14 13:34:55,1248,3227,62.5309555555556,NA,NA,11.8825888888889,NA,NA,NA,NA,5103.61559633333,1896.08478519659
"2761",2021-07-14 13:35:00,1243,3372,62.5308666666667,NA,NA,11.8836666666667,NA,NA,NA,NA,5332.942764,1888.49624002964
"2762",2021-07-14 13:35:05,1243,3507,62.5307777777778,NA,NA,11.8847444444444,NA,NA,NA,NA,5546.454935,1888.50418840384
"2763",2021-07-14 13:35:10,1243,3623,62.5306888888889,NA,NA,11.8858222222222,NA,NA,NA,NA,5729.91821233333,1888.51213678877
"2764",2021-07-14 13:35:15,1243,3743,62.5306,NA,NA,11.8869,NA,NA,NA,NA,5919.707963,1888.5200851844
"2765",2021-07-14 13:35:20,1243,3843,62.5305111111111,NA,NA,11.8879777777778,NA,NA,NA,NA,6077.867187,1888.52803359076
"2766",2021-07-14 13:35:25,1238,3953,62.5304222222222,NA,NA,11.8890555555556,NA,NA,NA,NA,6251.84211433333,1880.93929664175
"2767",2021-07-14 13:35:30,1238,4053,62.5303333333333,NA,NA,11.8901333333333,NA,NA,NA,NA,6410.001885,1880.94721309678
"2768",2021-07-14 13:35:35,1238,4149,62.5302444444444,NA,NA,11.8912111111111,NA,NA,NA,NA,6561.835737,1880.95512956249
"2769",2021-07-14 13:35:40,1243,4244,62.5301555555556,NA,NA,11.8922888888889,NA,NA,NA,NA,6712.08829733333,1888.55982732336
"2770",2021-07-14 13:35:45,1243,4324,62.5300666666667,NA,NA,11.8933666666667,NA,NA,NA,NA,6838.617876,1888.5677757833
"2771",2021-07-14 13:35:50,1243,4404,62.5299777777778,NA,NA,11.8944444444444,NA,NA,NA,NA,6965.147668,1888.57572425396
"2772",2021-07-14 13:35:55,1243,4479,62.5298888888889,NA,NA,11.8955222222222,NA,NA,NA,NA,7083.769915,1888.58367273534
"2773",2021-07-14 13:36:00,1238,4565,62.5298,NA,NA,11.8966,NA,NA,NA,NA,7219.789445,1880.99471205114
"2774",2021-07-14 13:36:05,1233,4650,62.5297111111111,NA,NA,11.8976777777778,NA,NA,NA,NA,7354.22765,1873.40568743153
"2775",2021-07-14 13:36:10,1233,4720,62.5296222222222,NA,NA,11.8987555555556,NA,NA,NA,NA,7464.94274666667,1873.41357199886
"2776",2021-07-14 13:36:15,1233,4785,62.5295333333333,NA,NA,11.8998333333333,NA,NA,NA,NA,7567.750245,1873.42145657681
"2777",2021-07-14 13:36:20,1233,4845,62.5294444444444,NA,NA,11.9009111111111,NA,NA,NA,NA,7662.650125,1873.42934116539
"2778",2021-07-14 13:36:25,1233,4900,62.5293555555556,NA,NA,11.9019888888889,NA,NA,NA,NA,7749.64236666667,1873.43722576461
"2779",2021-07-14 13:36:30,1233,4950,62.5292666666667,NA,NA,11.9030666666667,NA,NA,NA,NA,7828.72695,1873.44511037446
"2780",2021-07-14 13:36:35,1228,4995,62.5291777777778,NA,NA,11.9041444444444,NA,NA,NA,NA,7899.903855,1865.85586200631
"2781",2021-07-14 13:36:40,1228,5061,62.5290888888889,NA,NA,11.9052222222222,NA,NA,NA,NA,8004.293717,1865.86371466406
"2782",2021-07-14 13:36:45,1228,5126,62.529,NA,NA,11.9063,NA,NA,NA,NA,8107.10219,1865.8715673324
"2783",2021-07-14 13:36:50,1228,5186,62.5289111111111,NA,NA,11.9073777777778,NA,NA,NA,NA,8202.00300466667,1865.87942001132
"2784",2021-07-14 13:36:55,1228,5226,62.5288222222222,NA,NA,11.9084555555556,NA,NA,NA,NA,8265.272626,1865.88727270083
"2785",2021-07-14 13:37:00,1233,5251,62.5287333333333,NA,NA,11.9095333333333,NA,NA,NA,NA,8304.818819,1873.4924182568
"2786",2021-07-14 13:37:05,1238,5276,62.5286444444444,NA,NA,11.9106111111111,NA,NA,NA,NA,8344.36507866667,1881.09762777051
"2787",2021-07-14 13:37:10,1238,5291,62.5285555555556,NA,NA,11.9116888888889,NA,NA,NA,NA,8368.09568833333,1881.10554443903
"2788",2021-07-14 13:37:15,1238,5306,62.5284666666667,NA,NA,11.9127666666667,NA,NA,NA,NA,8391.826338,1881.11346111822
"2789",2021-07-14 13:37:20,1243,5341,62.5283777777778,NA,NA,11.9138444444444,NA,NA,NA,NA,8447.18851433333,1888.71879855853
"2790",2021-07-14 13:37:25,1243,5381,62.5282888888889,NA,NA,11.9149222222222,NA,NA,NA,NA,8510.45866233333,1888.72674723282
"2791",2021-07-14 13:37:30,1243,5416,62.5282,NA,NA,11.916,NA,NA,NA,NA,8565.821032,1888.73469591783
"2792",2021-07-14 13:37:35,1243,5446,62.5281111111111,NA,NA,11.9170777777778,NA,NA,NA,NA,8613.27560333333,1888.74264461355
"2793",2021-07-14 13:37:40,1243,5476,62.5280222222222,NA,NA,11.9181555555556,NA,NA,NA,NA,8660.73025466667,1888.75059332
"2794",2021-07-14 13:37:45,1243,5501,62.5279333333333,NA,NA,11.9192333333333,NA,NA,NA,NA,8700.277081,1888.75854203716
"2795",2021-07-14 13:37:50,1243,5522,62.5278444444444,NA,NA,11.9203111111111,NA,NA,NA,NA,8733.49764466667,1888.76649076504
"2796",2021-07-14 13:37:55,1248,5537,62.5277555555556,NA,NA,11.9213888888889,NA,NA,NA,NA,8757.22876233333,1896.37208407123
"2797",2021-07-14 13:38:00,1248,5547,62.5276666666667,NA,NA,11.9224666666667,NA,NA,NA,NA,8773.051995,1896.38006479459
"2798",2021-07-14 13:38:05,1248,5557,62.5275777777778,NA,NA,11.9235444444444,NA,NA,NA,NA,8788.87525433333,1896.38804552872
"2799",2021-07-14 13:38:10,1243,5582,62.5274888888889,NA,NA,11.9246222222222,NA,NA,NA,NA,8828.42235533333,1888.79828578373
"2800",2021-07-14 13:38:15,1243,5612,62.5274,NA,NA,11.9257,NA,NA,NA,NA,8875.877468,1888.80623456519
"2801",2021-07-14 13:38:20,1243,5647,62.5273111111111,NA,NA,11.9267777777778,NA,NA,NA,NA,8931.24061233333,1888.81418335737
"2802",2021-07-14 13:38:25,1243,5667,62.5272222222222,NA,NA,11.9278555555556,NA,NA,NA,NA,8962.879975,1888.82213216028
"2803",2021-07-14 13:38:30,1243,5682,62.5271333333333,NA,NA,11.9289333333333,NA,NA,NA,NA,8986.611426,1888.83008097389
"2804",2021-07-14 13:38:35,1238,5702,62.5270444444444,NA,NA,11.9300111111111,NA,NA,NA,NA,9018.25088866667,1881.24012943701
"2805",2021-07-14 13:38:40,1243,5732,62.5269555555556,NA,NA,11.9310888888889,NA,NA,NA,NA,9065.70636133333,1888.84597863328
"2806",2021-07-14 13:38:45,1243,5767,62.5268666666667,NA,NA,11.9321666666667,NA,NA,NA,NA,9121.069899,1888.85392747905
"2807",2021-07-14 13:38:50,1243,5787,62.5267777777778,NA,NA,11.9332444444444,NA,NA,NA,NA,9152.709555,1888.86187633554
"2808",2021-07-14 13:38:55,1243,5797,62.5266888888889,NA,NA,11.9343222222222,NA,NA,NA,NA,9168.53326766667,1888.86982520274
"2809",2021-07-14 13:39:00,1238,5807,62.5266,NA,NA,11.9354,NA,NA,NA,NA,9184.357007,1881.27971384704
"2810",2021-07-14 13:39:05,1238,5822,62.5265111111111,NA,NA,11.9364777777778,NA,NA,NA,NA,9208.08878466667,1881.28763076106
"2811",2021-07-14 13:39:10,1238,5822,62.5264222222222,NA,NA,11.9375555555556,NA,NA,NA,NA,9208.09654733333,1881.29554768576
"2812",2021-07-14 13:39:15,1238,5812,62.5263333333333,NA,NA,11.9386333333333,NA,NA,NA,NA,9192.28826,1881.30346462114
"2813",2021-07-14 13:39:20,1238,5797,62.5262444444444,NA,NA,11.9397111111111,NA,NA,NA,NA,9168.57191433333,1881.31138156719
"2814",2021-07-14 13:39:25,1238,5807,62.5261555555556,NA,NA,11.9407888888889,NA,NA,NA,NA,9184.39572033333,1881.31929852392
"2815",2021-07-14 13:39:30,1243,5827,62.5260666666667,NA,NA,11.9418666666667,NA,NA,NA,NA,9216.035643,1888.92546757327
"2816",2021-07-14 13:39:35,1248,5852,62.5259777777778,NA,NA,11.9429444444444,NA,NA,NA,NA,9255.58367066667,1896.53170058303
"2817",2021-07-14 13:39:40,1253,5877,62.5258888888889,NA,NA,11.9440222222222,NA,NA,NA,NA,9295.131765,1904.13799755335
"2818",2021-07-14 13:39:45,1258,5892,62.5258,NA,NA,11.9451,NA,NA,NA,NA,9318.863796,1911.74435848434
"2819",2021-07-14 13:39:50,1253,5897,62.5257111111111,NA,NA,11.9461777777778,NA,NA,NA,NA,9326.77972366667,1904.15402341274
"2820",2021-07-14 13:39:55,1258,5892,62.5256222222222,NA,NA,11.9472555555556,NA,NA,NA,NA,9318.879508,1911.76044831538
"2821",2021-07-14 13:40:00,1253,5887,62.5255333333333,NA,NA,11.9483333333333,NA,NA,NA,NA,9310.979279,1904.17004931535
"2822",2021-07-14 13:40:05,1253,5892,62.5254444444444,NA,NA,11.9494111111111,NA,NA,NA,NA,9318.89522,1904.17806228285
"2823",2021-07-14 13:40:10,1248,5897,62.5253555555556,NA,NA,11.9504888888889,NA,NA,NA,NA,9326.81117433333,1896.58756737904
"2824",2021-07-14 13:40:15,1248,5912,62.5252666666667,NA,NA,11.9515666666667,NA,NA,NA,NA,9350.543352,1896.59554839294
"2825",2021-07-14 13:40:20,1248,5932,62.5251777777778,NA,NA,11.9526444444444,NA,NA,NA,NA,9382.18368133333,1896.6035294176
"2826",2021-07-14 13:40:25,1243,5952,62.5250888888889,NA,NA,11.9537222222222,NA,NA,NA,NA,9413.824064,1889.01290664511
"2827",2021-07-14 13:40:30,1243,5967,62.525,NA,NA,11.9548,NA,NA,NA,NA,9437.556375,1889.02085571595
"2828",2021-07-14 13:40:35,1248,5972,62.5249111111111,NA,NA,11.9558777777778,NA,NA,NA,NA,9445.47246266667,1896.62747255614
"2829",2021-07-14 13:40:40,1253,5977,62.5248222222222,NA,NA,11.9569555555556,NA,NA,NA,NA,9453.38856366667,1904.23415335791
"2830",2021-07-14 13:40:45,1258,5977,62.5247333333333,NA,NA,11.9580333333333,NA,NA,NA,NA,9453.396533,1911.8408981214
"2831",2021-07-14 13:40:50,1258,5972,62.5246444444444,NA,NA,11.9591111111111,NA,NA,NA,NA,9445.49635066667,1911.84894316166
"2832",2021-07-14 13:40:55,1253,5962,62.5245555555556,NA,NA,11.9601888888889,NA,NA,NA,NA,9429.68799666667,1904.25819255214
"2833",2021-07-14 13:41:00,1243,5962,62.5244666666667,NA,NA,11.9612666666667,NA,NA,NA,NA,9429.695946,1889.06855036603
"2834",2021-07-14 13:41:05,1243,5952,62.5243777777778,NA,NA,11.9623444444444,NA,NA,NA,NA,9413.887552,1889.07649951189
"2835",2021-07-14 13:41:10,1238,5942,62.5242888888889,NA,NA,11.9634222222222,NA,NA,NA,NA,9398.07913133333,1881.4855570809
"2836",2021-07-14 13:41:15,1238,5947,62.5242,NA,NA,11.9645,NA,NA,NA,NA,9405.995239,1881.49347427246
"2837",2021-07-14 13:41:20,1243,5962,62.5241111111111,NA,NA,11.9655777777778,NA,NA,NA,NA,9429.72774333333,1889.10034701377
"2838",2021-07-14 13:41:25,1248,5977,62.5240222222222,NA,NA,11.9666555555556,NA,NA,NA,NA,9453.46028766667,1896.70728371739
"2839",2021-07-14 13:41:30,1248,5987,62.5239333333333,NA,NA,11.9677333333333,NA,NA,NA,NA,9469.284667,1896.7152648927
"2840",2021-07-14 13:41:35,1248,6008,62.5238444444444,NA,NA,11.9688111111111,NA,NA,NA,NA,9502.50713866667,1896.72324607877
"2841",2021-07-14 13:41:40,1248,6028,62.5237555555556,NA,NA,11.9698888888889,NA,NA,NA,NA,9534.14802266667,1896.73122727559
"2842",2021-07-14 13:41:45,1243,6038,62.5236666666667,NA,NA,11.9709666666667,NA,NA,NA,NA,9549.97251,1889.14009306458
"2843",2021-07-14 13:41:50,1238,6043,62.5235777777778,NA,NA,11.9720444444444,NA,NA,NA,NA,9557.88879233333,1881.54889491226
"2844",2021-07-14 13:41:55,1238,6043,62.5234888888889,NA,NA,11.9731222222222,NA,NA,NA,NA,9557.89684966667,1881.55681218921
"2845",2021-07-14 13:42:00,1238,6033,62.5234,NA,NA,11.9742,NA,NA,NA,NA,9542.088417,1881.56472947684
"2846",2021-07-14 13:42:05,1233,6028,62.5233111111111,NA,NA,11.9752777777778,NA,NA,NA,NA,9534.18820933333,1873.97340345214
"2847",2021-07-14 13:42:10,1233,6033,62.5232222222222,NA,NA,11.9763555555556,NA,NA,NA,NA,9542.104505,1873.98128878491
"2848",2021-07-14 13:42:15,1243,6038,62.5231333333333,NA,NA,11.9774333333333,NA,NA,NA,NA,9550.020814,1889.18778867923
"2849",2021-07-14 13:42:20,1243,6048,62.5230444444444,NA,NA,11.9785111111111,NA,NA,NA,NA,9565.845408,1889.19573798585
"2850",2021-07-14 13:42:25,1243,6043,62.5229555555556,NA,NA,11.9795888888889,NA,NA,NA,NA,9557.94519366667,1889.20368730319
"2851",2021-07-14 13:42:30,1243,6053,62.5228666666667,NA,NA,11.9806666666667,NA,NA,NA,NA,9573.769821,1889.21163663124
"2852",2021-07-14 13:42:35,1248,6063,62.5227777777778,NA,NA,11.9817444444444,NA,NA,NA,NA,9589.594475,1896.81902115091
"2853",2021-07-14 13:42:40,1248,6068,62.5226888888889,NA,NA,11.9828222222222,NA,NA,NA,NA,9597.51085733333,1896.82700247686
"2854",2021-07-14 13:42:45,1248,6068,62.5226,NA,NA,11.9839,NA,NA,NA,NA,9597.518948,1896.83498381358
"2855",2021-07-14 13:42:50,1248,6063,62.5225111111111,NA,NA,11.9849777777778,NA,NA,NA,NA,9589.618727,1896.84296516105
"2856",2021-07-14 13:42:55,1248,6068,62.5224222222222,NA,NA,11.9860555555556,NA,NA,NA,NA,9597.53512933333,1896.85094651929
"2857",2021-07-14 13:43:00,1248,6088,62.5223333333333,NA,NA,11.9871333333333,NA,NA,NA,NA,9629.17652,1896.85892788829
"2858",2021-07-14 13:43:05,1248,6098,62.5222444444444,NA,NA,11.9882111111111,NA,NA,NA,NA,9645.00130066666,1896.86690926805
"2859",2021-07-14 13:43:10,1248,6098,62.5221555555556,NA,NA,11.9892888888889,NA,NA,NA,NA,9645.00943133333,1896.87489065856
"2860",2021-07-14 13:43:15,1248,6088,62.5220666666667,NA,NA,11.9903666666667,NA,NA,NA,NA,9629.200872,1896.88287205984
"2861",2021-07-14 13:43:20,1243,6078,62.5219777777778,NA,NA,11.9914444444444,NA,NA,NA,NA,9613.392286,1889.29113050124
"2862",2021-07-14 13:43:25,1238,6063,62.5218888888889,NA,NA,11.9925222222222,NA,NA,NA,NA,9589.675315,1881.69932499969
"2863",2021-07-14 13:43:30,1238,6058,62.5218,NA,NA,11.9936,NA,NA,NA,NA,9581.775034,1881.70724247946
"2864",2021-07-14 13:43:35,1238,6068,62.5217111111111,NA,NA,11.9946777777778,NA,NA,NA,NA,9597.59985466667,1881.7151599699
"2865",2021-07-14 13:43:40,1238,6083,62.5216222222222,NA,NA,11.9957555555556,NA,NA,NA,NA,9621.33308033333,1881.72307747101
"2866",2021-07-14 13:43:45,1238,6103,62.5215333333333,NA,NA,11.9968333333333,NA,NA,NA,NA,9652.974731,1881.7309949828
"2867",2021-07-14 13:43:50,1238,6108,62.5214444444444,NA,NA,11.9979111111111,NA,NA,NA,NA,9660.89126,1881.73891250527
"2868",2021-07-14 13:43:55,1233,6093,62.5213555555556,NA,NA,11.9989888888889,NA,NA,NA,NA,9637.174209,1874.14688322888
"2869",2021-07-14 13:44:00,1233,6078,62.5212666666667,NA,NA,12.0000666666667,NA,NA,NA,NA,9613.457118,1874.15476879553
"2870",2021-07-14 13:44:05,1238,6083,62.5211777777778,NA,NA,12.0011444444444,NA,NA,NA,NA,9621.37363366667,1881.7626651367
"2871",2021-07-14 13:44:10,1238,6098,62.5210888888889,NA,NA,12.0022222222222,NA,NA,NA,NA,9645.10699933333,1881.77058270186
"2872",2021-07-14 13:44:15,1238,6103,62.521,NA,NA,12.0033,NA,NA,NA,NA,9653.023555,1881.7785002777
"2873",2021-07-14 13:44:20,1238,6088,62.5209111111111,NA,NA,12.0043777777778,NA,NA,NA,NA,9629.30639733333,1881.78641786421
"2874",2021-07-14 13:44:25,1238,6063,62.5208222222222,NA,NA,12.0054555555556,NA,NA,NA,NA,9589.772323,1881.79433546139
"2875",2021-07-14 13:44:30,1238,6048,62.5207333333333,NA,NA,12.0065333333333,NA,NA,NA,NA,9566.055072,1881.80225306925
"2876",2021-07-14 13:44:35,1238,6048,62.5206444444445,NA,NA,12.0076111111111,NA,NA,NA,NA,9566.063136,1881.81017068778
"2877",2021-07-14 13:44:40,1233,6058,62.5205555555556,NA,NA,12.0086888888889,NA,NA,NA,NA,9581.88811666667,1874.2178537115
"2878",2021-07-14 13:44:45,1233,6058,62.5204666666667,NA,NA,12.0097666666667,NA,NA,NA,NA,9581.896194,1874.22573937384
"2879",2021-07-14 13:44:50,1238,6053,62.5203777777778,NA,NA,12.0108444444444,NA,NA,NA,NA,9573.99579966667,1881.83392360742
"2880",2021-07-14 13:44:55,1243,6063,62.5202888888889,NA,NA,12.0119222222222,NA,NA,NA,NA,9589.820827,1889.44217180689
"2881",2021-07-14 13:45:00,1248,6088,62.5202,7.804,64.131,12.013,"Stn02",64.131,0.164256498,0.022210806,9629.371336,1897.05048397238
"2882",2021-07-14 13:45:05,1253,6108,62.5200794444444,NA,NA,12.0135388888889,NA,NA,NA,NA,9661.0163213,1904.65622807142
"2883",2021-07-14 13:45:10,1253,6143,62.5199588888889,NA,NA,12.0140777777778,NA,NA,NA,NA,9716.38688818333,1904.66160966187
"2884",2021-07-14 13:45:15,1253,6163,62.5198383333333,NA,NA,12.0146166666667,NA,NA,NA,NA,9748.032045275,1904.66699125965
"2885",2021-07-14 13:45:20,1253,6178,62.5197177777778,NA,NA,12.0151555555556,NA,NA,NA,NA,9771.76875353333,1904.67237286475
"2886",2021-07-14 13:45:25,1253,6168,62.5195972222222,NA,NA,12.0156944444444,NA,NA,NA,NA,9755.962865,1904.67775447718
"2887",2021-07-14 13:45:30,1253,6168,62.5194766666667,NA,NA,12.0162333333333,NA,NA,NA,NA,9755.9740188,1904.68313609694
"2888",2021-07-14 13:45:35,1253,6163,62.5193561111111,NA,NA,12.0167722222222,NA,NA,NA,NA,9748.07662430833,1904.68851772402
"2889",2021-07-14 13:45:40,1253,6163,62.5192355555556,NA,NA,12.0173111111111,NA,NA,NA,NA,9748.08776906667,1904.69389935842
"2890",2021-07-14 13:45:45,1253,6153,62.519115,NA,NA,12.01785,NA,NA,NA,NA,9732.281781075,1904.69928100016
"2891",2021-07-14 13:45:50,1253,6153,62.5189944444444,NA,NA,12.0183888888889,NA,NA,NA,NA,9732.29290775,1904.70466264922
"2892",2021-07-14 13:45:55,1253,6143,62.5188738888889,NA,NA,12.0189277777778,NA,NA,NA,NA,9716.48686550833,1904.7100443056
"2893",2021-07-14 13:46:00,1248,6133,62.5187533333333,NA,NA,12.0194666666667,NA,NA,NA,NA,9700.6807871,1897.11480575396
"2894",2021-07-14 13:46:05,1243,6118,62.5186327777778,NA,NA,12.0200055555556,NA,NA,NA,NA,9676.96606998333,1889.51952425935
"2895",2021-07-14 13:46:10,1243,6108,62.5185122222222,NA,NA,12.0205444444444,NA,NA,NA,NA,9661.1599102,1889.52486298736
"2896",2021-07-14 13:46:15,1243,6103,62.5183916666667,NA,NA,12.0210833333333,NA,NA,NA,NA,9653.262334875,1889.53020172265
"2897",2021-07-14 13:46:20,1238,6108,62.5182711111111,NA,NA,12.0216222222222,NA,NA,NA,NA,9661.1820008,1881.93483434909
"2898",2021-07-14 13:46:25,1238,6128,62.5181505555556,NA,NA,12.0221611111111,NA,NA,NA,NA,9692.82760093333,1881.94015162366
"2899",2021-07-14 13:46:30,1243,6138,62.51803,NA,NA,12.0227,NA,NA,NA,NA,9708.6559779,1889.54621797212
"2900",2021-07-14 13:46:35,1248,6133,62.5179094444444,NA,NA,12.0232388888889,NA,NA,NA,NA,9700.75842065833,1897.15232727846
"2901",2021-07-14 13:46:40,1243,6118,62.5177888888889,NA,NA,12.0237777777778,NA,NA,NA,NA,9677.04351366667,1889.5568955081
"2902",2021-07-14 13:46:45,1243,6098,62.5176683333333,NA,NA,12.0243166666667,NA,NA,NA,NA,9645.41987755,1889.56223428699
"2903",2021-07-14 13:46:50,1243,6103,62.5175477777778,NA,NA,12.0248555555556,NA,NA,NA,NA,9653.33958868333,1889.56757307315
"2904",2021-07-14 13:46:55,1248,6118,62.5174272222222,NA,NA,12.0253944444444,NA,NA,NA,NA,9677.07670381667,1897.17376831013
"2905",2021-07-14 13:47:00,1248,6138,62.5173066666667,NA,NA,12.0259333333333,NA,NA,NA,NA,9708.7225752,1897.17912858629
"2906",2021-07-14 13:47:05,1248,6148,62.5171861111111,NA,NA,12.0264722222222,NA,NA,NA,NA,9724.55109683333,1897.18448886975
"2907",2021-07-14 13:47:10,1248,6143,62.5170655555556,NA,NA,12.0270111111111,NA,NA,NA,NA,9716.65349438333,1897.18984916051
"2908",2021-07-14 13:47:15,1253,6148,62.516945,NA,NA,12.02755,NA,NA,NA,NA,9724.5733321,1904.79615180415
"2909",2021-07-14 13:47:20,1253,6153,62.5168244444444,NA,NA,12.0280888888889,NA,NA,NA,NA,9732.4931879,1904.80153358508
"2910",2021-07-14 13:47:25,1248,6168,62.5167038888889,NA,NA,12.0286277777778,NA,NA,NA,NA,9756.2305562,1897.20593007656
"2911",2021-07-14 13:47:30,1248,6173,62.5165833333333,NA,NA,12.0291666666667,NA,NA,NA,NA,9764.15046625,1897.2112903965
"2912",2021-07-14 13:47:35,1248,6173,62.5164627777778,NA,NA,12.0297055555556,NA,NA,NA,NA,9764.16162909167,1897.21665072374
"2913",2021-07-14 13:47:40,1248,6173,62.5163422222222,NA,NA,12.0302444444444,NA,NA,NA,NA,9764.17279193333,1897.22201105828
"2914",2021-07-14 13:47:45,1248,6183,62.5162216666667,NA,NA,12.0307833333333,NA,NA,NA,NA,9780.001521525,1897.22737140011
"2915",2021-07-14 13:47:50,1248,6183,62.5161011111111,NA,NA,12.0313222222222,NA,NA,NA,NA,9780.01270245,1897.23273174924
"2916",2021-07-14 13:47:55,1248,6178,62.5159805555556,NA,NA,12.0318611111111,NA,NA,NA,NA,9772.11508191667,1897.23809210567
"2917",2021-07-14 13:48:00,1248,6168,62.51586,NA,NA,12.0324,NA,NA,NA,NA,9756.3086328,1897.2434524694
"2918",2021-07-14 13:48:05,1248,6168,62.5157394444444,NA,NA,12.0329388888889,NA,NA,NA,NA,9756.3197866,1897.24881284042
"2919",2021-07-14 13:48:10,1248,6173,62.5156188888889,NA,NA,12.0334777777778,NA,NA,NA,NA,9764.23976898333,1897.25417321874
"2920",2021-07-14 13:48:15,1253,6188,62.5154983333333,NA,NA,12.0340166666667,NA,NA,NA,NA,9787.9774447,1904.86073365886
"2921",2021-07-14 13:48:20,1253,6198,62.5153777777778,NA,NA,12.0345555555556,NA,NA,NA,NA,9803.806328,1904.86611552771
"2922",2021-07-14 13:48:25,1253,6188,62.5152572222222,NA,NA,12.0350944444444,NA,NA,NA,NA,9787.99982463333,1904.87149740388
"2923",2021-07-14 13:48:30,1253,6168,62.5151366666667,NA,NA,12.0356333333333,NA,NA,NA,NA,9756.3755556,1904.87687928738
"2924",2021-07-14 13:48:35,1248,6143,62.5150161111111,NA,NA,12.0361722222222,NA,NA,NA,NA,9716.84234044167,1897.28097521979
"2925",2021-07-14 13:48:40,1243,6113,62.5148955555556,NA,NA,12.0367111111111,NA,NA,NA,NA,9669.40015203333,1889.68502820743
"2926",2021-07-14 13:48:45,1243,6058,62.514775,NA,NA,12.03725,NA,NA,NA,NA,9582.41339575,1889.69036716075
"2927",2021-07-14 13:48:50,1243,5957,62.5146544444444,NA,NA,12.0377888888889,NA,NA,NA,NA,9422.66455211667,1889.69570612134
"2928",2021-07-14 13:48:55,1248,5792,62.5145338888889,NA,NA,12.0383277777778,NA,NA,NA,NA,9161.68129573333,1897.30241695198
"2929",2021-07-14 13:49:00,1253,5567,62.5144133333333,NA,NA,12.0388666666667,NA,NA,NA,NA,8805.7904146,1904.90917074222
"2930",2021-07-14 13:49:05,1253,5296,62.5142927777778,NA,NA,12.0394055555556,NA,NA,NA,NA,8377.13658173333,1904.91455267701
"2931",2021-07-14 13:49:10,1253,5020,62.5141722222222,NA,NA,12.0399444444444,NA,NA,NA,NA,7940.57283166667,1904.91993461911
"2932",2021-07-14 13:49:15,1248,4735,62.5140516666667,NA,NA,12.0404833333333,NA,NA,NA,NA,7489.771980375,1897.32385880092
"2933",2021-07-14 13:49:20,1243,4449,62.5139311111111,NA,NA,12.0410222222222,NA,NA,NA,NA,7037.3883073,1889.72774003748
"2934",2021-07-14 13:49:25,1243,4169,62.5138105555556,NA,NA,12.0415611111111,NA,NA,NA,NA,6594.49435690833,1889.73307904894
"2935",2021-07-14 13:49:30,1243,3918,62.51369,NA,NA,12.0421,NA,NA,NA,NA,6197.4714387,1889.73841806767
"2936",2021-07-14 13:49:35,1238,3698,62.5135694444444,NA,NA,12.0426388888889,NA,NA,NA,NA,5849.48330291667,1882.14221342072
"2937",2021-07-14 13:49:40,1243,3537,62.5134488888889,NA,NA,12.0431777777778,NA,NA,NA,NA,5594.8204692,1889.74909612693
"2938",2021-07-14 13:49:45,1248,3422,62.5133283333333,NA,NA,12.0437166666667,NA,NA,NA,NA,5412.91985665,1897.35602179324
"2939",2021-07-14 13:49:50,1243,3347,62.5132077777778,NA,NA,12.0442555555556,NA,NA,NA,NA,5294.29090351667,1889.75977421526
"2940",2021-07-14 13:49:55,1243,3307,62.5130872222222,NA,NA,12.0447944444444,NA,NA,NA,NA,5231.02480834167,1889.76511327033
"2941",2021-07-14 13:50:00,1243,3297,62.5129666666667,NA,NA,12.0453333333333,NA,NA,NA,NA,5215.2127335,1889.77045233266
"2942",2021-07-14 13:50:05,1248,3317,62.5128461111111,NA,NA,12.0458722222222,NA,NA,NA,NA,5246.85484174167,1897.37746393405
"2943",2021-07-14 13:50:10,1248,3377,62.5127255555556,NA,NA,12.0464111111111,NA,NA,NA,NA,5341.76938698333,1897.3828244875
"2944",2021-07-14 13:50:15,1248,3482,62.512605,NA,NA,12.04695,NA,NA,NA,NA,5507.86564085,1897.38818504825
"2945",2021-07-14 13:50:20,1243,3623,62.5124844444444,NA,NA,12.0474888888889,NA,NA,NA,NA,5730.90753286667,1889.79180865468
"2946",2021-07-14 13:50:25,1243,3768,62.5123638888889,NA,NA,12.0480277777778,NA,NA,NA,NA,5960.277193,1889.79714775336
"2947",2021-07-14 13:50:30,1243,3913,62.5122433333333,NA,NA,12.0485666666667,NA,NA,NA,NA,6189.64737755,1889.8024868593
"2948",2021-07-14 13:50:35,1243,4048,62.5121227777778,NA,NA,12.0491055555556,NA,NA,NA,NA,6403.19990493333,1889.80782597251
"2949",2021-07-14 13:50:40,1243,4179,62.5120022222222,NA,NA,12.0496444444444,NA,NA,NA,NA,6610.4256407,1889.81316509298
"2950",2021-07-14 13:50:45,1243,4274,62.5118816666667,NA,NA,12.0501833333333,NA,NA,NA,NA,6760.70626635,1889.81850422073
"2951",2021-07-14 13:50:50,1248,4349,62.5117611111111,NA,NA,12.0507222222222,NA,NA,NA,NA,6879.35076391667,1897.42570917777
"2952",2021-07-14 13:50:55,1253,4409,62.5116405555556,NA,NA,12.0512611111111,NA,NA,NA,NA,6974.26815185833,1905.03295709575
"2953",2021-07-14 13:51:00,1253,4469,62.51152,NA,NA,12.0518,NA,NA,NA,NA,7069.1857568,1905.03833919904
"2954",2021-07-14 13:51:05,1253,4529,62.5113994444444,NA,NA,12.0523388888889,NA,NA,NA,NA,7164.10357874167,1905.04372130965
"2955",2021-07-14 13:51:10,1248,4595,62.5112788888889,NA,NA,12.0528777777778,NA,NA,NA,NA,7268.51260258333,1897.44715169803
"2956",2021-07-14 13:51:15,1248,4660,62.5111583333333,NA,NA,12.0534166666667,NA,NA,NA,NA,7371.3400325,1897.45251234634
"2957",2021-07-14 13:51:20,1248,4725,62.5110377777778,NA,NA,12.0539555555556,NA,NA,NA,NA,7474.1676975,1897.45787300194
"2958",2021-07-14 13:51:25,1243,4775,62.5109172222222,NA,NA,12.0544944444444,NA,NA,NA,NA,7553.26805395833,1889.86121750433
"2959",2021-07-14 13:51:30,1248,4820,62.5107966666667,NA,NA,12.0550333333333,NA,NA,NA,NA,7624.459401,1897.46859433504
"2960",2021-07-14 13:51:35,1243,4870,62.5106761111111,NA,NA,12.0555722222222,NA,NA,NA,NA,7703.56011008333,1889.87189589791
"2961",2021-07-14 13:51:40,1238,4920,62.5105555555556,NA,NA,12.0561111111111,NA,NA,NA,NA,7782.661,1882.27515451386
"2962",2021-07-14 13:51:45,1233,4955,62.510435,NA,NA,12.05665,NA,NA,NA,NA,7838.034418625,1874.67837018282
"2963",2021-07-14 13:51:50,1233,4975,62.5103144444444,NA,NA,12.0571888888889,NA,NA,NA,NA,7869.68028458333,1874.68366645072
"2964",2021-07-14 13:51:55,1228,4990,62.5101938888889,NA,NA,12.0577277777778,NA,NA,NA,NA,7893.41698741667,1867.08681770262
"2965",2021-07-14 13:52:00,1233,5015,62.5100733333333,NA,NA,12.0582666666667,NA,NA,NA,NA,7932.9722335,1874.69425900816
"2966",2021-07-14 13:52:05,1238,5046,62.5099527777778,NA,NA,12.0588055555556,NA,NA,NA,NA,7982.01867425,1882.30174327538
"2967",2021-07-14 13:52:10,1243,5091,62.5098322222222,NA,NA,12.0593444444444,NA,NA,NA,NA,8053.21116235,1889.90927050436
"2968",2021-07-14 13:52:15,1243,5131,62.5097116666667,NA,NA,12.0598833333333,NA,NA,NA,NA,8116.494541575,1889.91460976293
"2969",2021-07-14 13:52:20,1243,5166,62.5095911111111,NA,NA,12.0604222222222,NA,NA,NA,NA,8171.8687848,1889.91994902876
"2970",2021-07-14 13:52:25,1243,5196,62.5094705555556,NA,NA,12.0609611111111,NA,NA,NA,NA,8219.3338649,1889.92528830186
"2971",2021-07-14 13:52:30,1248,5236,62.50935,NA,NA,12.0615,NA,NA,NA,NA,8282.617651,1897.5329229466
"2972",2021-07-14 13:52:35,1253,5276,62.5092294444444,NA,NA,12.0620388888889,NA,NA,NA,NA,8345.90158176667,1905.14060055345
"2973",2021-07-14 13:52:40,1253,5301,62.5091088888889,NA,NA,12.0625777777778,NA,NA,NA,NA,8385.4577067,1905.14598280326
"2974",2021-07-14 13:52:45,1253,5321,62.5089883333333,NA,NA,12.0631166666667,NA,NA,NA,NA,8417.104596175,1905.1513650604
"2975",2021-07-14 13:52:50,1258,5346,62.5088677777778,NA,NA,12.0636555555556,NA,NA,NA,NA,8456.6608929,1912.7591285991
"2976",2021-07-14 13:52:55,1258,5376,62.5087472222222,NA,NA,12.0641944444444,NA,NA,NA,NA,8504.126624,1912.76453234843
"2977",2021-07-14 13:53:00,1258,5401,62.5086266666667,NA,NA,12.0647333333333,NA,NA,NA,NA,8543.6831106,1912.76993610511
"2978",2021-07-14 13:53:05,1258,5431,62.5085061111111,NA,NA,12.0652722222222,NA,NA,NA,NA,8591.14904965833,1912.77533986915
"2979",2021-07-14 13:53:10,1253,5456,62.5083855555556,NA,NA,12.0658111111111,NA,NA,NA,NA,8630.70572613333,1905.17827645597
"2980",2021-07-14 13:53:15,1253,5471,62.508265,NA,NA,12.06635,NA,NA,NA,NA,8654.443732775,1905.18365875706
"2981",2021-07-14 13:53:20,1258,5476,62.5081444444444,NA,NA,12.0668888888889,NA,NA,NA,NA,8662.36301533333,1912.79155120541
"2982",2021-07-14 13:53:25,1258,5486,62.5080238888889,NA,NA,12.0674277777778,NA,NA,NA,NA,8678.19171418333,1912.79695499887
"2983",2021-07-14 13:53:30,1253,5506,62.5079033333333,NA,NA,12.0679666666667,NA,NA,NA,NA,8709.8392637,1905.1998057043
"2984",2021-07-14 13:53:35,1253,5527,62.5077827777778,NA,NA,12.0685055555556,NA,NA,NA,NA,8743.06876880833,1905.2051880347
"2985",2021-07-14 13:53:40,1253,5557,62.5076622222222,NA,NA,12.0690444444444,NA,NA,NA,NA,8790.53531546667,1905.21057037242
"2986",2021-07-14 13:53:45,1248,5582,62.5075416666667,NA,NA,12.0695833333333,NA,NA,NA,NA,8830.09253625,1897.61333518867
"2987",2021-07-14 13:53:50,1243,5587,62.5074211111111,NA,NA,12.0701222222222,NA,NA,NA,NA,8838.01207378333,1890.01605705653
"2988",2021-07-14 13:53:55,1243,5587,62.5073005555556,NA,NA,12.0706611111111,NA,NA,NA,NA,8838.02217694167,1890.02139646045
"2989",2021-07-14 13:54:00,1243,5597,62.50718,NA,NA,12.0712,NA,NA,NA,NA,8853.8512031,1890.02673587163
"2990",2021-07-14 13:54:05,1248,5622,62.5070594444444,NA,NA,12.0717388888889,NA,NA,NA,NA,8893.40867705,1897.63477873052
"2991",2021-07-14 13:54:10,1253,5662,62.5069388888889,NA,NA,12.0722777777778,NA,NA,NA,NA,8956.69468016667,1905.24286455262
"2992",2021-07-14 13:54:15,1253,5707,62.5068183333333,NA,NA,12.0728166666667,NA,NA,NA,NA,9027.890316575,1905.24824694163
"2993",2021-07-14 13:54:20,1263,5742,62.5066977777778,NA,NA,12.0733555555556,NA,NA,NA,NA,9083.2671204,1920.45916508687
"2994",2021-07-14 13:54:25,1263,5772,62.5065772222222,NA,NA,12.0738944444444,NA,NA,NA,NA,9130.7345441,1920.46459044667
"2995",2021-07-14 13:54:30,1263,5802,62.5064566666667,NA,NA,12.0744333333333,NA,NA,NA,NA,9178.2020763,1920.47001581385
"2996",2021-07-14 13:54:35,1258,5832,62.5063361111111,NA,NA,12.0749722222222,NA,NA,NA,NA,9225.669717,1912.87260887967
"2997",2021-07-14 13:54:40,1258,5872,62.5062155555556,NA,NA,12.0755111111111,NA,NA,NA,NA,9288.95653386667,1912.87801278346
"2998",2021-07-14 13:54:45,1263,5902,62.506095,NA,NA,12.07605,NA,NA,NA,NA,9336.42440965,1920.4862919597
"2999",2021-07-14 13:54:50,1263,5922,62.5059744444444,NA,NA,12.0765888888889,NA,NA,NA,NA,9368.0732901,1920.49171735641
"3000",2021-07-14 13:54:55,1258,5932,62.5058538888889,NA,NA,12.0771277777778,NA,NA,NA,NA,9383.90312096667,1912.89422453898
"3001",2021-07-14 13:55:00,1243,5937,62.5057333333333,NA,NA,12.0776666666667,NA,NA,NA,NA,9391.823418,1890.09080937277
"3002",2021-07-14 13:55:05,1243,5952,62.5056127777778,NA,NA,12.0782055555556,NA,NA,NA,NA,9415.5628912,1890.09614887843
"3003",2021-07-14 13:55:10,1238,5977,62.5054922222222,NA,NA,12.0787444444444,NA,NA,NA,NA,9455.12159481667,1882.49850573493
"3004",2021-07-14 13:55:15,1238,6008,62.5053716666667,NA,NA,12.0792833333333,NA,NA,NA,NA,9504.1719054,1882.50382377677
"3005",2021-07-14 13:55:20,1243,6033,62.5052511111111,NA,NA,12.0798222222222,NA,NA,NA,NA,9543.7308007,1890.11216743905
"3006",2021-07-14 13:55:25,1248,6058,62.5051305555556,NA,NA,12.0803611111111,NA,NA,NA,NA,9583.28978641667,1897.72055406539
"3007",2021-07-14 13:55:30,1243,6073,62.50501,NA,NA,12.0809,NA,NA,NA,NA,9607.02961405,1890.12284651579
"3008",2021-07-14 13:55:35,1243,6083,62.5048894444444,NA,NA,12.0814388888889,NA,NA,NA,NA,9622.85986264167,1890.12818606507
"3009",2021-07-14 13:55:40,1243,6093,62.5047688888889,NA,NA,12.0819777777778,NA,NA,NA,NA,9638.6901474,1890.13352562161
"3010",2021-07-14 13:55:45,1243,6113,62.5046483333333,NA,NA,12.0825166666667,NA,NA,NA,NA,9670.339771075,1890.13886518542
"3011",2021-07-14 13:55:50,1248,6128,62.5045277777778,NA,NA,12.0830555555556,NA,NA,NA,NA,9694.07980666667,1897.74735924063
"3012",2021-07-14 13:55:55,1248,6138,62.5044072222222,NA,NA,12.0835944444444,NA,NA,NA,NA,9709.91022705,1897.75272029757
"3013",2021-07-14 13:56:00,1253,6148,62.5042866666667,NA,NA,12.0841333333333,NA,NA,NA,NA,9725.7406836,1905.36127880316
"3014",2021-07-14 13:56:05,1253,6158,62.5041661111111,NA,NA,12.0846722222222,NA,NA,NA,NA,9741.57117631667,1905.36666135335
"3015",2021-07-14 13:56:10,1253,6173,62.5040455555556,NA,NA,12.0852111111111,NA,NA,NA,NA,9765.31140178333,1905.37204391086
"3016",2021-07-14 13:56:15,1253,6193,62.503925,NA,NA,12.08575,NA,NA,NA,NA,9796.961387125,1905.3774264757
"3017",2021-07-14 13:56:20,1258,6208,62.5038044444444,NA,NA,12.0862888888889,NA,NA,NA,NA,9820.70173013333,1912.986092404
"3018",2021-07-14 13:56:25,1263,6223,62.5036838888889,NA,NA,12.0868277777778,NA,NA,NA,NA,9844.44212739167,1920.59480129716
"3019",2021-07-14 13:56:30,1263,6243,62.5035633333333,NA,NA,12.0873666666667,NA,NA,NA,NA,9876.09231165,1920.60022684157
"3020",2021-07-14 13:56:35,1258,6268,62.5034427777778,NA,NA,12.0879055555556,NA,NA,NA,NA,9915.65231003333,1913.00230460084
"3021",2021-07-14 13:56:40,1253,6278,62.5033222222222,NA,NA,12.0884444444444,NA,NA,NA,NA,9931.48314633333,1905.40433940978
"3022",2021-07-14 13:56:45,1253,6278,62.5032016666667,NA,NA,12.0889833333333,NA,NA,NA,NA,9931.49449905,1905.40972201857
"3023",2021-07-14 13:56:50,1253,6283,62.5030811111111,NA,NA,12.0895222222222,NA,NA,NA,NA,9939.41562068333,1905.41510463469
"3024",2021-07-14 13:56:55,1253,6308,62.5029605555556,NA,NA,12.0900611111111,NA,NA,NA,NA,9978.97587223333,1905.42048725814
"3025",2021-07-14 13:57:00,1243,6338,62.50284,NA,NA,12.0906,NA,NA,NA,NA,10026.4460012,1890.2189595147
"3026",2021-07-14 13:57:05,1243,6373,62.5027194444444,NA,NA,12.0911388888889,NA,NA,NA,NA,10081.8260347083,1890.22429919479
"3027",2021-07-14 13:57:10,1243,6413,62.5025988888889,NA,NA,12.0916777777778,NA,NA,NA,NA,10145.1159998833,1890.22963888216
"3028",2021-07-14 13:57:15,1253,6473,62.5024783333333,NA,NA,12.0922166666667,NA,NA,NA,NA,10240.045366225,1905.44201782519
"3029",2021-07-14 13:57:20,1258,6524,62.5023577777778,NA,NA,12.0927555555556,NA,NA,NA,NA,10320.7372678667,1913.05094158856
"3030",2021-07-14 13:57:25,1258,6559,62.5022372222222,NA,NA,12.0932944444444,NA,NA,NA,NA,10376.1178908917,1913.05634573509
"3031",2021-07-14 13:57:30,1258,6574,62.5021166666667,NA,NA,12.0938333333333,NA,NA,NA,NA,10399.8592755,1913.06174988897
"3032",2021-07-14 13:57:35,1253,6599,62.5019961111111,NA,NA,12.0943722222222,NA,NA,NA,NA,10439.4204149417,1905.46354850946
"3033",2021-07-14 13:57:40,1253,6629,62.5018755555556,NA,NA,12.0949111111111,NA,NA,NA,NA,10486.8915041333,1905.46893119885
"3034",2021-07-14 13:57:45,1253,6669,62.501755,NA,NA,12.09545,NA,NA,NA,NA,10550.182438575,1905.47431389556
"3035",2021-07-14 13:57:50,1253,6704,62.5016344444444,NA,NA,12.0959888888889,NA,NA,NA,NA,10605.5636402667,1905.47969659959
"3036",2021-07-14 13:57:55,1258,6739,62.5015138888889,NA,NA,12.0965277777778,NA,NA,NA,NA,10660.9449685417,1913.0887707687
"3037",2021-07-14 13:58:00,1263,6759,62.5013933333333,NA,NA,12.0970666666667,NA,NA,NA,NA,10692.5967369,1920.69788790378
"3038",2021-07-14 13:58:05,1263,6779,62.5012727777778,NA,NA,12.0976055555556,NA,NA,NA,NA,10724.2485775917,1920.7033135885
"3039",2021-07-14 13:58:10,1258,6804,62.5011522222222,NA,NA,12.0981444444444,NA,NA,NA,NA,10763.8104042,1913.1049833848
"3040",2021-07-14 13:58:15,1258,6834,62.5010316666667,NA,NA,12.0986833333333,NA,NA,NA,NA,10811.28224385,1913.11038760488
"3041",2021-07-14 13:58:20,1258,6864,62.5009111111111,NA,NA,12.0992222222222,NA,NA,NA,NA,10858.754192,1913.11579183232
"3042",2021-07-14 13:58:25,1263,6889,62.5007905555556,NA,NA,12.0997611111111,NA,NA,NA,NA,10898.3163079417,1920.72501640124
"3043",2021-07-14 13:58:30,1263,6919,62.50067,NA,NA,12.1003,NA,NA,NA,NA,10945.78846405,1920.73044212288
"3044",2021-07-14 13:58:35,1268,6960,62.5005494444444,NA,NA,12.1008388888889,NA,NA,NA,NA,11010.662638,1928.33973114507
"3045",2021-07-14 13:58:40,1263,7010,62.5004288888889,NA,NA,12.1013777777778,NA,NA,NA,NA,11089.7749023333,1920.74129358833
"3046",2021-07-14 13:58:45,1263,7050,62.5003083333333,NA,NA,12.1019166666667,NA,NA,NA,NA,11153.06739375,1920.74671933212
"3047",2021-07-14 13:58:50,1263,7085,62.5001877777778,NA,NA,12.1024555555556,NA,NA,NA,NA,11208.4500439167,1920.75214508331
"3048",2021-07-14 13:58:55,1263,7120,62.5000672222222,NA,NA,12.1029944444444,NA,NA,NA,NA,11263.8328206667,1920.75757084188
"3049",2021-07-14 13:59:00,1258,7145,62.4999466666667,NA,NA,12.1035333333333,NA,NA,NA,NA,11303.395716,1913.15902591659
"3050",2021-07-14 13:59:05,1263,7160,62.4998261111111,NA,NA,12.1040722222222,NA,NA,NA,NA,11327.1386756667,1920.76842238117
"3051",2021-07-14 13:59:10,1263,7170,62.4997055555556,NA,NA,12.1046111111111,NA,NA,NA,NA,11342.9716675,1920.77384816189
"3052",2021-07-14 13:59:15,1263,7180,62.499585,NA,NA,12.10515,NA,NA,NA,NA,11358.8046955,1920.77927395
"3053",2021-07-14 13:59:20,1263,7195,62.4994644444444,NA,NA,12.1056888888889,NA,NA,NA,NA,11382.5477998333,1920.78469974549
"3054",2021-07-14 13:59:25,1263,7225,62.4993438888889,NA,NA,12.1062277777778,NA,NA,NA,NA,11430.0211060417,1920.79012554837
"3055",2021-07-14 13:59:30,1263,7255,62.4992233333333,NA,NA,12.1067666666667,NA,NA,NA,NA,11477.49452075,1920.79555135863
"3056",2021-07-14 13:59:35,1263,7285,62.4991027777778,NA,NA,12.1073055555556,NA,NA,NA,NA,11524.9680439583,1920.80097717627
"3057",2021-07-14 13:59:40,1258,7325,62.4989822222222,NA,NA,12.1078444444444,NA,NA,NA,NA,11588.2618283333,1913.20226047161
"3058",2021-07-14 13:59:45,1253,7375,62.4988616666667,NA,NA,12.1083833333333,NA,NA,NA,NA,11667.375928125,1905.60350081445
"3059",2021-07-14 13:59:50,1248,7425,62.4987411111111,NA,NA,12.1089222222222,NA,NA,NA,NA,11746.49020875,1898.00469820471
"3060",2021-07-14 13:59:55,1248,7456,62.4986205555556,NA,NA,12.1094611111111,NA,NA,NA,NA,11795.5462770667,1898.01005961191
"3061",2021-07-14 14:00:00,1248,7466,62.4985,7.295,64.11,12.11,"Stn02",64.11,0.164327878,0.022235479,11811.379985,1898.0154210264
"3062",2021-07-14 14:00:05,1253,7456,62.4984616666667,NA,NA,12.11,NA,NA,NA,NA,11795.5640472,1905.62034209026
"3063",2021-07-14 14:00:10,1253,7451,62.4984233333333,NA,NA,12.11,NA,NA,NA,NA,11787.65821615,1905.62103470449
"3064",2021-07-14 14:00:15,1253,7461,62.498385,NA,NA,12.11,NA,NA,NA,NA,11803.482742725,1905.62172731872
"3065",2021-07-14 14:00:20,1253,7486,62.4983466666667,NA,NA,12.11,NA,NA,NA,NA,11843.0376528,1905.62241993295
"3066",2021-07-14 14:00:25,1253,7521,62.4983083333333,NA,NA,12.11,NA,NA,NA,NA,11898.412845375,1905.62311254718
"3067",2021-07-14 14:00:30,1253,7551,62.49827,NA,NA,12.11,NA,NA,NA,NA,11945.87794845,1905.62380516142
"3068",2021-07-14 14:00:35,1253,7581,62.4982316666667,NA,NA,12.11,NA,NA,NA,NA,11993.343086025,1905.62449777565
"3069",2021-07-14 14:00:40,1253,7606,62.4981933333333,NA,NA,12.11,NA,NA,NA,NA,12032.8981226,1905.62519038988
"3070",2021-07-14 14:00:45,1258,7626,62.498155,NA,NA,12.11,NA,NA,NA,NA,12064.54304955,1913.23013632815
"3071",2021-07-14 14:00:50,1263,7636,62.4981166666667,NA,NA,12.11,NA,NA,NA,NA,12080.367717,1920.83508779407
"3072",2021-07-14 14:00:55,1263,7651,62.4980783333333,NA,NA,12.11,NA,NA,NA,NA,12104.102540075,1920.83578593595
"3073",2021-07-14 14:01:00,1263,7671,62.49804,NA,NA,12.11,NA,NA,NA,NA,12135.7475274,1920.83648407783
"3074",2021-07-14 14:01:05,1253,7691,62.4980016666667,NA,NA,12.11,NA,NA,NA,NA,12167.392537725,1905.62865346104
"3075",2021-07-14 14:01:10,1253,7706,62.4979633333333,NA,NA,12.11,NA,NA,NA,NA,12191.1274183,1905.62934607527
"3076",2021-07-14 14:01:15,1248,7711,62.497925,NA,NA,12.11,NA,NA,NA,NA,12199.042004875,1898.02576878252
"3077",2021-07-14 14:01:20,1248,7731,62.4978866666667,NA,NA,12.11,NA,NA,NA,NA,12230.6870727,1898.02645863293
"3078",2021-07-14 14:01:25,1243,7741,62.4978483333333,NA,NA,12.11,NA,NA,NA,NA,12246.511840775,1890.42287304871
"3079",2021-07-14 14:01:30,1238,7741,62.49781,NA,NA,12.11,NA,NA,NA,NA,12246.51629185,1882.81928193684
"3080",2021-07-14 14:01:35,1243,7746,62.4977716666667,NA,NA,12.11,NA,NA,NA,NA,12254.43091005,1890.42424722188
"3081",2021-07-14 14:01:40,1248,7761,62.4977333333333,NA,NA,12.11,NA,NA,NA,NA,12278.165874,1898.02921803456
"3082",2021-07-14 14:01:45,1253,7786,62.497695,NA,NA,12.11,NA,NA,NA,NA,12317.72120095,1905.63419437489
"3083",2021-07-14 14:01:50,1258,7811,62.4976566666667,NA,NA,12.11,NA,NA,NA,NA,12357.27655665,1913.23917624287
"3084",2021-07-14 14:01:55,1263,7826,62.4976183333333,NA,NA,12.11,NA,NA,NA,NA,12381.01158385,1920.8441636385
"3085",2021-07-14 14:02:00,1263,7846,62.49758,NA,NA,12.11,NA,NA,NA,NA,12412.6568098,1920.84486178038
"3086",2021-07-14 14:02:05,1258,7846,62.4975416666667,NA,NA,12.11,NA,NA,NA,NA,12412.66132125,1913.24126237704
"3087",2021-07-14 14:02:10,1258,7851,62.4975033333333,NA,NA,12.11,NA,NA,NA,NA,12420.57601995,1913.24195775509
"3088",2021-07-14 14:02:15,1253,7856,62.497465,NA,NA,12.11,NA,NA,NA,NA,12428.4907244,1905.63835006028
"3089",2021-07-14 14:02:20,1253,7866,62.4974266666667,NA,NA,12.11,NA,NA,NA,NA,12444.3156276,1905.63904267451
"3090",2021-07-14 14:02:25,1258,7886,62.4973883333333,NA,NA,12.11,NA,NA,NA,NA,12475.96093405,1913.24404388926
"3091",2021-07-14 14:02:30,1258,7911,62.49735,NA,NA,12.11,NA,NA,NA,NA,12515.51646225,1913.24473926732
"3092",2021-07-14 14:02:35,1263,7927,62.4973116666667,NA,NA,12.11,NA,NA,NA,NA,12540.833656275,1920.84974877353
"3093",2021-07-14 14:02:40,1263,7942,62.4972733333333,NA,NA,12.11,NA,NA,NA,NA,12564.5688278,1920.85044691541
"3094",2021-07-14 14:02:45,1268,7952,62.497235,NA,NA,12.11,NA,NA,NA,NA,12580.3938092,1928.4554647131
"3095",2021-07-14 14:02:50,1268,7947,62.4971966666667,NA,NA,12.11,NA,NA,NA,NA,12572.48817135,1928.4561656188
"3096",2021-07-14 14:02:55,1268,7942,62.4971583333333,NA,NA,12.11,NA,NA,NA,NA,12564.58252775,1928.45686652451
"3097",2021-07-14 14:03:00,1263,7942,62.49712,NA,NA,12.11,NA,NA,NA,NA,12564.5870944,1920.85323948293
"3098",2021-07-14 14:03:05,1253,7947,62.4970816666667,NA,NA,12.11,NA,NA,NA,NA,12572.501879925,1905.6452762026
"3099",2021-07-14 14:03:10,1253,7952,62.4970433333333,NA,NA,12.11,NA,NA,NA,NA,12580.4166712,1905.64596881683
"3100",2021-07-14 14:03:15,1253,7947,62.497005,NA,NA,12.11,NA,NA,NA,NA,12572.511018975,1905.64666143106
"3101",2021-07-14 14:03:20,1253,7967,62.4969666666667,NA,NA,12.11,NA,NA,NA,NA,12604.1564985,1905.6473540453
"3102",2021-07-14 14:03:25,1258,7992,62.4969283333333,NA,NA,12.11,NA,NA,NA,NA,12643.7122314,1913.25238842593
"3103",2021-07-14 14:03:30,1258,8017,62.49689,NA,NA,12.11,NA,NA,NA,NA,12683.26799305,1913.25308380398
"3104",2021-07-14 14:03:35,1258,8057,62.4968516666667,NA,NA,12.11,NA,NA,NA,NA,12746.554491825,1913.25377918204
"3105",2021-07-14 14:03:40,1258,8082,62.4968133333333,NA,NA,12.11,NA,NA,NA,NA,12786.1103196,1913.25447456009
"3106",2021-07-14 14:03:45,1253,8117,62.496775,NA,NA,12.11,NA,NA,NA,NA,12841.486659875,1905.65081711645
"3107",2021-07-14 14:03:50,1258,8132,62.4967366666667,NA,NA,12.11,NA,NA,NA,NA,12865.2220614,1913.2558653162
"3108",2021-07-14 14:03:55,1258,8147,62.4966983333333,NA,NA,12.11,NA,NA,NA,NA,12888.957480175,1913.25656069426
"3109",2021-07-14 14:04:00,1258,8147,62.49666,NA,NA,12.11,NA,NA,NA,NA,12888.9621647,1913.25725607231
"3110",2021-07-14 14:04:05,1263,8132,62.4966216666667,NA,NA,12.11,NA,NA,NA,NA,12865.2360891,1920.86231532736
"3111",2021-07-14 14:04:10,1258,8102,62.4965833333333,NA,NA,12.11,NA,NA,NA,NA,12817.7792275,1913.25864682843
"3112",2021-07-14 14:04:15,1258,8062,62.496545,NA,NA,12.11,NA,NA,NA,NA,12754.50181315,1913.25934220648
"3113",2021-07-14 14:04:20,1263,8007,62.4965066666667,NA,NA,12.11,NA,NA,NA,NA,12667.4935668,1920.864409753
"3114",2021-07-14 14:04:25,1263,7947,62.4964683333333,NA,NA,12.11,NA,NA,NA,NA,12572.574992325,1920.86510789488
"3115",2021-07-14 14:04:30,1263,7881,62.49643,NA,NA,12.11,NA,NA,NA,NA,12468.16402755,1920.86580603675
"3116",2021-07-14 14:04:35,1263,7811,62.4963916666667,NA,NA,12.11,NA,NA,NA,NA,12357.424770375,1920.86650417863
"3117",2021-07-14 14:04:40,1263,7726,62.4963533333333,NA,NA,12.11,NA,NA,NA,NA,12222.9546122,1920.86720232051
"3118",2021-07-14 14:04:45,1258,7636,62.496315,NA,NA,12.11,NA,NA,NA,NA,12080.5740799,1913.26351447481
"3119",2021-07-14 14:04:50,1253,7526,62.4962766666667,NA,NA,12.11,NA,NA,NA,NA,11906.5523271,1905.65982110147
"3120",2021-07-14 14:04:55,1253,7410,62.4962383333333,NA,NA,12.11,NA,NA,NA,NA,11723.03810925,1905.6605137157
"3121",2021-07-14 14:05:00,1253,7295,62.4962,NA,NA,12.11,NA,NA,NA,NA,11541.105815,1905.66120632993
"3122",2021-07-14 14:05:05,1248,7175,62.4961616666667,NA,NA,12.11,NA,NA,NA,NA,11351.263100625,1898.05750190129
"3123",2021-07-14 14:05:10,1248,7065,62.4961233333333,NA,NA,12.11,NA,NA,NA,NA,11177.24082975,1898.0581917517
"3124",2021-07-14 14:05:15,1253,6944,62.496085,NA,NA,12.11,NA,NA,NA,NA,10985.8157864,1905.66328417263
"3125",2021-07-14 14:05:20,1253,6829,62.4960466666667,NA,NA,12.11,NA,NA,NA,NA,10803.8829597,1905.66397678686
"3126",2021-07-14 14:05:25,1258,6704,62.4960083333333,NA,NA,12.11,NA,NA,NA,NA,10606.129402,1913.26907749926
"3127",2021-07-14 14:05:30,1263,6559,62.49597,NA,NA,12.11,NA,NA,NA,NA,10376.73449155,1920.87418373931
"3128",2021-07-14 14:05:35,1263,6378,62.4959316666667,NA,NA,12.11,NA,NA,NA,NA,10090.38521745,1920.87488188119
"3129",2021-07-14 14:05:40,1263,6168,62.4958933333333,NA,NA,12.11,NA,NA,NA,NA,9758.1559488,1920.87558002306
"3130",2021-07-14 14:05:45,1263,5927,62.495855,NA,NA,12.11,NA,NA,NA,NA,9376.882511225,1920.87627816494
"3131",2021-07-14 14:05:50,1263,5657,62.4958166666667,NA,NA,12.11,NA,NA,NA,NA,8949.72897675,1920.87697630682
"3132",2021-07-14 14:05:55,1263,5356,62.4957783333333,NA,NA,12.11,NA,NA,NA,NA,8473.5311687,1920.8776744487
"3133",2021-07-14 14:06:00,1263,5030,62.49574,NA,NA,12.11,NA,NA,NA,NA,7957.781417,1920.87837259058
"3134",2021-07-14 14:06:05,1263,4700,62.4957016666667,NA,NA,12.11,NA,NA,NA,NA,7435.7030325,1920.87907073246
"3135",2021-07-14 14:06:10,1258,4369,62.4956633333333,NA,NA,12.11,NA,NA,NA,NA,6912.04220345,1913.27533590176
"3136",2021-07-14 14:06:15,1258,4038,62.495625,NA,NA,12.11,NA,NA,NA,NA,6388.38099375,1913.27603127981
"3137",2021-07-14 14:06:20,1253,3708,62.4955866666667,NA,NA,12.11,NA,NA,NA,NA,5866.3014696,1905.67228815764
"3138",2021-07-14 14:06:25,1253,3387,62.4955483333333,NA,NA,12.11,NA,NA,NA,NA,5358.460166925,1905.67298077187
"3139",2021-07-14 14:06:30,1253,3096,62.49551,NA,NA,12.11,NA,NA,NA,NA,4898.0805156,1905.6736733861
"3140",2021-07-14 14:06:35,1253,2821,62.4954716666667,NA,NA,12.11,NA,NA,NA,NA,4463.013616425,1905.67436600033
"3141",2021-07-14 14:06:40,1258,2565,62.4954333333333,NA,NA,12.11,NA,NA,NA,NA,4058.0057025,1913.27950817009
"3142",2021-07-14 14:06:45,1258,2325,62.495395,NA,NA,12.11,NA,NA,NA,NA,3678.310599375,1913.28020354815
"3143",2021-07-14 14:06:50,1263,2104,62.4953566666667,NA,NA,12.11,NA,NA,NA,NA,3328.6745436,1920.88535400937
"3144",2021-07-14 14:06:55,1268,1909,62.4953183333333,NA,NA,12.11,NA,NA,NA,NA,3020.172059525,1928.49050999825
"3145",2021-07-14 14:07:00,1273,1724,62.49528,NA,NA,12.11,NA,NA,NA,NA,2727.4900592,1936.09567151477
"3146",2021-07-14 14:07:05,1268,1553,62.4952416666667,NA,NA,12.11,NA,NA,NA,NA,2456.956845375,1928.49191180965
"3147",2021-07-14 14:07:10,1263,1398,62.4952033333333,NA,NA,12.11,NA,NA,NA,NA,2211.7365861,1920.88814657689
"3148",2021-07-14 14:07:15,1263,1263,62.495165,NA,NA,12.11,NA,NA,NA,NA,1998.157599075,1920.88884471877
"3149",2021-07-14 14:07:20,1258,1142,62.4951266666667,NA,NA,12.11,NA,NA,NA,NA,1806.7274802,1913.28507119453
"3150",2021-07-14 14:07:25,1263,1037,62.4950883333333,NA,NA,12.11,NA,NA,NA,NA,1640.610400975,1920.89024100253
"3151",2021-07-14 14:07:30,1263,947,62.49505,NA,NA,12.11,NA,NA,NA,NA,1498.22431475,1920.89093914441
"3152",2021-07-14 14:07:35,1268,872,62.4950116666667,NA,NA,12.11,NA,NA,NA,NA,1379.5692474,1928.49611724387
"3153",2021-07-14 14:07:40,1268,807,62.4949733333333,NA,NA,12.11,NA,NA,NA,NA,1276.7348478,1928.49681814958
"3154",2021-07-14 14:07:45,1263,747,62.494935,NA,NA,12.11,NA,NA,NA,NA,1181.810753325,1920.89303357005
"3155",2021-07-14 14:07:50,1268,691,62.4948966666667,NA,NA,12.11,NA,NA,NA,NA,1093.21489605,1928.49821996098
"3156",2021-07-14 14:07:55,1268,641,62.4948583333333,NA,NA,12.11,NA,NA,NA,NA,1014.111437125,1928.49892086669
"3157",2021-07-14 14:08:00,1273,596,62.49482,NA,NA,12.11,NA,NA,NA,NA,942.9183092,1936.10411554909
"3158",2021-07-14 14:08:05,1263,561,62.4947816666667,NA,NA,12.11,NA,NA,NA,NA,887.545912275,1920.89582613756
"3159",2021-07-14 14:08:10,1263,531,62.4947433333333,NA,NA,12.11,NA,NA,NA,NA,840.08386935,1920.89652427944
"3160",2021-07-14 14:08:15,1263,506,62.494705,NA,NA,12.11,NA,NA,NA,NA,800.53218905,1920.89722242132
"3161",2021-07-14 14:08:20,1263,476,62.4946666666667,NA,NA,12.11,NA,NA,NA,NA,753.07008,1920.8979205632
"3162",2021-07-14 14:08:25,1263,451,62.4946283333333,NA,NA,12.11,NA,NA,NA,NA,713.518339325,1920.89861870508
"3163",2021-07-14 14:08:30,1258,436,62.49459,NA,NA,12.11,NA,NA,NA,NA,689.7873814,1913.29480648731
"3164",2021-07-14 14:08:35,1258,421,62.4945516666667,NA,NA,12.11,NA,NA,NA,NA,666.056406225,1913.29550186537
"3165",2021-07-14 14:08:40,1263,406,62.4945133333333,NA,NA,12.11,NA,NA,NA,NA,642.3254138,1920.90071313072
"3166",2021-07-14 14:08:45,1263,391,62.494475,NA,NA,12.11,NA,NA,NA,NA,618.594404125,1920.9014112726
"3167",2021-07-14 14:08:50,1263,376,62.4944366666667,NA,NA,12.11,NA,NA,NA,NA,594.8633772,1920.90210941448
"3168",2021-07-14 14:08:55,1263,366,62.4943983333333,NA,NA,12.11,NA,NA,NA,NA,579.04275315,1920.90280755635
"3169",2021-07-14 14:09:00,1263,356,62.49436,NA,NA,12.11,NA,NA,NA,NA,563.2221176,1920.90350569823
"3170",2021-07-14 14:09:05,1263,346,62.4943216666667,NA,NA,12.11,NA,NA,NA,NA,547.40147055,1920.90420384011
"3171",2021-07-14 14:09:10,1263,346,62.4942833333333,NA,NA,12.11,NA,NA,NA,NA,547.4016695,1920.90490198199
"3172",2021-07-14 14:09:15,1263,346,62.494245,NA,NA,12.11,NA,NA,NA,NA,547.40186845,1920.90560012387
"3173",2021-07-14 14:09:20,1263,346,62.4942066666667,NA,NA,12.11,NA,NA,NA,NA,547.4020674,1920.90629826575
"3174",2021-07-14 14:09:25,1268,341,62.4941683333333,NA,NA,12.11,NA,NA,NA,NA,539.491828975,1928.51153716934
"3175",2021-07-14 14:09:30,1268,336,62.49413,NA,NA,12.11,NA,NA,NA,NA,531.5815848,1928.51223807504
"3176",2021-07-14 14:09:35,1263,336,62.4940916666667,NA,NA,12.11,NA,NA,NA,NA,531.581778,1920.90839269139
"3177",2021-07-14 14:09:40,1263,331,62.4940533333333,NA,NA,12.11,NA,NA,NA,NA,523.6715252,1920.90909083327
"3178",2021-07-14 14:09:45,1258,326,62.494015,NA,NA,12.11,NA,NA,NA,NA,515.76126665,1913.30523715814
"3179",2021-07-14 14:09:50,1263,326,62.4939766666667,NA,NA,12.11,NA,NA,NA,NA,515.7614541,1920.91048711703
"3180",2021-07-14 14:09:55,1263,321,62.4939383333333,NA,NA,12.11,NA,NA,NA,NA,507.851186925,1920.91118525891
"3181",2021-07-14 14:10:00,1263,321,62.4939,NA,NA,12.11,NA,NA,NA,NA,507.8513715,1920.91188340079
"3182",2021-07-14 14:10:05,1263,321,62.4938616666667,NA,NA,12.11,NA,NA,NA,NA,507.851556075,1920.91258154266
"3183",2021-07-14 14:10:10,1263,321,62.4938233333333,NA,NA,12.11,NA,NA,NA,NA,507.85174065,1920.91327968454
"3184",2021-07-14 14:10:15,1263,316,62.493785,NA,NA,12.11,NA,NA,NA,NA,499.9414591,1920.91397782642
"3185",2021-07-14 14:10:20,1263,311,62.4937466666667,NA,NA,12.11,NA,NA,NA,NA,492.0311718,1920.9146759683
"3186",2021-07-14 14:10:25,1268,311,62.4937083333333,NA,NA,12.11,NA,NA,NA,NA,492.031350625,1928.51994803778
"3187",2021-07-14 14:10:30,1268,306,62.49367,NA,NA,12.11,NA,NA,NA,NA,484.1210547,1928.52064894348
"3188",2021-07-14 14:10:35,1268,296,62.4936316666667,NA,NA,12.11,NA,NA,NA,NA,468.3002754,1928.52134984918
"3189",2021-07-14 14:10:40,1268,291,62.4935933333333,NA,NA,12.11,NA,NA,NA,NA,460.3899651,1928.52205075488
"3190",2021-07-14 14:10:45,1263,286,62.493555,NA,NA,12.11,NA,NA,NA,NA,452.47964905,1920.9181666777
"3191",2021-07-14 14:10:50,1263,286,62.4935166666667,NA,NA,12.11,NA,NA,NA,NA,452.4798135,1920.91886481958
"3192",2021-07-14 14:10:55,1263,291,62.4934783333333,NA,NA,12.11,NA,NA,NA,NA,460.390467075,1920.91956296146
"3193",2021-07-14 14:11:00,1268,291,62.49344,NA,NA,12.11,NA,NA,NA,NA,460.3906344,1928.5248543777
"3194",2021-07-14 14:11:05,1263,291,62.4934016666667,NA,NA,12.11,NA,NA,NA,NA,460.390801725,1920.92095924522
"3195",2021-07-14 14:11:10,1263,291,62.4933633333333,NA,NA,12.11,NA,NA,NA,NA,460.39096905,1920.92165738709
"3196",2021-07-14 14:11:15,1263,291,62.493325,NA,NA,12.11,NA,NA,NA,NA,460.391136375,1920.92235552897
"3197",2021-07-14 14:11:20,1263,296,62.4932866666667,NA,NA,12.11,NA,NA,NA,NA,468.3018072,1920.92305367085
"3198",2021-07-14 14:11:25,1263,296,62.4932483333333,NA,NA,12.11,NA,NA,NA,NA,468.3019774,1920.92375181273
"3199",2021-07-14 14:11:30,1263,301,62.49321,NA,NA,12.11,NA,NA,NA,NA,476.21265685,1920.92444995461
"3200",2021-07-14 14:11:35,1263,301,62.4931716666667,NA,NA,12.11,NA,NA,NA,NA,476.212829925,1920.92514809649
"3201",2021-07-14 14:11:40,1258,301,62.4931333333333,NA,NA,12.11,NA,NA,NA,NA,476.213003,1913.32123085342
"3202",2021-07-14 14:11:45,1258,301,62.493095,NA,NA,12.11,NA,NA,NA,NA,476.213176075,1913.32192623148
"3203",2021-07-14 14:11:50,1258,296,62.4930566666667,NA,NA,12.11,NA,NA,NA,NA,468.3028284,1913.32262160953
"3204",2021-07-14 14:11:55,1263,296,62.4930183333333,NA,NA,12.11,NA,NA,NA,NA,468.3029986,1920.92794066401
"3205",2021-07-14 14:12:00,1268,296,62.49298,NA,NA,12.11,NA,NA,NA,NA,468.3031688,1928.53326524613
"3206",2021-07-14 14:12:05,1268,296,62.4929416666667,NA,NA,12.11,NA,NA,NA,NA,468.303339,1928.53396615184
"3207",2021-07-14 14:12:10,1268,296,62.4929033333333,NA,NA,12.11,NA,NA,NA,NA,468.3035092,1928.53466705754
"3208",2021-07-14 14:12:15,1263,296,62.492865,NA,NA,12.11,NA,NA,NA,NA,468.3036794,1920.93073323152
"3209",2021-07-14 14:12:20,1263,296,62.4928266666667,NA,NA,12.11,NA,NA,NA,NA,468.3038496,1920.9314313734
"3210",2021-07-14 14:12:25,1263,291,62.4927883333333,NA,NA,12.11,NA,NA,NA,NA,460.393478925,1920.93212951528
"3211",2021-07-14 14:12:30,1263,286,62.49275,NA,NA,12.11,NA,NA,NA,NA,452.4831025,1920.93282765716
"3212",2021-07-14 14:12:35,1263,286,62.4927116666667,NA,NA,12.11,NA,NA,NA,NA,452.48326695,1920.93352579904
"3213",2021-07-14 14:12:40,1258,286,62.4926733333333,NA,NA,12.11,NA,NA,NA,NA,452.4834314,1913.32957539009
"3214",2021-07-14 14:12:45,1258,286,62.492635,NA,NA,12.11,NA,NA,NA,NA,452.48359585,1913.33027076814
"3215",2021-07-14 14:12:50,1253,281,62.4925966666667,NA,NA,12.11,NA,NA,NA,NA,444.57320505,1905.72631206771
"3216",2021-07-14 14:12:55,1253,281,62.4925583333333,NA,NA,12.11,NA,NA,NA,NA,444.573366625,1905.72700468195
"3217",2021-07-14 14:13:00,1253,281,62.49252,NA,NA,12.11,NA,NA,NA,NA,444.5735282,1905.72769729618
"3218",2021-07-14 14:13:05,1248,286,62.4924816666667,NA,NA,12.11,NA,NA,NA,NA,452.48425365,1898.12372754046
"3219",2021-07-14 14:13:10,1243,291,62.4924433333333,NA,NA,12.11,NA,NA,NA,NA,460.39498485,1890.51975225709
"3220",2021-07-14 14:13:15,1238,291,62.492405,NA,NA,12.11,NA,NA,NA,NA,460.395152175,1882.91577144607
"3221",2021-07-14 14:13:20,1238,291,62.4923666666667,NA,NA,12.11,NA,NA,NA,NA,460.3953195,1882.91645576883
"3222",2021-07-14 14:13:25,1238,296,62.4923283333333,NA,NA,12.11,NA,NA,NA,NA,468.3060622,1882.91714009159
"3223",2021-07-14 14:13:30,1238,301,62.49229,NA,NA,12.11,NA,NA,NA,NA,476.21681065,1882.91782441435
"3224",2021-07-14 14:13:35,1238,306,62.4922516666667,NA,NA,12.11,NA,NA,NA,NA,484.12756485,1882.91850873711
"3225",2021-07-14 14:13:40,1233,306,62.4922133333333,NA,NA,12.11,NA,NA,NA,NA,484.1277408,1875.31451134315
"3226",2021-07-14 14:13:45,1233,306,62.492175,NA,NA,12.11,NA,NA,NA,NA,484.12791675,1875.31519290209
"3227",2021-07-14 14:13:50,1233,301,62.4921366666667,NA,NA,12.11,NA,NA,NA,NA,476.21750295,1875.31587446103
"3228",2021-07-14 14:13:55,1228,296,62.4920983333333,NA,NA,12.11,NA,NA,NA,NA,468.3070834,1867.71186601177
"3229",2021-07-14 14:14:00,1208,291,62.49206,NA,NA,12.11,NA,NA,NA,NA,460.3966581,1837.29377371882
"3230",2021-07-14 14:14:05,1168,291,62.4920216666667,NA,NA,12.11,NA,NA,NA,NA,460.396825425,1776.45687717193
"3231",2021-07-14 14:14:10,1103,286,62.4919833333333,NA,NA,12.11,NA,NA,NA,NA,452.4863915,1677.59644490555
"3232",2021-07-14 14:14:15,1022,281,62.491945,NA,NA,12.11,NA,NA,NA,NA,444.575951825,1554.40089737659
"3233",2021-07-14 14:14:20,932,281,62.4919066666667,NA,NA,12.11,NA,NA,NA,NA,444.5761134,1417.51679341058
"3234",2021-07-14 14:14:25,847,281,62.4918683333333,NA,NA,12.11,NA,NA,NA,NA,444.576274975,1288.23729653806
"3235",2021-07-14 14:14:30,762,281,62.49183,NA,NA,12.11,NA,NA,NA,NA,444.57643655,1158.95770569552
"3236",2021-07-14 14:14:35,692,286,62.4917916666667,NA,NA,12.11,NA,NA,NA,NA,452.48721375,1052.49215723933
"3237",2021-07-14 14:14:40,626,286,62.4917533333333,NA,NA,12.11,NA,NA,NA,NA,452.4873782,952.110303302146
"3238",2021-07-14 14:14:45,571,291,62.491715,NA,NA,12.11,NA,NA,NA,NA,460.398164025,868.458755222163
"3239",2021-07-14 14:14:50,521,286,62.4916766666667,NA,NA,12.11,NA,NA,NA,NA,452.4877071,792.411866748311
"3240",2021-07-14 14:14:55,486,291,62.4916383333333,NA,NA,12.11,NA,NA,NA,NA,460.398498675,739.179092520211
"3241",2021-07-14 14:15:00,456,296,62.4916,7.044,64.099,12.11,"Stn02",64.099,0.163909793,0.022091191,468.309296,693.55100553648
"3242",2021-07-14 14:15:05,431,296,62.49153,NA,NA,12.11,NA,NA,NA,NA,468.3096068,655.527810896872
"3243",2021-07-14 14:15:10,411,296,62.49146,NA,NA,12.11,NA,NA,NA,NA,468.3099176,625.109301819303
"3244",2021-07-14 14:15:15,396,301,62.49139,NA,NA,12.11,NA,NA,NA,NA,476.22087415,602.295493444722
"3245",2021-07-14 14:15:20,381,306,62.49132,NA,NA,12.11,NA,NA,NA,NA,484.1318412,579.481654788246
"3246",2021-07-14 14:15:25,371,311,62.49125,NA,NA,12.11,NA,NA,NA,NA,492.04281875,564.272537022688
"3247",2021-07-14 14:15:30,361,311,62.49118,NA,NA,12.11,NA,NA,NA,NA,492.0431453,549.063399069199
"3248",2021-07-14 14:15:35,356,306,62.49111,NA,NA,12.11,NA,NA,NA,NA,484.1328051,541.459002194558
"3249",2021-07-14 14:15:40,346,301,62.49104,NA,NA,12.11,NA,NA,NA,NA,476.2224544,526.249828912192
"3250",2021-07-14 14:15:45,346,291,62.49097,NA,NA,12.11,NA,NA,NA,NA,460.40141595,526.250178163381
"3251",2021-07-14 14:15:50,341,286,62.4909,NA,NA,12.11,NA,NA,NA,NA,452.491039,518.645751006845
"3252",2021-07-14 14:15:55,336,276,62.49083,NA,NA,12.11,NA,NA,NA,NA,436.6699638,511.041313756344
"3253",2021-07-14 14:16:00,331,276,62.49076,NA,NA,12.11,NA,NA,NA,NA,436.6702536,503.436866411878
"3254",2021-07-14 14:16:05,331,276,62.49069,NA,NA,12.11,NA,NA,NA,NA,436.6705434,503.43720052212
"3255",2021-07-14 14:16:10,331,276,62.49062,NA,NA,12.11,NA,NA,NA,NA,436.6708332,503.437534632361
"3256",2021-07-14 14:16:15,331,276,62.49055,NA,NA,12.11,NA,NA,NA,NA,436.671123,503.437868742603
"3257",2021-07-14 14:16:20,331,276,62.49048,NA,NA,12.11,NA,NA,NA,NA,436.6714128,503.438202852844
"3258",2021-07-14 14:16:25,331,281,62.49041,NA,NA,12.11,NA,NA,NA,NA,444.58242185,503.438536963086
"3259",2021-07-14 14:16:30,331,286,62.49034,NA,NA,12.11,NA,NA,NA,NA,452.4934414,503.438871073327
"3260",2021-07-14 14:16:35,331,286,62.49027,NA,NA,12.11,NA,NA,NA,NA,452.4937417,503.439205183569
"3261",2021-07-14 14:16:40,331,296,62.4902,NA,NA,12.11,NA,NA,NA,NA,468.315512,503.43953929381
"3262",2021-07-14 14:16:45,336,296,62.49013,NA,NA,12.11,NA,NA,NA,NA,468.3158228,511.044705328584
"3263",2021-07-14 14:16:50,336,296,62.49006,NA,NA,12.11,NA,NA,NA,NA,468.3161336,511.045044485808
"3264",2021-07-14 14:16:55,341,296,62.48999,NA,NA,12.11,NA,NA,NA,NA,468.3164444,518.650225661529
"3265",2021-07-14 14:17:00,336,301,62.48992,NA,NA,12.11,NA,NA,NA,NA,476.2275112,511.045722800256
"3266",2021-07-14 14:17:05,336,306,62.48985,NA,NA,12.11,NA,NA,NA,NA,484.1385885,511.04606195748
"3267",2021-07-14 14:17:10,331,306,62.48978,NA,NA,12.11,NA,NA,NA,NA,484.1389098,503.441543955259
"3268",2021-07-14 14:17:15,371,306,62.48971,NA,NA,12.11,NA,NA,NA,NA,484.1392311,564.280775716921
"3269",2021-07-14 14:17:20,436,301,62.48964,NA,NA,12.11,NA,NA,NA,NA,476.2287754,663.144424497352
"3270",2021-07-14 14:17:25,501,291,62.48957,NA,NA,12.11,NA,NA,NA,NA,460.40752695,762.008204499328
"3271",2021-07-14 14:17:30,511,286,62.4895,NA,NA,12.11,NA,NA,NA,NA,452.497045,777.218464901725
"3272",2021-07-14 14:17:35,501,286,62.48943,NA,NA,12.11,NA,NA,NA,NA,452.4973453,762.009215914622
"3273",2021-07-14 14:17:40,491,286,62.48936,NA,NA,12.11,NA,NA,NA,NA,452.4976456,746.799946739588
"3274",2021-07-14 14:17:45,481,286,62.48929,NA,NA,12.11,NA,NA,NA,NA,452.4979459,731.590657376625
"3275",2021-07-14 14:17:50,476,291,62.48922,NA,NA,12.11,NA,NA,NA,NA,460.4090547,723.986245361036
"3276",2021-07-14 14:17:55,471,301,62.48915,NA,NA,12.11,NA,NA,NA,NA,476.23098775,716.381823251483
"3277",2021-07-14 14:18:00,466,306,62.48908,NA,NA,12.11,NA,NA,NA,NA,484.1421228,708.777391047964
"3278",2021-07-14 14:18:05,466,311,62.48901,NA,NA,12.11,NA,NA,NA,NA,492.05326835,708.777861426733
"3279",2021-07-14 14:18:10,461,306,62.48894,NA,NA,12.11,NA,NA,NA,NA,484.1427654,701.173414082267
"3280",2021-07-14 14:18:15,466,306,62.48887,NA,NA,12.11,NA,NA,NA,NA,484.1430867,708.778802184271
"3281",2021-07-14 14:18:20,466,306,62.4888,NA,NA,12.11,NA,NA,NA,NA,484.143408,708.77927256304
"3282",2021-07-14 14:18:25,466,311,62.48873,NA,NA,12.11,NA,NA,NA,NA,492.05457455,708.779742941809
"3283",2021-07-14 14:18:30,466,306,62.48866,NA,NA,12.11,NA,NA,NA,NA,484.1440506,708.780213320578
"3284",2021-07-14 14:18:35,466,301,62.48859,NA,NA,12.11,NA,NA,NA,NA,476.23351615,708.780683699347
"3285",2021-07-14 14:18:40,466,301,62.48852,NA,NA,12.11,NA,NA,NA,NA,476.2338322,708.781154078116
"3286",2021-07-14 14:18:45,466,301,62.48845,NA,NA,12.11,NA,NA,NA,NA,476.23414825,708.781624456885
"3287",2021-07-14 14:18:50,461,301,62.48838,NA,NA,12.11,NA,NA,NA,NA,476.2344643,701.177136736559
"3288",2021-07-14 14:18:55,461,301,62.48831,NA,NA,12.11,NA,NA,NA,NA,476.23478035,701.177602068345
"3289",2021-07-14 14:19:00,461,306,62.48824,NA,NA,12.11,NA,NA,NA,NA,484.1459784,701.178067400132
"3290",2021-07-14 14:19:05,461,306,62.48817,NA,NA,12.11,NA,NA,NA,NA,484.1462997,701.178532731919
"3291",2021-07-14 14:19:10,456,306,62.4881,NA,NA,12.11,NA,NA,NA,NA,484.146621,693.57401977668
"3292",2021-07-14 14:19:15,456,306,62.48803,NA,NA,12.11,NA,NA,NA,NA,484.1469423,693.574480061484
"3293",2021-07-14 14:19:20,456,311,62.48796,NA,NA,12.11,NA,NA,NA,NA,492.0581666,693.574940346288
"3294",2021-07-14 14:19:25,456,316,62.48789,NA,NA,12.11,NA,NA,NA,NA,499.9694014,693.575400631092
"3295",2021-07-14 14:19:30,451,316,62.48782,NA,NA,12.11,NA,NA,NA,NA,499.9697332,685.970862440941
"3296",2021-07-14 14:19:35,451,316,62.48775,NA,NA,12.11,NA,NA,NA,NA,499.970065,685.971317678762
"3297",2021-07-14 14:19:40,451,316,62.48768,NA,NA,12.11,NA,NA,NA,NA,499.9703968,685.971772916584
"3298",2021-07-14 14:19:45,451,316,62.48761,NA,NA,12.11,NA,NA,NA,NA,499.9707286,685.972228154406
"3299",2021-07-14 14:19:50,456,321,62.48754,NA,NA,12.11,NA,NA,NA,NA,507.8819949,693.577702055112
"3300",2021-07-14 14:19:55,456,326,62.48747,NA,NA,12.11,NA,NA,NA,NA,515.7932717,693.578162339916
"3301",2021-07-14 14:20:00,456,326,62.4874,NA,NA,12.11,NA,NA,NA,NA,515.793614,693.57862262472
"3302",2021-07-14 14:20:05,456,326,62.48733,NA,NA,12.11,NA,NA,NA,NA,515.7939563,693.579082909524
"3303",2021-07-14 14:20:10,456,321,62.48726,NA,NA,12.11,NA,NA,NA,NA,507.8833431,693.579543194328
"3304",2021-07-14 14:20:15,456,316,62.48719,NA,NA,12.11,NA,NA,NA,NA,499.9727194,693.580003479132
"3305",2021-07-14 14:20:20,451,311,62.48712,NA,NA,12.11,NA,NA,NA,NA,492.0620852,685.975414819156
"3306",2021-07-14 14:20:25,456,311,62.48705,NA,NA,12.11,NA,NA,NA,NA,492.06241175,693.58092404874
"3307",2021-07-14 14:20:30,456,311,62.48698,NA,NA,12.11,NA,NA,NA,NA,492.0627383,693.581384333544
"3308",2021-07-14 14:20:35,456,306,62.48691,NA,NA,12.11,NA,NA,NA,NA,484.1520831,693.581844618348
"3309",2021-07-14 14:20:40,451,311,62.48684,NA,NA,12.11,NA,NA,NA,NA,492.0633914,685.977235770442
"3310",2021-07-14 14:20:45,451,311,62.48677,NA,NA,12.11,NA,NA,NA,NA,492.06371795,685.977691008263
"3311",2021-07-14 14:20:50,451,316,62.4867,NA,NA,12.11,NA,NA,NA,NA,499.975042,685.978146246085
"3312",2021-07-14 14:20:55,451,311,62.48663,NA,NA,12.11,NA,NA,NA,NA,492.06437105,685.978601483907
"3313",2021-07-14 14:21:00,451,311,62.48656,NA,NA,12.11,NA,NA,NA,NA,492.0646976,685.979056721728
"3314",2021-07-14 14:21:05,456,306,62.48649,NA,NA,12.11,NA,NA,NA,NA,484.1540109,693.584606327172
"3315",2021-07-14 14:21:10,456,311,62.48642,NA,NA,12.11,NA,NA,NA,NA,492.0653507,693.585066611976
"3316",2021-07-14 14:21:15,456,306,62.48635,NA,NA,12.11,NA,NA,NA,NA,484.1546535,693.58552689678
"3317",2021-07-14 14:21:20,451,306,62.48628,NA,NA,12.11,NA,NA,NA,NA,484.1549748,685.980877673014
"3318",2021-07-14 14:21:25,451,301,62.48621,NA,NA,12.11,NA,NA,NA,NA,476.24426185,685.981332910835
"3319",2021-07-14 14:21:30,456,301,62.48614,NA,NA,12.11,NA,NA,NA,NA,476.2445779,693.586907751192
"3320",2021-07-14 14:21:35,456,296,62.48607,NA,NA,12.11,NA,NA,NA,NA,468.3338492,693.587368035996
"3321",2021-07-14 14:21:40,461,296,62.486,NA,NA,12.11,NA,NA,NA,NA,468.33416,701.1929580173
"3322",2021-07-14 14:21:45,466,296,62.48593,NA,NA,12.11,NA,NA,NA,NA,468.3344708,708.798558092569
"3323",2021-07-14 14:21:50,466,296,62.48586,NA,NA,12.11,NA,NA,NA,NA,468.3347816,708.799028471338
"3324",2021-07-14 14:21:55,466,296,62.48579,NA,NA,12.11,NA,NA,NA,NA,468.3350924,708.799498850107
"3325",2021-07-14 14:22:00,466,301,62.48572,NA,NA,12.11,NA,NA,NA,NA,476.2464742,708.799969228876
"3326",2021-07-14 14:22:05,471,301,62.48565,NA,NA,12.11,NA,NA,NA,NA,476.24679025,716.405594539057
"3327",2021-07-14 14:22:10,471,306,62.48558,NA,NA,12.11,NA,NA,NA,NA,484.1581878,716.406069964809
"3328",2021-07-14 14:22:15,471,311,62.48551,NA,NA,12.11,NA,NA,NA,NA,492.06959585,716.40654539056
"3329",2021-07-14 14:22:20,471,311,62.48544,NA,NA,12.11,NA,NA,NA,NA,492.0699224,716.407020816312
"3330",2021-07-14 14:22:25,471,311,62.48537,NA,NA,12.11,NA,NA,NA,NA,492.07024895,716.407496242064
"3331",2021-07-14 14:22:30,466,306,62.4853,NA,NA,12.11,NA,NA,NA,NA,484.159473,708.80279150149
"3332",2021-07-14 14:22:35,466,311,62.48523,NA,NA,12.11,NA,NA,NA,NA,492.07090205,708.803261880259
"3333",2021-07-14 14:22:40,461,321,62.48516,NA,NA,12.11,NA,NA,NA,NA,507.8934546,701.198541998738
"3334",2021-07-14 14:22:45,461,331,62.48509,NA,NA,12.11,NA,NA,NA,NA,523.71602815,701.199007330525
"3335",2021-07-14 14:22:50,461,336,62.48502,NA,NA,12.11,NA,NA,NA,NA,531.6274992,701.199472662311
"3336",2021-07-14 14:22:55,461,336,62.48495,NA,NA,12.11,NA,NA,NA,NA,531.627852,701.199937994098
"3337",2021-07-14 14:23:00,461,341,62.48488,NA,NA,12.11,NA,NA,NA,NA,539.5393388,701.200403325884
"3338",2021-07-14 14:23:05,466,346,62.48481,NA,NA,12.11,NA,NA,NA,NA,547.4508361,708.806084152873
"3339",2021-07-14 14:23:10,476,351,62.48474,NA,NA,12.11,NA,NA,NA,NA,555.3623439,724.016995616012
"3340",2021-07-14 14:23:15,486,351,62.48467,NA,NA,12.11,NA,NA,NA,NA,555.36271245,739.227927267081
"3341",2021-07-14 14:23:20,491,356,62.4846,NA,NA,12.11,NA,NA,NA,NA,563.274236,746.83364846993
"3342",2021-07-14 14:23:25,501,366,62.48453,NA,NA,12.11,NA,NA,NA,NA,579.0969303,762.044615449877
"3343",2021-07-14 14:23:30,511,371,62.48446,NA,NA,12.11,NA,NA,NA,NA,587.0084801,777.255602617753
"3344",2021-07-14 14:23:35,521,371,62.48439,NA,NA,12.11,NA,NA,NA,NA,587.00886965,792.46660997356
"3345",2021-07-14 14:23:40,526,381,62.48432,NA,NA,12.11,NA,NA,NA,NA,602.8316112,800.072386693216
"3346",2021-07-14 14:23:45,536,381,62.48425,NA,NA,12.11,NA,NA,NA,NA,602.83201125,815.2834293779
"3347",2021-07-14 14:23:50,536,391,62.48418,NA,NA,12.11,NA,NA,NA,NA,618.6547843,815.283970414424
"3348",2021-07-14 14:23:55,536,401,62.48411,NA,NA,12.11,NA,NA,NA,NA,634.47757835,815.284511450948
"3349",2021-07-14 14:24:00,536,416,62.48404,NA,NA,12.11,NA,NA,NA,NA,658.2115904,815.285052487472
"3350",2021-07-14 14:24:05,541,431,62.48397,NA,NA,12.11,NA,NA,NA,NA,681.94563395,822.890869582989
"3351",2021-07-14 14:24:10,546,446,62.4839,NA,NA,12.11,NA,NA,NA,NA,705.679709,830.49669677247
"3352",2021-07-14 14:24:15,546,461,62.48383,NA,NA,12.11,NA,NA,NA,NA,729.41381555,830.497247902959
"3353",2021-07-14 14:24:20,551,481,62.48376,NA,NA,12.11,NA,NA,NA,NA,761.0591716,838.103090233388
"3354",2021-07-14 14:24:25,556,501,62.48369,NA,NA,12.11,NA,NA,NA,NA,792.70456965,845.708942657782
"3355",2021-07-14 14:24:30,566,516,62.48362,NA,NA,12.11,NA,NA,NA,NA,816.4387812,860.920106470046
"3356",2021-07-14 14:24:35,576,536,62.48355,NA,NA,12.11,NA,NA,NA,NA,848.084258,876.13129047024
"3357",2021-07-14 14:24:40,581,551,62.48348,NA,NA,12.11,NA,NA,NA,NA,871.8185378,883.737183270494
"3358",2021-07-14 14:24:45,591,571,62.48341,NA,NA,12.11,NA,NA,NA,NA,903.46409335,898.948402599565
"3359",2021-07-14 14:24:50,596,591,62.48334,NA,NA,12.11,NA,NA,NA,NA,935.1096909,906.554320634732
"3360",2021-07-14 14:24:55,606,611,62.48327,NA,NA,12.11,NA,NA,NA,NA,966.75533045,921.765575292681
"3361",2021-07-14 14:25:00,611,626,62.4832,NA,NA,12.11,NA,NA,NA,NA,990.489752,929.37151856276
"3362",2021-07-14 14:25:05,621,641,62.48313,NA,NA,12.11,NA,NA,NA,NA,1014.22420505,944.582808549587
"3363",2021-07-14 14:25:10,631,651,62.48306,NA,NA,12.11,NA,NA,NA,NA,1030.0474191,959.794118724343
"3364",2021-07-14 14:25:15,637,671,62.48299,NA,NA,12.11,NA,NA,NA,NA,1061.69320565,968.921171713631
"3365",2021-07-14 14:25:20,647,681,62.48292,NA,NA,12.11,NA,NA,NA,NA,1077.5164722,984.132518226662
"3366",2021-07-14 14:25:25,657,681,62.48285,NA,NA,12.11,NA,NA,NA,NA,1077.51718725,999.343884927623
"3367",2021-07-14 14:25:30,667,676,62.48278,NA,NA,12.11,NA,NA,NA,NA,1069.6066108,1014.55527181651
"3368",2021-07-14 14:25:35,672,681,62.48271,NA,NA,12.11,NA,NA,NA,NA,1077.51861735,1022.16131198866
"3369",2021-07-14 14:25:40,682,691,62.48264,NA,NA,12.11,NA,NA,NA,NA,1093.3419364,1037.37273420642
"3370",2021-07-14 14:25:45,692,696,62.48257,NA,NA,12.11,NA,NA,NA,NA,1101.2539692,1052.58417661212
"3371",2021-07-14 14:25:50,702,696,62.4825,NA,NA,12.11,NA,NA,NA,NA,1101.2547,1067.79563920575
"3372",2021-07-14 14:25:55,712,701,62.48243,NA,NA,12.11,NA,NA,NA,NA,1109.16674855,1083.00712198731
"3373",2021-07-14 14:26:00,722,711,62.48236,NA,NA,12.11,NA,NA,NA,NA,1124.9901306,1098.2186249568
"3374",2021-07-14 14:26:05,732,716,62.48229,NA,NA,12.11,NA,NA,NA,NA,1132.9022054,1113.43014811421
"3375",2021-07-14 14:26:10,737,722,62.48222,NA,NA,12.11,NA,NA,NA,NA,1142.3965574,1121.03628922601
"3376",2021-07-14 14:26:15,747,732,62.48215,NA,NA,12.11,NA,NA,NA,NA,1158.219993,1136.2478477123
"3377",2021-07-14 14:26:20,752,737,62.48208,NA,NA,12.11,NA,NA,NA,NA,1166.1321056,1143.85401405901
"3378",2021-07-14 14:26:25,767,747,62.48201,NA,NA,12.11,NA,NA,NA,NA,1181.95557795,1166.67102524868
"3379",2021-07-14 14:26:30,767,757,62.48194,NA,NA,12.11,NA,NA,NA,NA,1197.7790713,1166.6717994558
"3380",2021-07-14 14:26:35,777,762,62.48187,NA,NA,12.11,NA,NA,NA,NA,1205.6912259,1181.88342859985
"3381",2021-07-14 14:26:40,777,762,62.4818,NA,NA,12.11,NA,NA,NA,NA,1205.692026,1181.88421290093
"3382",2021-07-14 14:26:45,782,772,62.48173,NA,NA,12.11,NA,NA,NA,NA,1221.5155666,1189.49043476444
"3383",2021-07-14 14:26:50,787,782,62.48166,NA,NA,12.11,NA,NA,NA,NA,1237.3391282,1197.09666672192
"3384",2021-07-14 14:26:55,792,792,62.48159,NA,NA,12.11,NA,NA,NA,NA,1253.1627108,1204.70290877336
"3385",2021-07-14 14:27:00,797,802,62.48152,NA,NA,12.11,NA,NA,NA,NA,1268.9863144,1212.30916091877
"3386",2021-07-14 14:27:05,802,802,62.48145,NA,NA,12.11,NA,NA,NA,NA,1268.9871565,1219.91542315814
"3387",2021-07-14 14:27:10,802,802,62.48138,NA,NA,12.11,NA,NA,NA,NA,1268.9879986,1219.91623269414
"3388",2021-07-14 14:27:15,797,807,62.48131,NA,NA,12.11,NA,NA,NA,NA,1276.90024245,1212.3115743858
"3389",2021-07-14 14:27:20,802,807,62.48124,NA,NA,12.11,NA,NA,NA,NA,1276.9010898,1219.91785176612
"3390",2021-07-14 14:27:25,807,807,62.48117,NA,NA,12.11,NA,NA,NA,NA,1276.90193715,1227.52413924041
"3391",2021-07-14 14:27:30,807,802,62.4811,NA,NA,12.11,NA,NA,NA,NA,1268.991367,1227.52495382338
"3392",2021-07-14 14:27:35,812,792,62.48103,NA,NA,12.11,NA,NA,NA,NA,1253.1693636,1235.13125643862
"3393",2021-07-14 14:27:40,817,787,62.48096,NA,NA,12.11,NA,NA,NA,NA,1245.2587672,1242.73756914782
"3394",2021-07-14 14:27:45,822,792,62.48089,NA,NA,12.11,NA,NA,NA,NA,1253.1710268,1250.34389195098
"3395",2021-07-14 14:27:50,822,792,62.48082,NA,NA,12.11,NA,NA,NA,NA,1253.1718584,1250.3447216749
"3396",2021-07-14 14:27:55,827,797,62.48075,NA,NA,12.11,NA,NA,NA,NA,1261.08413375,1257.95105961901
"3397",2021-07-14 14:28:00,827,792,62.48068,NA,NA,12.11,NA,NA,NA,NA,1253.1735216,1257.95189438992
"3398",2021-07-14 14:28:05,832,782,62.48061,NA,NA,12.11,NA,NA,NA,NA,1237.3514447,1265.55824747498
"3399",2021-07-14 14:28:10,837,782,62.48054,NA,NA,12.11,NA,NA,NA,NA,1237.3522658,1273.164610654
"3400",2021-07-14 14:28:15,837,792,62.48047,NA,NA,12.11,NA,NA,NA,NA,1253.1760164,1273.16545551887
"3401",2021-07-14 14:28:20,832,817,62.4804,NA,NA,12.11,NA,NA,NA,NA,1292.734198,1265.56076692864
"3402",2021-07-14 14:28:25,832,837,62.48033,NA,NA,12.11,NA,NA,NA,NA,1324.38095685,1265.56160674653
"3403",2021-07-14 14:28:30,837,842,62.48026,NA,NA,12.11,NA,NA,NA,NA,1332.2933162,1273.16799011348
"3404",2021-07-14 14:28:35,842,832,62.48019,NA,NA,12.11,NA,NA,NA,NA,1316.4712288,1280.7743835744
"3405",2021-07-14 14:28:40,842,812,62.48012,NA,NA,12.11,NA,NA,NA,NA,1284.8261384,1280.77523348625
"3406",2021-07-14 14:28:45,847,787,62.48005,NA,NA,12.11,NA,NA,NA,NA,1245.26950975,1288.38164208812
"3407",2021-07-14 14:28:50,852,767,62.47998,NA,NA,12.11,NA,NA,NA,NA,1213.6243301,1295.98806078395
"3408",2021-07-14 14:28:55,852,747,62.47991,NA,NA,12.11,NA,NA,NA,NA,1181.97910845,1295.98892078977
"3409",2021-07-14 14:29:00,852,727,62.47984,NA,NA,12.11,NA,NA,NA,NA,1150.3338448,1295.98978079558
"3410",2021-07-14 14:29:05,852,701,62.47977,NA,NA,12.11,NA,NA,NA,NA,1109.19471845,1295.9906408014
"3411",2021-07-14 14:29:10,852,671,62.4797,NA,NA,12.11,NA,NA,NA,NA,1061.7263195,1295.99150080722
"3412",2021-07-14 14:29:15,847,646,62.47963,NA,NA,12.11,NA,NA,NA,NA,1022.1693853,1288.38677184113
"3413",2021-07-14 14:29:20,847,616,62.47956,NA,NA,12.11,NA,NA,NA,NA,974.7008656,1288.38762679997
"3414",2021-07-14 14:29:25,847,596,62.47949,NA,NA,12.11,NA,NA,NA,NA,943.0553594,1288.3884817588
"3415",2021-07-14 14:29:30,847,576,62.47942,NA,NA,12.11,NA,NA,NA,NA,911.4098112,1288.38933671764
"3416",2021-07-14 14:29:35,847,561,62.47935,NA,NA,12.11,NA,NA,NA,NA,887.67576975,1288.39019167647
"3417",2021-07-14 14:29:40,847,541,62.47928,NA,NA,12.11,NA,NA,NA,NA,856.0301428,1288.39104663531
"3418",2021-07-14 14:29:45,847,526,62.47921,NA,NA,12.11,NA,NA,NA,NA,832.2960331,1288.39190159414
"3419",2021-07-14 14:29:50,842,511,62.47914,NA,NA,12.11,NA,NA,NA,NA,808.5618919,1280.78713225219
"3420",2021-07-14 14:29:55,842,501,62.47907,NA,NA,12.11,NA,NA,NA,NA,792.73928895,1280.78798216405
"3421",2021-07-14 14:30:00,832,491,62.479,6.909,64.076,12.11,"Stn02",64.076,0.162849284,0.021727659,776.916665,1265.5775632864
"3422",2021-07-14 14:30:05,832,481,62.4789044444444,NA,NA,12.1089222222222,NA,NA,NA,NA,761.094204433333,1265.57445306229
"3423",2021-07-14 14:30:10,827,471,62.4788088888889,NA,NA,12.1078444444444,NA,NA,NA,NA,745.2717152,1257.96574581826
"3424",2021-07-14 14:30:15,827,461,62.4787133333333,NA,NA,12.1067666666667,NA,NA,NA,NA,729.4491973,1257.96265427007
"3425",2021-07-14 14:30:20,822,446,62.4786177777778,NA,NA,12.1056888888889,NA,NA,NA,NA,705.715047066667,1250.35400308474
"3426",2021-07-14 14:30:25,817,436,62.4785222222222,NA,NA,12.1046111111111,NA,NA,NA,NA,689.892464666667,1242.74538927462
"3427",2021-07-14 14:30:30,812,431,62.4784266666667,NA,NA,12.1035333333333,NA,NA,NA,NA,681.9814716,1235.13681283985
"3428",2021-07-14 14:30:35,807,421,62.4783311111111,NA,NA,12.1024555555556,NA,NA,NA,NA,666.158839033333,1227.52827378056
"3429",2021-07-14 14:30:40,802,406,62.4782355555556,NA,NA,12.1013777777778,NA,NA,NA,NA,642.424545466667,1219.9197720969
"3430",2021-07-14 14:30:45,797,401,62.47814,NA,NA,12.1003,NA,NA,NA,NA,634.5134879,1212.31130778899
"3431",2021-07-14 14:30:50,797,396,62.4780444444444,NA,NA,12.0992222222222,NA,NA,NA,NA,626.602416,1212.30832833715
"3432",2021-07-14 14:30:55,792,396,62.4779488888889,NA,NA,12.0981444444444,NA,NA,NA,NA,626.6029836,1204.69992008948
"3433",2021-07-14 14:31:00,787,396,62.4778533333333,NA,NA,12.0970666666667,NA,NA,NA,NA,626.6035512,1197.09154921794
"3434",2021-07-14 14:31:05,787,391,62.4777577777778,NA,NA,12.0959888888889,NA,NA,NA,NA,618.692450633333,1197.08860712754
"3435",2021-07-14 14:31:10,782,386,62.4776622222222,NA,NA,12.0949111111111,NA,NA,NA,NA,610.781335733333,1189.48029231684
"3436",2021-07-14 14:31:15,772,381,62.4775666666667,NA,NA,12.0938333333333,NA,NA,NA,NA,602.8702065,1174.26666086151
"3437",2021-07-14 14:31:20,767,371,62.4774711111111,NA,NA,12.0927555555556,NA,NA,NA,NA,587.047373266667,1166.65843949589
"3438",2021-07-14 14:31:25,762,366,62.4773755555556,NA,NA,12.0916777777778,NA,NA,NA,NA,579.1362082,1159.0502555071
"3439",2021-07-14 14:31:30,757,366,62.47728,NA,NA,12.0906,NA,NA,NA,NA,579.1367328,1151.44210889529
"3440",2021-07-14 14:31:35,752,366,62.4771844444444,NA,NA,12.0895222222222,NA,NA,NA,NA,579.1372574,1143.83399966057
"3441",2021-07-14 14:31:40,747,361,62.4770888888889,NA,NA,12.0884444444444,NA,NA,NA,NA,571.226063666667,1136.22592780311
"3442",2021-07-14 14:31:45,742,356,62.4769933333333,NA,NA,12.0873666666667,NA,NA,NA,NA,563.3148556,1128.61789332303
"3443",2021-07-14 14:31:50,737,351,62.4768977777778,NA,NA,12.0862888888889,NA,NA,NA,NA,555.4036332,1121.00989622047
"3444",2021-07-14 14:31:55,732,351,62.4768022222222,NA,NA,12.0852111111111,NA,NA,NA,NA,555.4041363,1113.40193649558
"3445",2021-07-14 14:32:00,727,351,62.4767066666667,NA,NA,12.0841333333333,NA,NA,NA,NA,555.4046394,1105.79401414848
"3446",2021-07-14 14:32:05,722,356,62.4766111111111,NA,NA,12.0830555555556,NA,NA,NA,NA,563.316896666667,1098.18612917933
"3447",2021-07-14 14:32:10,717,356,62.4765155555556,NA,NA,12.0819777777778,NA,NA,NA,NA,563.317406933333,1090.57828158826
"3448",2021-07-14 14:32:15,712,356,62.47642,NA,NA,12.0809,NA,NA,NA,NA,563.3179172,1082.97047137541
"3449",2021-07-14 14:32:20,707,351,62.4763244444444,NA,NA,12.0798222222222,NA,NA,NA,NA,555.4066518,1075.36269854092
"3450",2021-07-14 14:32:25,702,351,62.4762288888889,NA,NA,12.0787444444444,NA,NA,NA,NA,555.4071549,1067.75496308492
"3451",2021-07-14 14:32:30,702,346,62.4761333333333,NA,NA,12.0776666666667,NA,NA,NA,NA,547.495868,1067.75233864463
"3452",2021-07-14 14:32:35,692,346,62.4760377777778,NA,NA,12.0765888888889,NA,NA,NA,NA,547.496363933333,1052.53960430897
"3453",2021-07-14 14:32:40,692,346,62.4759422222222,NA,NA,12.0755111111111,NA,NA,NA,NA,547.496859866667,1052.53701724104
"3454",2021-07-14 14:32:45,687,351,62.4758466666667,NA,NA,12.0744333333333,NA,NA,NA,NA,555.4091673,1044.92941260769
"3455",2021-07-14 14:32:50,687,356,62.4757511111111,NA,NA,12.0733555555556,NA,NA,NA,NA,563.321489066667,1044.92684421972
"3456",2021-07-14 14:32:55,682,356,62.4756555555556,NA,NA,12.0722777777778,NA,NA,NA,NA,563.321999333333,1037.31929565197
"3457",2021-07-14 14:33:00,677,351,62.47556,NA,NA,12.0712,NA,NA,NA,NA,555.4106766,1029.7117844636
"3458",2021-07-14 14:33:05,677,351,62.4754644444444,NA,NA,12.0701222222222,NA,NA,NA,NA,555.4111797,1029.70925344236
"3459",2021-07-14 14:33:10,672,351,62.4753688888889,NA,NA,12.0690444444444,NA,NA,NA,NA,555.4116828,1022.1017983202
"3460",2021-07-14 14:33:15,672,351,62.4752733333333,NA,NA,12.0679666666667,NA,NA,NA,NA,555.4121859,1022.09928597941
"3461",2021-07-14 14:33:20,672,346,62.4751777777778,NA,NA,12.0668888888889,NA,NA,NA,NA,547.500827333333,1022.09677363241
"3462",2021-07-14 14:33:25,667,341,62.4750822222222,NA,NA,12.0658111111111,NA,NA,NA,NA,539.589454433333,1014.4893932637
"3463",2021-07-14 14:33:30,662,336,62.4749866666667,NA,NA,12.0647333333333,NA,NA,NA,NA,531.6780672,1006.88205027506
"3464",2021-07-14 14:33:35,657,336,62.4748911111111,NA,NA,12.0636555555556,NA,NA,NA,NA,531.6785488,999.274744666639
"3465",2021-07-14 14:33:40,652,336,62.4747955555556,NA,NA,12.0625777777778,NA,NA,NA,NA,531.6790304,991.667476438567
"3466",2021-07-14 14:33:45,647,336,62.4747,NA,NA,12.0615,NA,NA,NA,NA,531.679512,984.060245590984
"3467",2021-07-14 14:33:50,647,331,62.4746044444444,NA,NA,12.0604222222222,NA,NA,NA,NA,523.768088933333,984.057826673284
"3468",2021-07-14 14:33:55,642,331,62.4745088888889,NA,NA,12.0593444444444,NA,NA,NA,NA,523.768563366667,976.450651893716
"3469",2021-07-14 14:34:00,637,331,62.4744133333333,NA,NA,12.0582666666667,NA,NA,NA,NA,523.7690378,968.843514495009
"3470",2021-07-14 14:34:05,637,331,62.4743177777778,NA,NA,12.0571888888889,NA,NA,NA,NA,523.769512233333,968.841132946268
"3471",2021-07-14 14:34:10,637,336,62.4742222222222,NA,NA,12.0561111111111,NA,NA,NA,NA,531.68192,968.838751391622
"3472",2021-07-14 14:34:15,637,341,62.4741266666667,NA,NA,12.0550333333333,NA,NA,NA,NA,539.5943421,968.836369831073
"3473",2021-07-14 14:34:20,631,336,62.4740311111111,NA,NA,12.0539555555556,NA,NA,NA,NA,531.6828832,959.708393398704
"3474",2021-07-14 14:34:25,631,336,62.4739355555556,NA,NA,12.0528777777778,NA,NA,NA,NA,531.6833648,959.706034258738
"3475",2021-07-14 14:34:30,631,331,62.47384,NA,NA,12.0518,NA,NA,NA,NA,523.7718844,959.703675112924
"3476",2021-07-14 14:34:35,631,326,62.4737444444444,NA,NA,12.0507222222222,NA,NA,NA,NA,515.860389666667,959.701315961261
"3477",2021-07-14 14:34:40,626,326,62.4736488888889,NA,NA,12.0496444444444,NA,NA,NA,NA,515.860856933333,952.094369190407
"3478",2021-07-14 14:34:45,626,321,62.4735533333333,NA,NA,12.0485666666667,NA,NA,NA,NA,507.9493407,952.092028720893
"3479",2021-07-14 14:34:50,621,316,62.4734577777778,NA,NA,12.0474888888889,NA,NA,NA,NA,500.037810133333,944.485138019973
"3480",2021-07-14 14:34:55,616,316,62.4733622222222,NA,NA,12.0464111111111,NA,NA,NA,NA,500.038263066667,936.878284701127
"3481",2021-07-14 14:35:00,611,321,62.4732666666667,NA,NA,12.0453333333333,NA,NA,NA,NA,507.950721,929.271468764496
"3482",2021-07-14 14:35:05,611,321,62.4731711111111,NA,NA,12.0442555555556,NA,NA,NA,NA,507.9511811,929.269184353866
"3483",2021-07-14 14:35:10,606,321,62.4730755555556,NA,NA,12.0431777777778,NA,NA,NA,NA,507.9516412,921.662424488002
"3484",2021-07-14 14:35:15,601,321,62.47298,NA,NA,12.0421,NA,NA,NA,NA,507.9521013,914.055702004723
"3485",2021-07-14 14:35:20,601,316,62.4728844444444,NA,NA,12.0410222222222,NA,NA,NA,NA,500.040527733333,914.053454965445
"3486",2021-07-14 14:35:25,601,316,62.4727888888889,NA,NA,12.0399444444444,NA,NA,NA,NA,500.040980666667,914.051207920595
"3487",2021-07-14 14:35:30,596,321,62.4726933333333,NA,NA,12.0388666666667,NA,NA,NA,NA,507.9534816,906.444560197379
"3488",2021-07-14 14:35:35,596,316,62.4725977777778,NA,NA,12.0377888888889,NA,NA,NA,NA,500.041886533333,906.442331835697
"3489",2021-07-14 14:35:40,596,311,62.4725022222222,NA,NA,12.0367111111111,NA,NA,NA,NA,492.130277133333,906.440103468492
"3490",2021-07-14 14:35:45,596,316,62.4724066666667,NA,NA,12.0356333333333,NA,NA,NA,NA,500.0427924,906.437875095762
"3491",2021-07-14 14:35:50,591,321,62.4723111111111,NA,NA,12.0345555555556,NA,NA,NA,NA,507.955322,898.831320822227
"3492",2021-07-14 14:35:55,591,326,62.4722155555556,NA,NA,12.0334777777778,NA,NA,NA,NA,515.867865933333,898.829111132944
"3493",2021-07-14 14:36:00,591,326,62.47212,NA,NA,12.0324,NA,NA,NA,NA,515.8683332,898.826901438183
"3494",2021-07-14 14:36:05,591,326,62.4720244444444,NA,NA,12.0313222222222,NA,NA,NA,NA,515.868800466667,898.824691737943
"3495",2021-07-14 14:36:10,596,326,62.4719288888889,NA,NA,12.0302444444444,NA,NA,NA,NA,515.869267733333,906.42673314925
"3496",2021-07-14 14:36:15,591,331,62.4718333333333,NA,NA,12.0291666666667,NA,NA,NA,NA,523.7818475,898.820272321031
"3497",2021-07-14 14:36:20,591,331,62.4717377777778,NA,NA,12.0280888888889,NA,NA,NA,NA,523.782321933333,898.818062604358
"3498",2021-07-14 14:36:25,591,331,62.4716422222222,NA,NA,12.0270111111111,NA,NA,NA,NA,523.782796366667,898.815852882207
"3499",2021-07-14 14:36:30,591,326,62.4715466666667,NA,NA,12.0259333333333,NA,NA,NA,NA,515.8711368,898.813643154579
"3500",2021-07-14 14:36:35,586,326,62.4714511111111,NA,NA,12.0248555555556,NA,NA,NA,NA,515.871604066667,891.207275778312
"3501",2021-07-14 14:36:40,586,326,62.4713555555556,NA,NA,12.0237777777778,NA,NA,NA,NA,515.872071333333,891.20508473464
"3502",2021-07-14 14:36:45,581,326,62.47126,NA,NA,12.0227,NA,NA,NA,NA,515.8725386,883.598773432246
"3503",2021-07-14 14:36:50,576,316,62.4711644444444,NA,NA,12.0216222222222,NA,NA,NA,NA,500.048680533333,875.992499514429
"3504",2021-07-14 14:36:55,571,311,62.4710688888889,NA,NA,12.0205444444444,NA,NA,NA,NA,492.136963633333,868.38626298133
"3505",2021-07-14 14:37:00,566,311,62.4709733333333,NA,NA,12.0194666666667,NA,NA,NA,NA,492.1374094,860.780063833086
"3506",2021-07-14 14:37:05,566,306,62.4708777777778,NA,NA,12.0183888888889,NA,NA,NA,NA,484.225671,860.77794754283
"3507",2021-07-14 14:37:10,561,311,62.4707822222222,NA,NA,12.0173111111111,NA,NA,NA,NA,492.138300933333,853.171804469524
"3508",2021-07-14 14:37:15,556,306,62.4706866666667,NA,NA,12.0162333333333,NA,NA,NA,NA,484.2265482,845.565698781445
"3509",2021-07-14 14:37:20,551,306,62.4705911111111,NA,NA,12.0151555555556,NA,NA,NA,NA,484.2269868,837.959630478731
"3510",2021-07-14 14:37:25,546,306,62.4704955555556,NA,NA,12.0140777777778,NA,NA,NA,NA,484.2274254,830.353599561522
"3511",2021-07-14 14:37:30,546,301,62.4704,NA,NA,12.013,NA,NA,NA,NA,476.315644,830.351558026536
"3512",2021-07-14 14:37:35,546,306,62.4703044444444,NA,NA,12.0119222222222,NA,NA,NA,NA,484.2283026,830.349516486489
"3513",2021-07-14 14:37:40,546,311,62.4702088888889,NA,NA,12.0108444444444,NA,NA,NA,NA,492.140975533333,830.347474941382
"3514",2021-07-14 14:37:45,551,311,62.4701133333333,NA,NA,12.0097666666667,NA,NA,NA,NA,492.1414213,837.94932930139
"3515",2021-07-14 14:37:50,551,301,62.4700177777778,NA,NA,12.0086888888889,NA,NA,NA,NA,476.317369733333,837.9472690506
"3516",2021-07-14 14:37:55,551,296,62.4699222222222,NA,NA,12.0076111111111,NA,NA,NA,NA,468.405545333333,837.945208794703
"3517",2021-07-14 14:38:00,551,286,62.4698266666667,NA,NA,12.0065333333333,NA,NA,NA,NA,452.5814436,837.943148533699
"3518",2021-07-14 14:38:05,546,286,62.4697311111111,NA,NA,12.0054555555556,NA,NA,NA,NA,452.581853533333,830.337267139933
"3519",2021-07-14 14:38:10,541,286,62.4696355555556,NA,NA,12.0043777777778,NA,NA,NA,NA,452.582263466667,822.731423132551
"3520",2021-07-14 14:38:15,541,291,62.46954,NA,NA,12.0033,NA,NA,NA,NA,460.4949579,822.729400247811
"3521",2021-07-14 14:38:20,541,291,62.4694444444444,NA,NA,12.0022222222222,NA,NA,NA,NA,460.495375,822.727377358056
"3522",2021-07-14 14:38:25,536,291,62.4693488888889,NA,NA,12.0011444444444,NA,NA,NA,NA,460.4957921,815.121608118893
"3523",2021-07-14 14:38:30,531,296,62.4692533333333,NA,NA,12.0000666666667,NA,NA,NA,NA,468.4085152,807.515876266579
"3524",2021-07-14 14:38:35,531,301,62.4691577777778,NA,NA,11.9989888888889,NA,NA,NA,NA,476.321252633333,807.513890753737
"3525",2021-07-14 14:38:40,531,301,62.4690622222222,NA,NA,11.9979111111111,NA,NA,NA,NA,476.321684066667,807.511905235972
"3526",2021-07-14 14:38:45,526,306,62.4689666666667,NA,NA,11.9968333333333,NA,NA,NA,NA,484.234443,799.906248152897
"3527",2021-07-14 14:38:50,526,311,62.4688711111111,NA,NA,11.9957555555556,NA,NA,NA,NA,492.147216266667,799.904281321405
"3528",2021-07-14 14:38:55,526,316,62.4687755555556,NA,NA,11.9946777777778,NA,NA,NA,NA,500.060003866667,799.902314485038
"3529",2021-07-14 14:39:00,526,316,62.46868,NA,NA,11.9936,NA,NA,NA,NA,500.0604568,799.900347643796
"3530",2021-07-14 14:39:05,526,311,62.4685844444444,NA,NA,11.9925222222222,NA,NA,NA,NA,492.148553566667,799.898380797678
"3531",2021-07-14 14:39:10,526,311,62.4684888888889,NA,NA,11.9914444444444,NA,NA,NA,NA,492.148999333333,799.896413946685
"3532",2021-07-14 14:39:15,526,311,62.4683933333333,NA,NA,11.9903666666667,NA,NA,NA,NA,492.1494451,799.894447090816
"3533",2021-07-14 14:39:20,526,311,62.4682977777778,NA,NA,11.9892888888889,NA,NA,NA,NA,492.149890866667,799.892480230072
"3534",2021-07-14 14:39:25,526,321,62.4682022222222,NA,NA,11.9882111111111,NA,NA,NA,NA,507.9751063,799.890513364453
"3535",2021-07-14 14:39:30,526,326,62.4681066666667,NA,NA,11.9871333333333,NA,NA,NA,NA,515.8879584,799.888546493958
"3536",2021-07-14 14:39:35,531,326,62.4680111111111,NA,NA,11.9860555555556,NA,NA,NA,NA,515.888425666667,807.490064215722
"3537",2021-07-14 14:39:40,536,331,62.4679155555555,NA,NA,11.9849777777778,NA,NA,NA,NA,523.801299266667,815.091544539451
"3538",2021-07-14 14:39:45,531,336,62.46782,NA,NA,11.9839,NA,NA,NA,NA,531.7141872,807.486093057148
"3539",2021-07-14 14:39:50,536,341,62.4677244444444,NA,NA,11.9828222222222,NA,NA,NA,NA,539.627089466667,815.087535977734
"3540",2021-07-14 14:39:55,531,346,62.4676288888889,NA,NA,11.9817444444444,NA,NA,NA,NA,547.540006066667,807.482121878887
"3541",2021-07-14 14:40:00,536,341,62.4675333333333,NA,NA,11.9806666666667,NA,NA,NA,NA,539.628067,815.083527396144
"3542",2021-07-14 14:40:05,536,341,62.4674377777778,NA,NA,11.9795888888889,NA,NA,NA,NA,539.628555766667,815.081523097897
"3543",2021-07-14 14:40:10,531,341,62.4673422222222,NA,NA,11.9785111111111,NA,NA,NA,NA,539.629044533333,807.476165074582
"3544",2021-07-14 14:40:15,531,346,62.4672466666667,NA,NA,11.9774333333333,NA,NA,NA,NA,547.5419898,807.474179463304
"3545",2021-07-14 14:40:20,531,351,62.4671511111111,NA,NA,11.9763555555556,NA,NA,NA,NA,555.4549494,807.472193847103
"3546",2021-07-14 14:40:25,536,356,62.4670555555556,NA,NA,11.9752777777778,NA,NA,NA,NA,563.367923333333,815.073505855228
"3547",2021-07-14 14:40:30,536,361,62.46696,NA,NA,11.9742,NA,NA,NA,NA,571.2809116,815.07150153214
"3548",2021-07-14 14:40:35,541,366,62.4668644444444,NA,NA,11.9731222222222,NA,NA,NA,NA,579.1939142,822.672757439197
"3549",2021-07-14 14:40:40,541,361,62.4667688888889,NA,NA,11.9720444444444,NA,NA,NA,NA,571.281946466667,822.670734409037
"3550",2021-07-14 14:40:45,541,366,62.4666733333333,NA,NA,11.9709666666667,NA,NA,NA,NA,579.1949634,822.668711373862
"3551",2021-07-14 14:40:50,536,386,62.4665777777778,NA,NA,11.9698888888889,NA,NA,NA,NA,610.845514666667,815.063484190109
"3552",2021-07-14 14:40:55,541,396,62.4664822222222,NA,NA,11.9688111111111,NA,NA,NA,NA,626.6710956,822.664665288469
"3553",2021-07-14 14:41:00,541,406,62.4663866666667,NA,NA,11.9677333333333,NA,NA,NA,NA,642.4967052,822.662642238251
"3554",2021-07-14 14:41:05,546,391,62.4662911111111,NA,NA,11.9666555555556,NA,NA,NA,NA,618.759702633333,830.263767234617
"3555",2021-07-14 14:41:10,546,381,62.4661955555556,NA,NA,11.9655777777778,NA,NA,NA,NA,602.9351924,830.261725476956
"3556",2021-07-14 14:41:15,546,371,62.4661,NA,NA,11.9645,NA,NA,NA,NA,587.1106535,830.259683714234
"3557",2021-07-14 14:41:20,551,366,62.4660044444444,NA,NA,11.9634222222222,NA,NA,NA,NA,579.1986356,837.860733905667
"3558",2021-07-14 14:41:25,551,356,62.4659088888889,NA,NA,11.9623444444444,NA,NA,NA,NA,563.374046533333,837.858673435269
"3559",2021-07-14 14:41:30,551,351,62.4658133333333,NA,NA,11.9612666666667,NA,NA,NA,NA,555.4619928,837.856612959765
"3560",2021-07-14 14:41:35,551,346,62.4657177777778,NA,NA,11.9601888888889,NA,NA,NA,NA,547.549924733333,837.854552479153
"3561",2021-07-14 14:41:40,551,346,62.4656222222222,NA,NA,11.9591111111111,NA,NA,NA,NA,547.550420666667,837.852491993434
"3562",2021-07-14 14:41:45,546,346,62.4655266666667,NA,NA,11.9580333333333,NA,NA,NA,NA,547.5509166,830.247433031622
"3563",2021-07-14 14:41:50,551,346,62.4654311111111,NA,NA,11.9569555555556,NA,NA,NA,NA,547.551412533333,837.848371006674
"3564",2021-07-14 14:41:55,551,341,62.4653355555556,NA,NA,11.9558777777778,NA,NA,NA,NA,539.639308633333,837.846310505634
"3565",2021-07-14 14:42:00,546,341,62.46524,NA,NA,11.9548,NA,NA,NA,NA,539.6397974,830.241307621995
"3566",2021-07-14 14:42:05,546,341,62.4651444444444,NA,NA,11.9537222222222,NA,NA,NA,NA,539.640286166667,830.239265808665
"3567",2021-07-14 14:42:10,546,341,62.4650488888889,NA,NA,11.9526444444444,NA,NA,NA,NA,539.640774933333,830.237223990274
"3568",2021-07-14 14:42:15,541,341,62.4649533333333,NA,NA,11.9515666666667,NA,NA,NA,NA,539.6412637,822.632295883242
"3569",2021-07-14 14:42:20,541,346,62.4648577777778,NA,NA,11.9504888888889,NA,NA,NA,NA,547.554388133333,822.630272752793
"3570",2021-07-14 14:42:25,541,346,62.4647622222222,NA,NA,11.9494111111111,NA,NA,NA,NA,547.554884066667,822.628249617329
"3571",2021-07-14 14:42:30,541,341,62.4646666666667,NA,NA,11.9483333333333,NA,NA,NA,NA,539.64273,822.62622647685
"3572",2021-07-14 14:42:35,546,341,62.4645711111111,NA,NA,11.9472555555556,NA,NA,NA,NA,539.643218766667,830.227014822405
"3573",2021-07-14 14:42:40,541,346,62.4644755555556,NA,NA,11.9461777777778,NA,NA,NA,NA,547.556371866667,822.622180180849
"3574",2021-07-14 14:42:45,541,346,62.46438,NA,NA,11.9451,NA,NA,NA,NA,547.5568678,822.620157025327
"3575",2021-07-14 14:42:50,541,346,62.4642844444444,NA,NA,11.9440222222222,NA,NA,NA,NA,547.557363733333,822.618133864791
"3576",2021-07-14 14:42:55,546,346,62.4641888888889,NA,NA,11.9429444444444,NA,NA,NA,NA,547.557859666667,830.218847397015
"3577",2021-07-14 14:43:00,546,351,62.4640933333333,NA,NA,11.9418666666667,NA,NA,NA,NA,555.4710486,830.216805528015
"3578",2021-07-14 14:43:05,546,351,62.4639977777778,NA,NA,11.9407888888889,NA,NA,NA,NA,555.4715517,830.214763653955
"3579",2021-07-14 14:43:10,546,351,62.4639022222222,NA,NA,11.9397111111111,NA,NA,NA,NA,555.4720548,830.212721774834
"3580",2021-07-14 14:43:15,546,356,62.4638066666667,NA,NA,11.9386333333333,NA,NA,NA,NA,563.3852724,830.210679890652
"3581",2021-07-14 14:43:20,546,356,62.4637111111111,NA,NA,11.9375555555556,NA,NA,NA,NA,563.385782666667,830.208638001409
"3582",2021-07-14 14:43:25,546,361,62.4636155555555,NA,NA,11.9364777777778,NA,NA,NA,NA,571.299021766667,830.206596107106
"3583",2021-07-14 14:43:30,551,371,62.46352,NA,NA,11.9354,NA,NA,NA,NA,587.1250112,837.807160015505
"3584",2021-07-14 14:43:35,551,376,62.4634244444444,NA,NA,11.9343222222222,NA,NA,NA,NA,595.038286133333,837.805099412321
"3585",2021-07-14 14:43:40,551,376,62.4633288888889,NA,NA,11.9332444444444,NA,NA,NA,NA,595.038825066667,837.80303880403
"3586",2021-07-14 14:43:45,551,381,62.4632333333333,NA,NA,11.9321666666667,NA,NA,NA,NA,602.9521215,837.800978190632
"3587",2021-07-14 14:43:50,556,386,62.4631377777778,NA,NA,11.9310888888889,NA,NA,NA,NA,610.865432266667,845.401448584578
"3588",2021-07-14 14:43:55,556,391,62.4630422222222,NA,NA,11.9300111111111,NA,NA,NA,NA,618.778757366667,845.399369262022
"3589",2021-07-14 14:44:00,561,401,62.4629466666667,NA,NA,11.9289333333333,NA,NA,NA,NA,634.6048758,852.99978354883
"3590",2021-07-14 14:44:05,561,406,62.4628511111111,NA,NA,11.9278555555556,NA,NA,NA,NA,642.518236733333,852.99768551693
"3591",2021-07-14 14:44:10,566,401,62.4627555555556,NA,NA,11.9267777777778,NA,NA,NA,NA,634.606025333333,860.598043696229
"3592",2021-07-14 14:44:15,566,396,62.46266,NA,NA,11.9257,NA,NA,NA,NA,626.6937996,860.5959269548
"3593",2021-07-14 14:44:20,566,396,62.4625644444444,NA,NA,11.9246222222222,NA,NA,NA,NA,626.6943672,860.593810208125
"3594",2021-07-14 14:44:25,566,396,62.4624688888889,NA,NA,11.9235444444444,NA,NA,NA,NA,626.6949348,860.591693456204
"3595",2021-07-14 14:44:30,566,391,62.4623733333333,NA,NA,11.9224666666667,NA,NA,NA,NA,618.7826804,860.589576699037
"3596",2021-07-14 14:44:35,571,391,62.4622777777778,NA,NA,11.9213888888889,NA,NA,NA,NA,618.783240833333,868.189822656912
"3597",2021-07-14 14:44:40,566,386,62.4621822222222,NA,NA,11.9203111111111,NA,NA,NA,NA,610.870964933333,860.585343168964
"3598",2021-07-14 14:44:45,566,386,62.4620866666667,NA,NA,11.9192333333333,NA,NA,NA,NA,610.8715182,860.583226396058
"3599",2021-07-14 14:44:50,566,386,62.4619911111111,NA,NA,11.9181555555556,NA,NA,NA,NA,610.872071466667,860.581109617906
"3600",2021-07-14 14:44:55,571,391,62.4618955555556,NA,NA,11.9170777777778,NA,NA,NA,NA,618.785482566667,868.181280757075
"3601",2021-07-14 14:45:00,566,401,62.4618,6.833,64.047,11.916,"Stn02",64.047,0.161646014,0.021319476,634.611773,860.576876045864
"3602",2021-07-14 14:45:05,566,406,62.4617744444444,NA,NA,11.9154611111111,NA,NA,NA,NA,642.524793633333,860.575636388757
"3603",2021-07-14 14:45:10,571,411,62.4617488888889,NA,NA,11.9149222222222,NA,NA,NA,NA,650.4378181,868.176644051893
"3604",2021-07-14 14:45:15,576,411,62.4617233333333,NA,NA,11.9143833333333,NA,NA,NA,NA,650.43797565,875.777629812234
"3605",2021-07-14 14:45:20,571,416,62.4616977777778,NA,NA,11.9138444444444,NA,NA,NA,NA,658.351005866667,868.174142832071
"3606",2021-07-14 14:45:25,571,421,62.4616722222222,NA,NA,11.9133055555556,NA,NA,NA,NA,666.264039916667,868.172892221099
"3607",2021-07-14 14:45:30,571,421,62.4616466666667,NA,NA,11.9127666666667,NA,NA,NA,NA,666.2642013,868.171641609418
"3608",2021-07-14 14:45:35,576,421,62.4616211111111,NA,NA,11.9122277777778,NA,NA,NA,NA,666.264362683333,875.772583562679
"3609",2021-07-14 14:45:40,576,426,62.4615955555556,NA,NA,11.9116888888889,NA,NA,NA,NA,674.1774044,875.771321998505
"3610",2021-07-14 14:45:45,581,426,62.46157,NA,NA,11.91115,NA,NA,NA,NA,674.1775677,883.372231097104
"3611",2021-07-14 14:45:50,586,421,62.4615444444444,NA,NA,11.9106111111111,NA,NA,NA,NA,666.264846833333,890.973118292808
"3612",2021-07-14 14:45:55,591,416,62.4615188888889,NA,NA,11.9100722222222,NA,NA,NA,NA,658.352122133333,898.573983585599
"3613",2021-07-14 14:46:00,591,411,62.4614933333333,NA,NA,11.9095333333333,NA,NA,NA,NA,650.4393936,898.572689165262
"3614",2021-07-14 14:46:05,591,411,62.4614677777778,NA,NA,11.9089944444444,NA,NA,NA,NA,650.43955115,898.571394744192
"3615",2021-07-14 14:46:10,596,416,62.4614422222222,NA,NA,11.9084555555556,NA,NA,NA,NA,658.352600533333,906.172216230362
"3616",2021-07-14 14:46:15,596,421,62.4614166666667,NA,NA,11.9079166666667,NA,NA,NA,NA,666.26565375,906.170910856706
"3617",2021-07-14 14:46:20,601,431,62.4613911111111,NA,NA,11.9073777777778,NA,NA,NA,NA,682.091606466667,913.771699488036
"3618",2021-07-14 14:46:25,601,441,62.4613655555556,NA,NA,11.9068388888889,NA,NA,NA,NA,697.91756685,913.770383161768
"3619",2021-07-14 14:46:30,601,446,62.46134,NA,NA,11.9063,NA,NA,NA,NA,705.8306354,913.769066834756
"3620",2021-07-14 14:46:35,606,451,62.4613144444444,NA,NA,11.9057611111111,NA,NA,NA,NA,713.743707783333,921.369811659304
"3621",2021-07-14 14:46:40,611,456,62.4612888888889,NA,NA,11.9052222222222,NA,NA,NA,NA,721.656784,928.970534580802
"3622",2021-07-14 14:46:45,15,461,62.4612633333333,NA,NA,11.9046833333333,NA,NA,NA,NA,729.56986405,22.8061177499813
"3623",2021-07-14 14:46:50,321,466,62.4612377777778,NA,NA,11.9041444444444,NA,NA,NA,NA,737.482947933333,488.050216784829
"3624",2021-07-14 14:46:55,321,476,62.4612122222222,NA,NA,11.9036055555556,NA,NA,NA,NA,753.308944733333,488.04951371966
"3625",2021-07-14 14:47:00,386,491,62.4611866666667,NA,NA,11.9030666666667,NA,NA,NA,NA,777.0478602,586.874893808349
"3626",2021-07-14 14:47:05,987,501,62.4611611111111,NA,NA,11.9025277777778,NA,NA,NA,NA,792.87387425,1500.63390090182
"3627",2021-07-14 14:47:10,927,521,62.4611355555556,NA,NA,11.9019888888889,NA,NA,NA,NA,824.525725633333,1409.40792520772
"3628",2021-07-14 14:47:15,476,536,62.46111,NA,NA,11.90145,NA,NA,NA,NA,848.2646756,723.707881285305
"3629",2021-07-14 14:47:20,276,546,62.4610844444444,NA,NA,11.9009111111111,NA,NA,NA,NA,864.0907184,419.628335062448
"3630",2021-07-14 14:47:25,1118,556,62.4610588888889,NA,NA,11.9003722222222,NA,NA,NA,NA,879.916768866667,1699.79638681647
"3631",2021-07-14 14:47:30,271,556,62.4610333333333,NA,NA,11.8998333333333,NA,NA,NA,NA,879.916982,412.02518535945
"3632",2021-07-14 14:47:35,95,561,62.4610077777778,NA,NA,11.8992944444444,NA,NA,NA,NA,887.83011955,144.436665023298
"3633",2021-07-14 14:47:40,75,566,62.4609822222222,NA,NA,11.8987555555556,NA,NA,NA,NA,895.743260933333,114.028781802625
"3634",2021-07-14 14:47:45,25,576,62.4609566666667,NA,NA,11.8982166666667,NA,NA,NA,NA,911.5693344,38.0095391780443
"3635",2021-07-14 14:47:50,366,581,62.4609311111111,NA,NA,11.8976777777778,NA,NA,NA,NA,919.482485366667,556.458851935872
"3636",2021-07-14 14:47:55,356,596,62.4609055555556,NA,NA,11.8971388888889,NA,NA,NA,NA,943.221504333333,541.254278438473
"3637",2021-07-14 14:48:00,466,606,62.46088,NA,NA,11.8966,NA,NA,NA,NA,959.0476008,708.494748310582
"3638",2021-07-14 14:48:05,55,621,62.4608544444444,NA,NA,11.8960611111111,NA,NA,NA,NA,982.78664085,83.6205043367714
"3639",2021-07-14 14:48:10,65,636,62.4608288888889,NA,NA,11.8955222222222,NA,NA,NA,NA,1006.5256924,98.824090031573
"3640",2021-07-14 14:48:15,281,646,62.4608033333333,NA,NA,11.8949833333333,NA,NA,NA,NA,1022.3518157,427.223527598195
"3641",2021-07-14 14:48:20,40,651,62.4607777777778,NA,NA,11.8944444444444,NA,NA,NA,NA,1030.265005,60.8146494144444
"3642",2021-07-14 14:48:25,150,656,62.4607522222222,NA,NA,11.8939055555556,NA,NA,NA,NA,1038.17819813333,228.054606765695
"3643",2021-07-14 14:48:30,40,656,62.4607266666667,NA,NA,11.8933666666667,NA,NA,NA,NA,1038.1784496,60.8144741938764
"3644",2021-07-14 14:48:35,15,661,62.4607011111111,NA,NA,11.8928277777778,NA,NA,NA,NA,1046.09164848333,22.8053949688193
"3645",2021-07-14 14:48:40,30,666,62.4606755555556,NA,NA,11.8922888888889,NA,NA,NA,NA,1054.0048512,45.6107242298325
"3646",2021-07-14 14:48:45,55,661,62.46065,NA,NA,11.89175,NA,NA,NA,NA,1046.09215525,83.6195406236472
"3647",2021-07-14 14:48:50,195,661,62.4606244444444,NA,NA,11.8912111111111,NA,NA,NA,NA,1046.09240863333,296.468853291709
"3648",2021-07-14 14:48:55,20,671,62.4605988888889,NA,NA,11.8906722222222,NA,NA,NA,NA,1061.91857218333,30.4070180707943
"3649",2021-07-14 14:49:00,140,681,62.4605733333333,NA,NA,11.8901333333333,NA,NA,NA,NA,1077.7447434,212.848819858438
"3650",2021-07-14 14:49:05,316,696,62.4605477777778,NA,NA,11.8895944444444,NA,NA,NA,NA,1101.4838812,480.42950127058
"3651",2021-07-14 14:49:10,25,711,62.4605222222222,NA,NA,11.8890555555556,NA,NA,NA,NA,1125.2230305,38.0086083185132
"3652",2021-07-14 14:49:15,120,722,62.4604966666667,NA,NA,11.8885166666667,NA,NA,NA,NA,1142.6318211,182.441057096598
"3653",2021-07-14 14:49:20,321,737,62.4604711111111,NA,NA,11.8879777777778,NA,NA,NA,NA,1166.37099186667,488.029124656694
"3654",2021-07-14 14:49:25,326,752,62.4604455555556,NA,NA,11.8874388888889,NA,NA,NA,NA,1190.11017413333,495.63011038924
"3655",2021-07-14 14:49:30,321,762,62.46042,NA,NA,11.8869,NA,NA,NA,NA,1205.9363994,488.027718502086
"3656",2021-07-14 14:49:35,15,767,62.4603944444444,NA,NA,11.8863611111111,NA,NA,NA,NA,1213.84966191667,22.8050007207564
"3657",2021-07-14 14:49:40,150,772,62.4603688888889,NA,NA,11.8858222222222,NA,NA,NA,NA,1221.76292826667,228.049678666303
"3658",2021-07-14 14:49:45,321,767,62.4603433333333,NA,NA,11.8852833333333,NA,NA,NA,NA,1213.85024995,488.025609267192
"3659",2021-07-14 14:49:50,160,762,62.4603177777778,NA,NA,11.8847444444444,NA,NA,NA,NA,1205.9375678,243.252289688771
"3660",2021-07-14 14:49:55,326,752,62.4602922222222,NA,NA,11.8842055555556,NA,NA,NA,NA,1190.11190373333,495.625826209986
"3661",2021-07-14 14:50:00,321,742,62.4602666666667,NA,NA,11.8836666666667,NA,NA,NA,NA,1174.286232,488.023500028716
"3662",2021-07-14 14:50:05,321,727,62.4602411111111,NA,NA,11.8831277777778,NA,NA,NA,NA,1150.54757068333,488.022796948428
"3663",2021-07-14 14:50:10,321,706,62.4602155555556,NA,NA,11.8825888888889,NA,NA,NA,NA,1117.31331726667,488.022093867743
"3664",2021-07-14 14:50:15,321,681,62.46019,NA,NA,11.88205,NA,NA,NA,NA,1077.74865915,488.02139078666
"3665",2021-07-14 14:50:20,321,661,62.4601644444444,NA,NA,11.8815111111111,NA,NA,NA,NA,1046.09696953333,488.020687705178
"3666",2021-07-14 14:50:25,852,646,62.4601388888889,NA,NA,11.8809722222222,NA,NA,NA,NA,1022.35825416667,1295.30537974782
"3667",2021-07-14 14:50:30,852,631,62.4601133333333,NA,NA,11.8804333333333,NA,NA,NA,NA,998.6195273,1295.3035136229
"3668",2021-07-14 14:50:35,847,616,62.4600877777778,NA,NA,11.8798944444444,NA,NA,NA,NA,974.880788933333,1287.70011200692
"3669",2021-07-14 14:50:40,837,596,62.4600622222222,NA,NA,11.8793555555556,NA,NA,NA,NA,943.229043733333,1272.49520775422
"3670",2021-07-14 14:50:45,832,581,62.4600366666667,NA,NA,11.8788166666667,NA,NA,NA,NA,919.49028045,1264.8918608934
"3671",2021-07-14 14:50:50,822,571,62.4600111111111,NA,NA,11.8782777777778,NA,NA,NA,NA,903.664504833333,1249.68703329883
"3672",2021-07-14 14:50:55,817,571,62.4599855555556,NA,NA,11.8777388888889,NA,NA,NA,NA,903.664723716667,1242.08374119327
"3673",2021-07-14 14:51:00,812,571,62.45996,NA,NA,11.8772,NA,NA,NA,NA,903.6649426,1234.48047098964
"3674",2021-07-14 14:51:05,807,576,62.4599344444444,NA,NA,11.8766611111111,NA,NA,NA,NA,911.5781664,1226.87722268795
"3675",2021-07-14 14:51:10,406,576,62.4599088888889,NA,NA,11.8761222222222,NA,NA,NA,NA,911.5783872,617.238456973846
"3676",2021-07-14 14:51:15,486,566,62.4598833333333,NA,NA,11.8755833333333,NA,NA,NA,NA,895.7525905,738.860733764351
"3677",2021-07-14 14:51:20,426,551,62.4598577777778,NA,NA,11.8750444444444,NA,NA,NA,NA,872.013775466667,647.642426157801
"3678",2021-07-14 14:51:25,391,541,62.4598322222222,NA,NA,11.8745055555556,NA,NA,NA,NA,856.187961516667,594.431511262928
"3679",2021-07-14 14:51:30,356,531,62.4598066666667,NA,NA,11.8739666666667,NA,NA,NA,NA,840.3621399,541.220749688689
"3680",2021-07-14 14:51:35,311,521,62.4597811111111,NA,NA,11.8734277777778,NA,NA,NA,NA,824.536310616667,472.807333290818
"3681",2021-07-14 14:51:40,416,521,62.4597555555556,NA,NA,11.8728888888889,NA,NA,NA,NA,824.536510333333,632.435907640206
"3682",2021-07-14 14:51:45,416,521,62.45973,NA,NA,11.87235,NA,NA,NA,NA,824.53671005,632.434996472886
"3683",2021-07-14 14:51:50,471,511,62.4597044444444,NA,NA,11.8718111111111,NA,NA,NA,NA,808.710865433333,716.049168698746
"3684",2021-07-14 14:51:55,371,506,62.4596788888889,NA,NA,11.8712722222222,NA,NA,NA,NA,800.798037233333,564.020931742103
"3685",2021-07-14 14:52:00,311,496,62.4596533333333,NA,NA,11.8707333333333,NA,NA,NA,NA,784.9721792,472.80392736297
"3686",2021-07-14 14:52:05,311,486,62.4596277777778,NA,NA,11.8701944444444,NA,NA,NA,NA,769.1463135,472.803246176244
"3687",2021-07-14 14:52:10,2356,476,62.4596022222222,NA,NA,11.8696555555556,NA,NA,NA,NA,753.320440133333,3581.74547625208
"3688",2021-07-14 14:52:15,15,466,62.4595766666667,NA,NA,11.8691166666667,NA,NA,NA,NA,737.4945591,22.8039493795001
"3689",2021-07-14 14:52:20,110,461,62.4595511111111,NA,NA,11.8685777777778,NA,NA,NA,NA,729.581704066667,167.228721181713
"3690",2021-07-14 14:52:25,471,461,62.4595255555556,NA,NA,11.8680388888889,NA,NA,NA,NA,729.581880783333,716.041947239239
"3691",2021-07-14 14:52:30,827,456,62.4595,NA,NA,11.8675,NA,NA,NA,NA,721.66902,1257.25230828251
"3692",2021-07-14 14:52:35,1529,456,62.4594744444444,NA,NA,11.8669611111111,NA,NA,NA,NA,721.6691948,2324.46917744075
"3693",2021-07-14 14:52:40,787,456,62.4594488888889,NA,NA,11.8664222222222,NA,NA,NA,NA,721.6693696,1196.43859187954
"3694",2021-07-14 14:52:45,717,456,62.4594233333333,NA,NA,11.8658833333333,NA,NA,NA,NA,721.6695444,1090.01935759279
"3695",2021-07-14 14:52:50,857,456,62.4593977777778,NA,NA,11.8653444444444,NA,NA,NA,NA,721.6697192,1302.85250149504
"3696",2021-07-14 14:52:55,1017,451,62.4593722222222,NA,NA,11.8648055555556,NA,NA,NA,NA,713.756846916667,1546.08994749413
"3697",2021-07-14 14:53:00,637,446,62.4593466666667,NA,NA,11.8642666666667,NA,NA,NA,NA,705.8439708,968.395159879973
"3698",2021-07-14 14:53:05,511,446,62.4593211111111,NA,NA,11.8637277777778,NA,NA,NA,NA,705.844141766667,776.843349658174
"3699",2021-07-14 14:53:10,486,441,62.4592955555556,NA,NA,11.8631888888889,NA,NA,NA,NA,697.9312599,738.836250440101
"3700",2021-07-14 14:53:15,642,436,62.45927,NA,NA,11.86265,NA,NA,NA,NA,690.0183742,975.99215920537
"3701",2021-07-14 14:53:20,1694,431,62.4592444444444,NA,NA,11.8621111111111,NA,NA,NA,NA,682.105484666667,2575.27778131668
"3702",2021-07-14 14:53:25,316,426,62.4592188888889,NA,NA,11.8615722222222,NA,NA,NA,NA,674.1925913,480.393510273441
"3703",2021-07-14 14:53:30,316,426,62.4591933333333,NA,NA,11.8610333333333,NA,NA,NA,NA,674.1927546,480.392818128501
"3704",2021-07-14 14:53:35,15,426,62.4591677777778,NA,NA,11.8604944444444,NA,NA,NA,NA,674.1929179,22.8034237017328
"3705",2021-07-14 14:53:40,431,426,62.4591422222222,NA,NA,11.8599555555556,NA,NA,NA,NA,674.1930812,655.217430328923
"3706",2021-07-14 14:53:45,551,426,62.4591166666667,NA,NA,11.8594166666667,NA,NA,NA,NA,674.1932445,837.643350227609
"3707",2021-07-14 14:53:50,511,426,62.4590911111111,NA,NA,11.8588777777778,NA,NA,NA,NA,674.1934078,776.833276320906
"3708",2021-07-14 14:53:55,316,426,62.4590655555556,NA,NA,11.8583388888889,NA,NA,NA,NA,674.1935711,480.389357397929
"3709",2021-07-14 14:54:00,311,426,62.45904,NA,NA,11.8578,NA,NA,NA,NA,674.1937344,472.787578775155
"3710",2021-07-14 14:54:05,401,431,62.4590144444444,NA,NA,11.8572611111111,NA,NA,NA,NA,682.106971616667,609.606257007235
"3711",2021-07-14 14:54:10,456,431,62.4589888888889,NA,NA,11.8567222222222,NA,NA,NA,NA,682.107136833333,693.217088972873
"3712",2021-07-14 14:54:15,316,431,62.4589633333333,NA,NA,11.8561833333333,NA,NA,NA,NA,682.10730205,480.386588806421
"3713",2021-07-14 14:54:20,311,431,62.4589377777778,NA,NA,11.8556444444444,NA,NA,NA,NA,682.107467266667,472.784853988933
"3714",2021-07-14 14:54:25,446,426,62.4589122222222,NA,NA,11.8551055555556,NA,NA,NA,NA,674.1945509,678.012029147814
"3715",2021-07-14 14:54:30,501,421,62.4588866666667,NA,NA,11.8545666666667,NA,NA,NA,NA,666.2816307,761.622280669929
"3716",2021-07-14 14:54:35,391,416,62.4588611111111,NA,NA,11.8540277777778,NA,NA,NA,NA,658.368706666667,594.398967410066
"3717",2021-07-14 14:54:40,531,416,62.4588355555556,NA,NA,11.8534888888889,NA,NA,NA,NA,658.368866133333,807.226079110496
"3718",2021-07-14 14:54:45,386,416,62.45881,NA,NA,11.85295,NA,NA,NA,NA,658.3690256,586.796266646392
"3719",2021-07-14 14:54:50,406,416,62.4587844444444,NA,NA,11.8524111111111,NA,NA,NA,NA,658.369185066667,617.199329003223
"3720",2021-07-14 14:54:55,742,421,62.4587588888889,NA,NA,11.8518722222222,NA,NA,NA,NA,666.282437616667,1127.98335535005
"3721",2021-07-14 14:55:00,1002,426,62.4587333333333,NA,NA,11.8513333333333,NA,NA,NA,NA,674.195694,1523.23139294785
"3722",2021-07-14 14:55:05,1313,426,62.4587077777778,NA,NA,11.8507944444444,NA,NA,NA,NA,674.1958573,1996.00792140889
"3723",2021-07-14 14:55:10,1504,426,62.4586822222222,NA,NA,11.8502555555556,NA,NA,NA,NA,674.1960206,2286.36069184109
"3724",2021-07-14 14:55:15,1729,421,62.4586566666667,NA,NA,11.8497166666667,NA,NA,NA,NA,666.28308315,2628.39889650994
"3725",2021-07-14 14:55:20,1629,416,62.4586311111111,NA,NA,11.8491777777778,NA,NA,NA,NA,658.370141866667,2476.37688442901
"3726",2021-07-14 14:55:25,1734,416,62.4586055555556,NA,NA,11.8486388888889,NA,NA,NA,NA,658.370301333333,2635.99222254082
"3727",2021-07-14 14:55:30,1864,416,62.45858,NA,NA,11.8481,NA,NA,NA,NA,658.3704608,2833.61154739397
"3728",2021-07-14 14:55:35,1619,416,62.4585544444444,NA,NA,11.8475611111111,NA,NA,NA,NA,658.370620266667,2461.16442334663
"3729",2021-07-14 14:55:40,1463,421,62.4585288888889,NA,NA,11.8470222222222,NA,NA,NA,NA,666.283890066667,2224.0138130116
"3730",2021-07-14 14:55:45,1328,421,62.4585033333333,NA,NA,11.8464833333333,NA,NA,NA,NA,666.28405145,2018.78748331991
"3731",2021-07-14 14:55:50,1293,416,62.4584777777778,NA,NA,11.8459444444444,NA,NA,NA,NA,658.371098666667,1965.57865575682
"3732",2021-07-14 14:55:55,1438,411,62.4584522222222,NA,NA,11.8454055555556,NA,NA,NA,NA,650.45814205,2186.0000265681
"3733",2021-07-14 14:56:00,1443,416,62.4584266666667,NA,NA,11.8448666666667,NA,NA,NA,NA,658.3714176,2193.59770044998
"3734",2021-07-14 14:56:05,1143,411,62.4584011111111,NA,NA,11.8443277777778,NA,NA,NA,NA,650.45845715,1737.54577888352
"3735",2021-07-14 14:56:10,882,411,62.4583755555556,NA,NA,11.8437888888889,NA,NA,NA,NA,650.4586147,1340.78142502585
"3736",2021-07-14 14:56:15,867,406,62.45835,NA,NA,11.84325,NA,NA,NA,NA,642.5456485,1317.97712078496
"3737",2021-07-14 14:56:20,887,401,62.4583244444444,NA,NA,11.8427111111111,NA,NA,NA,NA,634.632678466667,1348.37834103224
"3738",2021-07-14 14:56:25,807,396,62.4582988888889,NA,NA,11.8421722222222,NA,NA,NA,NA,626.7197046,1226.76409619227
"3739",2021-07-14 14:56:30,777,391,62.4582733333333,NA,NA,11.8416333333333,NA,NA,NA,NA,618.8067269,1181.15778102822
"3740",2021-07-14 14:56:35,762,386,62.4582477777778,NA,NA,11.8410944444444,NA,NA,NA,NA,610.893745366667,1158.35383819521
"3741",2021-07-14 14:56:40,767,386,62.4582222222222,NA,NA,11.8405555555556,NA,NA,NA,NA,610.893893333333,1165.95290514416
"3742",2021-07-14 14:56:45,351,381,62.4581966666667,NA,NA,11.8400166666667,NA,NA,NA,NA,602.98090605,533.570899632271
"3743",2021-07-14 14:56:50,361,381,62.4581711111111,NA,NA,11.8394777777778,NA,NA,NA,NA,602.9810521,548.771559036463
"3744",2021-07-14 14:56:55,391,381,62.4581455555556,NA,NA,11.8389388888889,NA,NA,NA,NA,602.98119815,594.374987281218
"3745",2021-07-14 14:57:00,386,381,62.45812,NA,NA,11.8384,NA,NA,NA,NA,602.9813442,586.773438630775
"3746",2021-07-14 14:57:05,426,376,62.4580944444444,NA,NA,11.8378611111111,NA,NA,NA,NA,595.068347333333,647.578043208547
"3747",2021-07-14 14:57:10,491,366,62.4580688888889,NA,NA,11.8373222222222,NA,NA,NA,NA,579.2422018,746.385824086828
"3748",2021-07-14 14:57:15,616,356,62.4580433333333,NA,NA,11.8367833333333,NA,NA,NA,NA,563.4160486,936.401232467484
"3749",2021-07-14 14:57:20,767,351,62.4580177777778,NA,NA,11.8362444444444,NA,NA,NA,NA,555.5030364,1165.93946494325
"3750",2021-07-14 14:57:25,511,346,62.4579922222222,NA,NA,11.8357055555556,NA,NA,NA,NA,547.590020366667,776.785147445868
"3751",2021-07-14 14:57:30,621,346,62.4579666666667,NA,NA,11.8351666666667,NA,NA,NA,NA,547.590153,943.997811124723
"3752",2021-07-14 14:57:35,561,341,62.4579411111111,NA,NA,11.8346277777778,NA,NA,NA,NA,539.677131216667,852.789064331286
"3753",2021-07-14 14:57:40,516,336,62.4579155555556,NA,NA,11.8340888888889,NA,NA,NA,NA,531.7641056,784.38239416833
"3754",2021-07-14 14:57:45,446,336,62.45789,NA,NA,11.83355,NA,NA,NA,NA,531.7642344,677.972952926865
"3755",2021-07-14 14:57:50,491,336,62.4578644444444,NA,NA,11.8330111111111,NA,NA,NA,NA,531.7643632,746.377220226266
"3756",2021-07-14 14:57:55,521,336,62.4578388888889,NA,NA,11.8324722222222,NA,NA,NA,NA,531.764492,791.979575173195
"3757",2021-07-14 14:58:00,541,336,62.4578133333333,NA,NA,11.8319333333333,NA,NA,NA,NA,531.7646208,822.380677122152
"3758",2021-07-14 14:58:05,697,341,62.4577877777778,NA,NA,11.8313944444444,NA,NA,NA,NA,539.677915516667,1059.51664695856
"3759",2021-07-14 14:58:10,662,346,62.4577622222222,NA,NA,11.8308555555556,NA,NA,NA,NA,547.591214066667,1006.3113480698
"3760",2021-07-14 14:58:15,762,346,62.4577366666667,NA,NA,11.8303166666667,NA,NA,NA,NA,547.5913467,1158.32045663697
"3761",2021-07-14 14:58:20,692,346,62.4577111111111,NA,NA,11.8297777777778,NA,NA,NA,NA,547.591479333333,1051.91154984777
"3762",2021-07-14 14:58:25,647,346,62.4576855555556,NA,NA,11.8292388888889,NA,NA,NA,NA,547.591611966667,983.505479847581
"3763",2021-07-14 14:58:30,762,346,62.45766,NA,NA,11.8287,NA,NA,NA,NA,547.5917446,1158.31544937065
"3764",2021-07-14 14:58:35,782,346,62.4576344444444,NA,NA,11.8281611111111,NA,NA,NA,NA,547.591877233333,1188.71571677027
"3765",2021-07-14 14:58:40,712,346,62.4576088888889,NA,NA,11.8276222222222,NA,NA,NA,NA,547.592009866667,1082.30737948311
"3766",2021-07-14 14:58:45,957,351,62.4575833333333,NA,NA,11.8270833333333,NA,NA,NA,NA,555.50532375,1454.72846861641
"3767",2021-07-14 14:58:50,702,351,62.4575577777778,NA,NA,11.8265444444444,NA,NA,NA,NA,555.5054583,1067.1033578053
"3768",2021-07-14 14:58:55,747,351,62.4575322222222,NA,NA,11.8260055555556,NA,NA,NA,NA,555.50559285,1135.50578296482
"3769",2021-07-14 14:59:00,631,341,62.4575066666667,NA,NA,11.8254666666667,NA,NA,NA,NA,539.6793534,959.174185520594
"3770",2021-07-14 14:59:05,667,336,62.4574811111111,NA,NA,11.8249277777778,NA,NA,NA,NA,531.7662952,1013.89581592217
"3771",2021-07-14 14:59:10,722,331,62.4574555555556,NA,NA,11.8243888888889,NA,NA,NA,NA,523.853233166667,1097.49883695387
"3772",2021-07-14 14:59:15,742,326,62.45743,NA,NA,11.82385,NA,NA,NA,NA,515.9401673,1127.89884149652
"3773",2021-07-14 14:59:20,712,321,62.4574044444444,NA,NA,11.8233111111111,NA,NA,NA,NA,508.0270976,1082.29490288206
"3774",2021-07-14 14:59:25,692,321,62.4573788888889,NA,NA,11.8227722222222,NA,NA,NA,NA,508.02722065,1051.89184489557
"3775",2021-07-14 14:59:30,662,321,62.4573533333333,NA,NA,11.8222333333333,NA,NA,NA,NA,508.0273437,1006.28814722557
"3776",2021-07-14 14:59:35,717,321,62.4573277777778,NA,NA,11.8216944444444,NA,NA,NA,NA,508.02746675,1089.89057683973
"3777",2021-07-14 14:59:40,752,326,62.4573022222222,NA,NA,11.8211555555556,NA,NA,NA,NA,515.940792133333,1143.09139852442
"3778",2021-07-14 14:59:45,722,326,62.4572766666667,NA,NA,11.8206166666667,NA,NA,NA,NA,515.9409171,1097.48776656449
"3779",2021-07-14 14:59:50,862,331,62.4572511111111,NA,NA,11.8200777777778,NA,NA,NA,NA,523.854248233333,1310.29514063175
"3780",2021-07-14 14:59:55,717,331,62.4572255555556,NA,NA,11.8195388888889,NA,NA,NA,NA,523.854375116667,1089.88429469892
"3781",2021-07-14 15:00:00,777,326,62.4572,6.784,64.033,11.819,"Stn02",64.033,0.160687478,0.020997573,515.941292,1181.08629940514
"3782",2021-07-14 15:00:05,772,326,62.4571522222222,NA,NA,11.8184611111111,NA,NA,NA,NA,515.941525633333,1173.48455761339
"3783",2021-07-14 15:00:10,722,321,62.4571044444444,NA,NA,11.8179222222222,NA,NA,NA,NA,508.0285421,1097.48032141506
"3784",2021-07-14 15:00:15,742,326,62.4570566666667,NA,NA,11.8173833333333,NA,NA,NA,NA,515.9419929,1127.8800506019
"3785",2021-07-14 15:00:20,722,326,62.4570088888889,NA,NA,11.8168444444444,NA,NA,NA,NA,515.942226533333,1097.47762072496
"3786",2021-07-14 15:00:25,391,326,62.4569611111111,NA,NA,11.8163055555556,NA,NA,NA,NA,515.942460166667,594.339642268096
"3787",2021-07-14 15:00:30,416,326,62.4569133333333,NA,NA,11.8157666666667,NA,NA,NA,NA,515.9426938,632.340120127036
"3788",2021-07-14 15:00:35,446,326,62.4568655555556,NA,NA,11.8152277777778,NA,NA,NA,NA,515.942927433333,677.940736947454
"3789",2021-07-14 15:00:40,446,326,62.4568177777778,NA,NA,11.8146888888889,NA,NA,NA,NA,515.943161066667,677.939902796138
"3790",2021-07-14 15:00:45,431,326,62.45677,NA,NA,11.81415,NA,NA,NA,NA,515.9433947,655.138427321689
"3791",2021-07-14 15:00:50,451,326,62.4567222222222,NA,NA,11.8136111111111,NA,NA,NA,NA,515.943628333333,685.538438912945
"3792",2021-07-14 15:00:55,531,326,62.4566744444444,NA,NA,11.8130722222222,NA,NA,NA,NA,515.943861966667,807.140716543523
"3793",2021-07-14 15:01:00,682,326,62.4566266666667,NA,NA,11.8125333333333,NA,NA,NA,NA,515.9440956,1036.66533214155
"3794",2021-07-14 15:01:05,1163,321,62.4565788888889,NA,NA,11.8119944444444,NA,NA,NA,NA,508.03107265,1767.80102319278
"3795",2021-07-14 15:01:10,1113,321,62.4565311111111,NA,NA,11.8114555555556,NA,NA,NA,NA,508.0313027,1691.79717785978
"3796",2021-07-14 15:01:15,1920,321,62.4564833333333,NA,NA,11.8109166666667,NA,NA,NA,NA,508.03153275,2918.46054331692
"3797",2021-07-14 15:01:20,3062,326,62.4564355555556,NA,NA,11.8103777777778,NA,NA,NA,NA,515.945030133333,4654.33082707899
"3798",2021-07-14 15:01:25,3989,336,62.4563877777778,NA,NA,11.8098388888889,NA,NA,NA,NA,531.7718056,6063.3908636814
"3799",2021-07-14 15:01:30,4611,341,62.45634,NA,NA,11.8093,NA,NA,NA,NA,539.6853209,7008.83952648821
"3800",2021-07-14 15:01:35,5187,341,62.4562922222222,NA,NA,11.8087611111111,NA,NA,NA,NA,539.685565283333,7884.36475622906
"3801",2021-07-14 15:01:40,4355,336,62.4562444444444,NA,NA,11.8082222222222,NA,NA,NA,NA,531.772528,6619.69659995152
"3802",2021-07-14 15:01:45,5348,336,62.4561966666667,NA,NA,11.8076833333333,NA,NA,NA,NA,531.7727688,8129.06862357563
"3803",2021-07-14 15:01:50,5944,331,62.4561488888889,NA,NA,11.8071444444444,NA,NA,NA,NA,523.859720766667,9034.98961174746
"3804",2021-07-14 15:01:55,6510,331,62.4561011111111,NA,NA,11.8066055555556,NA,NA,NA,NA,523.859957983333,9895.30787336223
"3805",2021-07-14 15:02:00,7067,326,62.4560533333333,NA,NA,11.8060666666667,NA,NA,NA,NA,515.9468992,10741.9438854473
"3806",2021-07-14 15:02:05,7112,326,62.4560055555556,NA,NA,11.8055277777778,NA,NA,NA,NA,515.947132833333,10810.3312451366
"3807",2021-07-14 15:02:10,20,326,62.4559577777778,NA,NA,11.8049888888889,NA,NA,NA,NA,515.947366466667,30.4002191881496
"3808",2021-07-14 15:02:15,20,321,62.45591,NA,NA,11.80445,NA,NA,NA,NA,508.03429335,30.4001817813805
"3809",2021-07-14 15:02:20,20,321,62.4558622222222,NA,NA,11.8039111111111,NA,NA,NA,NA,508.0345234,30.400144374565
"3810",2021-07-14 15:02:25,20,321,62.4558144444444,NA,NA,11.8033722222222,NA,NA,NA,NA,508.03475345,30.4001069677032
"3811",2021-07-14 15:02:30,20,326,62.4557666666667,NA,NA,11.8028333333333,NA,NA,NA,NA,515.948301,30.400069560795
"3812",2021-07-14 15:02:35,20,336,62.4557188888889,NA,NA,11.8022944444444,NA,NA,NA,NA,531.7751768,30.4000321538405
"3813",2021-07-14 15:02:40,20,336,62.4556711111111,NA,NA,11.8017555555556,NA,NA,NA,NA,531.7754176,30.3999947468396
"3814",2021-07-14 15:02:45,20,341,62.4556233333333,NA,NA,11.8012166666667,NA,NA,NA,NA,539.68898665,30.3999573397924
"3815",2021-07-14 15:02:50,20,346,62.4555755555556,NA,NA,11.8006777777778,NA,NA,NA,NA,547.602562866667,30.3999199326989
"3816",2021-07-14 15:02:55,20,341,62.4555277777778,NA,NA,11.8001388888889,NA,NA,NA,NA,539.689475416667,30.399882525559
"3817",2021-07-14 15:03:00,20,336,62.45548,NA,NA,11.7996,NA,NA,NA,NA,531.7763808,30.3998451183728
"3818",2021-07-14 15:03:05,20,336,62.4554322222222,NA,NA,11.7990611111111,NA,NA,NA,NA,531.7766216,30.3998077111402
"3819",2021-07-14 15:03:10,20,341,62.4553844444444,NA,NA,11.7985222222222,NA,NA,NA,NA,539.690208566667,30.3997703038613
"3820",2021-07-14 15:03:15,20,341,62.4553366666667,NA,NA,11.7979833333333,NA,NA,NA,NA,539.69045295,30.3997328965361
"3821",2021-07-14 15:03:20,20,346,62.4552888888889,NA,NA,11.7974444444444,NA,NA,NA,NA,547.604050666667,30.3996954891644
"3822",2021-07-14 15:03:25,20,346,62.4552411111111,NA,NA,11.7969055555556,NA,NA,NA,NA,547.604298633333,30.3996580817465
"3823",2021-07-14 15:03:30,20,351,62.4551933333333,NA,NA,11.7963666666667,NA,NA,NA,NA,555.5179071,30.3996206742822
"3824",2021-07-14 15:03:35,20,356,62.4551455555556,NA,NA,11.7958277777778,NA,NA,NA,NA,563.431522733333,30.3995832667716
"3825",2021-07-14 15:03:40,20,356,62.4550977777778,NA,NA,11.7952888888889,NA,NA,NA,NA,563.431777866667,30.3995458592146
"3826",2021-07-14 15:03:45,20,356,62.45505,NA,NA,11.79475,NA,NA,NA,NA,563.432033,30.3995084516113
"3827",2021-07-14 15:03:50,20,351,62.4550022222222,NA,NA,11.7942111111111,NA,NA,NA,NA,555.5189133,30.3994710439616
"3828",2021-07-14 15:03:55,20,351,62.4549544444444,NA,NA,11.7936722222222,NA,NA,NA,NA,555.51916485,30.3994336362656
"3829",2021-07-14 15:04:00,20,351,62.4549066666667,NA,NA,11.7931333333333,NA,NA,NA,NA,555.5194164,30.3993962285232
"3830",2021-07-14 15:04:05,20,351,62.4548588888889,NA,NA,11.7925944444444,NA,NA,NA,NA,555.51966795,30.3993588207345
"3831",2021-07-14 15:04:10,20,341,62.4548111111111,NA,NA,11.7920555555556,NA,NA,NA,NA,539.693141166667,30.3993214128994
"3832",2021-07-14 15:04:15,20,341,62.4547633333333,NA,NA,11.7915166666667,NA,NA,NA,NA,539.69338555,30.399284005018
"3833",2021-07-14 15:04:20,20,336,62.4547155555556,NA,NA,11.7909777777778,NA,NA,NA,NA,531.7802336,30.3992465970903
"3834",2021-07-14 15:04:25,20,331,62.4546677777778,NA,NA,11.7904388888889,NA,NA,NA,NA,523.867074483333,30.3992091891162
"3835",2021-07-14 15:04:30,20,326,62.45462,NA,NA,11.7899,NA,NA,NA,NA,515.9539082,30.3991717810958
"3836",2021-07-14 15:04:35,20,321,62.4545722222222,NA,NA,11.7893611111111,NA,NA,NA,NA,508.04073475,30.399134373029
"3837",2021-07-14 15:04:40,20,321,62.4545244444444,NA,NA,11.7888222222222,NA,NA,NA,NA,508.0409648,30.3990969649159
"3838",2021-07-14 15:04:45,20,326,62.4544766666667,NA,NA,11.7882833333333,NA,NA,NA,NA,515.9546091,30.3990595567565
"3839",2021-07-14 15:04:50,20,331,62.4544288888889,NA,NA,11.7877444444444,NA,NA,NA,NA,523.868260566667,30.3990221485506
"3840",2021-07-14 15:04:55,20,331,62.4543811111111,NA,NA,11.7872055555556,NA,NA,NA,NA,523.868497783333,30.3989847402985
"3841",2021-07-14 15:05:00,20,326,62.4543333333333,NA,NA,11.7866666666667,NA,NA,NA,NA,515.95531,30.398947332
"3842",2021-07-14 15:05:05,20,331,62.4542855555556,NA,NA,11.7861277777778,NA,NA,NA,NA,523.868972216667,30.3989099236552
"3843",2021-07-14 15:05:10,20,331,62.4542377777778,NA,NA,11.7855888888889,NA,NA,NA,NA,523.869209433333,30.398872515264
"3844",2021-07-14 15:05:15,20,331,62.45419,NA,NA,11.78505,NA,NA,NA,NA,523.86944665,30.3988351068265
"3845",2021-07-14 15:05:20,20,331,62.4541422222222,NA,NA,11.7845111111111,NA,NA,NA,NA,523.869683866667,30.3987976983426
"3846",2021-07-14 15:05:25,20,326,62.4540944444444,NA,NA,11.7839722222222,NA,NA,NA,NA,515.956478166667,30.3987602898124
"3847",2021-07-14 15:05:30,20,331,62.4540466666667,NA,NA,11.7834333333333,NA,NA,NA,NA,523.8701583,30.3987228812358
"3848",2021-07-14 15:05:35,20,336,62.4539988888889,NA,NA,11.7828944444444,NA,NA,NA,NA,531.7838456,30.3986854726129
"3849",2021-07-14 15:05:40,20,341,62.4539511111111,NA,NA,11.7823555555556,NA,NA,NA,NA,539.697540066667,30.3986480639436
"3850",2021-07-14 15:05:45,20,346,62.4539033333333,NA,NA,11.7818166666667,NA,NA,NA,NA,547.6112417,30.3986106552281
"3851",2021-07-14 15:05:50,20,351,62.4538555555556,NA,NA,11.7812777777778,NA,NA,NA,NA,555.5249505,30.3985732464661
"3852",2021-07-14 15:05:55,20,351,62.4538077777778,NA,NA,11.7807388888889,NA,NA,NA,NA,555.52520205,30.3985358376578
"3853",2021-07-14 15:06:00,20,346,62.45376,NA,NA,11.7802,NA,NA,NA,NA,547.6119856,30.3984984288032
"3854",2021-07-14 15:06:05,20,346,62.4537122222222,NA,NA,11.7796611111111,NA,NA,NA,NA,547.612233566667,30.3984610199022
"3855",2021-07-14 15:06:10,20,341,62.4536644444444,NA,NA,11.7791222222222,NA,NA,NA,NA,539.699006366667,30.3984236109549
"3856",2021-07-14 15:06:15,20,346,62.4536166666667,NA,NA,11.7785833333333,NA,NA,NA,NA,547.6127295,30.3983862019613
"3857",2021-07-14 15:06:20,20,346,62.4535688888889,NA,NA,11.7780444444444,NA,NA,NA,NA,547.612977466667,30.3983487929212
"3858",2021-07-14 15:06:25,20,346,62.4535211111111,NA,NA,11.7775055555556,NA,NA,NA,NA,547.613225433333,30.3983113838349
"3859",2021-07-14 15:06:30,20,346,62.4534733333333,NA,NA,11.7769666666667,NA,NA,NA,NA,547.6134734,30.3982739747022
"3860",2021-07-14 15:06:35,20,346,62.4534255555556,NA,NA,11.7764277777778,NA,NA,NA,NA,547.613721366667,30.3982365655232
"3861",2021-07-14 15:06:40,20,351,62.4533777777778,NA,NA,11.7758888888889,NA,NA,NA,NA,555.527466,30.3981991562978
"3862",2021-07-14 15:06:45,20,346,62.45333,NA,NA,11.77535,NA,NA,NA,NA,547.6142173,30.398161747026
"3863",2021-07-14 15:06:50,20,341,62.4532822222222,NA,NA,11.7748111111111,NA,NA,NA,NA,539.700961433333,30.398124337708
"3864",2021-07-14 15:06:55,20,336,62.4532344444444,NA,NA,11.7742722222222,NA,NA,NA,NA,531.7876984,30.3980869283436
"3865",2021-07-14 15:07:00,20,331,62.4531866666667,NA,NA,11.7737333333333,NA,NA,NA,NA,523.8744282,30.3980495189328
"3866",2021-07-14 15:07:05,20,336,62.4531388888889,NA,NA,11.7731944444444,NA,NA,NA,NA,531.78818,30.3980121094757
"3867",2021-07-14 15:07:10,20,336,62.4530911111111,NA,NA,11.7726555555556,NA,NA,NA,NA,531.7884208,30.3979746999722
"3868",2021-07-14 15:07:15,20,336,62.4530433333333,NA,NA,11.7721166666667,NA,NA,NA,NA,531.7886616,30.3979372904225
"3869",2021-07-14 15:07:20,20,331,62.4529955555556,NA,NA,11.7715777777778,NA,NA,NA,NA,523.875377066667,30.3978998808263
"3870",2021-07-14 15:07:25,20,331,62.4529477777778,NA,NA,11.7710388888889,NA,NA,NA,NA,523.875614283333,30.3978624711838
"3871",2021-07-14 15:07:30,20,336,62.4529,NA,NA,11.7705,NA,NA,NA,NA,531.789384,30.397825061495
"3872",2021-07-14 15:07:35,20,341,62.4528522222222,NA,NA,11.7699611111111,NA,NA,NA,NA,539.703160883333,30.3977876517598
"3873",2021-07-14 15:07:40,20,346,62.4528044444444,NA,NA,11.7694222222222,NA,NA,NA,NA,547.616944933333,30.3977502419783
"3874",2021-07-14 15:07:45,20,346,62.4527566666667,NA,NA,11.7688833333333,NA,NA,NA,NA,547.6171929,30.3977128321505
"3875",2021-07-14 15:07:50,20,346,62.4527088888889,NA,NA,11.7683444444444,NA,NA,NA,NA,547.617440866667,30.3976754222762
"3876",2021-07-14 15:07:55,20,351,62.4526611111111,NA,NA,11.7678055555556,NA,NA,NA,NA,555.53123925,30.3976380123557
"3877",2021-07-14 15:08:00,20,356,62.4526133333333,NA,NA,11.7672666666667,NA,NA,NA,NA,563.4450448,30.3976006023888
"3878",2021-07-14 15:08:05,20,356,62.4525655555556,NA,NA,11.7667277777778,NA,NA,NA,NA,563.445299933333,30.3975631923756
"3879",2021-07-14 15:08:10,20,356,62.4525177777778,NA,NA,11.7661888888889,NA,NA,NA,NA,563.445555066667,30.397525782316
"3880",2021-07-14 15:08:15,20,356,62.45247,NA,NA,11.76565,NA,NA,NA,NA,563.4458102,30.3974883722101
"3881",2021-07-14 15:08:20,20,356,62.4524222222222,NA,NA,11.7651111111111,NA,NA,NA,NA,563.446065333333,30.3974509620578
"3882",2021-07-14 15:08:25,20,356,62.4523744444444,NA,NA,11.7645722222222,NA,NA,NA,NA,563.446320466667,30.3974135518592
"3883",2021-07-14 15:08:30,20,361,62.4523266666667,NA,NA,11.7640333333333,NA,NA,NA,NA,571.3601511,30.3973761416142
"3884",2021-07-14 15:08:35,20,366,62.4522788888889,NA,NA,11.7634944444444,NA,NA,NA,NA,579.2739889,30.3973387313229
"3885",2021-07-14 15:08:40,20,361,62.4522311111111,NA,NA,11.7629555555556,NA,NA,NA,NA,571.360668533333,30.3973013209852
"3886",2021-07-14 15:08:45,20,356,62.4521833333333,NA,NA,11.7624166666667,NA,NA,NA,NA,563.447341,30.3972639106013
"3887",2021-07-14 15:08:50,20,346,62.4521355555556,NA,NA,11.7618777777778,NA,NA,NA,NA,547.620416466667,30.3972265001709
"3888",2021-07-14 15:08:55,20,341,62.4520877777778,NA,NA,11.7613388888889,NA,NA,NA,NA,539.707071016667,30.3971890896942
"3889",2021-07-14 15:09:00,20,336,62.45204,NA,NA,11.7608,NA,NA,NA,NA,531.7937184,30.3971516791712
"3890",2021-07-14 15:09:05,20,336,62.4519922222222,NA,NA,11.7602611111111,NA,NA,NA,NA,531.7939592,30.3971142686018
"3891",2021-07-14 15:09:10,20,336,62.4519444444444,NA,NA,11.7597222222222,NA,NA,NA,NA,531.7942,30.3970768579861
"3892",2021-07-14 15:09:15,20,331,62.4518966666667,NA,NA,11.7591833333333,NA,NA,NA,NA,523.88083305,30.3970394473241
"3893",2021-07-14 15:09:20,20,331,62.4518488888889,NA,NA,11.7586444444444,NA,NA,NA,NA,523.881070266667,30.3970020366156
"3894",2021-07-14 15:09:25,20,326,62.4518011111111,NA,NA,11.7581055555556,NA,NA,NA,NA,515.967692566667,30.3969646258609
"3895",2021-07-14 15:09:30,20,326,62.4517533333333,NA,NA,11.7575666666667,NA,NA,NA,NA,515.9679262,30.3969272150598
"3896",2021-07-14 15:09:35,20,326,62.4517055555556,NA,NA,11.7570277777778,NA,NA,NA,NA,515.968159833333,30.3968898042124
"3897",2021-07-14 15:09:40,20,326,62.4516577777778,NA,NA,11.7564888888889,NA,NA,NA,NA,515.968393466667,30.3968523933186
"3898",2021-07-14 15:09:45,20,326,62.45161,NA,NA,11.75595,NA,NA,NA,NA,515.9686271,30.3968149823785
"3899",2021-07-14 15:09:50,20,331,62.4515622222222,NA,NA,11.7554111111111,NA,NA,NA,NA,523.882493566667,30.396777571392
"3900",2021-07-14 15:09:55,20,331,62.4515144444444,NA,NA,11.7548722222222,NA,NA,NA,NA,523.882730783333,30.3967401603592
"3901",2021-07-14 15:10:00,20,326,62.4514666666667,NA,NA,11.7543333333333,NA,NA,NA,NA,515.969328,30.39670274928
"3902",2021-07-14 15:10:05,20,326,62.4514188888889,NA,NA,11.7537944444444,NA,NA,NA,NA,515.969561633333,30.3966653381545
"3903",2021-07-14 15:10:10,20,321,62.4513711111111,NA,NA,11.7532555555556,NA,NA,NA,NA,508.0561481,30.3966279269826
"3904",2021-07-14 15:10:15,20,321,62.4513233333333,NA,NA,11.7527166666667,NA,NA,NA,NA,508.05637815,30.3965905157644
"3905",2021-07-14 15:10:20,20,321,62.4512755555556,NA,NA,11.7521777777778,NA,NA,NA,NA,508.0566082,30.3965531044999
"3906",2021-07-14 15:10:25,20,321,62.4512277777778,NA,NA,11.7516388888889,NA,NA,NA,NA,508.05683825,30.396515693189
"3907",2021-07-14 15:10:30,20,331,62.45118,NA,NA,11.7511,NA,NA,NA,NA,523.8843913,30.3964782818318
"3908",2021-07-14 15:10:35,20,331,62.4511322222222,NA,NA,11.7505611111111,NA,NA,NA,NA,523.884628516667,30.3964408704282
"3909",2021-07-14 15:10:40,20,331,62.4510844444444,NA,NA,11.7500222222222,NA,NA,NA,NA,523.884865733333,30.3964034589783
"3910",2021-07-14 15:10:45,20,341,62.4510366666667,NA,NA,11.7494833333333,NA,NA,NA,NA,539.71244745,30.3963660474821
"3911",2021-07-14 15:10:50,20,341,62.4509888888889,NA,NA,11.7489444444444,NA,NA,NA,NA,539.712691833333,30.3963286359394
"3912",2021-07-14 15:10:55,20,346,62.4509411111111,NA,NA,11.7484055555556,NA,NA,NA,NA,547.626615633333,30.3962912243505
"3913",2021-07-14 15:11:00,20,346,62.4508933333333,NA,NA,11.7478666666667,NA,NA,NA,NA,547.6268636,30.3962538127152
"3914",2021-07-14 15:11:05,20,351,62.4508455555556,NA,NA,11.7473277777778,NA,NA,NA,NA,555.54079815,30.3962164010336
"3915",2021-07-14 15:11:10,20,351,62.4507977777778,NA,NA,11.7467888888889,NA,NA,NA,NA,555.5410497,30.3961789893056
"3916",2021-07-14 15:11:15,20,346,62.45075,NA,NA,11.74625,NA,NA,NA,NA,547.6276075,30.3961415775313
"3917",2021-07-14 15:11:20,20,351,62.4507022222222,NA,NA,11.7457111111111,NA,NA,NA,NA,555.5415528,30.3961041657106
"3918",2021-07-14 15:11:25,20,346,62.4506544444444,NA,NA,11.7451722222222,NA,NA,NA,NA,547.628103433333,30.3960667538436
"3919",2021-07-14 15:11:30,20,351,62.4506066666667,NA,NA,11.7446333333333,NA,NA,NA,NA,555.5420559,30.3960293419302
"3920",2021-07-14 15:11:35,20,351,62.4505588888889,NA,NA,11.7440944444444,NA,NA,NA,NA,555.54230745,30.3959919299705
"3921",2021-07-14 15:11:40,20,351,62.4505111111111,NA,NA,11.7435555555556,NA,NA,NA,NA,555.542559,30.3959545179644
"3922",2021-07-14 15:11:45,20,356,62.4504633333333,NA,NA,11.7430166666667,NA,NA,NA,NA,563.4565258,30.395917105912
"3923",2021-07-14 15:11:50,20,356,62.4504155555556,NA,NA,11.7424777777778,NA,NA,NA,NA,563.456780933333,30.3958796938133
"3924",2021-07-14 15:11:55,20,356,62.4503677777778,NA,NA,11.7419388888889,NA,NA,NA,NA,563.457036066667,30.3958422816682
"3925",2021-07-14 15:12:00,20,351,62.45032,NA,NA,11.7414,NA,NA,NA,NA,555.5435652,30.3958048694768
"3926",2021-07-14 15:12:05,20,346,62.4502722222222,NA,NA,11.7408611111111,NA,NA,NA,NA,547.630087166667,30.395767457239
"3927",2021-07-14 15:12:10,20,341,62.4502244444444,NA,NA,11.7403222222222,NA,NA,NA,NA,539.716601966667,30.3957300449549
"3928",2021-07-14 15:12:15,20,336,62.4501766666667,NA,NA,11.7397833333333,NA,NA,NA,NA,531.8031096,30.3956926326244
"3929",2021-07-14 15:12:20,20,336,62.4501288888889,NA,NA,11.7392444444444,NA,NA,NA,NA,531.8033504,30.3956552202476
"3930",2021-07-14 15:12:25,20,336,62.4500811111111,NA,NA,11.7387055555556,NA,NA,NA,NA,531.8035912,30.3956178078245
"3931",2021-07-14 15:12:30,20,336,62.4500333333333,NA,NA,11.7381666666667,NA,NA,NA,NA,531.803832,30.395580395355
"3932",2021-07-14 15:12:35,20,336,62.4499855555556,NA,NA,11.7376277777778,NA,NA,NA,NA,531.8040728,30.3955429828392
"3933",2021-07-14 15:12:40,20,331,62.4499377777778,NA,NA,11.7370888888889,NA,NA,NA,NA,523.890558933333,30.395505570277
"3934",2021-07-14 15:12:45,20,336,62.44989,NA,NA,11.73655,NA,NA,NA,NA,531.8045544,30.3954681576685
"3935",2021-07-14 15:12:50,20,331,62.4498422222222,NA,NA,11.7360111111111,NA,NA,NA,NA,523.891033366667,30.3954307450136
"3936",2021-07-14 15:12:55,20,331,62.4497944444444,NA,NA,11.7354722222222,NA,NA,NA,NA,523.891270583333,30.3953933323124
"3937",2021-07-14 15:13:00,20,326,62.4497466666667,NA,NA,11.7349333333333,NA,NA,NA,NA,515.9777388,30.3953559195648
"3938",2021-07-14 15:13:05,20,331,62.4496988888889,NA,NA,11.7343944444444,NA,NA,NA,NA,523.891745016667,30.3953185067709
"3939",2021-07-14 15:13:10,20,341,62.4496511111111,NA,NA,11.7338555555556,NA,NA,NA,NA,539.719534566667,30.3952810939306
"3940",2021-07-14 15:13:15,20,346,62.4496033333333,NA,NA,11.7333166666667,NA,NA,NA,NA,547.6335587,30.3952436810441
"3941",2021-07-14 15:13:20,20,346,62.4495555555556,NA,NA,11.7327777777778,NA,NA,NA,NA,547.633806666667,30.3952062681111
"3942",2021-07-14 15:13:25,20,346,62.4495077777778,NA,NA,11.7322388888889,NA,NA,NA,NA,547.634054633333,30.3951688551318
"3943",2021-07-14 15:13:30,20,346,62.44946,NA,NA,11.7317,NA,NA,NA,NA,547.6343026,30.3951314421062
"3944",2021-07-14 15:13:35,20,346,62.4494122222222,NA,NA,11.7311611111111,NA,NA,NA,NA,547.634550566667,30.3950940290342
"3945",2021-07-14 15:13:40,20,351,62.4493644444444,NA,NA,11.7306222222222,NA,NA,NA,NA,555.5485962,30.3950566159159
"3946",2021-07-14 15:13:45,20,351,62.4493166666667,NA,NA,11.7300833333333,NA,NA,NA,NA,555.54884775,30.3950192027513
"3947",2021-07-14 15:13:50,20,356,62.4492688888889,NA,NA,11.7295444444444,NA,NA,NA,NA,563.462904133333,30.3949817895402
"3948",2021-07-14 15:13:55,20,356,62.4492211111111,NA,NA,11.7290055555556,NA,NA,NA,NA,563.463159266667,30.3949443762829
"3949",2021-07-14 15:14:00,20,356,62.4491733333333,NA,NA,11.7284666666667,NA,NA,NA,NA,563.4634144,30.3949069629792
"3950",2021-07-14 15:14:05,20,351,62.4491255555556,NA,NA,11.7279277777778,NA,NA,NA,NA,555.54985395,30.3948695496292
"3951",2021-07-14 15:14:10,20,351,62.4490777777778,NA,NA,11.7273888888889,NA,NA,NA,NA,555.5501055,30.3948321362328
"3952",2021-07-14 15:14:15,20,351,62.44903,NA,NA,11.72685,NA,NA,NA,NA,555.55035705,30.39479472279
"3953",2021-07-14 15:14:20,20,356,62.4489822222222,NA,NA,11.7263111111111,NA,NA,NA,NA,563.464434933333,30.394757309301
"3954",2021-07-14 15:14:25,20,361,62.4489344444444,NA,NA,11.7257722222222,NA,NA,NA,NA,571.378519983333,30.3947198957656
"3955",2021-07-14 15:14:30,20,361,62.4488866666667,NA,NA,11.7252333333333,NA,NA,NA,NA,571.3787787,30.3946824821838
"3956",2021-07-14 15:14:35,20,361,62.4488388888889,NA,NA,11.7246944444444,NA,NA,NA,NA,571.379037416667,30.3946450685557
"3957",2021-07-14 15:14:40,20,356,62.4487911111111,NA,NA,11.7241555555556,NA,NA,NA,NA,563.465455466667,30.3946076548812
"3958",2021-07-14 15:14:45,20,361,62.4487433333333,NA,NA,11.7236166666667,NA,NA,NA,NA,571.37955485,30.3945702411604
"3959",2021-07-14 15:14:50,20,356,62.4486955555556,NA,NA,11.7230777777778,NA,NA,NA,NA,563.465965733333,30.3945328273933
"3960",2021-07-14 15:14:55,20,361,62.4486477777778,NA,NA,11.7225388888889,NA,NA,NA,NA,571.380072283333,30.3944954135798
"3961",2021-07-14 15:15:00,20,361,62.4486,6.753,64.03,11.722,"Stn02",64.03,0.161258521,0.021188997,571.380331,30.39445799972
"3962",2021-07-14 15:15:05,20,361,62.4485388888889,NA,NA,11.7214611111111,NA,NA,NA,NA,571.380661916667,30.3944244264714
"3963",2021-07-14 15:15:10,20,366,62.4484777777778,NA,NA,11.7209222222222,NA,NA,NA,NA,579.294857,30.3943908531634
"3964",2021-07-14 15:15:15,20,361,62.4484166666667,NA,NA,11.7203833333333,NA,NA,NA,NA,571.38132375,30.3943572797963
"3965",2021-07-14 15:15:20,20,356,62.4483555555556,NA,NA,11.7198444444444,NA,NA,NA,NA,563.467781333333,30.3943237063698
"3966",2021-07-14 15:15:25,20,351,62.4482944444444,NA,NA,11.7193055555556,NA,NA,NA,NA,555.55422975,30.394290132884
"3967",2021-07-14 15:15:30,20,346,62.4482333333333,NA,NA,11.7187666666667,NA,NA,NA,NA,547.640669,30.394256559339
"3968",2021-07-14 15:15:35,20,341,62.4481722222222,NA,NA,11.7182277777778,NA,NA,NA,NA,539.727099083333,30.3942229857347
"3969",2021-07-14 15:15:40,20,336,62.4481111111111,NA,NA,11.7176888888889,NA,NA,NA,NA,531.81352,30.3941894120711
"3970",2021-07-14 15:15:45,20,341,62.44805,NA,NA,11.71715,NA,NA,NA,NA,539.72772425,30.3941558383483
"3971",2021-07-14 15:15:50,20,341,62.4479888888889,NA,NA,11.7166111111111,NA,NA,NA,NA,539.728036833333,30.3941222645661
"3972",2021-07-14 15:15:55,20,341,62.4479277777778,NA,NA,11.7160722222222,NA,NA,NA,NA,539.728349416667,30.3940886907247
"3973",2021-07-14 15:16:00,20,341,62.4478666666667,NA,NA,11.7155333333333,NA,NA,NA,NA,539.728662,30.394055116824
"3974",2021-07-14 15:16:05,20,341,62.4478055555556,NA,NA,11.7149944444444,NA,NA,NA,NA,539.728974583333,30.394021542864
"3975",2021-07-14 15:16:10,20,341,62.4477444444444,NA,NA,11.7144555555556,NA,NA,NA,NA,539.729287166667,30.3939879688448
"3976",2021-07-14 15:16:15,20,341,62.4476833333333,NA,NA,11.7139166666667,NA,NA,NA,NA,539.72959975,30.3939543947663
"3977",2021-07-14 15:16:20,20,336,62.4476222222222,NA,NA,11.7133777777778,NA,NA,NA,NA,531.815984,30.3939208206284
"3978",2021-07-14 15:16:25,20,336,62.4475611111111,NA,NA,11.7128388888889,NA,NA,NA,NA,531.816292,30.3938872464314
"3979",2021-07-14 15:16:30,20,336,62.4475,NA,NA,11.7123,NA,NA,NA,NA,531.8166,30.393853672175
"3980",2021-07-14 15:16:35,20,341,62.4474388888889,NA,NA,11.7117611111111,NA,NA,NA,NA,539.730850083333,30.3938200978594
"3981",2021-07-14 15:16:40,20,341,62.4473777777778,NA,NA,11.7112222222222,NA,NA,NA,NA,539.731162666667,30.3937865234844
"3982",2021-07-14 15:16:45,20,341,62.4473166666667,NA,NA,11.7106833333333,NA,NA,NA,NA,539.73147525,30.3937529490503
"3983",2021-07-14 15:16:50,20,341,62.4472555555556,NA,NA,11.7101444444444,NA,NA,NA,NA,539.731787833333,30.3937193745568
"3984",2021-07-14 15:16:55,20,341,62.4471944444444,NA,NA,11.7096055555556,NA,NA,NA,NA,539.732100416667,30.393685800004
"3985",2021-07-14 15:17:00,20,346,62.4471333333333,NA,NA,11.7090666666667,NA,NA,NA,NA,547.646378,30.393652225392
"3986",2021-07-14 15:17:05,20,346,62.4470722222222,NA,NA,11.7085277777778,NA,NA,NA,NA,547.646695166667,30.3936186507207
"3987",2021-07-14 15:17:10,20,346,62.4470111111111,NA,NA,11.7079888888889,NA,NA,NA,NA,547.647012333333,30.3935850759901
"3988",2021-07-14 15:17:15,20,351,62.44695,NA,NA,11.70745,NA,NA,NA,NA,555.56130825,30.3935515012002
"3989",2021-07-14 15:17:20,20,346,62.4468888888889,NA,NA,11.7069111111111,NA,NA,NA,NA,547.647646666667,30.3935179263511
"3990",2021-07-14 15:17:25,20,351,62.4468277777778,NA,NA,11.7063722222222,NA,NA,NA,NA,555.56195175,30.3934843514427
"3991",2021-07-14 15:17:30,20,356,62.4467666666667,NA,NA,11.7058333333333,NA,NA,NA,NA,563.476266,30.393450776475
"3992",2021-07-14 15:17:35,20,361,62.4467055555556,NA,NA,11.7052944444444,NA,NA,NA,NA,571.390589416667,30.393417201448
"3993",2021-07-14 15:17:40,20,361,62.4466444444444,NA,NA,11.7047555555556,NA,NA,NA,NA,571.390920333333,30.3933836263618
"3994",2021-07-14 15:17:45,20,361,62.4465833333333,NA,NA,11.7042166666667,NA,NA,NA,NA,571.39125125,30.3933500512162
"3995",2021-07-14 15:17:50,20,361,62.4465222222222,NA,NA,11.7036777777778,NA,NA,NA,NA,571.391582166667,30.3933164760114
"3996",2021-07-14 15:17:55,20,356,62.4464611111111,NA,NA,11.7031388888889,NA,NA,NA,NA,563.477897666667,30.3932829007474
"3997",2021-07-14 15:18:00,20,356,62.4464,NA,NA,11.7026,NA,NA,NA,NA,563.478224,30.393249325424
"3998",2021-07-14 15:18:05,20,361,62.4463388888889,NA,NA,11.7020611111111,NA,NA,NA,NA,571.392574916667,30.3932157500414
"3999",2021-07-14 15:18:10,20,366,62.4462777777778,NA,NA,11.7015222222222,NA,NA,NA,NA,579.306935,30.3931821745994
"4000",2021-07-14 15:18:15,20,361,62.4462166666667,NA,NA,11.7009833333333,NA,NA,NA,NA,571.39323675,30.3931485990983
"4001",2021-07-14 15:18:20,20,361,62.4461555555556,NA,NA,11.7004444444444,NA,NA,NA,NA,571.393567666667,30.3931150235378
"4002",2021-07-14 15:18:25,20,356,62.4460944444444,NA,NA,11.6999055555556,NA,NA,NA,NA,563.479855666667,30.393081447918
"4003",2021-07-14 15:18:30,20,361,62.4460333333333,NA,NA,11.6993666666667,NA,NA,NA,NA,571.3942295,30.393047872239
"4004",2021-07-14 15:18:35,20,371,62.4459722222222,NA,NA,11.6988277777778,NA,NA,NA,NA,587.222664583333,30.3930142965007
"4005",2021-07-14 15:18:40,20,381,62.4459111111111,NA,NA,11.6982888888889,NA,NA,NA,NA,603.051118,30.3929807207031
"4006",2021-07-14 15:18:45,20,386,62.44585,NA,NA,11.69775,NA,NA,NA,NA,610.9655285,30.3929471448463
"4007",2021-07-14 15:18:50,20,391,62.4457888888889,NA,NA,11.6972111111111,NA,NA,NA,NA,618.879948166667,30.3929135689301
"4008",2021-07-14 15:18:55,20,391,62.4457277777778,NA,NA,11.6966722222222,NA,NA,NA,NA,618.880306583333,30.3928799929547
"4009",2021-07-14 15:19:00,20,391,62.4456666666667,NA,NA,11.6961333333333,NA,NA,NA,NA,618.880665,30.39284641692
"4010",2021-07-14 15:19:05,20,386,62.4456055555556,NA,NA,11.6955944444444,NA,NA,NA,NA,610.966943833333,30.392812840826
"4011",2021-07-14 15:19:10,20,386,62.4455444444444,NA,NA,11.6950555555556,NA,NA,NA,NA,610.967297666667,30.3927792646728
"4012",2021-07-14 15:19:15,20,386,62.4454833333333,NA,NA,11.6945166666667,NA,NA,NA,NA,610.9676515,30.3927456884603
"4013",2021-07-14 15:19:20,20,386,62.4454222222222,NA,NA,11.6939777777778,NA,NA,NA,NA,610.968005333333,30.3927121121884
"4014",2021-07-14 15:19:25,20,391,62.4453611111111,NA,NA,11.6934388888889,NA,NA,NA,NA,618.882457083333,30.3926785358574
"4015",2021-07-14 15:19:30,20,391,62.4453,NA,NA,11.6929,NA,NA,NA,NA,618.8828155,30.392644959467
"4016",2021-07-14 15:19:35,20,391,62.4452388888889,NA,NA,11.6923611111111,NA,NA,NA,NA,618.883173916667,30.3926113830174
"4017",2021-07-14 15:19:40,20,386,62.4451777777778,NA,NA,11.6918222222222,NA,NA,NA,NA,610.969420666667,30.3925778065084
"4018",2021-07-14 15:19:45,20,386,62.4451166666667,NA,NA,11.6912833333333,NA,NA,NA,NA,610.9697745,30.3925442299403
"4019",2021-07-14 15:19:50,20,391,62.4450555555556,NA,NA,11.6907444444444,NA,NA,NA,NA,618.884249166667,30.3925106533128
"4020",2021-07-14 15:19:55,20,396,62.4449944444444,NA,NA,11.6902055555556,NA,NA,NA,NA,626.798733,30.392477076626
"4021",2021-07-14 15:20:00,20,391,62.4449333333333,NA,NA,11.6896666666667,NA,NA,NA,NA,618.884966,30.39244349988
"4022",2021-07-14 15:20:05,20,391,62.4448722222222,NA,NA,11.6891277777778,NA,NA,NA,NA,618.885324416667,30.3924099230747
"4023",2021-07-14 15:20:10,20,396,62.4448111111111,NA,NA,11.6885888888889,NA,NA,NA,NA,626.799822,30.3923763462101
"4024",2021-07-14 15:20:15,20,396,62.44475,NA,NA,11.68805,NA,NA,NA,NA,626.800185,30.3923427692863
"4025",2021-07-14 15:20:20,20,396,62.4446888888889,NA,NA,11.6875111111111,NA,NA,NA,NA,626.800548,30.3923091923031
"4026",2021-07-14 15:20:25,20,401,62.4446277777778,NA,NA,11.6869722222222,NA,NA,NA,NA,634.715063916667,30.3922756152607
"4027",2021-07-14 15:20:30,20,396,62.4445666666667,NA,NA,11.6864333333333,NA,NA,NA,NA,626.801274,30.392242038159
"4028",2021-07-14 15:20:35,20,396,62.4445055555556,NA,NA,11.6858944444444,NA,NA,NA,NA,626.801637,30.392208460998
"4029",2021-07-14 15:20:40,20,396,62.4444444444444,NA,NA,11.6853555555556,NA,NA,NA,NA,626.802,30.3921748837778
"4030",2021-07-14 15:20:45,20,391,62.4443833333333,NA,NA,11.6848166666667,NA,NA,NA,NA,618.88819175,30.3921413064982
"4031",2021-07-14 15:20:50,20,391,62.4443222222222,NA,NA,11.6842777777778,NA,NA,NA,NA,618.888550166667,30.3921077291594
"4032",2021-07-14 15:20:55,20,391,62.4442611111111,NA,NA,11.6837388888889,NA,NA,NA,NA,618.888908583333,30.3920741517614
"4033",2021-07-14 15:21:00,20,391,62.4442,NA,NA,11.6832,NA,NA,NA,NA,618.889267,30.392040574304
"4034",2021-07-14 15:21:05,20,391,62.4441388888889,NA,NA,11.6826611111111,NA,NA,NA,NA,618.889625416667,30.3920069967874
"4035",2021-07-14 15:21:10,20,386,62.4440777777778,NA,NA,11.6821222222222,NA,NA,NA,NA,610.975789666667,30.3919734192114
"4036",2021-07-14 15:21:15,20,386,62.4440166666667,NA,NA,11.6815833333333,NA,NA,NA,NA,610.9761435,30.3919398415762
"4037",2021-07-14 15:21:20,20,381,62.4439555555556,NA,NA,11.6810444444444,NA,NA,NA,NA,603.062294,30.3919062638818
"4038",2021-07-14 15:21:25,20,NA,62.4438944444444,NA,NA,11.6805055555556,NA,NA,NA,NA,NA,30.391872686128
"4039",2021-07-14 15:21:30,20,NA,62.4438333333333,NA,NA,11.6799666666667,NA,NA,NA,NA,NA,30.391839108315
"4040",2021-07-14 15:21:35,20,NA,62.4437722222222,NA,NA,11.6794277777778,NA,NA,NA,NA,NA,30.3918055304427
"4041",2021-07-14 15:21:40,20,NA,62.4437111111111,NA,NA,11.6788888888889,NA,NA,NA,NA,NA,30.3917719525111
"4042",2021-07-14 15:21:45,20,NA,62.44365,NA,NA,11.67835,NA,NA,NA,NA,NA,30.3917383745203
"4043",2021-07-14 15:21:50,20,NA,62.4435888888889,NA,NA,11.6778111111111,NA,NA,NA,NA,NA,30.3917047964701
"4044",2021-07-14 15:21:55,20,NA,62.4435277777778,NA,NA,11.6772722222222,NA,NA,NA,NA,NA,30.3916712183607
"4045",2021-07-14 15:22:00,20,NA,62.4434666666667,NA,NA,11.6767333333333,NA,NA,NA,NA,NA,30.391637640192
"4046",2021-07-14 15:22:05,20,NA,62.4434055555556,NA,NA,11.6761944444444,NA,NA,NA,NA,NA,30.391604061964
"4047",2021-07-14 15:22:10,20,NA,62.4433444444444,NA,NA,11.6756555555556,NA,NA,NA,NA,NA,30.3915704836768
"4048",2021-07-14 15:22:15,20,NA,62.4432833333333,NA,NA,11.6751166666667,NA,NA,NA,NA,NA,30.3915369053303
"4049",2021-07-14 15:22:20,20,NA,62.4432222222222,NA,NA,11.6745777777778,NA,NA,NA,NA,NA,30.3915033269244
"4050",2021-07-14 15:22:25,20,NA,62.4431611111111,NA,NA,11.6740388888889,NA,NA,NA,NA,NA,30.3914697484594
"4051",2021-07-14 15:22:30,20,NA,62.4431,NA,NA,11.6735,NA,NA,NA,NA,NA,30.391436169935
"4052",2021-07-14 15:22:35,20,NA,62.4430388888889,NA,NA,11.6729611111111,NA,NA,NA,NA,NA,30.3914025913514
"4053",2021-07-14 15:22:40,20,NA,62.4429777777778,NA,NA,11.6724222222222,NA,NA,NA,NA,NA,30.3913690127084
"4054",2021-07-14 15:22:45,20,NA,62.4429166666667,NA,NA,11.6718833333333,NA,NA,NA,NA,NA,30.3913354340062
"4055",2021-07-14 15:22:50,20,NA,62.4428555555556,NA,NA,11.6713444444444,NA,NA,NA,NA,NA,30.3913018552448
"4056",2021-07-14 15:22:55,20,NA,62.4427944444444,NA,NA,11.6708055555556,NA,NA,NA,NA,NA,30.391268276424
"4057",2021-07-14 15:23:00,20,NA,62.4427333333333,NA,NA,11.6702666666667,NA,NA,NA,NA,NA,30.391234697544
"4058",2021-07-14 15:23:05,20,NA,62.4426722222222,NA,NA,11.6697277777778,NA,NA,NA,NA,NA,30.3912011186047
"4059",2021-07-14 15:23:10,20,NA,62.4426111111111,NA,NA,11.6691888888889,NA,NA,NA,NA,NA,30.3911675396061
"4060",2021-07-14 15:23:15,20,NA,62.44255,NA,NA,11.66865,NA,NA,NA,NA,NA,30.3911339605482
"4061",2021-07-14 15:23:20,20,NA,62.4424888888889,NA,NA,11.6681111111111,NA,NA,NA,NA,NA,30.3911003814311
"4062",2021-07-14 15:23:25,20,NA,62.4424277777778,NA,NA,11.6675722222222,NA,NA,NA,NA,NA,30.3910668022547
"4063",2021-07-14 15:23:30,20,NA,62.4423666666667,NA,NA,11.6670333333333,NA,NA,NA,NA,NA,30.391033223019
"4064",2021-07-14 15:23:35,20,NA,62.4423055555556,NA,NA,11.6664944444444,NA,NA,NA,NA,NA,30.390999643724
"4065",2021-07-14 15:23:40,20,NA,62.4422444444444,NA,NA,11.6659555555556,NA,NA,NA,NA,NA,30.3909660643698
"4066",2021-07-14 15:23:45,20,NA,62.4421833333333,NA,NA,11.6654166666667,NA,NA,NA,NA,NA,30.3909324849562
"4067",2021-07-14 15:23:50,20,NA,62.4421222222222,NA,NA,11.6648777777778,NA,NA,NA,NA,NA,30.3908989054834
"4068",2021-07-14 15:23:55,20,NA,62.4420611111111,NA,NA,11.6643388888889,NA,NA,NA,NA,NA,30.3908653259514
"4069",2021-07-14 15:24:00,20,NA,62.442,NA,NA,11.6638,NA,NA,NA,NA,NA,30.39083174636
"4070",2021-07-14 15:24:05,20,NA,62.4419388888889,NA,NA,11.6632611111111,NA,NA,NA,NA,NA,30.3907981667094
"4071",2021-07-14 15:24:10,20,NA,62.4418777777778,NA,NA,11.6627222222222,NA,NA,NA,NA,NA,30.3907645869994
"4072",2021-07-14 15:24:15,20,NA,62.4418166666667,NA,NA,11.6621833333333,NA,NA,NA,NA,NA,30.3907310072302
"4073",2021-07-14 15:24:20,20,NA,62.4417555555556,NA,NA,11.6616444444444,NA,NA,NA,NA,NA,30.3906974274018
"4074",2021-07-14 15:24:25,20,NA,62.4416944444444,NA,NA,11.6611055555556,NA,NA,NA,NA,NA,30.390663847514
"4075",2021-07-14 15:24:30,20,NA,62.4416333333333,NA,NA,11.6605666666667,NA,NA,NA,NA,NA,30.390630267567
"4076",2021-07-14 15:24:35,20,NA,62.4415722222222,NA,NA,11.6600277777778,NA,NA,NA,NA,NA,30.3905966875607
"4077",2021-07-14 15:24:40,20,NA,62.4415111111111,NA,NA,11.6594888888889,NA,NA,NA,NA,NA,30.3905631074951
"4078",2021-07-14 15:24:45,20,NA,62.44145,NA,NA,11.65895,NA,NA,NA,NA,NA,30.3905295273702
"4079",2021-07-14 15:24:50,20,NA,62.4413888888889,NA,NA,11.6584111111111,NA,NA,NA,NA,NA,30.3904959471861
"4080",2021-07-14 15:24:55,20,NA,62.4413277777778,NA,NA,11.6578722222222,NA,NA,NA,NA,NA,30.3904623669427
"4081",2021-07-14 15:25:00,20,NA,62.4412666666667,NA,NA,11.6573333333333,NA,NA,NA,NA,NA,30.39042878664
"4082",2021-07-14 15:25:05,20,NA,62.4412055555556,NA,NA,11.6567944444444,NA,NA,NA,NA,NA,30.390395206278
"4083",2021-07-14 15:25:10,20,NA,62.4411444444444,NA,NA,11.6562555555556,NA,NA,NA,NA,NA,30.3903616258568
"4084",2021-07-14 15:25:15,20,NA,62.4410833333333,NA,NA,11.6557166666667,NA,NA,NA,NA,NA,30.3903280453762
"4085",2021-07-14 15:25:20,20,NA,62.4410222222222,NA,NA,11.6551777777778,NA,NA,NA,NA,NA,30.3902944648364
"4086",2021-07-14 15:25:25,20,NA,62.4409611111111,NA,NA,11.6546388888889,NA,NA,NA,NA,NA,30.3902608842374
"4087",2021-07-14 15:25:30,20,NA,62.4409,NA,NA,11.6541,NA,NA,NA,NA,NA,30.390227303579
"4088",2021-07-14 15:25:35,20,NA,62.4408388888889,NA,NA,11.6535611111111,NA,NA,NA,NA,NA,30.3901937228614
"4089",2021-07-14 15:25:40,20,NA,62.4407777777778,NA,NA,11.6530222222222,NA,NA,NA,NA,NA,30.3901601420844
"4090",2021-07-14 15:25:45,20,NA,62.4407166666667,NA,NA,11.6524833333333,NA,NA,NA,NA,NA,30.3901265612483
"4091",2021-07-14 15:25:50,20,NA,62.4406555555556,NA,NA,11.6519444444444,NA,NA,NA,NA,NA,30.3900929803528
"4092",2021-07-14 15:25:55,20,NA,62.4405944444445,NA,NA,11.6514055555556,NA,NA,NA,NA,NA,30.390059399398
"4093",2021-07-14 15:26:00,20,NA,62.4405333333333,NA,NA,11.6508666666667,NA,NA,NA,NA,NA,30.390025818384
"4094",2021-07-14 15:26:05,20,NA,62.4404722222222,NA,NA,11.6503277777778,NA,NA,NA,NA,NA,30.3899922373107
"4095",2021-07-14 15:26:10,20,NA,62.4404111111111,NA,NA,11.6497888888889,NA,NA,NA,NA,NA,30.3899586561781
"4096",2021-07-14 15:26:15,20,NA,62.44035,NA,NA,11.64925,NA,NA,NA,NA,NA,30.3899250749862
"4097",2021-07-14 15:26:20,20,NA,62.4402888888889,NA,NA,11.6487111111111,NA,NA,NA,NA,NA,30.3898914937351
"4098",2021-07-14 15:26:25,20,NA,62.4402277777778,NA,NA,11.6481722222222,NA,NA,NA,NA,NA,30.3898579124247
"4099",2021-07-14 15:26:30,20,NA,62.4401666666667,NA,NA,11.6476333333333,NA,NA,NA,NA,NA,30.389824331055
"4100",2021-07-14 15:26:35,20,NA,62.4401055555556,NA,NA,11.6470944444444,NA,NA,NA,NA,NA,30.389790749626
"4101",2021-07-14 15:26:40,20,NA,62.4400444444444,NA,NA,11.6465555555556,NA,NA,NA,NA,NA,30.3897571681378
"4102",2021-07-14 15:26:45,20,NA,62.4399833333333,NA,NA,11.6460166666667,NA,NA,NA,NA,NA,30.3897235865902
"4103",2021-07-14 15:26:50,20,NA,62.4399222222222,NA,NA,11.6454777777778,NA,NA,NA,NA,NA,30.3896900049834
"4104",2021-07-14 15:26:55,20,NA,62.4398611111111,NA,NA,11.6449388888889,NA,NA,NA,NA,NA,30.3896564233174
"4105",2021-07-14 15:27:00,20,NA,62.4398,NA,NA,11.6444,NA,NA,NA,NA,NA,30.389622841592
"4106",2021-07-14 15:27:05,20,NA,62.4397388888889,NA,NA,11.6438611111111,NA,NA,NA,NA,NA,30.3895892598074
"4107",2021-07-14 15:27:10,20,NA,62.4396777777778,NA,NA,11.6433222222222,NA,NA,NA,NA,NA,30.3895556779634
"4108",2021-07-14 15:27:15,20,NA,62.4396166666667,NA,NA,11.6427833333333,NA,NA,NA,NA,NA,30.3895220960603
"4109",2021-07-14 15:27:20,20,NA,62.4395555555556,NA,NA,11.6422444444444,NA,NA,NA,NA,NA,30.3894885140978
"4110",2021-07-14 15:27:25,20,NA,62.4394944444444,NA,NA,11.6417055555556,NA,NA,NA,NA,NA,30.389454932076
"4111",2021-07-14 15:27:30,20,NA,62.4394333333333,NA,NA,11.6411666666667,NA,NA,NA,NA,NA,30.389421349995
"4112",2021-07-14 15:27:35,20,NA,62.4393722222222,NA,NA,11.6406277777778,NA,NA,NA,NA,NA,30.3893877678547
"4113",2021-07-14 15:27:40,20,NA,62.4393111111111,NA,NA,11.6400888888889,NA,NA,NA,NA,NA,30.3893541856551
"4114",2021-07-14 15:27:45,20,NA,62.43925,NA,NA,11.63955,NA,NA,NA,NA,NA,30.3893206033962
"4115",2021-07-14 15:27:50,20,NA,62.4391888888889,NA,NA,11.6390111111111,NA,NA,NA,NA,NA,30.3892870210781
"4116",2021-07-14 15:27:55,20,NA,62.4391277777778,NA,NA,11.6384722222222,NA,NA,NA,NA,NA,30.3892534387007
"4117",2021-07-14 15:28:00,20,NA,62.4390666666667,NA,NA,11.6379333333333,NA,NA,NA,NA,NA,30.389219856264
"4118",2021-07-14 15:28:05,20,NA,62.4390055555556,NA,NA,11.6373944444444,NA,NA,NA,NA,NA,30.389186273768
"4119",2021-07-14 15:28:10,20,NA,62.4389444444444,NA,NA,11.6368555555556,NA,NA,NA,NA,NA,30.3891526912128
"4120",2021-07-14 15:28:15,20,NA,62.4388833333333,NA,NA,11.6363166666667,NA,NA,NA,NA,NA,30.3891191085982
"4121",2021-07-14 15:28:20,20,NA,62.4388222222222,NA,NA,11.6357777777778,NA,NA,NA,NA,NA,30.3890855259244
"4122",2021-07-14 15:28:25,20,NA,62.4387611111111,NA,NA,11.6352388888889,NA,NA,NA,NA,NA,30.3890519431914
"4123",2021-07-14 15:28:30,20,NA,62.4387,NA,NA,11.6347,NA,NA,NA,NA,NA,30.389018360399
"4124",2021-07-14 15:28:35,20,NA,62.4386388888889,NA,NA,11.6341611111111,NA,NA,NA,NA,NA,30.3889847775474
"4125",2021-07-14 15:28:40,20,NA,62.4385777777778,NA,NA,11.6336222222222,NA,NA,NA,NA,NA,30.3889511946364
"4126",2021-07-14 15:28:45,20,NA,62.4385166666667,NA,NA,11.6330833333333,NA,NA,NA,NA,NA,30.3889176116663
"4127",2021-07-14 15:28:50,20,NA,62.4384555555556,NA,NA,11.6325444444444,NA,NA,NA,NA,NA,30.3888840286368
"4128",2021-07-14 15:28:55,20,NA,62.4383944444444,NA,NA,11.6320055555556,NA,NA,NA,NA,NA,30.388850445548
"4129",2021-07-14 15:29:00,20,NA,62.4383333333333,NA,NA,11.6314666666667,NA,NA,NA,NA,NA,30.3888168624
"4130",2021-07-14 15:29:05,20,NA,62.4382722222222,NA,NA,11.6309277777778,NA,NA,NA,NA,NA,30.3887832791927
"4131",2021-07-14 15:29:10,20,NA,62.4382111111111,NA,NA,11.6303888888889,NA,NA,NA,NA,NA,30.3887496959261
"4132",2021-07-14 15:29:15,20,NA,62.43815,NA,NA,11.62985,NA,NA,NA,NA,NA,30.3887161126002
"4133",2021-07-14 15:29:20,20,NA,62.4380888888889,NA,NA,11.6293111111111,NA,NA,NA,NA,NA,30.3886825292151
"4134",2021-07-14 15:29:25,20,NA,62.4380277777778,NA,NA,11.6287722222222,NA,NA,NA,NA,NA,30.3886489457707
"4135",2021-07-14 15:29:30,20,NA,62.4379666666667,NA,NA,11.6282333333333,NA,NA,NA,NA,NA,30.388615362267
"4136",2021-07-14 15:29:35,20,NA,62.4379055555556,NA,NA,11.6276944444444,NA,NA,NA,NA,NA,30.388581778704
"4137",2021-07-14 15:29:40,20,NA,62.4378444444445,NA,NA,11.6271555555556,NA,NA,NA,NA,NA,30.3885481950818
"4138",2021-07-14 15:29:45,20,NA,62.4377833333333,NA,NA,11.6266166666667,NA,NA,NA,NA,NA,30.3885146114003
"4139",2021-07-14 15:29:50,20,NA,62.4377222222222,NA,NA,11.6260777777778,NA,NA,NA,NA,NA,30.3884810276594
"4140",2021-07-14 15:29:55,20,NA,62.4376611111111,NA,NA,11.6255388888889,NA,NA,NA,NA,NA,30.3884474438594
"4141",2021-07-14 15:30:00,20,NA,62.4376,6.731,64.004,11.625,"Stn02",64.004,0.159728941,0.020678562,NA,30.38841386
"4142",2021-07-14 15:30:05,20,NA,62.4375572222222,NA,NA,11.625,NA,NA,NA,NA,NA,30.3884261783958
"4143",2021-07-14 15:30:10,20,NA,62.4375144444444,NA,NA,11.625,NA,NA,NA,NA,NA,30.3884384967917
"4144",2021-07-14 15:30:15,20,NA,62.4374716666667,NA,NA,11.625,NA,NA,NA,NA,NA,30.3884508151875
"4145",2021-07-14 15:30:20,20,NA,62.4374288888889,NA,NA,11.625,NA,NA,NA,NA,NA,30.3884631335833
"4146",2021-07-14 15:30:25,20,NA,62.4373861111111,NA,NA,11.625,NA,NA,NA,NA,NA,30.3884754519792
"4147",2021-07-14 15:30:30,20,NA,62.4373433333333,NA,NA,11.625,NA,NA,NA,NA,NA,30.388487770375
"4148",2021-07-14 15:30:35,20,NA,62.4373005555556,NA,NA,11.625,NA,NA,NA,NA,NA,30.3885000887708
"4149",2021-07-14 15:30:40,20,NA,62.4372577777778,NA,NA,11.625,NA,NA,NA,NA,NA,30.3885124071667
"4150",2021-07-14 15:30:45,20,NA,62.437215,NA,NA,11.625,NA,NA,NA,NA,NA,30.3885247255625
"4151",2021-07-14 15:30:50,20,NA,62.4371722222222,NA,NA,11.625,NA,NA,NA,NA,NA,30.3885370439583
"4152",2021-07-14 15:30:55,20,NA,62.4371294444444,NA,NA,11.625,NA,NA,NA,NA,NA,30.3885493623542
"4153",2021-07-14 15:31:00,20,NA,62.4370866666667,NA,NA,11.625,NA,NA,NA,NA,NA,30.38856168075
"4154",2021-07-14 15:31:05,20,NA,62.4370438888889,NA,NA,11.625,NA,NA,NA,NA,NA,30.3885739991458
"4155",2021-07-14 15:31:10,20,NA,62.4370011111111,NA,NA,11.625,NA,NA,NA,NA,NA,30.3885863175417
"4156",2021-07-14 15:31:15,20,NA,62.4369583333333,NA,NA,11.625,NA,NA,NA,NA,NA,30.3885986359375
"4157",2021-07-14 15:31:20,20,NA,62.4369155555556,NA,NA,11.625,NA,NA,NA,NA,NA,30.3886109543333
"4158",2021-07-14 15:31:25,20,NA,62.4368727777778,NA,NA,11.625,NA,NA,NA,NA,NA,30.3886232727292
"4159",2021-07-14 15:31:30,20,NA,62.43683,NA,NA,11.625,NA,NA,NA,NA,NA,30.388635591125
"4160",2021-07-14 15:31:35,20,NA,62.4367872222222,NA,NA,11.625,NA,NA,NA,NA,NA,30.3886479095208
"4161",2021-07-14 15:31:40,20,NA,62.4367444444445,NA,NA,11.625,NA,NA,NA,NA,NA,30.3886602279167
"4162",2021-07-14 15:31:45,20,NA,62.4367016666667,NA,NA,11.625,NA,NA,NA,NA,NA,30.3886725463125
"4163",2021-07-14 15:31:50,20,NA,62.4366588888889,NA,NA,11.625,NA,NA,NA,NA,NA,30.3886848647083
"4164",2021-07-14 15:31:55,20,NA,62.4366161111111,NA,NA,11.625,NA,NA,NA,NA,NA,30.3886971831042
"4165",2021-07-14 15:32:00,20,NA,62.4365733333333,NA,NA,11.625,NA,NA,NA,NA,NA,30.3887095015
"4166",2021-07-14 15:32:05,20,NA,62.4365305555556,NA,NA,11.625,NA,NA,NA,NA,NA,30.3887218198958
"4167",2021-07-14 15:32:10,20,NA,62.4364877777778,NA,NA,11.625,NA,NA,NA,NA,NA,30.3887341382917
"4168",2021-07-14 15:32:15,20,NA,62.436445,NA,NA,11.625,NA,NA,NA,NA,NA,30.3887464566875
"4169",2021-07-14 15:32:20,20,NA,62.4364022222222,NA,NA,11.625,NA,NA,NA,NA,NA,30.3887587750833
"4170",2021-07-14 15:32:25,20,NA,62.4363594444444,NA,NA,11.625,NA,NA,NA,NA,NA,30.3887710934792
"4171",2021-07-14 15:32:30,20,NA,62.4363166666667,NA,NA,11.625,NA,NA,NA,NA,NA,30.388783411875
"4172",2021-07-14 15:32:35,20,NA,62.4362738888889,NA,NA,11.625,NA,NA,NA,NA,NA,30.3887957302708
"4173",2021-07-14 15:32:40,20,NA,62.4362311111111,NA,NA,11.625,NA,NA,NA,NA,NA,30.3888080486667
"4174",2021-07-14 15:32:45,20,NA,62.4361883333333,NA,NA,11.625,NA,NA,NA,NA,NA,30.3888203670625
"4175",2021-07-14 15:32:50,20,NA,62.4361455555556,NA,NA,11.625,NA,NA,NA,NA,NA,30.3888326854583
"4176",2021-07-14 15:32:55,20,NA,62.4361027777778,NA,NA,11.625,NA,NA,NA,NA,NA,30.3888450038542
"4177",2021-07-14 15:33:00,20,NA,62.43606,NA,NA,11.625,NA,NA,NA,NA,NA,30.38885732225
"4178",2021-07-14 15:33:05,20,NA,62.4360172222222,NA,NA,11.625,NA,NA,NA,NA,NA,30.3888696406458
"4179",2021-07-14 15:33:10,20,NA,62.4359744444444,NA,NA,11.625,NA,NA,NA,NA,NA,30.3888819590417
"4180",2021-07-14 15:33:15,20,NA,62.4359316666667,NA,NA,11.625,NA,NA,NA,NA,NA,30.3888942774375
"4181",2021-07-14 15:33:20,20,NA,62.4358888888889,NA,NA,11.625,NA,NA,NA,NA,NA,30.3889065958333
"4182",2021-07-14 15:33:25,20,NA,62.4358461111111,NA,NA,11.625,NA,NA,NA,NA,NA,30.3889189142292
"4183",2021-07-14 15:33:30,20,NA,62.4358033333333,NA,NA,11.625,NA,NA,NA,NA,NA,30.388931232625
"4184",2021-07-14 15:33:35,20,NA,62.4357605555556,NA,NA,11.625,NA,NA,NA,NA,NA,30.3889435510208
"4185",2021-07-14 15:33:40,20,NA,62.4357177777778,NA,NA,11.625,NA,NA,NA,NA,NA,30.3889558694167
"4186",2021-07-14 15:33:45,20,NA,62.435675,NA,NA,11.625,NA,NA,NA,NA,NA,30.3889681878125
"4187",2021-07-14 15:33:50,20,NA,62.4356322222222,NA,NA,11.625,NA,NA,NA,NA,NA,30.3889805062083
"4188",2021-07-14 15:33:55,20,NA,62.4355894444444,NA,NA,11.625,NA,NA,NA,NA,NA,30.3889928246042
"4189",2021-07-14 15:34:00,20,NA,62.4355466666667,NA,NA,11.625,NA,NA,NA,NA,NA,30.389005143
"4190",2021-07-14 15:34:05,20,NA,62.4355038888889,NA,NA,11.625,NA,NA,NA,NA,NA,30.3890174613958
"4191",2021-07-14 15:34:10,20,NA,62.4354611111111,NA,NA,11.625,NA,NA,NA,NA,NA,30.3890297797917
"4192",2021-07-14 15:34:15,20,NA,62.4354183333333,NA,NA,11.625,NA,NA,NA,NA,NA,30.3890420981875
"4193",2021-07-14 15:34:20,20,NA,62.4353755555556,NA,NA,11.625,NA,NA,NA,NA,NA,30.3890544165833
"4194",2021-07-14 15:34:25,20,NA,62.4353327777778,NA,NA,11.625,NA,NA,NA,NA,NA,30.3890667349792
"4195",2021-07-14 15:34:30,20,NA,62.43529,NA,NA,11.625,NA,NA,NA,NA,NA,30.389079053375
"4196",2021-07-14 15:34:35,20,NA,62.4352472222222,NA,NA,11.625,NA,NA,NA,NA,NA,30.3890913717708
"4197",2021-07-14 15:34:40,20,NA,62.4352044444444,NA,NA,11.625,NA,NA,NA,NA,NA,30.3891036901667
"4198",2021-07-14 15:34:45,20,NA,62.4351616666667,NA,NA,11.625,NA,NA,NA,NA,NA,30.3891160085625
"4199",2021-07-14 15:34:50,20,NA,62.4351188888889,NA,NA,11.625,NA,NA,NA,NA,NA,30.3891283269583
"4200",2021-07-14 15:34:55,20,NA,62.4350761111111,NA,NA,11.625,NA,NA,NA,NA,NA,30.3891406453542
"4201",2021-07-14 15:35:00,20,NA,62.4350333333333,NA,NA,11.625,NA,NA,NA,NA,NA,30.38915296375
"4202",2021-07-14 15:35:05,20,NA,62.4349905555556,NA,NA,11.625,NA,NA,NA,NA,NA,30.3891652821458
"4203",2021-07-14 15:35:10,20,NA,62.4349477777778,NA,NA,11.625,NA,NA,NA,NA,NA,30.3891776005417
"4204",2021-07-14 15:35:15,20,NA,62.434905,NA,NA,11.625,NA,NA,NA,NA,NA,30.3891899189375
"4205",2021-07-14 15:35:20,20,NA,62.4348622222222,NA,NA,11.625,NA,NA,NA,NA,NA,30.3892022373333
"4206",2021-07-14 15:35:25,20,NA,62.4348194444445,NA,NA,11.625,NA,NA,NA,NA,NA,30.3892145557292
"4207",2021-07-14 15:35:30,20,NA,62.4347766666667,NA,NA,11.625,NA,NA,NA,NA,NA,30.389226874125
"4208",2021-07-14 15:35:35,20,NA,62.4347338888889,NA,NA,11.625,NA,NA,NA,NA,NA,30.3892391925208
"4209",2021-07-14 15:35:40,20,NA,62.4346911111111,NA,NA,11.625,NA,NA,NA,NA,NA,30.3892515109167
"4210",2021-07-14 15:35:45,20,NA,62.4346483333333,NA,NA,11.625,NA,NA,NA,NA,NA,30.3892638293125
"4211",2021-07-14 15:35:50,20,NA,62.4346055555556,NA,NA,11.625,NA,NA,NA,NA,NA,30.3892761477083
"4212",2021-07-14 15:35:55,20,NA,62.4345627777778,NA,NA,11.625,NA,NA,NA,NA,NA,30.3892884661042
"4213",2021-07-14 15:36:00,20,NA,62.43452,NA,NA,11.625,NA,NA,NA,NA,NA,30.3893007845
"4214",2021-07-14 15:36:05,20,NA,62.4344772222222,NA,NA,11.625,NA,NA,NA,NA,NA,30.3893131028958
"4215",2021-07-14 15:36:10,20,NA,62.4344344444444,NA,NA,11.625,NA,NA,NA,NA,NA,30.3893254212917
"4216",2021-07-14 15:36:15,20,NA,62.4343916666667,NA,NA,11.625,NA,NA,NA,NA,NA,30.3893377396875
"4217",2021-07-14 15:36:20,20,NA,62.4343488888889,NA,NA,11.625,NA,NA,NA,NA,NA,30.3893500580833
"4218",2021-07-14 15:36:25,20,NA,62.4343061111111,NA,NA,11.625,NA,NA,NA,NA,NA,30.3893623764792
"4219",2021-07-14 15:36:30,20,NA,62.4342633333333,NA,NA,11.625,NA,NA,NA,NA,NA,30.389374694875
"4220",2021-07-14 15:36:35,20,NA,62.4342205555556,NA,NA,11.625,NA,NA,NA,NA,NA,30.3893870132708
"4221",2021-07-14 15:36:40,20,NA,62.4341777777778,NA,NA,11.625,NA,NA,NA,NA,NA,30.3893993316667
"4222",2021-07-14 15:36:45,571,NA,62.434135,NA,NA,11.625,NA,NA,NA,NA,NA,867.617702609284
"4223",2021-07-14 15:36:50,1228,NA,62.4340922222222,NA,NA,11.625,NA,NA,NA,NA,NA,1865.91063166334
"4224",2021-07-14 15:36:55,1308,NA,62.4340494444444,NA,NA,11.625,NA,NA,NA,NA,NA,1987.46913316026
"4225",2021-07-14 15:37:00,1338,NA,62.4340066666667,NA,NA,11.625,NA,NA,NA,NA,NA,2033.05411169122
"4226",2021-07-14 15:37:05,1293,NA,62.4339638888889,NA,NA,11.625,NA,NA,NA,NA,NA,1964.6786487137
"4227",2021-07-14 15:37:10,1133,NA,62.4339211111111,NA,NA,11.625,NA,NA,NA,NA,NA,1721.56365916166
"4228",2021-07-14 15:37:15,1093,NA,62.4338783333333,NA,NA,11.625,NA,NA,NA,NA,NA,1660.78538587791
"4229",2021-07-14 15:37:20,827,NA,62.4338355555556,NA,NA,11.625,NA,NA,NA,NA,NA,1256.60573728976
"4230",2021-07-14 15:37:25,862,NA,62.4337927777778,NA,NA,11.625,NA,NA,NA,NA,NA,1309.78788950058
"4231",2021-07-14 15:37:30,817,NA,62.43375,NA,NA,11.625,NA,NA,NA,NA,NA,1241.41199476328
"4232",2021-07-14 15:37:35,722,NA,62.4337072222222,NA,NA,11.625,NA,NA,NA,NA,NA,1097.06220750815
"4233",2021-07-14 15:37:40,702,NA,62.4336644444444,NA,NA,11.625,NA,NA,NA,NA,NA,1066.67310504982
"4234",2021-07-14 15:37:45,611,NA,62.4336216666667,NA,NA,11.625,NA,NA,NA,NA,NA,928.401041833322
"4235",2021-07-14 15:37:50,15,NA,62.4335788888889,NA,NA,11.625,NA,NA,NA,NA,NA,22.7921788419063
"4236",2021-07-14 15:37:55,316,NA,62.4335361111111,NA,NA,11.625,NA,NA,NA,NA,NA,480.155428900146
"4237",2021-07-14 15:38:00,316,NA,62.4334933333333,NA,NA,11.625,NA,NA,NA,NA,NA,480.1556235308
"4238",2021-07-14 15:38:05,336,NA,62.4334505555556,NA,NA,11.625,NA,NA,NA,NA,NA,510.54542690585
"4239",2021-07-14 15:38:10,486,NA,62.4334077777778,NA,NA,11.625,NA,NA,NA,NA,NA,738.467791825837
"4240",2021-07-14 15:38:15,566,NA,62.433365,NA,NA,11.625,NA,NA,NA,NA,NA,860.026624687606
"4241",2021-07-14 15:38:20,531,NA,62.4333222222222,NA,NA,11.625,NA,NA,NA,NA,NA,806.845093323938
"4242",2021-07-14 15:38:25,486,NA,62.4332794444444,NA,NA,11.625,NA,NA,NA,NA,NA,738.468689836894
"4243",2021-07-14 15:38:30,165,NA,62.4332366666667,NA,NA,11.625,NA,NA,NA,NA,NA,250.714780275094
"4244",2021-07-14 15:38:35,20,NA,62.4331938888889,NA,NA,11.625,NA,NA,NA,NA,NA,30.3896826547708
"4245",2021-07-14 15:38:40,20,NA,62.4331511111111,NA,NA,11.625,NA,NA,NA,NA,NA,30.3896949731667
"4246",2021-07-14 15:38:45,20,NA,62.4331083333333,NA,NA,11.625,NA,NA,NA,NA,NA,30.3897072915625
"4247",2021-07-14 15:38:50,20,NA,62.4330655555556,NA,NA,11.625,NA,NA,NA,NA,NA,30.3897196099583
"4248",2021-07-14 15:38:55,20,NA,62.4330227777778,NA,NA,11.625,NA,NA,NA,NA,NA,30.3897319283542
"4249",2021-07-14 15:39:00,20,NA,62.43298,NA,NA,11.625,NA,NA,NA,NA,NA,30.38974424675
"4250",2021-07-14 15:39:05,20,NA,62.4329372222222,NA,NA,11.625,NA,NA,NA,NA,NA,30.3897565651458
"4251",2021-07-14 15:39:10,55,NA,62.4328944444445,NA,NA,11.625,NA,NA,NA,NA,NA,83.5718644297396
"4252",2021-07-14 15:39:15,521,NA,62.4328516666667,NA,NA,11.625,NA,NA,NA,NA,NA,791.653800310472
"4253",2021-07-14 15:39:20,561,NA,62.4328088888889,NA,NA,11.625,NA,NA,NA,NA,NA,852.43370824535
"4254",2021-07-14 15:39:25,20,NA,62.4327661111111,NA,NA,11.625,NA,NA,NA,NA,NA,30.3898058387292
"4255",2021-07-14 15:39:30,20,NA,62.4327233333333,NA,NA,11.625,NA,NA,NA,NA,NA,30.389818157125
"4256",2021-07-14 15:39:35,20,NA,62.4326805555556,NA,NA,11.625,NA,NA,NA,NA,NA,30.3898304755208
"4257",2021-07-14 15:39:40,20,NA,62.4326377777778,NA,NA,11.625,NA,NA,NA,NA,NA,30.3898427939167
"4258",2021-07-14 15:39:45,20,NA,62.432595,NA,NA,11.625,NA,NA,NA,NA,NA,30.3898551123125
"4259",2021-07-14 15:39:50,20,NA,62.4325522222222,NA,NA,11.625,NA,NA,NA,NA,NA,30.3898674307083
"4260",2021-07-14 15:39:55,20,NA,62.4325094444444,NA,NA,11.625,NA,NA,NA,NA,NA,30.3898797491042
"4261",2021-07-14 15:40:00,35,NA,62.4324666666667,NA,NA,11.625,NA,NA,NA,NA,NA,53.182311118125
"4262",2021-07-14 15:40:05,506,NA,62.4324238888889,NA,NA,11.625,NA,NA,NA,NA,NA,768.864580963165
"4263",2021-07-14 15:40:10,321,NA,62.4323811111111,NA,NA,11.625,NA,NA,NA,NA,NA,487.758163103881
"4264",2021-07-14 15:40:15,351,NA,62.4323383333333,NA,NA,11.625,NA,NA,NA,NA,NA,533.343254348166
"4265",2021-07-14 15:40:20,346,NA,62.4322955555556,NA,NA,11.625,NA,NA,NA,NA,NA,525.745985200742
"4266",2021-07-14 15:40:25,576,NA,62.4322527777778,NA,NA,11.625,NA,NA,NA,NA,NA,875.230665393
"4267",2021-07-14 15:40:30,486,NA,62.43221,NA,NA,11.625,NA,NA,NA,NA,NA,738.476173262363
"4268",2021-07-14 15:40:35,451,NA,62.4321672222222,NA,NA,11.625,NA,NA,NA,NA,NA,685.294010580907
"4269",2021-07-14 15:40:40,416,NA,62.4321244444444,NA,NA,11.625,NA,NA,NA,NA,NA,632.111804785067
"4270",2021-07-14 15:40:45,626,NA,62.4320816666667,NA,NA,11.625,NA,NA,NA,NA,NA,951.207091804856
"4271",2021-07-14 15:40:50,802,NA,62.4320388888889,NA,NA,11.625,NA,NA,NA,NA,NA,1218.63961158348
"4272",2021-07-14 15:40:55,867,NA,62.4319961111111,NA,NA,11.625,NA,NA,NA,NA,NA,1317.40769515318
"4273",2021-07-14 15:41:00,1148,NA,62.4319533333333,NA,NA,11.625,NA,NA,NA,NA,NA,1744.38828958555
"4274",2021-07-14 15:41:05,1303,NA,62.4319105555556,NA,NA,11.625,NA,NA,NA,NA,NA,1979.91190126298
"4275",2021-07-14 15:41:10,1128,NA,62.4318677777778,NA,NA,11.625,NA,NA,NA,NA,NA,1713.99963921235
"4276",2021-07-14 15:41:15,1674,NA,62.431825,NA,NA,11.625,NA,NA,NA,NA,NA,2543.64943179572
"4277",2021-07-14 15:41:20,1794,NA,62.4317822222222,NA,NA,11.625,NA,NA,NA,NA,NA,2725.99099781645
"4278",2021-07-14 15:41:25,2025,NA,62.4317394444444,NA,NA,11.625,NA,NA,NA,NA,NA,3076.9977748732
"4279",2021-07-14 15:41:30,2170,NA,62.4316966666667,NA,NA,11.625,NA,NA,NA,NA,NA,3297.32734715081
"4280",2021-07-14 15:41:35,2391,NA,62.4316538888889,NA,NA,11.625,NA,NA,NA,NA,NA,3633.13957728984
"4281",2021-07-14 15:41:40,2451,NA,62.4316111111111,NA,NA,11.625,NA,NA,NA,NA,NA,3724.31146526031
"4282",2021-07-14 15:41:45,1809,NA,62.4315683333333,NA,NA,11.625,NA,NA,NA,NA,NA,2748.78913568234
"4283",2021-07-14 15:41:50,2381,NA,62.4315255555556,NA,NA,11.625,NA,NA,NA,NA,NA,3617.9489137464
"4284",2021-07-14 15:41:55,2661,NA,62.4314827777778,NA,NA,11.625,NA,NA,NA,NA,NA,4043.41283571988
"4285",2021-07-14 15:42:00,2782,NA,62.43144,NA,NA,11.625,NA,NA,NA,NA,NA,4227.2751103219
"4286",2021-07-14 15:42:05,2892,NA,62.4313972222222,NA,NA,11.625,NA,NA,NA,NA,NA,4394.42292396144
"4287",2021-07-14 15:42:10,3568,NA,62.4313544444444,NA,NA,11.625,NA,NA,NA,NA,NA,5421.61388248923
"4288",2021-07-14 15:42:15,2746,NA,62.4313116666667,NA,NA,11.625,NA,NA,NA,NA,NA,4172.57784639294
"4289",2021-07-14 15:42:20,2691,NA,62.4312688888889,NA,NA,11.625,NA,NA,NA,NA,NA,4089.00638600659
"4290",2021-07-14 15:42:25,2396,NA,62.4312261111111,NA,NA,11.625,NA,NA,NA,NA,NA,3640.7518662573
"4291",2021-07-14 15:42:30,2431,NA,62.4311833333333,NA,NA,11.625,NA,NA,NA,NA,NA,3693.93629983503
"4292",2021-07-14 15:42:35,2446,NA,62.4311405555556,NA,NA,11.625,NA,NA,NA,NA,NA,3716.73050258937
"4293",2021-07-14 15:42:40,2872,NA,62.4310977777778,NA,NA,11.625,NA,NA,NA,NA,NA,4364.04510638553
"4294",2021-07-14 15:42:45,2576,NA,62.431055,NA,NA,11.625,NA,NA,NA,NA,NA,3914.27045640365
"4295",2021-07-14 15:42:50,2491,NA,62.4310122222222,NA,NA,11.625,NA,NA,NA,NA,NA,3785.11322171796
"4296",2021-07-14 15:42:55,3779,NA,62.4309694444445,NA,NA,11.625,NA,NA,NA,NA,NA,5742.25157078537
"4297",2021-07-14 15:43:00,2481,NA,62.4309266666667,NA,NA,11.625,NA,NA,NA,NA,NA,3769.92112246549
"4298",2021-07-14 15:43:05,2366,NA,62.4308838888889,NA,NA,11.625,NA,NA,NA,NA,NA,3595.17815043565
"4299",2021-07-14 15:43:10,2040,NA,62.4308411111111,NA,NA,11.625,NA,NA,NA,NA,NA,3099.81673698725
"4300",2021-07-14 15:43:15,2346,NA,62.4307983333333,NA,NA,11.625,NA,NA,NA,NA,NA,3564.79069248317
"4301",2021-07-14 15:43:20,2396,NA,62.4307555555556,NA,NA,11.625,NA,NA,NA,NA,NA,3640.76809943933
"4302",2021-07-14 15:43:25,2541,NA,62.4307127777778,NA,NA,11.625,NA,NA,NA,NA,NA,3861.09995431569
"4303",2021-07-14 15:43:30,2315,NA,62.43067,NA,NA,11.625,NA,NA,NA,NA,NA,3517.68989269447
"4304",2021-07-14 15:43:35,2461,NA,62.4306272222222,NA,NA,11.625,NA,NA,NA,NA,NA,3739.54139738599
"4305",2021-07-14 15:43:40,2401,NA,62.4305844444444,NA,NA,11.625,NA,NA,NA,NA,NA,3648.37161093385
"4306",2021-07-14 15:43:45,2541,NA,62.4305416666667,NA,NA,11.625,NA,NA,NA,NA,NA,3861.10621452445
"4307",2021-07-14 15:43:50,2030,NA,62.4304988888889,NA,NA,11.625,NA,NA,NA,NA,NA,3084.6315594414
"4308",2021-07-14 15:43:55,2175,NA,62.4304561111111,NA,NA,11.625,NA,NA,NA,NA,NA,3304.96372474133
"4309",2021-07-14 15:44:00,2295,NA,62.4304133333333,NA,NA,11.625,NA,NA,NA,NA,NA,3487.30796446988
"4310",2021-07-14 15:44:05,2235,NA,62.4303705555556,NA,NA,11.625,NA,NA,NA,NA,NA,3396.13789099911
"4311",2021-07-14 15:44:10,1980,NA,62.4303277777778,NA,NA,11.625,NA,NA,NA,NA,NA,3008.66029074188
"4312",2021-07-14 15:44:15,1403,NA,62.430285,NA,NA,11.625,NA,NA,NA,NA,NA,2131.89499944398
"4313",2021-07-14 15:44:20,1418,NA,62.4302422222222,NA,NA,11.625,NA,NA,NA,NA,NA,2154.68876304751
"4314",2021-07-14 15:44:25,1569,NA,62.4301994444444,NA,NA,11.625,NA,NA,NA,NA,NA,2384.13825073749
"4315",2021-07-14 15:44:30,1539,NA,62.4301566666667,NA,NA,11.625,NA,NA,NA,NA,NA,2338.55338122433
"4316",2021-07-14 15:44:35,576,NA,62.4301138888889,NA,NA,11.625,NA,NA,NA,NA,NA,875.248403883
"4317",2021-07-14 15:44:40,346,NA,62.4300711111111,NA,NA,11.625,NA,NA,NA,NA,NA,525.757066829633
"4318",2021-07-14 15:44:45,571,NA,62.4300283333333,NA,NA,11.625,NA,NA,NA,NA,NA,867.651464868584
"4319",2021-07-14 15:44:50,35,NA,62.4299855555556,NA,NA,11.625,NA,NA,NA,NA,NA,53.1835614353021
"4320",2021-07-14 15:44:55,20,NA,62.4299427777778,NA,NA,11.625,NA,NA,NA,NA,NA,30.3906188528542
"4321",2021-07-14 15:45:00,391,NA,62.4299,6.714,64.004,11.625,"Stn02",64.004,0.160514125,0.020939666,NA,594.136839397937
"4322",2021-07-14 15:45:05,336,NA,62.4298583333333,NA,NA,11.6244611111111,NA,NA,NA,NA,NA,510.561945336836
"4323",2021-07-14 15:45:10,351,NA,62.4298166666667,NA,NA,11.6239222222222,NA,NA,NA,NA,NA,533.354201594028
"4324",2021-07-14 15:45:15,391,NA,62.429775,NA,NA,11.6233833333333,NA,NA,NA,NA,NA,594.134541083029
"4325",2021-07-14 15:45:20,536,NA,62.4297333333333,NA,NA,11.6228444444444,NA,NA,NA,NA,NA,814.464714545762
"4326",2021-07-14 15:45:25,316,NA,62.4296916666667,NA,NA,11.6223055555556,NA,NA,NA,NA,NA,480.168876733115
"4327",2021-07-14 15:45:30,406,NA,62.42965,NA,NA,11.6217666666667,NA,NA,NA,NA,NA,616.925039797877
"4328",2021-07-14 15:45:35,441,NA,62.4296083333333,NA,NA,11.6212277777778,NA,NA,NA,NA,NA,670.107368807088
"4329",2021-07-14 15:45:40,727,NA,62.4295666666667,NA,NA,11.6206888888889,NA,NA,NA,NA,NA,1104.68804747905
"4330",2021-07-14 15:45:45,762,NA,62.429525,NA,NA,11.62015,NA,NA,NA,NA,NA,1157.86961037619
"4331",2021-07-14 15:45:50,757,NA,62.4294833333333,NA,NA,11.6196111111111,NA,NA,NA,NA,NA,1150.27055751582
"4332",2021-07-14 15:45:55,692,NA,62.4294416666667,NA,NA,11.6190722222222,NA,NA,NA,NA,NA,1051.50092390866
"4333",2021-07-14 15:46:00,576,NA,62.4294,NA,NA,11.6185333333333,NA,NA,NA,NA,NA,875.23663465751
"4334",2021-07-14 15:46:05,762,NA,62.4293583333333,NA,NA,11.6179944444444,NA,NA,NA,NA,NA,1157.86363822574
"4335",2021-07-14 15:46:10,992,NA,62.4293166666667,NA,NA,11.6174555555556,NA,NA,NA,NA,NA,1507.34809451812
"4336",2021-07-14 15:46:15,912,NA,62.429275,NA,NA,11.6169166666667,NA,NA,NA,NA,NA,1385.78597736594
"4337",2021-07-14 15:46:20,1198,NA,62.4292333333333,NA,NA,11.6163777777778,NA,NA,NA,NA,NA,1820.36125012846
"4338",2021-07-14 15:46:25,717,NA,62.4291916666667,NA,NA,11.6158388888889,NA,NA,NA,NA,NA,1089.48024482719
"4339",2021-07-14 15:46:30,1002,NA,62.42915,NA,NA,11.6153,NA,NA,NA,NA,NA,1522.53528261029
"4340",2021-07-14 15:46:35,1058,NA,62.4291083333333,NA,NA,11.6147611111111,NA,NA,NA,NA,NA,1607.62500182571
"4341",2021-07-14 15:46:40,912,NA,62.4290666666667,NA,NA,11.6142222222222,NA,NA,NA,NA,NA,1385.77704259277
"4342",2021-07-14 15:46:45,972,NA,62.429025,NA,NA,11.6136833333333,NA,NA,NA,NA,NA,1476.94468034528
"4343",2021-07-14 15:46:50,882,NA,62.4289833333333,NA,NA,11.6131444444444,NA,NA,NA,NA,NA,1340.18881509591
"4344",2021-07-14 15:46:55,987,NA,62.4289416666667,NA,NA,11.6126055555556,NA,NA,NA,NA,NA,1499.73316868921
"4345",2021-07-14 15:47:00,932,NA,62.4289,NA,NA,11.6120666666667,NA,NA,NA,NA,NA,1416.1595854152
"4346",2021-07-14 15:47:05,932,NA,62.4288583333333,NA,NA,11.6115277777778,NA,NA,NA,NA,NA,1416.15775925978
"4347",2021-07-14 15:47:10,702,NA,62.4288166666667,NA,NA,11.6109888888889,NA,NA,NA,NA,NA,1066.67539167161
"4348",2021-07-14 15:47:15,481,NA,62.428775,NA,NA,11.61045,NA,NA,NA,NA,NA,730.869233304426
"4349",2021-07-14 15:47:20,466,NA,62.4287333333333,NA,NA,11.6099111111111,NA,NA,NA,NA,NA,708.076140391112
"4350",2021-07-14 15:47:25,406,NA,62.4286916666667,NA,NA,11.6093722222222,NA,NA,NA,NA,NA,616.906743106678
"4351",2021-07-14 15:47:30,361,NA,62.42865,NA,NA,11.6088333333333,NA,NA,NA,NA,NA,548.529672609497
"4352",2021-07-14 15:47:35,451,NA,62.4286083333333,NA,NA,11.6082944444444,NA,NA,NA,NA,NA,685.281338875278
"4353",2021-07-14 15:47:40,481,NA,62.4285666666667,NA,NA,11.6077555555556,NA,NA,NA,NA,NA,730.864520937009
"4354",2021-07-14 15:47:45,722,NA,62.428525,NA,NA,11.6072166666667,NA,NA,NA,NA,NA,1097.05510114046
"4355",2021-07-14 15:47:50,702,NA,62.4284833333333,NA,NA,11.6066777777778,NA,NA,NA,NA,NA,1066.66438765121
"4356",2021-07-14 15:47:55,621,NA,62.4284416666667,NA,NA,11.6061388888889,NA,NA,NA,NA,NA,943.586510741246
"4357",2021-07-14 15:48:00,601,NA,62.4284,NA,NA,11.6056,NA,NA,NA,NA,NA,913.196073526763
"4358",2021-07-14 15:48:05,937,NA,62.4283583333333,NA,NA,11.6050611111111,NA,NA,NA,NA,NA,1423.73314055497
"4359",2021-07-14 15:48:10,1113,NA,62.4283166666667,NA,NA,11.6045222222222,NA,NA,NA,NA,NA,1691.1557545307
"4360",2021-07-14 15:48:15,1348,NA,62.428275,NA,NA,11.6039833333333,NA,NA,NA,NA,NA,2048.22553220014
"4361",2021-07-14 15:48:20,1308,NA,62.4282333333333,NA,NA,11.6034444444444,NA,NA,NA,NA,NA,1987.44476356957
"4362",2021-07-14 15:48:25,1418,NA,62.4281916666667,NA,NA,11.6029055555556,NA,NA,NA,NA,NA,2154.58183525
"4363",2021-07-14 15:48:30,1524,NA,62.42815,NA,NA,11.6023666666667,NA,NA,NA,NA,NA,2315.64067879629
"4364",2021-07-14 15:48:35,1694,NA,62.4281083333333,NA,NA,11.6018277777778,NA,NA,NA,NA,NA,2573.94373445219
"4365",2021-07-14 15:48:40,1819,NA,62.4280666666667,NA,NA,11.6012888888889,NA,NA,NA,NA,NA,2763.87108335318
"4366",2021-07-14 15:48:45,1769,NA,62.428025,NA,NA,11.60075,NA,NA,NA,NA,NA,2687.89534984135
"4367",2021-07-14 15:48:50,1940,NA,62.4279833333333,NA,NA,11.6002111111111,NA,NA,NA,NA,NA,2947.71636754093
"4368",2021-07-14 15:48:55,2180,NA,62.4279416666667,NA,NA,11.5996722222222,NA,NA,NA,NA,NA,3312.3780383408
"4369",2021-07-14 15:49:00,2346,NA,62.4279,NA,NA,11.5991333333333,NA,NA,NA,NA,NA,3564.60039303628
"4370",2021-07-14 15:49:05,2476,NA,62.4278583333333,NA,NA,11.5985944444444,NA,NA,NA,NA,NA,3762.12241745554
"4371",2021-07-14 15:49:10,2506,NA,62.4278166666667,NA,NA,11.5980555555556,NA,NA,NA,NA,NA,3807.70057353437
"4372",2021-07-14 15:49:15,2601,NA,62.427775,NA,NA,11.5975166666667,NA,NA,NA,NA,NA,3952.04166794938
"4373",2021-07-14 15:49:20,2711,NA,62.4277333333333,NA,NA,11.5969777777778,NA,NA,NA,NA,NA,4119.17383511264
"4374",2021-07-14 15:49:25,2777,NA,62.4276916666667,NA,NA,11.5964388888889,NA,NA,NA,NA,NA,4219.45075193147
"4375",2021-07-14 15:49:30,2832,NA,62.42765,NA,NA,11.5959,NA,NA,NA,NA,NA,4303.01372683604
"4376",2021-07-14 15:49:35,2887,NA,62.4276083333333,NA,NA,11.5953611111111,NA,NA,NA,NA,NA,4386.57648619496
"4377",2021-07-14 15:49:40,20,NA,62.4275666666667,NA,NA,11.5948222222222,NA,NA,NA,NA,NA,30.388436641794
"4378",2021-07-14 15:49:45,20,NA,62.427525,NA,NA,11.5942833333333,NA,NA,NA,NA,NA,30.3883974526161
"4379",2021-07-14 15:49:50,20,NA,62.4274833333333,NA,NA,11.5937444444444,NA,NA,NA,NA,NA,30.3883582633978
"4380",2021-07-14 15:49:55,20,NA,62.4274416666667,NA,NA,11.5932055555556,NA,NA,NA,NA,NA,30.3883190741391
"4381",2021-07-14 15:50:00,20,NA,62.4274,NA,NA,11.5926666666667,NA,NA,NA,NA,NA,30.38827988484
"4382",2021-07-14 15:50:05,20,NA,62.4273583333333,NA,NA,11.5921277777778,NA,NA,NA,NA,NA,30.3882406955005
"4383",2021-07-14 15:50:10,20,NA,62.4273166666667,NA,NA,11.5915888888889,NA,NA,NA,NA,NA,30.3882015061205
"4384",2021-07-14 15:50:15,15,NA,62.427275,NA,NA,11.59105,NA,NA,NA,NA,NA,22.7911217375251
"4385",2021-07-14 15:50:20,20,NA,62.4272333333333,NA,NA,11.5905111111111,NA,NA,NA,NA,NA,30.3881231272393
"4386",2021-07-14 15:50:25,20,NA,62.4271916666667,NA,NA,11.5899722222222,NA,NA,NA,NA,NA,30.3880839377381
"4387",2021-07-14 15:50:30,20,NA,62.42715,NA,NA,11.5894333333333,NA,NA,NA,NA,NA,30.3880447481965
"4388",2021-07-14 15:50:35,20,NA,62.4271083333333,NA,NA,11.5888944444444,NA,NA,NA,NA,NA,30.3880055586145
"4389",2021-07-14 15:50:40,20,NA,62.4270666666667,NA,NA,11.5883555555556,NA,NA,NA,NA,NA,30.387966368992
"4390",2021-07-14 15:50:45,20,NA,62.427025,NA,NA,11.5878166666667,NA,NA,NA,NA,NA,30.3879271793291
"4391",2021-07-14 15:50:50,20,NA,62.4269833333333,NA,NA,11.5872777777778,NA,NA,NA,NA,NA,30.3878879896258
"4392",2021-07-14 15:50:55,20,NA,62.4269416666667,NA,NA,11.5867388888889,NA,NA,NA,NA,NA,30.3878487998821
"4393",2021-07-14 15:51:00,20,NA,62.4269,NA,NA,11.5862,NA,NA,NA,NA,NA,30.387809610098
"4394",2021-07-14 15:51:05,20,NA,62.4268583333333,NA,NA,11.5856611111111,NA,NA,NA,NA,NA,30.3877704202735
"4395",2021-07-14 15:51:10,20,NA,62.4268166666667,NA,NA,11.5851222222222,NA,NA,NA,NA,NA,30.3877312304085
"4396",2021-07-14 15:51:15,20,NA,62.426775,NA,NA,11.5845833333333,NA,NA,NA,NA,NA,30.3876920405031
"4397",2021-07-14 15:51:20,20,NA,62.4267333333333,NA,NA,11.5840444444444,NA,NA,NA,NA,NA,30.3876528505573
"4398",2021-07-14 15:51:25,20,NA,62.4266916666667,NA,NA,11.5835055555556,NA,NA,NA,NA,NA,30.3876136605711
"4399",2021-07-14 15:51:30,20,NA,62.42665,NA,NA,11.5829666666667,NA,NA,NA,NA,NA,30.3875744705445
"4400",2021-07-14 15:51:35,20,NA,62.4266083333333,NA,NA,11.5824277777778,NA,NA,NA,NA,NA,30.3875352804775
"4401",2021-07-14 15:51:40,20,NA,62.4265666666667,NA,NA,11.5818888888889,NA,NA,NA,NA,NA,30.38749609037
"4402",2021-07-14 15:51:45,20,NA,62.426525,NA,NA,11.58135,NA,NA,NA,NA,NA,30.3874569002221
"4403",2021-07-14 15:51:50,20,NA,62.4264833333333,NA,NA,11.5808111111111,NA,NA,NA,NA,NA,30.3874177100338
"4404",2021-07-14 15:51:55,20,NA,62.4264416666667,NA,NA,11.5802722222222,NA,NA,NA,NA,NA,30.3873785198051
"4405",2021-07-14 15:52:00,20,NA,62.4264,NA,NA,11.5797333333333,NA,NA,NA,NA,NA,30.387339329536
"4406",2021-07-14 15:52:05,20,NA,62.4263583333333,NA,NA,11.5791944444444,NA,NA,NA,NA,NA,30.3873001392265
"4407",2021-07-14 15:52:10,20,NA,62.4263166666667,NA,NA,11.5786555555556,NA,NA,NA,NA,NA,30.3872609488765
"4408",2021-07-14 15:52:15,20,NA,62.426275,NA,NA,11.5781166666667,NA,NA,NA,NA,NA,30.3872217584861
"4409",2021-07-14 15:52:20,20,NA,62.4262333333333,NA,NA,11.5775777777778,NA,NA,NA,NA,NA,30.3871825680553
"4410",2021-07-14 15:52:25,20,NA,62.4261916666667,NA,NA,11.5770388888889,NA,NA,NA,NA,NA,30.3871433775841
"4411",2021-07-14 15:52:30,20,NA,62.42615,NA,NA,11.5765,NA,NA,NA,NA,NA,30.3871041870725
"4412",2021-07-14 15:52:35,20,NA,62.4261083333333,NA,NA,11.5759611111111,NA,NA,NA,NA,NA,30.3870649965205
"4413",2021-07-14 15:52:40,20,NA,62.4260666666667,NA,NA,11.5754222222222,NA,NA,NA,NA,NA,30.387025805928
"4414",2021-07-14 15:52:45,20,NA,62.426025,NA,NA,11.5748833333333,NA,NA,NA,NA,NA,30.3869866152951
"4415",2021-07-14 15:52:50,20,NA,62.4259833333333,NA,NA,11.5743444444444,NA,NA,NA,NA,NA,30.3869474246218
"4416",2021-07-14 15:52:55,20,NA,62.4259416666667,NA,NA,11.5738055555556,NA,NA,NA,NA,NA,30.3869082339081
"4417",2021-07-14 15:53:00,20,NA,62.4259,NA,NA,11.5732666666667,NA,NA,NA,NA,NA,30.386869043154
"4418",2021-07-14 15:53:05,20,NA,62.4258583333333,NA,NA,11.5727277777778,NA,NA,NA,NA,NA,30.3868298523595
"4419",2021-07-14 15:53:10,20,NA,62.4258166666667,NA,NA,11.5721888888889,NA,NA,NA,NA,NA,30.3867906615245
"4420",2021-07-14 15:53:15,20,NA,62.425775,NA,NA,11.57165,NA,NA,NA,NA,NA,30.3867514706491
"4421",2021-07-14 15:53:20,20,NA,62.4257333333333,NA,NA,11.5711111111111,NA,NA,NA,NA,NA,30.3867122797333
"4422",2021-07-14 15:53:25,20,NA,62.4256916666667,NA,NA,11.5705722222222,NA,NA,NA,NA,NA,30.3866730887771
"4423",2021-07-14 15:53:30,20,NA,62.42565,NA,NA,11.5700333333333,NA,NA,NA,NA,NA,30.3866338977805
"4424",2021-07-14 15:53:35,20,NA,62.4256083333333,NA,NA,11.5694944444444,NA,NA,NA,NA,NA,30.3865947067435
"4425",2021-07-14 15:53:40,20,NA,62.4255666666667,NA,NA,11.5689555555556,NA,NA,NA,NA,NA,30.386555515666
"4426",2021-07-14 15:53:45,20,NA,62.425525,NA,NA,11.5684166666667,NA,NA,NA,NA,NA,30.3865163245481
"4427",2021-07-14 15:53:50,20,NA,62.4254833333333,NA,NA,11.5678777777778,NA,NA,NA,NA,NA,30.3864771333898
"4428",2021-07-14 15:53:55,20,NA,62.4254416666667,NA,NA,11.5673388888889,NA,NA,NA,NA,NA,30.3864379421911
"4429",2021-07-14 15:54:00,20,NA,62.4254,NA,NA,11.5668,NA,NA,NA,NA,NA,30.386398750952
"4430",2021-07-14 15:54:05,20,NA,62.4253583333333,NA,NA,11.5662611111111,NA,NA,NA,NA,NA,30.3863595596725
"4431",2021-07-14 15:54:10,20,NA,62.4253166666667,NA,NA,11.5657222222222,NA,NA,NA,NA,NA,30.3863203683525
"4432",2021-07-14 15:54:15,20,NA,62.425275,NA,NA,11.5651833333333,NA,NA,NA,NA,NA,30.3862811769921
"4433",2021-07-14 15:54:20,20,NA,62.4252333333333,NA,NA,11.5646444444444,NA,NA,NA,NA,NA,30.3862419855913
"4434",2021-07-14 15:54:25,20,NA,62.4251916666667,NA,NA,11.5641055555556,NA,NA,NA,NA,NA,30.3862027941501
"4435",2021-07-14 15:54:30,20,NA,62.42515,NA,NA,11.5635666666667,NA,NA,NA,NA,NA,30.3861636026685
"4436",2021-07-14 15:54:35,20,NA,62.4251083333333,NA,NA,11.5630277777778,NA,NA,NA,NA,NA,30.3861244111465
"4437",2021-07-14 15:54:40,20,NA,62.4250666666667,NA,NA,11.5624888888889,NA,NA,NA,NA,NA,30.386085219584
"4438",2021-07-14 15:54:45,20,NA,62.425025,NA,NA,11.56195,NA,NA,NA,NA,NA,30.3860460279811
"4439",2021-07-14 15:54:50,20,NA,62.4249833333333,NA,NA,11.5614111111111,NA,NA,NA,NA,NA,30.3860068363378
"4440",2021-07-14 15:54:55,20,NA,62.4249416666667,NA,NA,11.5608722222222,NA,NA,NA,NA,NA,30.3859676446541
"4441",2021-07-14 15:55:00,20,NA,62.4249,NA,NA,11.5603333333333,NA,NA,NA,NA,NA,30.38592845293
"4442",2021-07-14 15:55:05,20,NA,62.4248583333333,NA,NA,11.5597944444444,NA,NA,NA,NA,NA,30.3858892611655
"4443",2021-07-14 15:55:10,20,NA,62.4248166666667,NA,NA,11.5592555555556,NA,NA,NA,NA,NA,30.3858500693605
"4444",2021-07-14 15:55:15,20,NA,62.424775,NA,NA,11.5587166666667,NA,NA,NA,NA,NA,30.3858108775151
"4445",2021-07-14 15:55:20,20,NA,62.4247333333333,NA,NA,11.5581777777778,NA,NA,NA,NA,NA,30.3857716856293
"4446",2021-07-14 15:55:25,20,NA,62.4246916666667,NA,NA,11.5576388888889,NA,NA,NA,NA,NA,30.3857324937031
"4447",2021-07-14 15:55:30,20,NA,62.42465,NA,NA,11.5571,NA,NA,NA,NA,NA,30.3856933017365
"4448",2021-07-14 15:55:35,20,NA,62.4246083333333,NA,NA,11.5565611111111,NA,NA,NA,NA,NA,30.3856541097295
"4449",2021-07-14 15:55:40,20,NA,62.4245666666667,NA,NA,11.5560222222222,NA,NA,NA,NA,NA,30.385614917682
"4450",2021-07-14 15:55:45,20,NA,62.424525,NA,NA,11.5554833333333,NA,NA,NA,NA,NA,30.3855757255941
"4451",2021-07-14 15:55:50,20,NA,62.4244833333333,NA,NA,11.5549444444444,NA,NA,NA,NA,NA,30.3855365334658
"4452",2021-07-14 15:55:55,20,NA,62.4244416666667,NA,NA,11.5544055555556,NA,NA,NA,NA,NA,30.3854973412971
"4453",2021-07-14 15:56:00,20,NA,62.4244,NA,NA,11.5538666666667,NA,NA,NA,NA,NA,30.385458149088
"4454",2021-07-14 15:56:05,20,NA,62.4243583333333,NA,NA,11.5533277777778,NA,NA,NA,NA,NA,30.3854189568385
"4455",2021-07-14 15:56:10,20,NA,62.4243166666667,NA,NA,11.5527888888889,NA,NA,NA,NA,NA,30.3853797645485
"4456",2021-07-14 15:56:15,20,NA,62.424275,NA,NA,11.55225,NA,NA,NA,NA,NA,30.3853405722181
"4457",2021-07-14 15:56:20,20,NA,62.4242333333333,NA,NA,11.5517111111111,NA,NA,NA,NA,NA,30.3853013798473
"4458",2021-07-14 15:56:25,20,NA,62.4241916666667,NA,NA,11.5511722222222,NA,NA,NA,NA,NA,30.3852621874361
"4459",2021-07-14 15:56:30,20,NA,62.42415,NA,NA,11.5506333333333,NA,NA,NA,NA,NA,30.3852229949845
"4460",2021-07-14 15:56:35,20,NA,62.4241083333333,NA,NA,11.5500944444444,NA,NA,NA,NA,NA,30.3851838024925
"4461",2021-07-14 15:56:40,20,NA,62.4240666666667,NA,NA,11.5495555555556,NA,NA,NA,NA,NA,30.38514460996
"4462",2021-07-14 15:56:45,20,NA,62.424025,NA,NA,11.5490166666667,NA,NA,NA,NA,NA,30.3851054173871
"4463",2021-07-14 15:56:50,20,NA,62.4239833333333,NA,NA,11.5484777777778,NA,NA,NA,NA,NA,30.3850662247738
"4464",2021-07-14 15:56:55,20,NA,62.4239416666667,NA,NA,11.5479388888889,NA,NA,NA,NA,NA,30.3850270321201
"4465",2021-07-14 15:57:00,20,NA,62.4239,NA,NA,11.5474,NA,NA,NA,NA,NA,30.384987839426
"4466",2021-07-14 15:57:05,20,NA,62.4238583333333,NA,NA,11.5468611111111,NA,NA,NA,NA,NA,30.3849486466915
"4467",2021-07-14 15:57:10,20,NA,62.4238166666667,NA,NA,11.5463222222222,NA,NA,NA,NA,NA,30.3849094539165
"4468",2021-07-14 15:57:15,20,NA,62.423775,NA,NA,11.5457833333333,NA,NA,NA,NA,NA,30.3848702611011
"4469",2021-07-14 15:57:20,20,NA,62.4237333333333,NA,NA,11.5452444444444,NA,NA,NA,NA,NA,30.3848310682453
"4470",2021-07-14 15:57:25,20,NA,62.4236916666667,NA,NA,11.5447055555556,NA,NA,NA,NA,NA,30.3847918753491
"4471",2021-07-14 15:57:30,20,NA,62.42365,NA,NA,11.5441666666667,NA,NA,NA,NA,NA,30.3847526824125
"4472",2021-07-14 15:57:35,20,NA,62.4236083333333,NA,NA,11.5436277777778,NA,NA,NA,NA,NA,30.3847134894355
"4473",2021-07-14 15:57:40,20,NA,62.4235666666667,NA,NA,11.5430888888889,NA,NA,NA,NA,NA,30.384674296418
"4474",2021-07-14 15:57:45,20,NA,62.423525,NA,NA,11.54255,NA,NA,NA,NA,NA,30.3846351033601
"4475",2021-07-14 15:57:50,20,NA,62.4234833333333,NA,NA,11.5420111111111,NA,NA,NA,NA,NA,30.3845959102618
"4476",2021-07-14 15:57:55,20,NA,62.4234416666667,NA,NA,11.5414722222222,NA,NA,NA,NA,NA,30.3845567171231
"4477",2021-07-14 15:58:00,20,NA,62.4234,NA,NA,11.5409333333333,NA,NA,NA,NA,NA,30.384517523944
"4478",2021-07-14 15:58:05,20,NA,62.4233583333333,NA,NA,11.5403944444444,NA,NA,NA,NA,NA,30.3844783307245
"4479",2021-07-14 15:58:10,20,NA,62.4233166666667,NA,NA,11.5398555555556,NA,NA,NA,NA,NA,30.3844391374645
"4480",2021-07-14 15:58:15,20,NA,62.423275,NA,NA,11.5393166666667,NA,NA,NA,NA,NA,30.3843999441641
"4481",2021-07-14 15:58:20,20,NA,62.4232333333333,NA,NA,11.5387777777778,NA,NA,NA,NA,NA,30.3843607508233
"4482",2021-07-14 15:58:25,20,NA,62.4231916666667,NA,NA,11.5382388888889,NA,NA,NA,NA,NA,30.3843215574421
"4483",2021-07-14 15:58:30,20,NA,62.42315,NA,NA,11.5377,NA,NA,NA,NA,NA,30.3842823640205
"4484",2021-07-14 15:58:35,20,NA,62.4231083333333,NA,NA,11.5371611111111,NA,NA,NA,NA,NA,30.3842431705585
"4485",2021-07-14 15:58:40,20,NA,62.4230666666667,NA,NA,11.5366222222222,NA,NA,NA,NA,NA,30.384203977056
"4486",2021-07-14 15:58:45,20,NA,62.423025,NA,NA,11.5360833333333,NA,NA,NA,NA,NA,30.3841647835131
"4487",2021-07-14 15:58:50,20,NA,62.4229833333333,NA,NA,11.5355444444444,NA,NA,NA,NA,NA,30.3841255899298
"4488",2021-07-14 15:58:55,20,NA,62.4229416666667,NA,NA,11.5350055555556,NA,NA,NA,NA,NA,30.3840863963061
"4489",2021-07-14 15:59:00,20,NA,62.4229,NA,NA,11.5344666666667,NA,NA,NA,NA,NA,30.384047202642
"4490",2021-07-14 15:59:05,20,NA,62.4228583333333,NA,NA,11.5339277777778,NA,NA,NA,NA,NA,30.3840080089375
"4491",2021-07-14 15:59:10,20,NA,62.4228166666667,NA,NA,11.5333888888889,NA,NA,NA,NA,NA,30.3839688151925
"4492",2021-07-14 15:59:15,20,NA,62.422775,NA,NA,11.53285,NA,NA,NA,NA,NA,30.3839296214071
"4493",2021-07-14 15:59:20,20,NA,62.4227333333333,NA,NA,11.5323111111111,NA,NA,NA,NA,NA,30.3838904275813
"4494",2021-07-14 15:59:25,20,NA,62.4226916666667,NA,NA,11.5317722222222,NA,NA,NA,NA,NA,30.3838512337151
"4495",2021-07-14 15:59:30,20,NA,62.42265,NA,NA,11.5312333333333,NA,NA,NA,NA,NA,30.3838120398085
"4496",2021-07-14 15:59:35,20,NA,62.4226083333333,NA,NA,11.5306944444444,NA,NA,NA,NA,NA,30.3837728458615
"4497",2021-07-14 15:59:40,20,NA,62.4225666666667,NA,NA,11.5301555555556,NA,NA,NA,NA,NA,30.383733651874
"4498",2021-07-14 15:59:45,20,NA,62.422525,NA,NA,11.5296166666667,NA,NA,NA,NA,NA,30.3836944578461
"4499",2021-07-14 15:59:50,20,NA,62.4224833333333,NA,NA,11.5290777777778,NA,NA,NA,NA,NA,30.3836552637778
"4500",2021-07-14 15:59:55,20,NA,62.4224416666667,NA,NA,11.5285388888889,NA,NA,NA,NA,NA,30.3836160696691
"4501",2021-07-14 16:00:00,20,NA,62.4224,6.701,63.99,11.528,"Stn02",63.99,0.159851307,0.020719126,NA,30.38357687552
