"","X","date","GPP_mean","GPP_se_mean","GPP_sd","GPP_2.5pct","GPP_25pct","GPP_50pct","GPP_75pct","GPP_97.5pct","GPP_n_eff","GPP_Rhat","ER_mean","ER_se_mean","ER_sd","ER_2.5pct","ER_25pct","ER_50pct","ER_75pct","ER_97.5pct","ER_n_eff","ER_Rhat","DO_R2_mean","DO_R2_se_mean","DO_R2_sd","DO_R2_2.5pct","DO_R2_25pct","DO_R2_50pct","DO_R2_75pct","DO_R2_97.5pct","DO_R2_n_eff","DO_R2_Rhat","GPP_daily_mean","GPP_daily_se_mean","GPP_daily_sd","GPP_daily_2.5pct","GPP_daily_25pct","GPP_daily_50pct","GPP_daily_75pct","GPP_daily_97.5pct","GPP_daily_n_eff","GPP_daily_Rhat","ER_daily_mean","ER_daily_se_mean","ER_daily_sd","ER_daily_2.5pct","ER_daily_25pct","ER_daily_50pct","ER_daily_75pct","ER_daily_97.5pct","ER_daily_n_eff","ER_daily_Rhat","K600_daily_mean","K600_daily_se_mean","K600_daily_sd","K600_daily_2.5pct","K600_daily_25pct","K600_daily_50pct","K600_daily_75pct","K600_daily_97.5pct","K600_daily_n_eff","K600_daily_Rhat","K600_daily_predlog_mean","K600_daily_predlog_se_mean","K600_daily_predlog_sd","K600_daily_predlog_2.5pct","K600_daily_predlog_25pct","K600_daily_predlog_50pct","K600_daily_predlog_75pct","K600_daily_predlog_97.5pct","K600_daily_predlog_n_eff","K600_daily_predlog_Rhat","valid_day","warnings","errors","GPP_mean_CO2","GPP_97.5pct_CO2","ER_mean_CO2","ER_97.5pct_CO2"
"1",2,2019-07-13,1.42312449088142,0.00519598638007603,0.0865356319506162,1.25042839885845,1.36664911993205,1.42377358132571,1.48182577498916,1.5909354158803,277.366451980118,1.01189724381623,-4.43608717450064,0.0184343861283001,0.295465076710632,-5.02202075552926,-4.63690205756115,-4.43542690160846,-4.23139203991094,-3.87486548648061,256.894585737144,1.01031620200256,0.999998580437728,6.07492740635981e-07,1.02299795048224e-06,0.99999595238729,0.999998058822595,0.999998869864323,0.9999993352955,0.999999707511491,2.83574609069182,2.52582576737996,1.42312449087858,0.00519598638006566,0.0865356319504431,1.25042839885595,1.36664911992932,1.42377358132286,1.4818257749862,1.59093541587712,277.366451980115,1.01189724381623,-4.43608717450064,0.0184343861283001,0.295465076710632,-5.02202075552925,-4.63690205756115,-4.43542690160846,-4.23139203991094,-3.87486548648061,256.894585737144,1.01031620200256,9.22756883578455,0.0388537020526507,0.648359693447051,8.01393500248244,8.76285242799728,9.21807320528064,9.67737433475746,10.4930139004773,278.462812675256,1.00783526672338,1.80461764794756,0.00259440883375084,0.0433094192529332,1.714619977354,1.77602674855806,1.80642455197695,1.83499561120674,1.884781040939,278.668507498671,1.01247151868931,TRUE,NA,"",1.95679617496195,2.18753619683541,-6.09961986493838,-5.32794004391084
"2",3,2019-07-14,1.79440614080429,0.00634027655398412,0.0974176344439466,1.6023309409649,1.72662513463009,1.79724953817231,1.86305314051877,1.98062327016178,236.07976048711,1.01053731417911,-5.36242431658288,0.0225567245967987,0.341488283007975,-6.01420971264669,-5.60322622368177,-5.36976325988667,-5.1358456203929,-4.67540668635776,229.19204499697,1.01085662851817,0.999998495269108,6.46144339078717e-07,1.08240615052187e-06,0.999995607074284,0.999997936012148,0.999998781735474,0.999999298532029,0.999999688339538,2.80621805919439,2.52721087865791,1.7944061408007,0.00634027655397144,0.0974176344437518,1.6023309409617,1.72662513462664,1.79724953816871,1.86305314051505,1.98062327015782,236.07976048711,1.01053731417911,-5.36242431658288,0.0225567245967987,0.341488283007975,-6.01420971264669,-5.60322622368176,-5.36976325988667,-5.1358456203929,-4.67540668635776,229.19204499697,1.01085662851817,12.6112309147781,0.0533050200579184,0.836764406214368,10.9592840216434,12.0488012344033,12.6146975808882,13.1797409970046,14.2671908382293,246.416720923104,1.00985757835956,2.05212502532676,0.00492609234280466,0.0922700164827857,1.86568505548088,1.99133383324242,2.05395306645161,2.11616973673622,2.22707914611817,350.845652190838,1.01622056116621,TRUE,NA,"",2.4673084436059,2.72335699647245,-7.37333343530146,-6.42868419374192
"3",4,2019-07-15,1.37744698287632,0.00585941117069891,0.08804022976313,1.20797028370701,1.31977969382735,1.37669244451825,1.43609100683199,1.55008475058946,225.763840949281,1.01437921117905,-3.83952370925915,0.0200577192924361,0.272898112031606,-4.35799278356427,-4.01656049630308,-3.83183224780409,-3.65563719479703,-3.32222643824777,185.113445395826,1.01696521104879,0.999997622236057,1.02383619487613e-06,1.73142883941379e-06,0.999992956266665,0.999996795177556,0.999998125715501,0.99999889064039,0.999999507095058,2.85988346347629,2.42348881754471,1.37744698287356,0.00585941117068726,0.088040229762954,1.2079702837046,1.31977969382471,1.3766924445155,1.43609100682912,1.55008475058636,225.763840949276,1.01437921117905,-3.83952370925915,0.0200577192924361,0.272898112031606,-4.35799278356426,-4.01656049630308,-3.83183224780409,-3.65563719479703,-3.32222643824778,185.113445395826,1.01696521104879,9.01375694895122,0.0499733260382169,0.699779481012313,7.70871281517218,8.53529056334886,8.98434740324408,9.47889403365575,10.3692966448211,196.085688298575,1.01546152077301,2.03316761433346,0.0046480567898687,0.0865243443083551,1.85969141654649,1.97670745509522,2.0348405870504,2.09212558873,2.19847857759518,346.524369864181,1.01618017010837,TRUE,NA,"",1.89398960145494,2.13136653206051,-5.27934510023133,-4.56806135259068
"4",7,2019-07-18,1.28105706328887,0.0056416009024124,0.0923437512332718,1.09930317617119,1.22038007321378,1.28112291094081,1.34371550770776,1.46403417282867,267.923189860847,1.00815752401738,-3.96157440501152,0.0209444416892012,0.309746693971438,-4.57171867543564,-4.16722028860496,-3.96604033298318,-3.75618330703565,-3.33606658570836,218.713597173775,1.01209614265314,0.999997927114647,8.78781343439387e-07,1.48446573441497e-06,0.999993971500802,0.999997197927676,0.999998330847571,0.999999030429482,0.999999565267939,2.85350539598307,2.46948556577606,1.28105706328631,0.0056416009024011,0.0923437512330872,1.09930317616899,1.22038007321134,1.28112291093825,1.34371550770507,1.46403417282574,267.923189860849,1.00815752401738,-3.96157440501152,0.0209444416892012,0.309746693971438,-4.57171867543564,-4.16722028860496,-3.96604033298318,-3.75618330703565,-3.33606658570836,218.713597173775,1.01209614265314,8.68605285802366,0.0503167230547699,0.76010211476212,7.17356978387377,8.18700926513644,8.69757638586562,9.18121675434874,10.1531686200754,228.201861627211,1.01278868807803,1.80461764794756,0.00259440883375084,0.0433094192529332,1.714619977354,1.77602674855806,1.80642455197695,1.83499561120674,1.884781040939,278.668507498671,1.01247151868931,TRUE,NA,"",1.7614534620222,2.01304698763942,-5.44716480689084,-4.58709155534899
"5",8,2019-07-19,1.0382765226893,0.00539069293630951,0.0869044748995249,0.866974258450227,0.978826354107908,1.03900603649359,1.098034386327,1.20390929810878,259.893304369874,1.01718607173311,-3.61496680769178,0.0240502958753233,0.332652246948761,-4.26806934095829,-3.83638113338138,-3.61665621280761,-3.38162380772245,-2.99160811616291,191.311058856527,1.0217004120708,0.999997367120192,1.14290028717046e-06,1.92097919804382e-06,0.99999224700402,0.999996496434117,0.999997906151951,0.999998755666053,0.99999945385515,2.82506627262327,2.49291708519866,1.03827652268722,0.00539069293629875,0.0869044748993511,0.866974258448493,0.97882635410595,1.03900603649151,1.0980343863248,1.20390929810638,259.893304369872,1.01718607173311,-3.61496680769178,0.0240502958753233,0.332652246948761,-4.26806934095829,-3.83638113338138,-3.61665621280761,-3.38162380772245,-2.99160811616291,191.311058856527,1.0217004120708,8.65251767165759,0.0589289466137194,0.833276598344665,7.05958027441462,8.08448737956665,8.6568283106676,9.19762653366455,10.2930510267527,199.94981874951,1.01894738736786,1.80461764794756,0.00259440883375084,0.0433094192529332,1.714619977354,1.77602674855806,1.80642455197695,1.83499561120674,1.884781040939,278.668507498671,1.01247151868931,TRUE,NA,"",1.42763021869779,1.65537528489957,-4.9705793605762,-4.113461159724
"6",9,2019-07-20,1.13875007987278,0.00700756928283998,0.0867279441750848,0.970875881480972,1.08018990106057,1.138570096611,1.19683896788533,1.3102739199062,153.173382606596,1.03606409326029,-3.18971849863815,0.0208119635845851,0.264257571238735,-3.7057078406627,-3.36747620165843,-3.1851566150122,-3.01132957860618,-2.69111070903486,161.223655388785,1.03891782405414,0.99999777044987,9.60353298309726e-07,1.61323920224542e-06,0.999993502373274,0.999997009394,0.999998225447235,0.999998955436187,0.999999536461418,2.82186003835137,2.50163451917396,1.1387500798705,0.00700756928282637,0.0867279441749114,0.97087588147903,1.08018990105841,1.13857009660872,1.19683896788294,1.31027391990358,153.173382606579,1.03606409326029,-3.18971849863815,0.0208119635845851,0.264257571238735,-3.7057078406627,-3.36747620165843,-3.18515661501221,-3.01132957860618,-2.69111070903486,161.223655388785,1.03891782405414,8.17482754869181,0.0555445312255475,0.734462474283729,6.7918734644268,7.67624933729613,8.17035984292409,8.66468836656109,9.63376126720892,174.846366286939,1.03310577722371,1.80461764794756,0.00259440883375084,0.0433094192529332,1.714619977354,1.77602674855806,1.80642455197695,1.83499561120674,1.884781040939,278.668507498671,1.01247151868931,TRUE,NA,"",1.56578135982507,1.80162663987102,-4.38586293562746,-3.70027722492293
"7",10,2019-07-21,1.28605885051709,0.00749757661976425,0.0962454747989225,1.09414896345089,1.2208625669771,1.28883102739312,1.35015346887051,1.47613790121326,164.785431429116,1.00592560797861,-3.53933207853873,0.024432215322301,0.290097162510999,-4.10516113419335,-3.73330711677162,-3.54851582768181,-3.34243399070675,-2.94092052025481,140.98122096847,1.00613968730578,0.999997957543521,8.76649391779449e-07,1.46935585842613e-06,0.999994129453336,0.99999723733612,0.999998367838891,0.999999020255001,0.99999958174869,2.80932578994656,2.51417770749367,1.28605885051452,0.00749757661974926,0.09624547479873,1.0941489634487,1.22086256697466,1.28883102739054,1.35015346886781,1.4761379012103,164.785431429116,1.00592560797861,-3.53933207853873,0.0244322153223011,0.290097162510999,-4.10516113419335,-3.73330711677161,-3.54851582768181,-3.34243399070675,-2.94092052025481,140.98122096847,1.00613968730578,8.03358981989696,0.059615091130393,0.735440438164253,6.55976929246119,7.52601961639873,8.04418287089491,8.5363600918562,9.43506082326665,152.188763099523,1.00618419390192,1.80461764794756,0.00259440883375084,0.0433094192529332,1.714619977354,1.77602674855806,1.80642455197695,1.83499561120674,1.884781040939,278.668507498671,1.01247151868931,TRUE,NA,"",1.768330919461,2.02968961416823,-4.86658160799075,-4.04376571535036
"8",11,2019-07-22,1.29403525958744,0.00628116453882435,0.0950449703440656,1.10803942184288,1.23162383516333,1.29162484888173,1.35787491877615,1.48058147148938,228.969659717793,1.01291904193073,-3.75169389947562,0.0218405483856153,0.305850730041198,-4.32153610493831,-3.96828847617721,-3.7469909879869,-3.55488352537052,-3.13433885405413,196.10648953378,1.01539703155079,0.999997843658094,9.116893975514e-07,1.534074262819e-06,0.999993850318343,0.999997045680479,0.999998221930278,0.999998995331283,0.999999549684171,2.83138521042047,2.46710071163281,1.29403525958485,0.00628116453881171,0.0950449703438755,1.10803942184067,1.23162383516087,1.29162484887915,1.35787491877343,1.48058147148641,228.969659717799,1.01291904193073,-3.75169389947562,0.0218405483856153,0.305850730041198,-4.32153610493832,-3.96828847617722,-3.7469909879869,-3.55488352537052,-3.13433885405412,196.10648953378,1.01539703155079,8.29100173559169,0.0504929157564554,0.734463175116693,6.79665068341701,7.82360543167129,8.27196584189814,8.80837296250755,9.65470409571421,211.582211106814,1.01310751957747,1.80461764794756,0.00259440883375084,0.0433094192529332,1.714619977354,1.77602674855806,1.80642455197695,1.83499561120674,1.884781040939,278.668507498671,1.01247151868931,TRUE,NA,"",1.77929848193273,2.0357995232979,-5.15857911177898,-4.30971592432443
"9",15,2019-07-26,1.23447736334567,0.00580357979842837,0.0890673606552845,1.05381236619456,1.17626612659687,1.23725140764679,1.29152295958756,1.40543096632244,235.529464890099,1.01140330348039,-3.58571933117063,0.019971293350656,0.285034072764005,-4.15695888187958,-3.77610476076049,-3.5907589702853,-3.40175510338011,-3.01975560455771,203.695378121363,1.01197889287457,0.999997806638881,9.39636612410326e-07,1.56769162308886e-06,0.999993741736778,0.999997042474071,0.999998251667274,0.999998957181024,0.999999549499585,2.78356530345629,2.57435556940935,1.2344773633432,0.00580357979841677,0.0890673606551064,1.05381236619245,1.17626612659452,1.23725140764432,1.29152295958497,1.40543096631963,235.529464890099,1.01140330348039,-3.58571933117063,0.019971293350656,0.285034072764005,-4.15695888187957,-3.77610476076049,-3.5907589702853,-3.4017551033801,-3.01975560455771,203.695378121362,1.01197889287457,8.01652652056971,0.0484302225833058,0.719219893132858,6.59608349596861,7.53974951470422,8.02873753100631,8.49036864281772,9.44956447181318,220.541565094027,1.0114263736187,1.80461764794756,0.00259440883375084,0.0433094192529332,1.714619977354,1.77602674855806,1.80642455197695,1.83499561120674,1.884781040939,278.668507498671,1.01247151868931,TRUE,NA,"",1.6974063746003,1.93246757869335,-4.93036408035962,-4.15216395626685
"10",16,2019-07-27,1.14426689337275,0.00545625661825871,0.0807749473610476,0.984770666707981,1.09102563053874,1.1464172804341,1.1991215928823,1.29805598099353,219.1612615447,1.00988187218306,-3.15442132425929,0.018489437712472,0.257700238166478,-3.66215573158539,-3.33299112776008,-3.15991775343213,-2.98668140628238,-2.64265373596733,194.259484548546,1.01059109220599,0.999998126243439,7.93876026181519e-07,1.31679213162327e-06,0.999994901252914,0.999997416270862,0.99999847832062,0.999999125334668,0.999999603896721,2.75124376486354,2.59060080835541,1.14426689337046,0.00545625661824783,0.0807749473608861,0.984770666706011,1.09102563053656,1.14641728043181,1.1991215928799,1.29805598099094,219.161261544698,1.00988187218306,-3.15442132425929,0.018489437712472,0.257700238166478,-3.66215573158539,-3.33299112776008,-3.15991775343213,-2.98668140628238,-2.64265373596733,194.259484548546,1.01059109220599,6.9234913775218,0.0436467309535643,0.646192810269228,5.61715461348575,6.49537929600459,6.92826557248066,7.36020163130891,8.16199541919875,219.190032056066,1.00867751768358,1.80461764794756,0.00259440883375084,0.0433094192529332,1.714619977354,1.77602674855806,1.80642455197695,1.83499561120674,1.884781040939,278.668507498671,1.01247151868931,TRUE,NA,"",1.57336697838753,1.7848269738661,-4.33732932085652,-3.63364888695508
"11",17,2019-07-28,1.27580565097093,0.00477359758888154,0.0927842098751634,1.09510467785459,1.21501015944023,1.27256248829751,1.33481500717123,1.46476016706436,377.795287686456,1.0089716742531,-3.74305285826568,0.0161877909948862,0.293094911244828,-4.32598107263092,-3.93416085807533,-3.73540624807819,-3.54833384050053,-3.16945981134626,327.824478890835,1.01073108040254,0.999998263406514,7.45465916366259e-07,1.25175246217431e-06,0.999994977334621,0.99999765674634,0.999998627740695,0.999999190960422,0.999999636652314,2.81955989844128,2.50492172617585,1.27580565096838,0.00477359758887197,0.0927842098749778,1.0951046778524,1.2150101594378,1.27256248829497,1.33481500716856,1.46476016706143,377.795287686459,1.0089716742531,-3.74305285826568,0.0161877909948862,0.293094911244828,-4.32598107263092,-3.93416085807533,-3.73540624807819,-3.54833384050054,-3.16945981134625,327.824478890835,1.01073108040254,7.74466636760089,0.0362473947932457,0.683029763845656,6.41246226088595,7.29211214554601,7.72769125305386,8.18333133726585,9.11534181135485,355.079550952344,1.00922506981416,1.80461764794756,0.00259440883375084,0.0433094192529332,1.714619977354,1.77602674855806,1.80642455197695,1.83499561120674,1.884781040939,278.668507498671,1.01247151868931,TRUE,NA,"",1.75423277008503,2.01404522971349,-5.14669768011531,-4.35800724060111
"12",18,2019-07-29,1.66680960247114,0.00869668888824235,0.118644916575337,1.43120818843275,1.58900629663704,1.66438162207168,1.75001589185984,1.89223746754371,186.118868002871,1.00931328831551,-5.66895474983041,0.0321804165596059,0.422066127412139,-6.48862138699487,-5.95520744414194,-5.66347744741154,-5.38731452189974,-4.8352674889724,172.019498071347,1.01071689890727,0.999998399664727,6.85690639084894e-07,1.15407564905224e-06,0.999995328303168,0.999997834239351,0.999998703329407,0.999999252192879,0.999999666471099,2.83277521426963,2.46950707283345,1.66680960246781,0.00869668888822496,0.118644916575099,1.43120818842989,1.58900629663386,1.66438162206835,1.75001589185634,1.89223746753992,186.118868002871,1.00931328831551,-5.66895474983041,0.0321804165596059,0.422066127412139,-6.48862138699486,-5.95520744414195,-5.66347744741155,-5.38731452189973,-4.83526748897239,172.019498071348,1.01071689890727,10.5476932367239,0.0623518615488793,0.835925866476709,8.9018102837637,9.98683583310491,10.5353267402064,11.1242168642235,12.1812661193772,179.736665299064,1.01058417945347,1.80461764794756,0.00259440883375084,0.0433094192529332,1.714619977354,1.77602674855806,1.80642455197695,1.83499561120674,1.884781040939,278.668507498671,1.01247151868931,TRUE,NA,"",2.29186320339782,2.6018265178726,-7.79481278101681,-6.64849279733705
"13",19,2019-07-30,1.19357441269036,0.00489225955287059,0.0865555608667767,1.01351870610339,1.13834842229327,1.19566678162156,1.25085143044864,1.3585093009039,313.019194757875,1.00849576596251,-4.54336480200952,0.0231925581548383,0.364826544223099,-5.24628564485123,-4.7882703720588,-4.54782325188876,-4.31584280452461,-3.80637386293639,247.443215309328,1.01409587214376,0.999998176301008,7.8440150959901e-07,1.31231681500593e-06,0.99999483775964,0.999997496562739,0.999998535517458,0.999999140020337,0.999999620641517,2.79898483557252,2.49276149725243,1.19357441268797,0.00489225955286084,0.0865555608666036,1.01351870610137,1.13834842229099,1.19566678161917,1.25085143044614,1.35850930090119,313.01919475787,1.00849576596251,-4.54336480200952,0.0231925581548383,0.364826544223099,-5.24628564485122,-4.7882703720588,-4.54782325188877,-4.31584280452461,-3.80637386293638,247.443215309328,1.01409587214376,8.96208465417279,0.0458822423523244,0.763241288148732,7.39141816221682,8.46635523857427,8.97680556018404,9.47489828278611,10.4136743517414,276.716109194197,1.01299074880726,1.80461764794756,0.00259440883375084,0.0433094192529332,1.714619977354,1.77602674855806,1.80642455197695,1.83499561120674,1.884781040939,278.668507498671,1.01247151868931,TRUE,NA,"",1.64116481744925,1.86795028874286,-6.24712660276309,-5.23376406153754
"14",20,2019-07-31,0.883963325515215,0.00424707191683996,0.0679408952056118,0.756518624566352,0.837582576606548,0.882526609423505,0.929007794157233,1.01983484904407,255.907668274645,1.01280180618661,-2.52603830101154,0.018016336286708,0.242349542669821,-2.99545265810805,-2.69142889182004,-2.52390143160588,-2.35933061290204,-2.05720595846633,180.947026087255,1.0187039573864,0.999998103474875,8.10018112151601e-07,1.36262191046357e-06,0.99999462881597,0.999997391728336,0.999998475472256,0.999999104935743,0.999999604245815,2.82983605820324,2.50777430205008,0.883963325513447,0.00424707191683141,0.0679408952054759,0.756518624564839,0.837582576604873,0.88252660942174,0.929007794155375,1.01983484904203,255.907668274651,1.01280180618661,-2.52603830101154,0.018016336286708,0.242349542669821,-2.99545265810805,-2.69142889182004,-2.52390143160588,-2.35933061290205,-2.05720595846633,180.947026087255,1.0187039573864,5.80503102079935,0.0455533328249621,0.650218668548843,4.52987558715225,5.36937062736377,5.80414764296507,6.24304781044611,7.07924615779269,203.741057153355,1.01859786028376,1.80461764794756,0.00259440883375084,0.0433094192529332,1.714619977354,1.77602674855806,1.80642455197695,1.83499561120674,1.884781040939,278.668507498671,1.01247151868931,TRUE,NA,"",1.21544957258342,1.4022729174356,-3.47330266389087,-2.8286581928912
"15",21,2019-08-01,1.04075567841853,0.00551821100503982,0.0903086116386653,0.858982440835834,0.981179611797475,1.04331766126283,1.10336619914725,1.21243105471064,267.831544285302,1.01259873157864,-3.32134819136199,0.0216007411966598,0.322582811693934,-3.92438450228355,-3.54469751012554,-3.33174285428115,-3.10840483939166,-2.67111437043647,223.020681634689,1.01151853774023,0.999998227610022,7.55689810488818e-07,1.27049258086262e-06,0.99999508902254,0.999997575913141,0.999998571210474,0.999999161759067,0.999999639517259,2.82655300437819,2.54390956678787,1.04075567841645,0.00551821100502879,0.0903086116384847,0.858982440834116,0.981179611795512,1.04331766126074,1.10336619914504,1.21243105470822,267.831544285302,1.01259873157864,-3.32134819136199,0.0216007411966598,0.322582811693934,-3.92438450228354,-3.54469751012554,-3.33174285428115,-3.10840483939166,-2.67111437043647,223.020681634689,1.01151853774023,6.48687486655446,0.0491573345098044,0.759977786280513,5.01543974671579,5.97032942772805,6.50506434225088,7.02066059578214,7.9091608348992,239.014993319431,1.01045086823783,1.80461764794756,0.00259440883375084,0.0433094192529332,1.714619977354,1.77602674855806,1.80642455197695,1.83499561120674,1.884781040939,278.668507498671,1.01247151868931,TRUE,NA,"",1.43103905782548,1.66709270022713,-4.56685376312274,-3.67278225935015
"16",22,2019-08-02,0.797778539625932,0.00356559631822807,0.0722307798068654,0.662098814127583,0.749548013882692,0.795821083915701,0.845622684260748,0.944393057743367,410.374401007567,1.01285810122576,-2.91175420848777,0.020311256058749,0.341303268670716,-3.59048116838256,-3.13509792172694,-2.908562278456,-2.67449813808414,-2.26772998371346,282.362704283172,1.02744333717232,0.999997206040813,1.17628426777839e-06,1.98494474342059e-06,0.999992075141067,0.999996189518139,0.999997748252606,0.999998678862279,0.999999426829365,2.84755594792898,2.52008474251021,0.797778539624337,0.00356559631822095,0.0722307798067209,0.662098814126258,0.749548013881193,0.795821083914109,0.845622684259057,0.944393057741478,410.374401007565,1.01285810122576,-2.91175420848777,0.020311256058749,0.341303268670715,-3.59048116838256,-3.13509792172693,-2.908562278456,-2.67449813808413,-2.26772998371346,282.362704283172,1.02744333717232,5.76715999457651,0.0424021782037654,0.747144053510974,4.34143840611889,5.25180511654,5.76670775660678,6.2621836242744,7.25308756265249,310.479088482275,1.02426465849591,1.80461764794756,0.00259440883375084,0.0433094192529332,1.714619977354,1.77602674855806,1.80642455197695,1.83499561120674,1.884781040939,278.668507498671,1.01247151868931,TRUE,NA,"",1.09694549198566,1.29854045439713,-4.00366203667068,-3.11812872760601
"17",23,2019-08-03,1.15319870591789,0.00509435262070774,0.082157016771217,0.992287039656343,1.09989897662738,1.15284051530825,1.2091959519606,1.31133682711172,260.082611246447,1.00742556741322,-3.2436310005425,0.0170313273034947,0.255931811920765,-3.73283332751051,-3.41958838153188,-3.24911707416886,-3.06791760906303,-2.73417101558127,225.814358032219,1.00568491630369,0.999997696952468,9.94301955818806e-07,1.66612911908277e-06,0.999993099520027,0.999996863242998,0.999998149248067,0.999998923688469,0.999999530577773,2.80789408467289,2.51429415912203,1.15319870591559,0.00509435262069757,0.0821570167710527,0.992287039654359,1.09989897662519,1.15284051530594,1.20919595195818,1.3113368271091,260.082611246446,1.00742556741322,-3.2436310005425,0.0170313273034947,0.255931811920765,-3.73283332751051,-3.41958838153187,-3.24911707416886,-3.06791760906303,-2.73417101558127,225.814358032219,1.00568491630369,8.05950785502486,0.0427980858305662,0.686765326670635,6.69978089829931,7.59476912616373,8.07284791543366,8.53983171214597,9.33277422881831,257.49454330188,1.00353593345054,1.80461764794756,0.00259440883375084,0.0433094192529332,1.714619977354,1.77602674855806,1.80642455197695,1.83499561120674,1.884781040939,278.668507498671,1.01247151868931,TRUE,NA,"",1.5856482206371,1.80308813727862,-4.45999262574594,-3.75948514642425
"18",24,2019-08-04,1.33369310936212,0.00716696433080967,0.101318752400779,1.13418901365414,1.26625011282669,1.33461509587375,1.39875642670871,1.54029367521751,199.852313832659,1.03596822982141,-4.23041573790866,0.0264823455615537,0.34377408840978,-4.93909681343067,-4.45016630395366,-4.23478485880879,-4.01227965925081,-3.5389929635415,168.512988901459,1.04654719918337,0.999997517095142,1.06407457869463e-06,1.77625090739174e-06,0.999993093290841,0.999996618659162,0.999997997204576,0.999998843836032,0.999999489582513,2.78653492086528,2.52421572815783,1.33369310935945,0.00716696433079534,0.101318752400576,1.13418901365188,1.26625011282416,1.33461509587108,1.39875642670591,1.54029367521443,199.852313832659,1.03596822982141,-4.23041573790866,0.0264823455615537,0.34377408840978,-4.93909681343066,-4.45016630395367,-4.23478485880878,-4.01227965925081,-3.53899296354151,168.51298890146,1.04654719918337,10.0652612162113,0.066086716870682,0.868621888277138,8.32170449801734,9.51489129425582,10.0687620975853,10.6245872647493,11.8290259478363,172.756017451573,1.04723970051047,1.80461764794756,0.00259440883375084,0.0433094192529332,1.714619977354,1.77602674855806,1.80642455197695,1.83499561120674,1.884781040939,278.668507498671,1.01247151868931,TRUE,NA,"",1.83382802537292,2.11790380342408,-5.81682163962441,-4.86611532486956
"19",25,2019-08-05,1.22387742243873,0.00760454281966255,0.0939512206165655,1.03580012672422,1.16013655671355,1.22280271768797,1.28574881732765,1.40923512603147,152.636582725363,1.02579576349522,-3.69800109615729,0.027335798690231,0.309990289226227,-4.31360490060403,-3.91446225779998,-3.6946847446018,-3.49033779020029,-3.09269330055015,128.597534889536,1.03132213622283,0.99999795336023,8.71243315182518e-07,1.4602249232088e-06,0.999994125597097,0.999997242444202,0.999998346605912,0.999999033570703,0.999999576812277,2.80905728394297,2.49103461934533,1.22387742243628,0.0076045428196473,0.0939512206163776,1.03580012672215,1.16013655671123,1.22280271768553,1.28574881732508,1.40923512602865,152.636582725365,1.02579576349522,-3.69800109615729,0.0273357986902309,0.309990289226227,-4.31360490060404,-3.91446225779998,-3.69468474460181,-3.49033779020029,-3.09269330055015,128.597534889537,1.03132213622283,7.97224478410281,0.0631223827863345,0.743828280613502,6.51383577922308,7.46549769301428,7.97796845167851,8.48249193894342,9.41654177804867,138.860461287671,1.02929462307382,1.80461764794756,0.00259440883375084,0.0433094192529332,1.714619977354,1.77602674855806,1.80642455197695,1.83499561120674,1.884781040939,278.668507498671,1.01247151868931,TRUE,NA,"",1.68283145585325,1.93769829829327,-5.08475150721627,-4.25245328825646
"20",26,2019-08-06,1.14293799182007,0.00471412936993201,0.0865755876102828,0.967950486172303,1.08498379666155,1.14463295472859,1.20264768206267,1.30429258852395,337.27791338939,1.02303423329321,-3.77851982110236,0.0201368988140297,0.327819998451488,-4.38468750559847,-4.00539546940434,-3.7942066955069,-3.55844083643906,-3.1306044374102,265.024309850582,1.02524931643397,0.999997926091932,8.96445684959034e-07,1.48522610737107e-06,0.999994152361767,0.999997209236827,0.999998329231781,0.999999031919665,0.999999578865408,2.74496737569366,2.6327758364162,1.14293799181778,0.0047141293699226,0.0865755876101097,0.967950486170367,1.08498379665938,1.1446329547263,1.20264768206027,1.30429258852135,337.277913389387,1.02303423329321,-3.77851982110236,0.0201368988140297,0.327819998451488,-4.38468750559846,-4.00539546940434,-3.7942066955069,-3.55844083643906,-3.13060443741021,265.024309850582,1.02524931643397,7.84764851609716,0.0464890229768447,0.770892117697423,6.30873551234501,7.33528150779454,7.87986310115228,8.36927902004484,9.28788768529135,274.970670098646,1.0224187655422,1.80461764794756,0.00259440883375084,0.0433094192529332,1.714619977354,1.77602674855806,1.80642455197695,1.83499561120674,1.884781040939,278.668507498671,1.01247151868931,TRUE,NA,"",1.5715397387526,1.79340230922043,-5.19546475401575,-4.30458110143902
"21",27,2019-08-07,0.981012403192147,0.00634503144253017,0.0827972509588364,0.810665838456725,0.927037134750915,0.982420815296234,1.03667738727507,1.14103394979283,170.280249543566,1.0139809028465,-3.66915624123396,0.0296907653203102,0.374321690895662,-4.35947644060848,-3.9318614606061,-3.68345543621453,-3.4335028817695,-2.90838863748499,158.945121782539,1.00566860487859,0.999997807429088,9.3914142007464e-07,1.57360551598849e-06,0.999993778521245,0.999996958457643,0.999998234764244,0.999998986340367,0.99999954461523,2.80756453734981,2.51998805862167,0.981012403190185,0.00634503144251751,0.0827972509586708,0.810665838455104,0.927037134749061,0.982420815294269,1.036677387273,1.14103394979055,170.280249543565,1.0139809028465,-3.66915624123396,0.0296907653203102,0.374321690895662,-4.35947644060849,-3.9318614606061,-3.68345543621453,-3.4335028817695,-2.90838863748499,158.945121782539,1.00566860487859,7.68886429598483,0.0658826619995165,0.869932726882552,5.90881640332806,7.1330116645718,7.71438811087811,8.29882091287603,9.30511458336153,174.352854268741,1.0049745566768,1.80461764794756,0.00259440883375084,0.0433094192529332,1.714619977354,1.77602674855806,1.80642455197695,1.83499561120674,1.884781040939,278.668507498671,1.01247151868931,TRUE,NA,"",1.3488920543892,1.56892168096514,-5.04508983169669,-3.99903437654186
"22",28,2019-08-08,0.941100495868914,0.00594722279875983,0.0878913326858483,0.777359816826597,0.880066355642,0.940200632122715,1.00064201242796,1.11708897499305,218.405555972563,1.01275854124075,-3.75022185573278,0.0272798137741013,0.38357979851779,-4.53578882429314,-4.0031461441378,-3.73354108474799,-3.48424342741546,-3.04115011479587,197.710006704738,1.0156780765442,0.999997552398747,1.04550370395542e-06,1.75902555953234e-06,0.999992829114354,0.999996635219903,0.999998024529448,0.9999988439822,0.999999481026141,2.83069546115226,2.51943550416019,0.941100495867032,0.00594722279874798,0.0878913326856725,0.777359816825042,0.88006635564024,0.940200632120834,1.00064201242596,1.11708897499081,218.405555972561,1.01275854124075,-3.75022185573278,0.0272798137741013,0.38357979851779,-4.53578882429315,-4.00314614413779,-3.733541084748,-3.48424342741546,-3.04115011479587,197.710006704738,1.0156780765442,8.60919195877455,0.0630122134946098,0.95147018050442,6.88255403077887,7.95371369066112,8.56945222974262,9.24576303529344,10.5651123842771,228.003173651026,1.0147184913986,1.80461764794756,0.00259440883375084,0.0433094192529332,1.714619977354,1.77602674855806,1.80642455197695,1.83499561120674,1.884781040939,278.668507498671,1.01247151868931,TRUE,NA,"",1.29401318181976,1.53599734061544,-5.15655505163257,-4.18158140784432
"23",29,2019-08-09,0.815117108968146,0.00523374687151111,0.0806997048046523,0.657610663893076,0.758976500717376,0.816210959379926,0.870161857750579,0.969011829494908,237.748871176779,1.00447957998189,-3.38993821927784,0.0296599964664936,0.396786699137873,-4.17945562310016,-3.66786807545446,-3.3926053094159,-3.11639741396179,-2.65024994128288,178.966613898275,1.01327120366067,0.999997191492732,1.19675538880375e-06,2.00402948070578e-06,0.99999202131841,0.999996200367149,0.999997730002683,0.999998677786271,0.999999421272502,2.80412538261939,2.57288991851291,0.815117108966516,0.00523374687150067,0.0806997048044909,0.657610663891761,0.758976500715858,0.816210959378294,0.870161857748839,0.96901182949297,237.748871176777,1.00447957998189,-3.38993821927784,0.0296599964664936,0.396786699137873,-4.17945562310015,-3.66786807545446,-3.39260530941591,-3.1163974139618,-2.65024994128287,178.966613898275,1.01327120366067,8.10817499320564,0.075762793013831,1.037838786453,6.16616141436904,7.37430928364877,8.10357014114148,8.82147868102012,10.1240130717921,187.649685637647,1.0143734344078,1.80461764794756,0.00259440883375084,0.0433094192529332,1.714619977354,1.77602674855806,1.80642455197695,1.83499561120674,1.884781040939,278.668507498671,1.01247151868931,TRUE,NA,"",1.1207860248312,1.3323912655555,-4.66116505150703,-3.64409366926396
"24",30,2019-08-10,0.950776753396213,0.00426404846516558,0.0804815608326184,0.799677036771878,0.893138913983172,0.948621783758344,1.00724197703881,1.10715945720599,356.244785599391,1.00619132967684,-3.27459293113741,0.0204040876266296,0.317753133316921,-3.93227915635262,-3.48061533905062,-3.26988390636044,-3.05898361709728,-2.67142984417321,242.518751382668,1.01334707170524,0.999997776965576,9.56828707599402e-07,1.61969861534109e-06,0.999993303303454,0.999997022912781,0.999998218194704,0.999998948210134,0.999999538211481,2.86549746112768,2.40213240934778,0.950776753394312,0.00426404846515704,0.0804815608324574,0.799677036770279,0.893138913981386,0.948621783756447,1.0072419770368,1.10715945720377,356.244785599393,1.00619132967684,-3.27459293113741,0.0204040876266296,0.317753133316921,-3.93227915635262,-3.48061533905063,-3.26988390636044,-3.05898361709728,-2.67142984417321,242.518751382668,1.01334707170524,7.37496923545099,0.052524088302754,0.823221550072533,5.78944593329952,6.81594450472488,7.36214951849623,7.90004130692648,9.02461942824198,245.649800582603,1.01435303695226,1.80461764794756,0.00259440883375084,0.0433094192529332,1.714619977354,1.77602674855806,1.80642455197695,1.83499561120674,1.884781040939,278.668507498671,1.01247151868931,TRUE,NA,"",1.30731803591979,1.52234425365824,-4.50256528031394,-3.67321603573816
"25",31,2019-08-11,0.958343209322364,0.00541901163563571,0.082555230509613,0.779735855638855,0.904069031501799,0.962862653132565,1.01666355640686,1.11321744016534,232.086041767935,1.01437396250657,-3.31097928694383,0.0249181266110848,0.332590613633505,-3.93998900142349,-3.54115055591695,-3.31462642376645,-3.08843313384615,-2.64083865379622,178.151383937067,1.01687239700231,0.999997973337101,8.68774393801569e-07,1.45917714047552e-06,0.999994073665391,0.999997188793837,0.999998376278672,0.999999046440778,0.999999591644639,2.8209930135993,2.50740665491627,0.958343209320447,0.0054190116356249,0.0825552305094479,0.779735855637296,0.904069031499991,0.962862653130639,1.01666355640482,1.11321744016312,232.086041767933,1.01437396250657,-3.31097928694383,0.0249181266110848,0.332590613633505,-3.93998900142349,-3.54115055591695,-3.31462642376645,-3.08843313384616,-2.64083865379622,178.151383937067,1.01687239700231,7.33475789341368,0.0604799205985027,0.835267898526724,5.72447367520497,6.76883452733309,7.35627295687928,7.90675523331878,8.93125409524096,190.734456742182,1.01454648548849,1.80461764794756,0.00259440883375084,0.0433094192529332,1.714619977354,1.77602674855806,1.80642455197695,1.83499561120674,1.884781040939,278.668507498671,1.01247151868931,TRUE,NA,"",1.31772191281825,1.53067398022734,-4.55259651954777,-3.6311531489698
"26",32,2019-08-12,0.936070134602712,0.00446004653527524,0.0783055798371484,0.784860541817293,0.885527214601811,0.934661243901254,0.987666813048719,1.09726487067123,308.252522622107,1.02006629469888,-3.68782715190835,0.0242732432638472,0.380357573482309,-4.44949941403154,-3.93539314261095,-3.68692568792264,-3.43950881387532,-2.92641767183683,245.543543810298,1.02198429683992,0.999997638520571,1.00656673035355e-06,1.68363065549936e-06,0.999993315546831,0.999996791373426,0.999998092392791,0.999998885915653,0.999999513324633,2.79774743382859,2.50558500292366,0.93607013460084,0.00446004653526633,0.0783055798369918,0.784860541815724,0.88552721460004,0.934661243899384,0.987666813046743,1.09726487066904,308.252522622106,1.02006629469888,-3.68782715190835,0.0242732432638472,0.38035757348231,-4.44949941403154,-3.93539314261095,-3.68692568792264,-3.43950881387532,-2.92641767183684,245.543543810298,1.02198429683992,7.269386590756,0.0541176989883005,0.869169208475108,5.5371467922723,6.71461903212149,7.28048746053982,7.84246950352522,8.97990939267659,257.946725719273,1.01975967852321,1.80461764794756,0.00259440883375084,0.0433094192529332,1.714619977354,1.77602674855806,1.80642455197695,1.83499561120674,1.884781040939,278.668507498671,1.01247151868931,TRUE,NA,"",1.28709643507873,1.50873919717294,-5.07076233387398,-4.02382429877564
"27",33,2019-08-13,0.307175665228148,0.00281551454214108,0.0619637984828497,0.183374473777067,0.263984814000669,0.307653346724411,0.349842491844802,0.424013183150352,484.351351734369,1.00598337288279,-1.05811364123087,0.0172402520051525,0.311068339154487,-1.69869965030838,-1.27402412256329,-1.04556813407315,-0.843938416431979,-0.471538616081201,325.555023697248,1.0121199235174,0.999998204505173,7.80758006716675e-07,1.30669859183102e-06,0.999994910467009,0.99999757515541,0.999998577668235,0.999999171515795,0.999999624758178,2.8010312421441,2.48808687190563,0.307175665227534,0.00281551454213544,0.0619637984827258,0.1833744737767,0.263984814000141,0.307653346723795,0.349842491844102,0.424013183149504,484.351351734373,1.00598337288279,-1.05811364123087,0.0172402520051526,0.311068339154487,-1.69869965030838,-1.27402412256329,-1.04556813407315,-0.84393841643198,-0.471538616081201,325.555023697247,1.0121199235174,3.62760883900583,0.0470233504609472,0.875438544630823,1.94798003944927,3.03423600370673,3.60061001165526,4.23492789261984,5.42949156127183,346.596512784993,1.01139033805221,1.80461764794756,0.00259440883375084,0.0433094192529332,1.714619977354,1.77602674855806,1.80642455197695,1.83499561120674,1.884781040939,278.668507498671,1.01247151868931,TRUE,NA,"",0.422366539688703,0.583018126831734,-1.45490625669245,-0.648365597111651
"28",36,2019-08-16,0.58332427455193,0.0080696195981321,0.0842586414332624,0.417627787756124,0.525667348404801,0.58698052540851,0.641272058999086,0.746488054136828,109.024167631343,1.019198748969,-1.67873496209547,0.0243418364361674,0.228406749864432,-2.12344093515945,-1.83467984831228,-1.6909530799503,-1.51535479253017,-1.23804903779981,88.0463158315542,1.02544999859471,0.999997801402237,9.32358373479733e-07,1.5741631561785e-06,0.999993663506662,0.999996966468287,0.999998238704815,0.999998978556779,0.999999544716734,2.8505832940905,2.51770695182517,0.583324274550763,0.008069619598116,0.0842586414330938,0.417627787755289,0.52566734840375,0.586980525407336,0.641272058997804,0.746488054135335,109.024167631342,1.019198748969,-1.67873496209547,0.0243418364361674,0.228406749864432,-2.12344093515945,-1.83467984831227,-1.6909530799503,-1.51535479253017,-1.23804903779981,88.0463158315542,1.02544999859471,3.63195699154,0.0728224798569355,0.742832747541175,2.1665747418262,3.13682816339945,3.6336978708498,4.14256743628683,5.04567740404502,104.052172987502,1.02405335330858,1.80461764794756,0.00259440883375084,0.0433094192529332,1.714619977354,1.77602674855806,1.80642455197695,1.83499561120674,1.884781040939,278.668507498671,1.01247151868931,TRUE,NA,"",0.802070877508904,1.02642107443814,-2.30826057288127,-1.70231742697474
"29",37,2019-08-17,1.04469320717109,0.00564073056384178,0.0811379410560991,0.885966105956946,0.990281050195672,1.04648468424473,1.10163971070618,1.19633788996314,206.907986560787,1.02113000600633,-2.93366359666862,0.0182653166361416,0.259491655239091,-3.43461516889833,-3.11591873956627,-2.93491980426234,-2.75786193775854,-2.42666082756685,201.83309600877,1.02266168172364,0.999998493560936,6.45533962384646e-07,1.09786085219695e-06,0.999995579978621,0.999997940650232,0.999998788390581,0.999999300375336,0.999999688661752,2.89238703620491,2.43246275483877,1.044693207169,0.00564073056383051,0.0811379410559368,0.885966105955175,0.990281050193692,1.04648468424264,1.10163971070398,1.19633788996075,206.907986560787,1.02113000600632,-2.93366359666862,0.0182653166361416,0.259491655239091,-3.43461516889834,-3.11591873956627,-2.93491980426234,-2.75786193775854,-2.42666082756685,201.83309600877,1.02266168172364,5.43998385075842,0.0386172811904346,0.607921021943754,4.25485370430719,5.02532703417615,5.43581159370851,5.85235898578539,6.62571871930493,247.816908116965,1.01796385575363,1.80461764794756,0.00259440883375084,0.0433094192529332,1.714619977354,1.77602674855806,1.80642455197695,1.83499561120674,1.884781040939,278.668507498671,1.01247151868931,TRUE,NA,"",1.43645315986025,1.64496459869932,-4.03378744541935,-3.33665863790442
"30",74,2019-09-23,0.298798057887956,0.00297093467843272,0.0645427886780041,0.171678130463653,0.254903563039354,0.299962114709668,0.341554537457104,0.422804770661906,471.964404585849,1.00502470028295,-4.25557632776588,0.0780848538061306,1.12461772428175,-6.46318909803203,-5.03564133254514,-4.26872423012974,-3.47670990348046,-2.02432973429787,207.432233982428,1.01409874355268,0.999988212566748,5.03575489980186e-06,8.50851043565543e-06,0.999965889939608,0.999984041766176,0.999990497949968,0.999994443797855,0.99999757060556,2.85481456459621,2.47960310392645,0.298798057887359,0.00297093467842678,0.0645427886778751,0.17167813046331,0.254903563038845,0.299962114709068,0.341554537456421,0.42280477066106,471.964404585849,1.00502470028295,-4.25557632776588,0.0780848538061307,1.12461772428175,-6.46318909803203,-5.03564133254515,-4.26872423012973,-3.47670990348046,-2.02432973429787,207.432233982428,1.01409874355268,5.11945129265003,0.100421446793791,1.45032210909768,2.22065838068442,4.12159974056865,5.14354725149021,6.12468932715447,7.94061821960383,208.581596341235,1.01376980058404,1.80461764794756,0.00259440883375084,0.0433094192529332,1.714619977354,1.77602674855806,1.80642455197695,1.83499561120674,1.884781040939,278.668507498671,1.01247151868931,TRUE,NA,"",0.41084732959594,0.581356559660121,-5.85141745067808,-2.78345338465957
"31",75,2019-09-24,0.380623951037856,0.00287083351670492,0.0617734429986975,0.253327584668562,0.338810580656618,0.381386737892029,0.423793504135186,0.497305469789698,463.007045595425,1.01529936673954,-4.20990691640303,0.0621095763597728,1.02086958786646,-6.21863962857752,-4.8925468284434,-4.20591700500525,-3.49615233835449,-2.27268976960984,270.16146233562,1.02306431047338,0.999991055276608,3.83703374658124e-06,6.42358421755153e-06,0.999974371436518,0.999987852398178,0.999992921629208,0.999995792124969,0.999998147670253,2.80261606515543,2.54600926863148,0.380623951037095,0.00287083351669915,0.061773442998574,0.253327584668056,0.338810580655941,0.381386737891266,0.423793504134339,0.497305469788703,463.007045595435,1.01529936673954,-4.20990691640303,0.0621095763597728,1.02086958786646,-6.21863962857751,-4.8925468284434,-4.20591700500525,-3.49615233835449,-2.27268976960984,270.16146233562,1.02306431047338,4.61894946746189,0.0751866949225298,1.23914851561488,2.26696883314566,3.75884846000286,4.62992459186449,5.44622948374423,7.06941365447513,271.621868943105,1.02108625082776,1.80461764794756,0.00259440883375084,0.0433094192529332,1.714619977354,1.77602674855806,1.80642455197695,1.83499561120674,1.884781040939,278.668507498671,1.01247151868931,TRUE,NA,"",0.523357932677052,0.683795020960835,-5.78862201005417,-3.12494843321353
"32",76,2019-09-25,0.159054289051401,0.00425511292811495,0.0725120569486473,0.0141305647032936,0.11021592904884,0.160235897688732,0.207392423208196,0.298202819700897,290.401107894275,1.01065813403745,-2.26326327582728,0.117271031648862,1.11308162719921,-4.50527072119506,-3.00967281472178,-2.23277400725721,-1.41444865670117,-0.299882507484549,90.0891598987389,1.03405118780577,0.999989283684145,4.60104782806878e-06,7.71448376180697e-06,0.999969744363809,0.999985512552464,0.99999156623677,0.999994999122861,0.99999777187181,2.81125501299629,2.47419530577055,0.159054289051083,0.00425511292810646,0.0725120569485023,0.0141305647032653,0.11021592904862,0.160235897688412,0.207392423207781,0.298202819700301,290.401107894273,1.01065813403745,-2.26326327582728,0.117271031648862,1.11308162719921,-4.50527072119506,-3.00967281472179,-2.23277400725721,-1.41444865670117,-0.29988250748455,90.0891598987389,1.03405118780577,2.52426607373437,0.145389551144425,1.37280989888762,0.0858801905023572,1.46924834603733,2.46694357431248,3.43130873457172,5.33360348765457,89.1567877105351,1.03414152211399,1.80461764794756,0.00259440883375084,0.0433094192529332,1.714619977354,1.77602674855806,1.80642455197695,1.83499561120674,1.884781040939,278.668507498671,1.01247151868931,TRUE,NA,"",0.218699647445676,0.410028877088733,-3.11198700426251,-0.412338447791255
"33",77,2019-09-26,0.389620845869701,0.00441403564568193,0.0728377559010188,0.252063945287726,0.338108314046082,0.388655883587123,0.440556258332407,0.532730498279538,272.296112966537,1.01110122275034,-5.70711506701059,0.111334587953865,1.28750976068641,-8.23873562770885,-6.54986870163332,-5.71424945997745,-4.84030658936176,-3.13760906935974,133.733696185309,1.0290470293486,0.999991685689867,3.55103885650666e-06,6.0023785384075e-06,0.999975550428072,0.999988764524901,0.999993369785743,0.999996094356564,0.999998262638107,2.85716888685127,2.44295633815871,0.389620845868922,0.0044140356456731,0.0728377559008731,0.252063945287222,0.338108314045405,0.388655883586346,0.440556258331526,0.532730498278472,272.296112966538,1.01110122275034,-5.7071150670106,0.111334587953865,1.28750976068641,-8.23873562770883,-6.54986870163331,-5.71424945997744,-4.84030658936175,-3.13760906935974,133.733696185309,1.0290470293486,6.05439343405905,0.123629300969459,1.44713915207894,3.17550962710105,5.0727676766563,6.05216337750693,7.0094730950553,8.87958755130918,137.018042778395,1.02873375634885,1.80461764794756,0.00259440883375084,0.0433094192529332,1.714619977354,1.77602674855806,1.80642455197695,1.83499561120674,1.884781040939,278.668507498671,1.01247151868931,TRUE,NA,"",0.535728663070839,0.732504435134365,-7.84728321713956,-4.31421247036964
"34",78,2019-09-27,0.57163601853405,0.00342549875820719,0.0702383706364081,0.435730810964738,0.525297640851104,0.570443785021482,0.621898846813138,0.707252416105322,420.437289889442,1.00610674980684,-5.18141668198143,0.063043168793534,0.953231857064786,-7.04686091843385,-5.828855008147,-5.19545506547979,-4.52516852456631,-3.28773231137698,228.62358335482,1.01916784925869,0.999995780270241,1.79722728550802e-06,3.04835129038721e-06,0.999987900830677,0.999994327760479,0.999996604021696,0.999998009397955,0.99999914156801,2.87689505654544,2.46446387791869,0.571636018532907,0.00342549875820033,0.0702383706362677,0.435730810963867,0.525297640850053,0.570443785020341,0.621898846811894,0.707252416103908,420.437289889443,1.00610674980684,-5.18141668198143,0.063043168793534,0.953231857064786,-7.04686091843385,-5.828855008147,-5.19545506547979,-4.5251685245663,-3.28773231137698,228.62358335482,1.01916784925869,5.24435979331232,0.0689072101938636,1.04892603213409,3.15865547974812,4.52116614484953,5.25995799241529,5.96109184329499,7.28078908193908,231.718331753629,1.01968948995831,1.80461764794756,0.00259440883375084,0.0433094192529332,1.714619977354,1.77602674855806,1.80642455197695,1.83499561120674,1.884781040939,278.668507498671,1.01247151868931,TRUE,NA,"",0.785999525484319,0.972472072144818,-7.12444793772447,-4.52063192814335
"35",79,2019-09-28,0.00846873698277562,0.00282075166011857,0.0640731522932724,-0.109943223952827,-0.0372776493498674,0.00853398578625769,0.0513357226905723,0.137221692544418,515.967654929056,1.00655672292565,-7.18292931139614,0.0988915490404016,1.88048071077311,-10.9059774386722,-8.48030699014444,-7.1745997243731,-5.858721681111,-3.67004240041334,361.592493741427,1.00584536207187,0.998022797006057,0.000849169595057115,0.00143420225582997,0.994134655670989,0.997316716212774,0.998395796084687,0.999069526060674,0.999591639455605,2.85254123595261,2.4601442668642,0.00846873698275869,0.00282075166011293,0.0640731522931442,-0.109943223952607,-0.0372776493497928,0.00853398578624062,0.0513357226904696,0.137221692544144,515.967654929055,1.00655672292565,-7.18292931139614,0.0988915490404016,1.88048071077311,-10.9059774386722,-8.48030699014443,-7.17459972437309,-5.85872168111101,-3.67004240041333,361.592493741427,1.00584536207187,7.70681568400189,0.106651996559509,2.02221618191838,3.95377079834941,6.28759940637729,7.71870115234684,9.08337368466561,11.7255659505165,359.51513869663,1.0057036205796,1.80461764794756,0.00259440883375084,0.0433094192529332,1.714619977354,1.77602674855806,1.80642455197695,1.83499561120674,1.884781040939,278.668507498671,1.01247151868931,TRUE,NA,"",0.0116445133513165,0.188679827248575,-9.87652780316969,-5.04630830056834
"36",80,2019-09-29,0.224605437116079,0.00373692532247376,0.0657183100912683,0.0982652728876726,0.179778199265611,0.222459453340242,0.269063990905255,0.354371263741511,309.274373827781,1.01546817361986,-5.80562360575181,0.0934428572177877,1.46979236262823,-8.78108194028437,-6.7548479363667,-5.83408229624323,-4.87622814376955,-2.92522193684194,247.411426774475,1.01963014561331,0.999979385878399,8.90957202925883e-06,1.50128881791387e-05,0.999937987478251,0.999972259318301,0.999983402980126,0.999990393014294,0.99999576764153,2.8393230834654,2.47154921043149,0.224605437115629,0.00373692532246629,0.0657183100911369,0.0982652728874761,0.179778199265251,0.222459453339798,0.269063990904717,0.354371263740802,309.27437382778,1.01546817361986,-5.80562360575181,0.0934428572177877,1.46979236262823,-8.78108194028436,-6.7548479363667,-5.83408229624323,-4.87622814376955,-2.92522193684194,247.411426774475,1.01963014561331,6.07203441750779,0.100384868959728,1.58317442829807,2.97397462726713,5.04790175625561,6.09824596018465,7.08368129457095,9.23539779829897,248.725905203343,1.01964731983567,1.80461764794756,0.00259440883375084,0.0433094192529332,1.714619977354,1.77602674855806,1.80642455197695,1.83499561120674,1.884781040939,278.668507498671,1.01247151868931,TRUE,NA,"",0.308832476034609,0.487260487644578,-7.98273245790874,-4.02218016315767
"37",141,2019-11-29,0.356343352112571,0.00315838526220553,0.0655207419314186,0.228155436833686,0.31252148136979,0.357210216855111,0.400588810142578,0.483088194923858,430.355546083635,1.01019836057219,-2.2487844154889,0.052767016630283,0.789237255652451,-3.80704973262738,-2.80600923722626,-2.22234773610084,-1.69012269159849,-0.779248353539641,223.712409055487,1.00710450316575,0.999993043956579,2.9621443779206e-06,4.96117474217282e-06,0.999980265576082,0.99999040251531,0.999994412888191,0.999996781292197,0.999998542714611,2.80515331617219,2.5816664584014,0.356343352111859,0.0031583852621992,0.0655207419312876,0.22815543683323,0.312521481369165,0.357210216854397,0.400588810141777,0.483088194922892,430.355546083637,1.01019836057219,-2.2487844154889,0.052767016630283,0.789237255652451,-3.80704973262738,-2.80600923722626,-2.22234773610084,-1.69012269159848,-0.779248353539642,223.712409055486,1.00710450316575,2.68982501737961,0.0783399465901874,1.17314790473767,0.571646306990319,1.83295752510978,2.64703266828435,3.50245644550696,5.07106355284648,224.253379366487,1.00649425885412,1.80461764794756,0.00259440883375084,0.0433094192529332,1.714619977354,1.77602674855806,1.80642455197695,1.83499561120674,1.884781040939,278.668507498671,1.01247151868931,TRUE,NA,"",0.489972109154785,0.664246268020305,-3.09207857129724,-1.07146648611701
"38",142,2019-11-30,0.531141173486967,0.00487043225907637,0.079678283931023,0.372343692662752,0.478064571095607,0.530764560311258,0.582979840583087,0.688831875056831,267.636245763676,1.00924019220758,-5.21408592992399,0.0716414792817723,0.832907466603864,-6.90405984806591,-5.74749812341071,-5.21105731904851,-4.65433253716934,-3.57403691477138,135.165053662181,1.0237161921081,0.999996629048582,1.42602938224273e-06,2.38943255196054e-06,0.999990526807859,0.999995450373607,0.999997250344973,0.999998393409184,0.999999302739332,2.80758299958589,2.51007534879598,0.531141173485905,0.00487043225906664,0.0796782839308636,0.372343692662008,0.478064571094651,0.530764560310197,0.582979840581921,0.688831875055454,267.636245763676,1.00924019220758,-5.21408592992399,0.0716414792817724,0.832907466603864,-6.90405984806591,-5.74749812341071,-5.21105731904851,-4.65433253716934,-3.57403691477138,135.165053662181,1.0237161921081,6.35201606968763,0.0895069185569968,1.05210958446638,4.29635102931777,5.6306253992775,6.34432985688868,7.0266732050197,8.46065046421489,138.168404277262,1.02440757993593,1.80461764794756,0.00259440883375084,0.0433094192529332,1.714619977354,1.77602674855806,1.80642455197695,1.83499561120674,1.884781040939,278.668507498671,1.01247151868931,TRUE,NA,"",0.73031911354458,0.947143828203143,-7.16936815364549,-4.91430075781065
"39",143,2019-12-01,0.794948474323265,0.00435326454506426,0.0752630713189896,0.648920501771567,0.743151877509103,0.795247771368686,0.846724391625553,0.940851371422238,298.905395412707,1.00971769699223,-4.37580042381157,0.042184454328257,0.548276586060834,-5.42046165430184,-4.75182001906947,-4.37494050529909,-4.00478582680863,-3.33330063427913,168.925233678874,1.01775187940292,0.999997712026891,9.61968829346932e-07,1.62243058643351e-06,0.999993552396712,0.999996832632261,0.999998150045465,0.999998926499118,0.999999508306689,2.84452824594074,2.50141746565631,0.794948474321676,0.00435326454505557,0.0752630713188391,0.648920501770269,0.743151877507617,0.795247771367096,0.84672439162386,0.940851371420356,298.905395412705,1.00971769699223,-4.37580042381157,0.042184454328257,0.548276586060834,-5.42046165430184,-4.75182001906946,-4.37494050529909,-4.00478582680863,-3.33330063427913,168.925233678874,1.01775187940292,5.53056630034662,0.0583173933341209,0.780723017833086,4.03957107365127,5.00649229179106,5.52466428349171,6.06941930186398,7.02069689247419,179.224657902966,1.01690737656384,1.80461764794756,0.00259440883375084,0.0433094192529332,1.714619977354,1.77602674855806,1.80642455197695,1.83499561120674,1.884781040939,278.668507498671,1.01247151868931,TRUE,NA,"",1.09305415219449,1.29367063570558,-6.01672558274091,-4.5832883721338
"40",144,2019-12-02,0.618291680096024,0.00351206938282055,0.0638902453062078,0.492607235628557,0.574797887515632,0.618654951334304,0.661512871886337,0.738946829445761,330.935179945335,1.01135998165119,-1.17231112656122,0.0259825464071453,0.344095785982741,-1.89006784864388,-1.40628062058104,-1.15446615156826,-0.905719176603698,-0.589694299466503,175.386145946033,1.02944135647861,0.999998424462129,6.69399910297615e-07,1.11733681230281e-06,0.999995559301033,0.999997905777109,0.999998719134081,0.999999259426177,0.999999674744809,2.78610137944391,2.54200629488148,0.618291680094787,0.00351206938281351,0.0638902453060801,0.492607235627572,0.574797887514482,0.618654951333067,0.661512871885014,0.738946829444283,330.935179945338,1.01135998165119,-1.17231112656122,0.0259825464071453,0.344095785982741,-1.89006784864388,-1.40628062058104,-1.15446615156826,-0.905719176603699,-0.589694299466504,175.386145946033,1.02944135647861,1.11141766363782,0.0445587442193463,0.583230365628887,0.100240454198005,0.662706692563819,1.09689527663094,1.52630041570638,2.29278339714267,171.322486488147,1.02766729775696,1.80461764794756,0.00259440883375084,0.0433094192529332,1.714619977354,1.77602674855806,1.80642455197695,1.83499561120674,1.884781040939,278.668507498671,1.01247151868931,TRUE,NA,"",0.850151060132033,1.01605189048792,-1.61192779902168,-0.810829661766442
"41",145,2019-12-03,0.781766473362111,0.00341879377399496,0.0674113097884373,0.651570303935744,0.734234538534958,0.781792371516807,0.82758337142897,0.915527784647168,388.794150442034,1.00886081957661,-2.41657364588173,0.0361741732374543,0.464148618799752,-3.31167181487734,-2.7271889655635,-2.42489131789941,-2.09124427025378,-1.51855974718101,164.633001732859,1.02257365716678,0.999998011264165,8.52646028057536e-07,1.42766501475308e-06,0.999994371852793,0.999997331593402,0.999998384094775,0.999999069883138,0.999999588404169,2.80359377968524,2.45930383815676,0.781766473360547,0.00341879377398814,0.0674113097883025,0.651570303934441,0.73423453853349,0.781792371515244,0.827583371427315,0.915527784645336,388.794150442031,1.00886081957661,-2.41657364588173,0.0361741732374543,0.464148618799752,-3.31167181487734,-2.7271889655635,-2.42489131789941,-2.09124427025378,-1.51855974718101,164.633001732859,1.02257365716678,2.2438703176545,0.0530000031568213,0.679519919132621,0.929422671224813,1.77173434202453,2.24804788187237,2.69898969255556,3.56241444774189,164.38136898975,1.02181488641607,1.80461764794756,0.00259440883375084,0.0433094192529332,1.714619977354,1.77602674855806,1.80642455197695,1.83499561120674,1.884781040939,278.668507498671,1.01247151868931,TRUE,NA,"",1.0749289008729,1.25885070388986,-3.32278876308738,-2.08801965237389
"42",146,2019-12-04,0.733605147507349,0.00446510221326497,0.0795050987887689,0.578063361244641,0.680031037865765,0.732910886783467,0.788877010455765,0.886881723349004,317.049558706901,1.00381502019099,-5.88130724945076,0.0575994710271718,0.888801669100173,-7.5646963755634,-6.47616087684605,-5.88579696857077,-5.31508145742557,-4.08855021772441,238.107312353337,1.0093087219392,0.999996805275395,1.33906030931388e-06,2.2390343636127e-06,0.999991292641473,0.999995519226806,0.999997425389198,0.999998490834946,0.99999934266611,2.79589748265587,2.57230227099178,0.733605147505882,0.00446510221325606,0.07950509878861,0.578063361243485,0.680031037864405,0.732910886782002,0.788877010454188,0.88688172334723,317.049558706898,1.00381502019099,-5.88130724945076,0.0575994710271718,0.888801669100173,-7.5646963755634,-6.47616087684605,-5.88579696857076,-5.31508145742557,-4.08855021772441,238.107312353337,1.0093087219392,6.37157065066927,0.0680503389286668,1.0661944529584,4.17251497995707,5.69095989245895,6.3838539053422,7.09066371050526,8.37574862780173,245.47781686723,1.00918161702817,1.80461764794756,0.00259440883375084,0.0433094192529332,1.714619977354,1.77602674855806,1.80642455197695,1.83499561120674,1.884781040939,278.668507498671,1.01247151868931,TRUE,NA,"",1.0087070778226,1.21946236960488,-8.0867974679948,-5.62175654937106
"43",147,2019-12-05,0.293968430155353,0.00391877403350096,0.0688119912475567,0.163060743928287,0.248164303914532,0.290401452024897,0.336804591554218,0.436707490059643,308.33853704983,1.01408542995191,-0.14173623238841,0.0148919167786615,0.259368006941606,-0.73872591467155,-0.295756402393689,-0.104553239993303,0.05324312989696,0.254639416942991,303.341345286282,1.00572637245185,0.999999344622031,2.78231959936413e-07,4.75573637768705e-07,0.999998064575359,0.999999112930257,0.999999472781883,0.999999697261329,0.999999864937949,2.92160510760497,2.43361290681208,0.293968430154765,0.00391877403349312,0.0688119912474191,0.163060743927961,0.248164303914036,0.290401452024316,0.336804591553545,0.43670749005877,308.338537049829,1.01408542995191,-0.14173623238841,0.0148919167786615,0.259368006941606,-0.738725914671551,-0.29575640239369,-0.104553239993303,0.05324312989696,0.254639416942991,303.341345286282,1.00572637245185,0.482491778892601,0.0206844834813809,0.354622938363491,0.0289736026432686,0.197250587660756,0.418132720289549,0.6941606108339,1.30222217794066,293.930252046213,1.00871910823216,1.80461764794756,0.00259440883375084,0.0433094192529332,1.714619977354,1.77602674855806,1.80642455197695,1.83499561120674,1.884781040939,278.668507498671,1.01247151868931,TRUE,NA,"",0.40420659146361,0.600472798832009,-0.194887319534064,0.350129198296613
"44",175,2020-01-02,0.531161073879474,0.00283955522853158,0.0658763989201847,0.401492170224148,0.486880747813739,0.530759864055769,0.576045403047507,0.659372223083266,538.219045333097,1.00691410580342,-0.699970366958908,0.0182887777253529,0.293571547889954,-1.36518782558306,-0.868926371008801,-0.653162347763435,-0.480672633591018,-0.26686644040421,257.666858198325,1.00702613828895,0.999998127147328,8.11443637517989e-07,1.35423441956534e-06,0.999994659720124,0.999997476399298,0.999998535081574,0.999999114707688,0.999999615386423,2.78529357166766,2.5336289332871,0.531161073878411,0.00283955522852591,0.065876398920053,0.401492170223345,0.486880747812765,0.530759864054707,0.576045403046355,0.659372223081947,538.219045333096,1.00691410580342,-0.699970366958908,0.0182887777253529,0.293571547889954,-1.36518782558306,-0.8689263710088,-0.653162347763435,-0.480672633591018,-0.26686644040421,257.666858198325,1.00702613828895,0.487366563150404,0.0251424530835456,0.390901789795704,0.020991185484788,0.174358209095547,0.395209483486804,0.706771581285102,1.41941403757856,241.724138466729,1.00896997082654,1.80461764794756,0.00259440883375084,0.0433094192529332,1.714619977354,1.77602674855806,1.80642455197695,1.83499561120674,1.884781040939,278.668507498671,1.01247151868931,TRUE,NA,"",0.730346476584277,0.906636806739491,-0.962459254568499,-0.366941355555789
"45",176,2020-01-03,0.832778201147789,0.00364147097761745,0.0678982128955409,0.702884548438917,0.786764454621743,0.832868919956818,0.877034994283979,0.96733968211853,347.666608712237,1.00282198609171,-3.19294755485179,0.0255887534214035,0.366935347928531,-3.96141721989356,-3.41557740532625,-3.17959467576196,-2.95411909713006,-2.50456109285466,205.627332875582,1.02853693055186,0.999998305428047,7.23410826401806e-07,1.22814830704603e-06,0.999995098757689,0.999997709386155,0.999998646286415,0.999999205480204,0.999999644887742,2.88224981355919,2.41661903704443,0.832778201146124,0.00364147097761021,0.0678982128954052,0.702884548437511,0.78676445462017,0.832868919955152,0.877034994282225,0.967339682116596,347.666608712229,1.00282198609171,-3.19294755485179,0.0255887534214035,0.366935347928531,-3.96141721989357,-3.41557740532625,-3.17959467576196,-2.95411909713006,-2.50456109285466,205.627332875582,1.02853693055186,4.5057083438576,0.0411589366544062,0.604268576602479,3.37606137096599,4.09702895752254,4.48277071349747,4.87905114340432,5.77501827556652,215.541910802955,1.03073933532874,1.80461764794756,0.00259440883375084,0.0433094192529332,1.714619977354,1.77602674855806,1.80642455197695,1.83499561120674,1.884781040939,278.668507498671,1.01247151868931,TRUE,NA,"",1.14507002657821,1.33009206291298,-4.39030288792121,-3.44377150267516
"46",177,2020-01-04,0.372971546762728,0.00494302631360869,0.0805753017384094,0.213713060595069,0.318194416216686,0.372501506076401,0.428518586517595,0.53245947516799,265.716202033248,1.01703018238385,-3.32928585254733,0.0654480571880915,0.810384090761807,-4.9034720094065,-3.88759336686133,-3.32212521440141,-2.80897101653092,-1.54419806986963,153.316287597375,1.0253287488156,0.999997412130283,1.11171958794989e-06,1.86006645519985e-06,0.999992602653859,0.999996493875918,0.999997957492816,0.999998785553398,0.999999463535881,2.79940933051723,2.53327527622391,0.372971546761983,0.00494302631359881,0.0805753017382483,0.213713060594642,0.318194416216049,0.372501506075656,0.428518586516738,0.532459475166925,265.716202033248,1.01703018238385,-3.32928585254733,0.0654480571880915,0.810384090761807,-4.90347200940649,-3.88759336686133,-3.32212521440141,-2.80897101653092,-1.54419806986963,153.316287597375,1.0253287488156,3.66579719658091,0.0833052593223794,1.03635937766568,1.38665581590732,2.99813327897817,3.65430765103021,4.37474712529485,5.64993696572932,154.766129572726,1.02377271834024,1.80461764794756,0.00259440883375084,0.0433094192529332,1.714619977354,1.77602674855806,1.80642455197695,1.83499561120674,1.884781040939,278.668507498671,1.01247151868931,TRUE,NA,"",0.512835876798751,0.732131778355986,-4.57776804725258,-2.12327234607074
"47",178,2020-01-05,0.124490391387486,0.00426228104091245,0.0693628120031674,-0.0138732849664165,0.0781480663888248,0.12549524077863,0.170131091710775,0.257836811627777,264.831242509793,1.01634328934387,-6.15567193062561,0.172404443866174,1.79659318556644,-9.39464298826775,-7.41421051561776,-6.26623362958396,-4.9922346442581,-2.36363801819181,108.593188320721,1.03830157323215,0.999955144051273,1.91301882337759e-05,3.22802112914802e-05,0.9998689440151,0.999938875801952,0.999963731915153,0.999978908321338,0.999990867458529,2.84730670502238,2.50140288998491,0.124490391387237,0.00426228104090393,0.0693628120030287,-0.0138732849663887,0.0781480663886685,0.12549524077838,0.170131091710434,0.257836811627262,264.831242509791,1.01634328934387,-6.15567193062561,0.172404443866174,1.79659318556644,-9.39464298826773,-7.41421051561776,-6.26623362958396,-4.9922346442581,-2.3636380181918,108.593188320721,1.03830157323215,6.85777198648195,0.194011011582694,2.02679687955691,2.65632581075771,5.53956329990567,6.99327895138312,8.249035142535,10.4868982476747,109.135914953695,1.03787207388208,1.80461764794756,0.00259440883375084,0.0433094192529332,1.714619977354,1.77602674855806,1.80642455197695,1.83499561120674,1.884781040939,278.668507498671,1.01247151868931,TRUE,NA,"",0.171174288157793,0.354525615988193,-8.46404890461021,-3.25000227501374
"48",179,2020-01-06,0.2114027030484,0.00311616146308142,0.0650357694020997,0.0818868902777617,0.166034159452801,0.211944974292919,0.25640711131173,0.335758126424883,435.576719906177,1.00946149257333,-5.35865746576272,0.106152480705311,1.56142223152075,-8.36305607418551,-6.41388099089037,-5.37582510942378,-4.30344142571551,-2.13714286011873,216.361718162338,1.00839417192723,0.999969260640684,1.30619535443718e-05,2.19991396361638e-05,0.99991235438827,0.999957864873552,0.999975457581271,0.999985443065615,0.999993571629377,2.83658056527777,2.47447729525495,0.211402703047977,0.00311616146307518,0.0650357694019697,0.0818868902775979,0.166034159452469,0.211944974292495,0.256407111311217,0.335758126424211,435.57671990618,1.00946149257333,-5.35865746576272,0.106152480705311,1.56142223152075,-8.36305607418549,-6.41388099089037,-5.37582510942378,-4.30344142571551,-2.13714286011873,216.361718162338,1.00839417192723,5.75590951785495,0.118213110152828,1.73687467578512,2.20727161647814,4.57792790696525,5.76659324146746,6.9359637141194,9.0838750979358,215.876654376387,1.00857430040493,1.80461764794756,0.00259440883375084,0.0433094192529332,1.714619977354,1.77602674855806,1.80642455197695,1.83499561120674,1.884781040939,278.668507498671,1.01247151868931,TRUE,NA,"",0.29067871669155,0.461667423834214,-7.36815401542374,-2.93857143266325
"49",180,2020-01-07,0.201951264998229,0.00366747754145197,0.0732938187754457,0.0582080924536296,0.151511166888029,0.202802109639821,0.25235012114497,0.346933403891277,399.392379313004,1.00363584629285,-7.01524789541783,0.0907141265348618,1.71622152287015,-10.4060787135278,-8.14723633274092,-7.03330565216673,-5.87879919385838,-3.5805157209022,357.928962661599,1.0044716351173,0.99995866680286,1.73748338122226e-05,2.91354787390806e-05,0.999882901417095,0.999943947634019,0.999966165175268,0.999980419009871,0.99999123463555,2.81192024491721,2.55359050714143,0.201951264997825,0.00366747754144463,0.0732938187752991,0.0582080924535132,0.151511166887726,0.202802109639415,0.252350121144466,0.346933403890583,399.392379313005,1.00363584629285,-7.01524789541783,0.0907141265348618,1.71622152287015,-10.4060787135278,-8.14723633274093,-7.03330565216673,-5.87879919385838,-3.58051572090219,357.928962661599,1.0044716351173,7.30191516092637,0.0945934563738967,1.80835800578689,3.67682346970376,6.11214687385911,7.31957165047317,8.47503591247956,10.9296759917835,365.465711614527,1.00437027529796,1.80461764794756,0.00259440883375084,0.0433094192529332,1.714619977354,1.77602674855806,1.80642455197695,1.83499561120674,1.884781040939,278.668507498671,1.01247151868931,TRUE,NA,"",0.277682989372565,0.477033430350506,-9.64596585619952,-4.92320911624052
"50",181,2020-01-08,0.00221760769465293,0.00261571374666539,0.0597637245397529,-0.115557147842616,-0.0370436694631768,0.00222901590563313,0.0419233291381587,0.12018218341228,522.029302095335,1.00556924562263,-7.4924429882994,0.159292552245284,2.00469320832742,-11.1673807700079,-8.94816735662225,-7.51453603040492,-6.10303710488659,-3.42395868190335,158.381662215416,1.00809586170051,-4.17025428646948e+27,1.78702138195115e+27,3.02174227121138e+27,-1.18794464613609e+28,-5.77998122118195e+27,-3.33446916057315e+27,-1.95819498653257e+27,-8.53159060423247e+26,2.85927114887425,2.42776550732176,0.00221760769464849,0.00261571374666016,0.0597637245396333,-0.115557147842385,-0.0370436694631028,0.00222901590562867,0.0419233291380748,0.120182183412039,522.029302095335,1.00556924562263,-7.4924429882994,0.159292552245284,2.00469320832742,-11.1673807700079,-8.94816735662226,-7.51453603040491,-6.10303710488659,-3.42395868190334,158.381662215416,1.00809586170051,7.91642722740984,0.168019803761096,2.11605140951992,3.64366916292145,6.45112016088479,7.94525616396421,9.46165370581526,11.7925571070028,158.61033525536,1.00812626420922,1.80461764794756,0.00259440883375084,0.0433094192529332,1.714619977354,1.77602674855806,1.80642455197695,1.83499561120674,1.884781040939,278.668507498671,1.01247151868931,TRUE,NA,"",0.00304921058014778,0.165250502191885,-10.3021091089117,-4.70794318761711
"51",723,2021-07-03,0.789139217833397,0.00483212406351306,0.0831128833510926,0.626627549538166,0.733052403403239,0.789141342266739,0.844758046901319,0.952253227828901,295.842487809356,1.02099217803806,-2.9923057381999,0.0215520975427985,0.3346472722106,-3.65077178760278,-3.22152358412416,-2.99247470139844,-2.7604691947871,-2.34637539165029,241.099045324541,1.03370128087813,0.999994999727239,2.13000925853847e-06,3.58830484715717e-06,0.999985959365609,0.999993129029709,0.999995997635307,0.999997615300201,0.999998959699841,2.83802149935449,2.55692772327654,0.789139217831819,0.00483212406350346,0.0831128833509264,0.626627549536913,0.733052403401773,0.789141342265161,0.844758046899629,0.952253227826996,295.842487809348,1.02099217803806,-2.9923057381999,0.0215520975427985,0.3346472722106,-3.65077178760278,-3.22152358412416,-2.99247470139844,-2.7604691947871,-2.34637539165029,241.099045324541,1.03370128087813,7.76775870119727,0.055869351645035,0.918179948657911,5.96461601602603,7.14895171708373,7.77738646593143,8.38214744669564,9.57578968119611,270.089901051208,1.03399458091569,1.80461764794756,0.00259440883375084,0.0433094192529332,1.714619977354,1.77602674855806,1.80642455197695,1.83499561120674,1.884781040939,278.668507498671,1.01247151868931,TRUE,NA,"",1.08506642452092,1.30934818826474,-4.11442039002486,-3.22626616351915
"52",724,2021-07-04,1.03497105667251,0.0146905508714403,0.159689710409805,0.721025678476259,0.925418661551807,1.0398492003257,1.14765970209209,1.32927673430058,118.161964791903,1.02801591222809,-4.60711161727992,0.0617668021468775,0.641127560597144,-5.78073261705072,-5.05707500332038,-4.62672048849008,-4.18064200901563,-3.25350013091582,107.740418667132,1.03123759624084,0.999997350209191,1.11082116620753e-06,1.86624309676248e-06,0.999992779464115,0.999996408413168,0.999997831216656,0.999998742645428,0.99999944757907,2.82259219092542,2.50950430744836,1.03497105667044,0.0146905508714109,0.159689710409485,0.721025678474816,0.925418661549956,1.03984920032362,1.14765970208979,1.32927673429793,118.161964791903,1.02801591222809,-4.60711161727992,0.0617668021468775,0.641127560597143,-5.78073261705072,-5.05707500332039,-4.62672048849009,-4.18064200901563,-3.25350013091582,107.740418667131,1.03123759624084,10.3395098058805,0.141799656753282,1.47796225145095,7.23467371557935,9.37691564047332,10.3917564525122,11.3661245172139,13.0275968312939,108.636639932173,1.03136560063348,1.80461764794756,0.00259440883375084,0.0433094192529332,1.714619977354,1.77602674855806,1.80642455197695,1.83499561120674,1.884781040939,278.668507498671,1.01247151868931,TRUE,NA,"",1.4230852029247,1.8277555096633,-6.33477847375989,-4.47356268000925
"53",725,2021-07-05,0.979320853134216,0.00964763821632806,0.135226890237631,0.717462842231511,0.889727469515131,0.97853606701535,1.0675650472623,1.25385552786921,196.464507246884,1.00831564143664,-5.77479205814361,0.0556590846586068,0.753603078663329,-7.27781825517199,-6.28832096281825,-5.7548845093894,-5.27040440994892,-4.32665499640966,183.32141815947,1.00836003482686,0.99999752660516,1.0610840625264e-06,1.78660884044802e-06,0.999992894137324,0.9999965892382,0.999998007317201,0.99999885184439,0.999999493492834,2.83504119773338,2.45984667425027,0.979320853132257,0.00964763821630877,0.135226890237361,0.717462842230076,0.889727469513352,0.978536067013393,1.06756504726017,1.25385552786671,196.464507246884,1.00831564143664,-5.77479205814361,0.0556590846586069,0.753603078663329,-7.27781825517199,-6.28832096281824,-5.7548845093894,-5.27040440994893,-4.32665499640966,183.32141815947,1.00836003482686,10.6495914543125,0.104901443801435,1.44195402551765,7.87451767418983,9.68506241956151,10.6284267079778,11.6283786833572,13.5010806773413,188.94695456269,1.00781172976936,1.80461764794756,0.00259440883375084,0.0433094192529332,1.714619977354,1.77602674855806,1.80642455197695,1.83499561120674,1.884781040939,278.668507498671,1.01247151868931,TRUE,NA,"",1.34656617305955,1.72405135082016,-7.94033907994746,-5.94915062006328
"54",726,2021-07-06,0.763762481409806,0.0072781201167807,0.111690148986825,0.552375485820858,0.68974368915741,0.760581944561081,0.835998419302752,0.99165828309095,235.500212237216,1.02356867340755,-5.65237218890309,0.0610586018041346,0.871716472555577,-7.4327153036138,-6.23656201976999,-5.63110513356611,-5.0434400306883,-3.98115421165829,203.824692341467,1.02862461105755,0.999996266456379,1.61866864422515e-06,2.71903418925902e-06,0.999989295188442,0.999994929740592,0.999997060847212,0.999998233999572,0.999999232085601,2.82171683356486,2.4691424111299,0.763762481408279,0.00727812011676618,0.111690148986602,0.552375485819753,0.689743689156031,0.760581944559559,0.835998419301081,0.991658283088967,235.500212237214,1.02356867340755,-5.65237218890309,0.0610586018041345,0.871716472555577,-7.43271530361379,-6.23656201976999,-5.63110513356611,-5.0434400306883,-3.98115421165828,203.824692341467,1.02862461105755,9.69722996616103,0.108142635053582,1.56512187506525,6.73310510575194,8.61465039572757,9.66028642524897,10.7726671584634,12.9057439135868,209.460640737584,1.02776888265899,1.80461764794756,0.00259440883375084,0.0433094192529332,1.714619977354,1.77602674855806,1.80642455197695,1.83499561120674,1.884781040939,278.668507498671,1.01247151868931,TRUE,NA,"",1.05017341193848,1.36353013925006,-7.77201175974175,-5.47408704103015
"55",727,2021-07-07,0.238812983356297,0.00673565220348249,0.0843624787758568,0.083613261371555,0.18061243363748,0.235949996138149,0.294136398289144,0.412283284663151,156.869804522957,1.02115308609525,-3.60621685356321,0.0998908729426159,1.04275466348113,-5.75048087553842,-4.29488972591561,-3.57414958896182,-2.88490452965423,-1.65203543908138,108.971433688139,1.02312736471551,0.999993613078445,2.78311134768643e-06,4.69000727384471e-06,0.999981267234967,0.999991331157286,0.999994828922674,0.999997014850623,0.999998690425564,2.83978766457461,2.41953167630135,0.238812983355819,0.00673565220346901,0.0843624787756881,0.0836132613713877,0.180612433637119,0.235949996137677,0.294136398288556,0.412283284662327,156.869804522957,1.02115308609525,-3.60621685356321,0.0998908729426159,1.04275466348113,-5.75048087553841,-4.29488972591561,-3.57414958896182,-2.88490452965423,-1.65203543908138,108.97143368814,1.02312736471551,5.12802686686696,0.146032773529498,1.55586692853866,2.22280174131595,4.04823563162825,5.10470001165027,6.15506996410482,8.31400688037784,113.512641963751,1.02238958970628,1.80461764794756,0.00259440883375084,0.0433094192529332,1.714619977354,1.77602674855806,1.80642455197695,1.83499561120674,1.884781040939,278.668507498671,1.01247151868931,TRUE,NA,"",0.328367852114908,0.566889516411833,-4.95854817364941,-2.2715487287369
"56",730,2021-07-10,0.164943655542204,0.00344453456987786,0.0698083471123662,0.0274169259342413,0.117601081977517,0.163457966075855,0.211363430757923,0.305534661668023,410.727342046301,1.01305287212137,-0.388311318204397,0.0193268358787757,0.27188781442299,-1.03879517701666,-0.539660379265425,-0.335362700909101,-0.192685991067317,0.00402067501806206,197.905548315556,1.03134335331838,0.999997172688339,1.22455004248051e-06,2.05994143083518e-06,0.999991799249155,0.999996175002671,0.999997730453964,0.999998682466096,0.999999411095073,2.82980604227369,2.44580112761076,0.164943655541875,0.00344453456987098,0.0698083471122266,0.0274169259341865,0.117601081977282,0.163457966075528,0.211363430757501,0.305534661667412,410.727342046301,1.01305287212137,-0.388311318204397,0.0193268358787757,0.27188781442299,-1.03879517701666,-0.539660379265426,-0.335362700909101,-0.192685991067317,0.00402067501806207,197.905548315556,1.03134335331838,0.691280247577038,0.0396099535026486,0.552472846585338,0.0321883338809646,0.252828068160246,0.568378341283044,1.0013521175638,2.01409496047499,194.541925666688,1.02613609052338,1.80461764794756,0.00259440883375084,0.0433094192529332,1.714619977354,1.77602674855806,1.80642455197695,1.83499561120674,1.884781040939,278.668507498671,1.01247151868931,TRUE,NA,"",0.22679752637053,0.420110159793532,-0.533928062531046,0.00552842814983533
"57",731,2021-07-11,1.15163076575817,0.00543481778970369,0.0849485816941718,0.980736937641725,1.09615824710241,1.15319023756799,1.2087133141408,1.31184081237347,244.310587417994,1.00783393904655,-3.49009316429913,0.018244098004403,0.270708545740503,-4.0153452901774,-3.67925225141961,-3.48747730376871,-3.30366129855511,-2.95891171677494,220.170505004115,1.01254491624861,0.999998059284924,8.3012791300552e-07,1.40047226008099e-06,0.999994481927582,0.999997386123494,0.999998438198113,0.999999073775572,0.999999600322327,2.84615788079227,2.44616103856828,1.15163076575587,0.00543481778969281,0.0849485816940019,0.980736937639763,1.09615824710021,1.15319023756568,1.20871331413838,1.31184081237084,244.310587417995,1.00783393904655,-3.49009316429913,0.018244098004403,0.270708545740503,-4.0153452901774,-3.67925225141962,-3.48747730376871,-3.30366129855512,-2.95891171677494,220.170505004115,1.01254491624861,9.06559110579415,0.0460012804032394,0.701280183359052,7.69992396511678,8.58782020881577,9.0600878942411,9.55689967819256,10.4536827169823,232.403836811696,1.01342497057618,1.80461764794756,0.00259440883375084,0.0433094192529332,1.714619977354,1.77602674855806,1.80642455197695,1.83499561120674,1.884781040939,278.668507498671,1.01247151868931,TRUE,NA,"",1.58349230291748,1.80378111701352,-4.7988781009113,-4.06850361056554
"58",732,2021-07-12,0.788201423567441,0.00415744199252445,0.0808068635357891,0.633230135851325,0.73424593902365,0.787169247070725,0.841795914810503,0.951238740423473,377.784472465277,1.00593173117545,-2.64281259748466,0.0181781702974868,0.308984206284447,-3.28270702019699,-2.84227422856375,-2.63778305348711,-2.44024097124343,-2.04504795794587,288.916421268504,1.00851180719751,0.999996530024483,1.47472736110489e-06,2.48114910974362e-06,0.999990280914971,0.999995290651147,0.999997262108201,0.999998356359269,0.999999274344973,2.83062445156144,2.50230659154121,0.788201423565865,0.00415744199251612,0.0808068635356275,0.633230135850059,0.734245939022182,0.787169247069151,0.841795914808819,0.951238740421571,377.784472465279,1.00593173117545,-2.64281259748466,0.0181781702974868,0.308984206284447,-3.28270702019699,-2.84227422856375,-2.63778305348711,-2.44024097124344,-2.04504795794587,288.916421268505,1.00851180719751,5.73565462239357,0.0454797231141579,0.782632372512167,4.17912719154019,5.24272203540003,5.71054183653291,6.25387382784256,7.3848611440259,296.128353476475,1.00796709305203,1.80461764794756,0.00259440883375084,0.0433094192529332,1.714619977354,1.77602674855806,1.80642455197695,1.83499561120674,1.884781040939,278.668507498671,1.01247151868931,TRUE,NA,"",1.08377695740523,1.30795326808228,-3.63386732154141,-2.81194094217557
"59",749,2021-07-29,0.88112702159374,0.00575255978032711,0.092796423098736,0.695888402872802,0.822426458614077,0.88253674861326,0.94161049564509,1.06380467680212,260.219711875864,1.01507230875764,-5.98875211090826,0.0523483248882101,0.709851900555812,-7.351152325973,-6.47259918614246,-5.98710981764559,-5.52901104641972,-4.57357184592638,183.878063221361,1.02381776403414,0.999995978704937,1.68590025054081e-06,2.83216074976133e-06,0.999988723402164,0.999994519595999,0.999996747347494,0.999998069671222,0.999999184945104,2.82209772742515,2.50576807885535,0.881127021591978,0.0057525597803156,0.0927964230985504,0.69588840287141,0.822426458612432,0.882536748611496,0.941610495643207,1.06380467679999,260.219711875864,1.01507230875764,-5.98875211090826,0.05234832488821,0.709851900555812,-7.351152325973,-6.47259918614246,-5.98710981764558,-5.52901104641971,-4.57357184592639,183.878063221361,1.02381776403414,9.54061929936876,0.0878295162345578,1.20417956320272,7.12758168778935,8.76610651555088,9.53483661744655,10.3398912026028,11.867777332164,187.975618833681,1.02320142536948,1.80461764794756,0.00259440883375084,0.0433094192529332,1.714619977354,1.77602674855806,1.80642455197695,1.83499561120674,1.884781040939,278.668507498671,1.01247151868931,TRUE,NA,"",1.21154965469139,1.46273143060292,-8.23453415249886,-6.28866128814877
"60",750,2021-07-30,0.624171487862879,0.00464067730399867,0.0792893583446119,0.466217549227582,0.57124416019444,0.624734920086119,0.678454953489516,0.779162643976135,291.922161616758,1.01248068761142,-5.04412776403113,0.0594278006371674,0.754319375090667,-6.48403616273701,-5.55624131561653,-5.04857382344559,-4.54581143867321,-3.55232386700258,161.113232186065,1.02939678206121,0.999993846011714,2.59889812372824e-06,4.38033892787384e-06,0.999982349786208,0.999991623962115,0.999995029783913,0.999997082507594,0.999998706160161,2.84077553644805,2.55482354135189,0.624171487861631,0.00464067730398938,0.0792893583444534,0.46621754922665,0.571244160193298,0.62473492008487,0.678454953488159,0.779162643974577,291.92216161676,1.01248068761142,-5.04412776403113,0.0594278006371673,0.754319375090667,-6.484036162737,-5.55624131561654,-5.04857382344558,-4.5458114386732,-3.55232386700258,161.113232186066,1.02939678206121,7.75814502827991,0.0969635564664079,1.23940243408501,5.36085218506657,6.92819922618474,7.76065155109951,8.60081960920069,10.136653000506,163.3832823748,1.02938839214766,1.80461764794756,0.00259440883375084,0.0433094192529332,1.714619977354,1.77602674855806,1.80642455197695,1.83499561120674,1.884781040939,278.668507498671,1.01247151868931,TRUE,NA,"",0.858235795811459,1.07134863546719,-6.9356756755428,-4.88444531712855
"61",751,2021-07-31,0.370322956421864,0.00380870838484437,0.0696028458901767,0.232096246604094,0.324658163855172,0.369952927995633,0.416562148740242,0.507908426313244,333.963151266675,1.02142602222201,-3.86330654277094,0.0611590542815164,0.933928836602823,-5.66507752506896,-4.48787394185154,-3.87311693913561,-3.21827060919803,-2.07448200194604,233.187919664642,1.01879287598945,0.999989005568793,4.67638647172133e-06,7.94576905745704e-06,0.999967645661423,0.999985072003562,0.999991252324592,0.999994798137776,0.999997665456259,2.88702859510613,2.39135271964213,0.370322956421123,0.00380870838483676,0.0696028458900375,0.23209624660363,0.324658163854523,0.369952927994893,0.416562148739409,0.507908426312228,333.963151266674,1.02142602222201,-3.86330654277094,0.0611590542815164,0.933928836602823,-5.66507752506896,-4.48787394185154,-3.8731169391356,-3.21827060919803,-2.07448200194604,233.187919664642,1.01879287598945,5.37691882811067,0.0911660849037573,1.42433719688734,2.66396031957006,4.39702474916382,5.38657237249775,6.35327398425362,8.06355365147955,244.095078478967,1.01712127404774,1.80461764794756,0.00259440883375084,0.0433094192529332,1.714619977354,1.77602674855806,1.80642455197695,1.83499561120674,1.884781040939,278.668507498671,1.01247151868931,TRUE,NA,"",0.509194065080063,0.69837408618071,-5.31204649631004,-2.8524127526758
"62",753,2021-08-02,0.528926160305142,0.00280101869475731,0.0645983739749832,0.404113280417576,0.485407616104199,0.52903756362429,0.572680638638122,0.653991436702746,531.876935572175,1.00190667101551,-1.92198617748228,0.0208483492374191,0.297880892684727,-2.49302964525681,-2.12488311905556,-1.93029123536419,-1.72783430515314,-1.32630604018642,204.146503717469,1.0272740371842,0.999997429769293,1.08910713561058e-06,1.83417568054165e-06,0.999992794074049,0.999996508289496,0.999997930619869,0.999998787339879,0.999999463545652,2.83622482945962,2.45317979098658,0.528926160304084,0.00280101869475171,0.0645983739748541,0.404113280416768,0.485407616103228,0.529037563623232,0.572680638636976,0.653991436701438,531.876935572175,1.00190667101551,-1.92198617748228,0.0208483492374191,0.297880892684727,-2.49302964525682,-2.12488311905556,-1.93029123536419,-1.72783430515314,-1.32630604018642,204.146503717469,1.02727403718419,4.58105230036756,0.0497806234793192,0.715534790081608,3.17556186044935,4.10567112290046,4.59889576281928,5.06550702141745,5.96018553556308,206.605008610786,1.030162669962,1.80461764794756,0.00259440883375084,0.0433094192529332,1.714619977354,1.77602674855806,1.80642455197695,1.83499561120674,1.884781040939,278.668507498671,1.01247151868931,TRUE,NA,"",0.72727347041957,0.899238225466276,-2.64273099403813,-1.82367080525633
"63",754,2021-08-03,0.0514230679136897,0.00677581210897179,0.0890491434274322,-0.122706558131959,-0.0104917094737423,0.0515813296797596,0.112992653327487,0.22594189891743,172.71767503662,1.02506450181168,-2.00492199901567,0.0654994889150217,0.74483675746987,-3.53565230401181,-2.50388269784144,-2.00537569709229,-1.49712390325875,-0.510227967644857,129.314248146165,1.03455958656698,0.999986424152404,5.84444371554456e-06,9.78271795000854e-06,0.999961992553791,0.999981698477011,0.999989192178086,0.999993534797702,0.999997204306774,2.80177143778575,2.51438773832829,0.0514230679135868,0.00677581210895824,0.0890491434272541,-0.122706558131713,-0.0104917094737213,0.0515813296796564,0.112992653327261,0.225941898916978,172.71767503662,1.02506450181168,-2.00492199901567,0.0654994889150217,0.74483675746987,-3.53565230401182,-2.50388269784144,-2.0053756970923,-1.49712390325875,-0.510227967644856,129.314248146165,1.03455958656698,4.86912869258984,0.153649994756362,1.78451274702659,1.29760669855302,3.67217416128818,4.8524663114668,6.09322272839764,8.50772778036792,134.888277710341,1.03384579976569,1.80461764794756,0.00259440883375084,0.0433094192529332,1.714619977354,1.77602674855806,1.80642455197695,1.83499561120674,1.884781040939,278.668507498671,1.01247151868931,TRUE,NA,"",0.0707067183813233,0.310670111011466,-2.75676774864655,-0.701563455511678
"64",755,2021-08-04,0.340044672607114,0.00446693431560592,0.0768643863809241,0.187538502729407,0.287510480135017,0.34156089399499,0.391022655078419,0.489416093418945,296.095083481452,1.00274243613128,-2.32435854679593,0.0628181470718366,0.639675322560887,-3.4436833474372,-2.78483226630811,-2.36807091189302,-1.93254596883385,-0.879754491759671,103.692883037251,1.021021111513,0.99999431449745,2.41007468999192e-06,4.06534082283471e-06,0.999983689444988,0.999992423894401,0.999995383984019,0.999997325130202,0.999998832444653,2.84533180456461,2.51564413770316,0.340044672606434,0.00446693431559699,0.0768643863807704,0.187538502729032,0.287510480134442,0.341560893994307,0.391022655077637,0.489416093417966,296.095083481451,1.00274243613128,-2.32435854679593,0.0628181470718366,0.639675322560887,-3.4436833474372,-2.78483226630811,-2.36807091189302,-1.93254596883385,-0.879754491759672,103.692883037251,1.021021111513,3.74353444349836,0.124838482502021,1.27307013700972,0.924007808797623,2.97048303741237,3.82120193907648,4.63682312996931,5.99860068138521,103.99386033895,1.02198139884114,1.80461764794756,0.00259440883375084,0.0433094192529332,1.714619977354,1.77602674855806,1.80642455197695,1.83499561120674,1.884781040939,278.668507498671,1.01247151868931,TRUE,NA,"",0.467561424834782,0.672947128451049,-3.1959930018444,-1.20966242616955
"65",756,2021-08-05,0.325626007142853,0.00311804383772267,0.0697517885583995,0.186741277418229,0.280608086773903,0.325511063346343,0.373305872473927,0.462419577682881,500.433371176643,1.00217794683438,-2.78785834296396,0.05377163740395,0.799462758329902,-4.3414548450219,-3.327195189954,-2.79941780134247,-2.25407511068957,-1.1849099307973,221.049711528086,1.00306533254543,0.999993045330561,2.98294499013833e-06,4.98717287440512e-06,0.999980275597378,0.999990601169812,0.999994431366822,0.999996707695526,0.999998527270151,2.79523520035444,2.49958156595647,0.325626007142202,0.00311804383771644,0.06975178855826,0.186741277417855,0.280608086773342,0.325511063345692,0.373305872473181,0.462419577681956,500.433371176643,1.00217794683438,-2.78785834296396,0.05377163740395,0.799462758329902,-4.3414548450219,-3.32719518995401,-2.79941780134247,-2.25407511068957,-1.1849099307973,221.049711528086,1.00306533254543,3.7634001332296,0.0851234424549429,1.27329135013906,1.20931578376989,2.91389344729207,3.78979191200389,4.62059005380944,6.24404989849918,223.746999785957,1.00323255522631,1.80461764794756,0.00259440883375084,0.0433094192529332,1.714619977354,1.77602674855806,1.80642455197695,1.83499561120674,1.884781040939,278.668507498671,1.01247151868931,TRUE,NA,"",0.447735759821423,0.635826919313961,-3.83330522157544,-1.62925115484629
"66",758,2021-08-07,0.0371918687510087,0.00327308417544488,0.0669086794603199,-0.090379292826571,-0.0088271138396627,0.0371714308154114,0.0829522014758899,0.166735868508098,417.879020688287,1.00659495351795,-3.16137205233273,0.093568481337113,1.05996788453665,-5.17387915251795,-3.92516185791692,-3.13900951353357,-2.41632352377854,-1.23693299258992,128.329426234963,1.02690353938165,0.999990486256763,4.07340478494883e-06,6.87045787331783e-06,0.999971921333722,0.99998693576739,0.999992426494353,0.999995498436252,0.999998041840186,2.84482937462775,2.46814087460231,0.0371918687509343,0.00327308417543833,0.0669086794601862,-0.0903792928263902,-0.00882711383964505,0.0371714308153371,0.082952201475724,0.166735868507765,417.879020688287,1.00659495351795,-3.16137205233273,0.093568481337113,1.05996788453665,-5.17387915251794,-3.92516185791691,-3.13900951353357,-2.41632352377855,-1.23693299258992,128.329426234963,1.02690353938165,3.72762506063191,0.115312304879247,1.3058178884527,1.3196184870922,2.80896473877227,3.69371220872663,4.66968750841124,6.22371259698685,128.237168904296,1.02730687898098,1.80461764794756,0.00259440883375084,0.0433094192529332,1.714619977354,1.77602674855806,1.80642455197695,1.83499561120674,1.884781040939,278.668507498671,1.01247151868931,TRUE,NA,"",0.051138819532637,0.229261819198635,-4.3468865719575,-1.70078286481114
"67",759,2021-08-08,0.053411693254858,0.00303820084823724,0.0643062476929817,-0.0747330723197548,0.00984794157091403,0.0544041403335771,0.0961822295617847,0.182240517899321,447.995216350436,1.0031723002287,-4.42858302114934,0.0868252743064366,1.46253104293851,-7.19337539888688,-5.4490812233898,-4.41850469016207,-3.42484343625466,-1.5661456616807,283.738231710634,1.01655456595734,0.99994577656958,2.29564382989291e-05,3.86417463329701e-05,0.999845455285495,0.999925300137325,0.999956433800506,0.999974278324737,0.999988724143129,2.83337771952983,2.44412135941886,0.0534116932547512,0.00303820084823117,0.0643062476928531,-0.0747330723196054,0.00984794157089433,0.0544041403334683,0.0961822295615924,0.182240517898956,447.995216350436,1.0031723002287,-4.42858302114934,0.0868252743064366,1.46253104293851,-7.19337539888688,-5.44908122338979,-4.41850469016207,-3.42484343625467,-1.5661456616807,283.738231710634,1.01655456595734,5.37278685319128,0.104562254548291,1.77064534212449,1.92592217168848,4.14756462688063,5.35809741727334,6.60495585612639,8.69394040953281,286.756509215696,1.01654315871037,1.80461764794756,0.00259440883375084,0.0433094192529332,1.714619977354,1.77602674855806,1.80642455197695,1.83499561120674,1.884781040939,278.668507498671,1.01247151868931,TRUE,NA,"",0.0734410782254298,0.250580712111566,-6.08930165408034,-2.15345028481096
"68",760,2021-08-09,0.0792630224805135,0.00262959027604296,0.0618234635001291,-0.0407208510838805,0.037556507736054,0.0788980069455617,0.121406553188913,0.197100221101171,552.752216918237,1.00403591725253,-5.47288201861949,0.0970129483126151,1.52220829726487,-8.37496704398452,-6.55500678451812,-5.47797071148861,-4.50065412915844,-2.30154344625004,246.200404963472,1.00887614627078,0.999900470116627,4.23012290918405e-05,7.11158918811683e-05,0.999720514205775,0.999864563494252,0.999919487568122,0.999953081487732,0.999978874621361,2.82635916237871,2.52407137677994,0.079263022480355,0.00262959027603771,0.0618234635000054,-0.040720851083799,0.0375565077359789,0.0788980069454039,0.12140655318867,0.197100221100776,552.752216918237,1.00403591725253,-5.47288201861949,0.0970129483126151,1.52220829726487,-8.37496704398451,-6.55500678451811,-5.47797071148861,-4.50065412915844,-2.30154344625004,246.200404963472,1.00887614627078,6.49610974167079,0.117912118173096,1.85483435854982,2.62414100378063,5.32763092417931,6.48794166410259,7.83265574705251,10.0153247395568,247.453375253392,1.00911848234856,1.80461764794756,0.00259440883375084,0.0433094192529332,1.714619977354,1.77602674855806,1.80642455197695,1.83499561120674,1.884781040939,278.668507498671,1.01247151868931,TRUE,NA,"",0.108986655910706,0.27101280401411,-7.5252127756018,-3.16462223859381
"69",762,2021-08-11,0.286110479584509,0.00282613151385955,0.0640298736550086,0.163229745870172,0.242242862660174,0.285312993063923,0.32855210820816,0.415248570762836,513.31097985624,1.00461336662023,-3.29284129124248,0.0239080295396355,0.408544749738569,-4.07695838666724,-3.56600265007625,-3.29824225715825,-3.02675477104686,-2.47395716156656,292.005949346921,1.00934479589898,0.999997692893989,1.00086671334382e-06,1.69011105778159e-06,0.999993201352928,0.999996867391471,0.999998147729796,0.999998904929869,0.999999524261619,2.85153032681963,2.41398609606335,0.286110479583937,0.0028261315138539,0.0640298736548806,0.163229745869846,0.24224286265969,0.285312993063353,0.328552108207503,0.415248570762005,513.310979856238,1.00461336662023,-3.29284129124248,0.0239080295396355,0.408544749738569,-4.07695838666724,-3.56600265007624,-3.29824225715825,-3.02675477104686,-2.47395716156656,292.005949346921,1.00934479589898,6.88783281894301,0.0459694112818068,0.791326688432876,5.35795031156082,6.35504891414777,6.89215589408171,7.419350606791,8.39460648085189,296.328718147602,1.00875672041469,1.80461764794756,0.00259440883375084,0.0433094192529332,1.714619977354,1.77602674855806,1.80642455197695,1.83499561120674,1.884781040939,278.668507498671,1.01247151868931,TRUE,NA,"",0.3934019094287,0.5709667847989,-4.52765677545841,-3.40169109715402
"70",763,2021-08-12,0.274757342725698,0.00338128963825618,0.0653799309971824,0.154064880292375,0.22749085113164,0.273687493190767,0.319789938547346,0.403066389376865,373.873056532128,1.00565519735134,-1.22556581466956,0.0384899101753528,0.512705436799248,-2.31413086525441,-1.57926148065235,-1.16987090641161,-0.853194998794939,-0.352133390528953,177.436127451125,1.04317598944929,0.999990843479768,3.9323311116513e-06,6.5452649241946e-06,0.999973542759486,0.99998750058817,0.999992577460891,0.999995665918822,0.999998081088719,2.77047541473264,2.54588615737366,0.274757342725148,0.00338128963824944,0.0653799309970517,0.154064880292067,0.227490851131185,0.273687493190219,0.319789938546707,0.403066389376059,373.873056532125,1.00565519735134,-1.22556581466956,0.0384899101753528,0.512705436799248,-2.31413086525441,-1.57926148065235,-1.16987090641161,-0.85319499879494,-0.352133390528953,177.436127451125,1.04317598944929,2.17951332923119,0.0797999624355215,1.11575724497222,0.257173968430525,1.37042276302912,2.07793964681495,2.92585802382082,4.54079653445608,195.494281090067,1.04187726570185,1.80461764794756,0.00259440883375084,0.0433094192529332,1.714619977354,1.77602674855806,1.80642455197695,1.83499561120674,1.884781040939,278.668507498671,1.01247151868931,TRUE,NA,"",0.377791346247835,0.554216285393189,-1.68515299517064,-0.48418341197731
"71",764,2021-08-13,0.482736077774606,0.00372159644720467,0.07269972613988,0.342168559572072,0.43270774648437,0.483181561731235,0.531889685526285,0.626620009446337,381.598793425598,1.01129749657162,-2.32977442808819,0.0249157324604744,0.4512669612996,-3.23755128812519,-2.62844502039586,-2.32461208912915,-2.01677883497186,-1.48584528864781,328.034679594825,1.0072094811463,0.999995717345148,1.82826724659942e-06,3.05763030301835e-06,0.999987726705914,0.999994160368902,0.999996562949039,0.999998010951553,0.999999111284495,2.79698791446006,2.54386310689804,0.48273607777364,0.00372159644719724,0.0726997261397346,0.342168559571387,0.432707746483504,0.483181561730269,0.531889685525221,0.626620009445084,381.598793425596,1.01129749657162,-2.32977442808819,0.0249157324604744,0.4512669612996,-3.23755128812518,-2.62844502039586,-2.32461208912915,-2.01677883497186,-1.48584528864782,328.034679594825,1.0072094811463,3.58851091857967,0.0472142819226612,0.888695006180289,1.91728675253361,2.96067536948615,3.56186991257405,4.18197585369951,5.32513313538455,354.28984280532,1.00648260118453,1.80461764794756,0.00259440883375084,0.0433094192529332,1.714619977354,1.77602674855806,1.80642455197695,1.83499561120674,1.884781040939,278.668507498671,1.01247151868931,TRUE,NA,"",0.663762106940083,0.861602512988713,-3.20343983862126,-2.04303727189074
"72",765,2021-08-14,0.251174547781079,0.00317519662907806,0.0672371612732,0.114852970996459,0.205616340113627,0.251747916636195,0.295595879817587,0.38128265842333,448.412271419698,1.00409546736905,-2.23986102359555,0.0560798417184293,0.792743704684787,-3.87324411750097,-2.77538056769735,-2.21317698424757,-1.68600580725414,-0.828055017784675,199.826023195657,1.02700134749196,0.999993218305707,2.9126630848848e-06,4.92257009386663e-06,0.9999800856053,0.999990869627099,0.99999447510811,0.999996831545464,0.999998588658991,2.85629667693627,2.49288962869176,0.251174547780576,0.00317519662907171,0.0672371612730655,0.114852970996229,0.205616340113216,0.251747916635692,0.295595879816995,0.381282658422567,448.412271419698,1.00409546736905,-2.23986102359555,0.0560798417184293,0.792743704684787,-3.87324411750097,-2.77538056769735,-2.21317698424757,-1.68600580725414,-0.828055017784676,199.826023195657,1.02700134749196,2.20452680175507,0.0770958637900258,1.07822695193698,0.29485686435968,1.44302623389245,2.1636358013055,2.93025636578248,4.43508141442206,195.595207574889,1.025023326128,1.80461764794756,0.00259440883375084,0.0433094192529332,1.714619977354,1.77602674855806,1.80642455197695,1.83499561120674,1.884781040939,278.668507498671,1.01247151868931,TRUE,NA,"",0.345365003198984,0.524263655332079,-3.07980890744388,-1.13857564945393
"73",766,2021-08-15,0.180507905148223,0.00346549304120821,0.0647087163867756,0.0489725290925722,0.137592917885667,0.181213224619008,0.224623081751444,0.304658556508953,348.654686785616,1.00764722453706,-3.13739249611021,0.0636642799177922,1.16684404858553,-5.64930281837218,-3.88892760262992,-3.08776348032159,-2.32762934023399,-1.0332855053729,335.918535550143,1.01588676234026,0.999988547282795,4.84744111395634e-06,8.21623139960175e-06,0.999967361431935,0.999984398306204,0.999990829966746,0.999994625401734,0.999997612089507,2.87289821941526,2.45544953228504,0.180507905147862,0.00346549304120129,0.0647087163866461,0.0489725290924742,0.137592917885392,0.181213224618646,0.224623081750995,0.304658556508344,348.654686785613,1.00764722453706,-3.13739249611021,0.0636642799177922,1.16684404858553,-5.64930281837218,-3.88892760262992,-3.08776348032159,-2.32762934023399,-1.0332855053729,335.918535550143,1.01588676234026,2.95828047878351,0.0673539959112264,1.24217538282002,0.721409341968123,2.08028694927327,2.91206114547977,3.75370385267997,5.61359822079021,340.125430153432,1.01571524673589,1.80461764794756,0.00259440883375084,0.0433094192529332,1.714619977354,1.77602674855806,1.80642455197695,1.83499561120674,1.884781040939,278.668507498671,1.01247151868931,TRUE,NA,"",0.248198369578807,0.41890551519981,-4.31391468215154,-1.42076756988774
"74",767,2021-08-16,0.469206960888193,0.00312679069584778,0.0671165955203733,0.336675790786874,0.424133767616644,0.469092265194638,0.515465062775533,0.597908388514429,460.746681294055,1.01047386581824,-3.53280433204822,0.0186488548816098,0.283750129937676,-4.08189178930317,-3.72644205936513,-3.5408827898955,-3.33825589297995,-2.97485878872783,231.508957467427,1.03461531660611,0.999999126533456,3.7961575633957e-07,6.42592144712311e-07,0.999997509469286,0.999998814821346,0.999999303726592,0.999999591895524,0.999999820815596,2.86538091950342,2.34719514973975,0.469206960887255,0.00312679069584151,0.0671165955202391,0.336675790786201,0.424133767615796,0.4690922651937,0.515465062774503,0.597908388513233,460.746681294061,1.01047386581824,-3.53280433204822,0.0186488548816099,0.283750129937676,-4.08189178930317,-3.72644205936513,-3.5408827898955,-3.33825589297995,-2.97485878872783,231.508957467426,1.03461531660611,7.27451799994783,0.0306349771374733,0.466832642508538,6.36790650867765,6.94986444146981,7.28323764113034,7.5991439807729,8.16455485355771,232.213417692755,1.03383943166687,1.80461764794756,0.00259440883375084,0.0433094192529332,1.714619977354,1.77602674855806,1.80642455197695,1.83499561120674,1.884781040939,278.668507498671,1.01247151868931,TRUE,NA,"",0.645159571221265,0.82212403420734,-4.8576059565663,-4.09043083450077
"75",768,2021-08-17,0.465806994916032,0.00365939175964944,0.0733313130277138,0.325003294030828,0.415787673151813,0.464704210814117,0.516681438463952,0.610428112856424,401.569861676761,1.01099645410529,-3.24057515895917,0.0299225044791443,0.544078104985684,-4.29293511631217,-3.60395871756632,-3.25012155192671,-2.88209984145575,-2.11577385378165,330.618093400627,1.0192775333626,0.999988891617099,4.75637466710945e-06,7.99340805798243e-06,0.999967745983863,0.999985005798365,0.999991155940328,0.999994772875956,0.99999767283478,2.8243066801223,2.45956323148725,0.465806994915101,0.00365939175964213,0.0733313130275671,0.325003294030178,0.415787673150982,0.464704210813188,0.516681438462919,0.610428112855203,401.56986167676,1.01099645410529,-3.24057515895917,0.0299225044791443,0.544078104985684,-4.29293511631217,-3.60395871756633,-3.2501215519267,-2.88209984145575,-2.11577385378165,330.618093400628,1.0192775333626,6.51989614319738,0.0630727226661931,1.16343984534655,4.12370397414752,5.74988571159024,6.55670085227204,7.28691615817365,8.78707296886255,340.255151746501,1.01929351143377,1.80461764794756,0.00259440883375084,0.0433094192529332,1.714619977354,1.77602674855806,1.80642455197695,1.83499561120674,1.884781040939,278.668507498671,1.01247151868931,TRUE,NA,"",0.640484618009544,0.839338655177583,-4.45579084356886,-2.90918904894977
"76",805,2021-09-23,0.429655208342769,0.0036938471171464,0.0679549142448771,0.295966716671146,0.383760244082159,0.430105476710782,0.474517927411973,0.562893102056226,338.441728296884,1.00596593870455,-2.505778267126,0.0353664800580683,0.553348013776442,-3.57055442934349,-2.90080160518516,-2.50411700955036,-2.11235706313432,-1.4522824923742,244.800914277086,1.0090472937358,0.999993501107237,2.82201860312615e-06,4.75395417023963e-06,0.999980505461877,0.999991255235411,0.999994797437355,0.9999969663066,0.99999867965256,2.83785522983886,2.40175977354534,0.429655208341909,0.00369384711713901,0.0679549142447412,0.295966716670554,0.383760244081392,0.430105476709921,0.474517927411024,0.562893102055101,338.441728296884,1.00596593870455,-2.505778267126,0.0353664800580683,0.553348013776442,-3.57055442934349,-2.90080160518517,-2.50411700955036,-2.11235706313432,-1.4522824923742,244.800914277086,1.0090472937358,4.12141151644773,0.0679382101142264,1.07984488896921,2.05706190737295,3.36051434752929,4.11794836947206,4.90676219329095,6.20488773092898,252.635602048394,1.00914661251417,1.80461764794756,0.00259440883375084,0.0433094192529332,1.714619977354,1.77602674855806,1.80642455197695,1.83499561120674,1.884781040939,278.668507498671,1.01247151868931,TRUE,NA,"",0.590775911471307,0.773978015327311,-3.44544511729825,-1.99688842701452
"77",806,2021-09-24,0.393860166396205,0.00433531365075592,0.0860805956129615,0.231154669106983,0.333028814114836,0.393086899059481,0.45187235174944,0.562371504672023,394.247983048039,1.00608990255822,-2.69949759261854,0.0436987459498759,0.767738389027396,-4.18896977803201,-3.24366067958253,-2.67952315524306,-2.14584136498996,-1.24967886140577,308.665838175607,1.01187623114598,0.999997097789711,1.22892001486561e-06,2.06463834169889e-06,0.999991834940994,0.999996077043425,0.999997656103507,0.999998618938005,0.999999404241682,2.82254413505689,2.5126023866155,0.393860166395418,0.00433531365074724,0.0860805956127894,0.23115466910652,0.33302881411417,0.393086899058695,0.451872351748536,0.562371504670898,394.24798304804,1.00608990255822,-2.69949759261854,0.043698745949876,0.767738389027396,-4.18896977803202,-3.24366067958253,-2.67952315524306,-2.14584136498996,-1.24967886140577,308.665838175607,1.01187623114598,3.11993439267362,0.0622245316102368,1.1082141344707,1.00792179929264,2.326444647396,3.10415754672852,3.89722591590265,5.27428359119838,317.193367444674,1.01218272555067,1.80461764794756,0.00259440883375084,0.0433094192529332,1.714619977354,1.77602674855806,1.80642455197695,1.83499561120674,1.884781040939,278.668507498671,1.01247151868931,TRUE,NA,"",0.541557728794782,0.773260818924032,-3.71180918985049,-1.71830843443293
"78",807,2021-09-25,0.295916414522581,0.00327224194156009,0.0656793213582198,0.167187263949181,0.251704782802673,0.296992723502892,0.341456229841725,0.419604409316104,402.871457493909,1.00521362881717,-2.46178667256163,0.0620500619258121,0.896856872526951,-4.20504896811819,-3.09886973901021,-2.43368960219142,-1.82584653995337,-0.771567185700528,208.911257087495,1.02114228955688,0.999991214386689,3.75630769716043e-06,6.32861159823342e-06,0.999975090136014,0.999988131359584,0.999993009269811,0.999995841109251,0.999998175449094,2.83853703710101,2.46949331157869,0.295916414521989,0.00327224194155355,0.0656793213580884,0.167187263948847,0.251704782802169,0.296992723502298,0.341456229841042,0.419604409315265,402.871457493908,1.00521362881717,-2.46178667256163,0.0620500619258121,0.896856872526951,-4.2050489681182,-3.09886973901021,-2.43368960219142,-1.82584653995336,-0.771567185700529,208.911257087495,1.02114228955688,2.88605940607843,0.0822812936464706,1.18694961350232,0.648253109787926,2.04128972366881,2.8388039832706,3.72079421513997,5.19753051510898,208.095334970472,1.02071971431029,1.80461764794756,0.00259440883375084,0.0433094192529332,1.714619977354,1.77602674855806,1.80642455197695,1.83499561120674,1.884781040939,278.668507498671,1.01247151868931,TRUE,NA,"",0.406885069968549,0.576956062809643,-3.38495667477224,-1.06090488033823
"79",808,2021-09-26,0.398165909095859,0.00280180577895751,0.0630137088883926,0.273695580826171,0.355930829466588,0.400145740998808,0.440256510739453,0.521409996356821,505.817710026772,1.00453865391033,-2.97459437737751,0.0747107159005064,0.946300724600633,-4.72823157553715,-3.62108572707597,-3.01993591378501,-2.37560779451777,-0.891945934165134,160.432573227478,1.02765046195606,0.9999905883516,3.99110132478641e-06,6.72891668964841e-06,0.999972297547348,0.999987190497179,0.999992466584637,0.999995530298725,0.999997989497188,2.84252828842383,2.45958652231262,0.398165909095063,0.0028018057789519,0.0630137088882665,0.273695580825624,0.355930829465876,0.400145740998008,0.440256510738573,0.521409996355779,505.817710026772,1.00453865391033,-2.97459437737751,0.0747107159005064,0.946300724600633,-4.72823157553716,-3.62108572707597,-3.01993591378501,-2.37560779451777,-0.891945934165135,160.432573227478,1.02765046195606,3.44395271007566,0.101557183521495,1.27157651521277,0.637429482512629,2.65499726380255,3.50356283649561,4.31009067392359,5.80477387554994,156.770267872012,1.02727184415521,1.80461764794756,0.00259440883375084,0.0433094192529332,1.714619977354,1.77602674855806,1.80642455197695,1.83499561120674,1.884781040939,278.668507498671,1.01247151868931,TRUE,NA,"",0.547478125006806,0.716938744990629,-4.09006726889408,-1.22642565947706
"80",809,2021-09-27,0.183724745683922,0.00296105562332923,0.066018825590041,0.056216187029403,0.137713474954605,0.183355465266199,0.228799591024146,0.313458884921475,497.098505475905,1.00191924816552,-4.88837351432112,0.0875405344595426,1.36913431862748,-7.59475438645291,-5.80608418817792,-4.90622695479674,-3.93796896104926,-2.2401571927132,244.609728521025,1.01053386684505,0.999987970588336,5.11987814360069e-06,8.57270238569495e-06,0.999965359769764,0.999983571246199,0.999990268069126,0.999994408590101,0.999997522541615,2.8036012463539,2.54249603816953,0.183724745683555,0.00296105562332331,0.0660188255899089,0.0562161870292906,0.13771347495433,0.183355465265833,0.228799591023689,0.313458884920848,497.098505475906,1.00191924816552,-4.88837351432112,0.0875405344595426,1.36913431862748,-7.59475438645292,-5.80608418817791,-4.90622695479673,-3.93796896104927,-2.24015719271321,244.609728521025,1.01053386684505,5.00940865769723,0.0965773386723103,1.51316436787673,2.09091462333388,3.97354725386989,5.03682194528078,6.02982132840302,7.99909172406875,245.483182328132,1.01074430012602,1.80461764794756,0.00259440883375084,0.0433094192529332,1.714619977354,1.77602674855806,1.80642455197695,1.83499561120674,1.884781040939,278.668507498671,1.01247151868931,TRUE,NA,"",0.252621525315393,0.431005966767028,-6.72151358219154,-3.08021613998065
"81",810,2021-09-28,0,0.00300919647035758,0.0632014577492897,-0.12587616413308,-0.0439480136379353,-0.00502041553974656,0.0394805995969676,0.124717527545276,441.11629738621,1.00699384943382,-7.15130105003929,0.180177176226311,2.09603832474065,-11.2883931873853,-8.48391324715819,-7.16320667173277,-5.87504411209921,-2.90104474633455,135.331496972776,1.01841296986763,0.985476584654546,0.00633962978487754,0.010530709280501,0.957923804622269,0.980032988656923,0.988426011544794,0.993179277255607,0.996945568147118,2.7592271365218,2.5612971704989,-0.00268209837196783,0.00300919647035156,0.0632014577491633,-0.125876164132829,-0.0439480136378474,-0.00502041553973652,0.0394805995968886,0.124717527545027,441.116297386209,1.00699384943382,-7.15130105003929,0.180177176226311,2.09603832474065,-11.2883931873853,-8.4839132471582,-7.16320667173276,-5.8750441120992,-2.90104474633454,135.331496972776,1.01841296986763,7.30372619471096,0.184064877079616,2.13642885849744,2.96242101918956,5.98812136074748,7.29721363991363,8.65861204684337,11.5310936203392,134.720914170867,1.01877722103958,1.80461764794756,0.00259440883375084,0.0433094192529332,1.714619977354,1.77602674855806,1.80642455197695,1.83499561120674,1.884781040939,278.668507498671,1.01247151868931,TRUE,NA,"",0,0.171486600374754,-9.83303894380402,-3.98893652621001
"82",811,2021-09-29,0,0.00278833897928599,0.0649499556877241,-0.15433132086306,-0.0751211211981368,-0.0323150970483458,0.0129110489600312,0.102385512859342,542.58349450519,1.0071211968697,-7.59522149823207,0.130229090558931,1.99305664758842,-11.4994825548755,-8.96102068898114,-7.50930900297767,-6.20744621727086,-3.90950171392508,234.219618768705,1.00635352450106,-1.61672546508437e+27,6.86428204663235e+26,1.15394058580069e+27,-4.50945662690209e+27,-2.21536952407661e+27,-1.31402495801323e+27,-7.59218186871152e+26,-3.31863789859038e+26,2.82602927825049,2.46660805314995,-0.0307256891492261,0.00278833897928042,0.0649499556875942,-0.154331320862752,-0.0751211211979865,-0.0323150970482812,0.0129110489600054,0.102385512859137,542.583494505189,1.0071211968697,-7.59522149823207,0.130229090558931,1.99305664758842,-11.4994825548755,-8.96102068898114,-7.50930900297767,-6.20744621727085,-3.90950171392507,234.219618768705,1.00635352450106,7.61439611071922,0.130498478034236,1.99517223604955,3.92633680375004,6.22133749648696,7.52517665845076,8.97120500314742,11.5205298142892,233.749070261506,1.00626146512004,1.80461764794756,0.00259440883375084,0.0433094192529332,1.714619977354,1.77602674855806,1.80642455197695,1.83499561120674,1.884781040939,278.668507498671,1.01247151868931,TRUE,NA,"",0,0.140780080181595,-10.4434295600691,-5.37556485664699
"83",812,2021-09-30,0,0.00405616697421284,0.0663463354270448,-0.152162295157592,-0.0678150341277362,-0.0221764306807733,0.0220349714518803,0.106205154288089,267.548321545966,1.00457597124909,-7.64425365894982,0.121892117576992,1.97247448330083,-11.5055356453051,-9.02095080133725,-7.67039950164688,-6.26713925300038,-3.8174907926632,261.86143507244,1.0057470213965,0.915153107345799,0.0363719683534352,0.0606435612310925,0.75805639092371,0.885323871768585,0.932373699902298,0.959492297834712,0.982191865285132,2.77994231782938,2.5952516171011,-0.0229442731600787,0.00405616697420473,0.0663463354269122,-0.152162295157287,-0.0678150341276006,-0.022176430680729,0.0220349714518363,0.106205154287877,267.548321545966,1.00457597124909,-7.64425365894982,0.121892117576992,1.97247448330083,-11.5055356453051,-9.02095080133724,-7.67039950164688,-6.26713925300038,-3.8174907926632,261.86143507244,1.0057470213965,7.67344531342533,0.123645989994928,1.97886926277663,3.84336371752372,6.28235682042788,7.69521767332634,9.05700458374545,11.5498312754695,256.138070249561,1.00601929141558,1.80461764794756,0.00259440883375084,0.0433094192529332,1.714619977354,1.77602674855806,1.80642455197695,1.83499561120674,1.884781040939,278.668507498671,1.01247151868931,TRUE,NA,"",0,0.146032087146122,-10.510848781056,-5.2490498399119
"84",988,2022-03-25,0,0.00248854265096361,0.0621240963263697,-0.138677959048125,-0.0548888868223169,-0.0136058619444447,0.0271947401608259,0.108963810968536,623.203655181969,1.00240636563392,-7.81166698995242,0.184734992247905,2.1886170379258,-11.9638363614848,-9.37653667681432,-7.78173988978959,-6.36233862155043,-3.40697959203191,140.359307936372,1.03412162085156,0.971478291369216,0.0120627609704118,0.0203434830099318,0.918778401000593,0.961091238370804,0.976843425542001,0.986410055416547,0.994006889624821,2.84418064599512,2.47837521098912,-0.0145297454608442,0.00248854265095863,0.0621240963262455,-0.138677959047848,-0.0548888868222071,-0.0136058619444175,0.0271947401607715,0.108963810968318,623.203655181969,1.00240636563392,-7.81166698995242,0.184734992247905,2.1886170379258,-11.9638363614848,-9.37653667681434,-7.78173988978959,-6.36233862155043,-3.40697959203191,140.359307936372,1.03412162085156,7.64686915619548,0.180263931449342,2.14399299241635,3.36115673971246,6.21278953571921,7.64359724229739,9.15353024247299,11.6789632064439,141.458499158782,1.03361878220909,1.80461764794756,0.00259440883375084,0.0433094192529332,1.714619977354,1.77602674855806,1.80642455197695,1.83499561120674,1.884781040939,278.668507498671,1.01247151868931,TRUE,NA,"",0,0.149825240081737,-10.7410421111846,-4.68459693904388
"85",990,2022-03-27,0.270582277427281,0.00282113006273043,0.0650293278254903,0.146041797422079,0.224285252418846,0.270536520001927,0.31508706726784,0.397036007111133,531.339756095099,1.00149427030765,-1.1498094205127,0.0501097639857721,0.63393207902688,-2.712674143289,-1.49403485227796,-1.00879120936614,-0.674565773613334,-0.345539607649525,160.044496160834,1.02931707266798,0.999992103403917,3.41775576195661e-06,5.74881728720828e-06,0.99997674380222,0.999989378008978,0.999993582680969,0.999996376608457,0.99999838395897,2.82927370536028,2.47044096892502,0.27058227742674,0.00282113006272479,0.0650293278253603,0.146041797421787,0.224285252418398,0.270536520001386,0.31508706726721,0.397036007110339,531.339756095099,1.00149427030765,-1.1498094205127,0.0501097639857721,0.63393207902688,-2.71267414328901,-1.49403485227796,-1.00879120936615,-0.674565773613334,-0.345539607649525,160.044496160834,1.02931707266798,0.896264994639795,0.057956285245151,0.729600746411349,0.0312566919495333,0.33855244062273,0.722705235401098,1.29023354514599,2.69622720807381,158.47817334037,1.03013243707882,1.80461764794756,0.00259440883375084,0.0433094192529332,1.714619977354,1.77602674855806,1.80642455197695,1.83499561120674,1.884781040939,278.668507498671,1.01247151868931,TRUE,NA,"",0.372050631462511,0.545924509777808,-1.58098795320496,-0.475116960518097
"86",991,2022-03-28,0.00134349500045975,0.002919165815237,0.0646783113194978,-0.125056753685955,-0.0439656830978722,0.0010828346683614,0.0459016379068044,0.129457784574617,490.907667771195,1.0076867778837,-8.81639839517152,0.137145841236886,2.10126859157533,-12.8504573210654,-10.2470254910649,-8.82897499314213,-7.38722845573915,-4.75781206857851,234.745811775856,1.01093196656357,0.999455106673355,0.000232972235961705,0.000393642095425498,0.998392678602625,0.999258923501443,0.999562905568108,0.999746009384238,0.999883803123903,2.8549252009062,2.48426606173834,0.00134349500045707,0.00291916581523116,0.0646783113193684,-0.125056753685705,-0.0439656830977843,0.00108283466835924,0.0459016379067126,0.129457784574358,490.907667771195,1.0076867778837,-8.81639839517152,0.137145841236886,2.10126859157533,-12.8504573210654,-10.2470254910649,-8.82897499314213,-7.38722845573914,-4.7578120685785,234.745811775856,1.01093196656357,8.33653025407632,0.131325588095936,2.00844904275488,4.46110983235726,6.97873588038581,8.37541316686931,9.69328095892981,12.2292255146343,233.89607092643,1.01122446880859,1.80461764794756,0.00259440883375084,0.0433094192529332,1.714619977354,1.77602674855806,1.80642455197695,1.83499561120674,1.884781040939,278.668507498671,1.01247151868931,TRUE,NA,"",0.00184730562563216,0.178004453790098,-12.1225477933608,-6.54199159429545
"87",992,2022-03-29,0,0.00357044885495431,0.0654483094799422,-0.144697489382814,-0.0610087802916428,-0.0199798904236239,0.0239202576601637,0.114140911829112,336.00925040218,1.02110917749643,-7.99625558597879,0.178509245089997,2.25308648643932,-12.5663380529077,-9.49018660443827,-8.01062881830774,-6.47853244408007,-3.74030175178626,159.306794408484,1.02318274913738,0.948092615674657,0.022346137416187,0.0373137814087018,0.849755155636625,0.929824022128229,0.959016185113198,0.975296131538573,0.989149513793785,2.78826210184863,2.53671827015254,-0.0185556952650733,0.00357044885494717,0.0654483094798113,-0.144697489382525,-0.0610087802915208,-0.0199798904235839,0.0239202576601158,0.114140911828884,336.00925040218,1.02110917749643,-7.99625558597879,0.178509245089996,2.25308648643932,-12.5663380529077,-9.49018660443829,-8.01062881830773,-6.47853244408008,-3.74030175178625,159.306794408486,1.02318274913738,7.67851244073525,0.171020932304442,2.16556386912798,3.54941458514538,6.20208034059665,7.70473680771237,9.12651399219113,12.0982741074836,160.340581619861,1.02328757905382,1.80461764794756,0.00259440883375084,0.0433094192529332,1.714619977354,1.77602674855806,1.80642455197695,1.83499561120674,1.884781040939,278.668507498671,1.01247151868931,TRUE,NA,"",0,0.156943753765029,-10.9948514307208,-5.14291490870611
"88",993,2022-03-30,0,0.00276562185088416,0.0652011882970543,-0.167834853643507,-0.0875512907227497,-0.0399017148331409,0.00334589836129892,0.0836166357150765,555.808809474375,1.00573511391683,-7.79931097356802,0.121738872507531,2.05096862366366,-11.9086859431942,-9.10074667040792,-7.78893726508807,-6.43654433847086,-3.9334663373806,283.830774659365,1.01457257156579,0.937102374994276,0.0267763841515036,0.0448154960885956,0.821863040052329,0.914722933719863,0.949541403086778,0.970108988184854,0.98700215793572,2.80125442998969,2.50933301469569,-0.0414484746129646,0.00276562185087862,0.0652011882969239,-0.167834853643171,-0.0875512907225746,-0.0399017148330611,0.00334589836129223,0.0836166357149093,555.808809474375,1.00573511391683,-7.79931097356802,0.121738872507531,2.05096862366366,-11.9086859431942,-9.10074667040793,-7.78893726508807,-6.43654433847086,-3.93346633738059,283.830774659365,1.01457257156579,7.41792322193916,0.116000990977651,1.94561275601634,3.70654467782924,6.11363670681957,7.41290531569401,8.6493772901493,11.3460225464016,281.312746758296,1.0150830851463,1.80461764794756,0.00259440883375084,0.0433094192529332,1.714619977354,1.77602674855806,1.80642455197695,1.83499561120674,1.884781040939,278.668507498671,1.01247151868931,TRUE,NA,"",0,0.11497287410823,-10.724052588656,-5.40851621389833
"89",994,2022-03-31,0,0.00350470870359397,0.0663775211044717,-0.147932066112331,-0.0675698634062574,-0.0221813137471595,0.0244720650567825,0.105352009924836,358.70563959611,1.01310203866301,-7.75117508966249,0.13366630895344,2.01037438074497,-11.6698490665646,-9.12910397936218,-7.74126473924741,-6.38639597087546,-3.80533841690329,226.209047488342,1.02278879686518,0.931738494114739,0.0289994665974001,0.049263937432053,0.807251999793311,0.905428090201988,0.945354407801706,0.967603320309674,0.985867606271352,2.88587968128441,2.41242282850314,-0.0218901628436543,0.00350470870358696,0.0663775211043389,-0.147932066112036,-0.0675698634061222,-0.0221813137471151,0.0244720650567336,0.105352009924625,358.70563959611,1.01310203866301,-7.75117508966249,0.13366630895344,2.01037438074497,-11.6698490665646,-9.1291039793622,-7.74126473924741,-6.38639597087545,-3.80533841690329,226.209047488342,1.02278879686518,7.50139241639856,0.131096224399004,1.94967701213747,3.64129332366993,6.17365342951122,7.48937597596539,8.82515088410445,11.3097472765554,221.179552003176,1.0228413225324,1.80461764794756,0.00259440883375084,0.0433094192529332,1.714619977354,1.77602674855806,1.80642455197695,1.83499561120674,1.884781040939,278.668507498671,1.01247151868931,TRUE,NA,"",0,0.144859013646649,-10.6578657482859,-5.23234032324202
"90",995,2022-04-01,0,0.0028174704704022,0.0642503457608327,-0.144091092169579,-0.0633761980375097,-0.0177280871660985,0.0244705547034268,0.104264960072697,520.034543049847,1.00510969224136,-7.96928288816405,0.120548697160881,2.02243136429815,-11.946861165341,-9.27633978026036,-7.92603632860414,-6.58648592039598,-4.21930888845858,281.463796578836,1.01999919151934,0.867025295330898,0.056724944140881,0.0958201070583471,0.609566730758339,0.820396090484993,0.892804101443785,0.937791057388722,0.972533870030168,2.85341637834118,2.46880161166858,-0.0193664822974877,0.00281747047039657,0.0642503457607042,-0.144091092169291,-0.0633761980373829,-0.0177280871660631,0.0244705547033779,0.104264960072489,520.034543049846,1.00510969224136,-7.96928288816405,0.120548697160881,2.02243136429815,-11.946861165341,-9.27633978026038,-7.92603632860414,-6.58648592039598,-4.21930888845858,281.463796578836,1.01999919151934,7.82774177006496,0.118989080953993,1.98678342741903,4.15314621644813,6.46215385051542,7.80285318726798,9.12138371321192,11.709418350619,278.796191729184,1.02040730243874,1.80461764794756,0.00259440883375084,0.0433094192529332,1.714619977354,1.77602674855806,1.80642455197695,1.83499561120674,1.884781040939,278.668507498671,1.01247151868931,TRUE,NA,"",0,0.143364320099958,-10.9577639712256,-5.80154972163055
"91",996,2022-04-02,0,0.00280670317314594,0.0632781698660443,-0.141198996222454,-0.0562682722470338,-0.0131575920015584,0.027881889023321,0.108976058869176,508.293842539336,1.00998529102673,-7.78924395779958,0.159406448237261,2.14143792419199,-12.0919991487831,-9.2463913944585,-7.73250177355438,-6.24781615015431,-3.67683554276259,180.467585818277,1.01471836080006,0.934701739908238,0.0282049490328364,0.0475771788745554,0.811906447936172,0.912267966731386,0.947984795823291,0.969910477837473,0.986227285237548,2.84542232555714,2.50319562531802,-0.0140886023015041,0.00280670317314033,0.0632781698659177,-0.141198996222172,-0.0562682722469213,-0.0131575920015321,0.0278818890232652,0.108976058868958,508.293842539336,1.00998529102673,-7.78924395779958,0.159406448237261,2.14143792419199,-12.0919991487831,-9.2463913944585,-7.73250177355437,-6.2478161501543,-3.67683554276259,180.467585818277,1.01471836080006,7.50128052334112,0.156530252331527,2.06399344824984,3.5199396456854,6.02724851506969,7.44094949333559,8.89661135289016,11.5933890354931,173.868159977315,1.01507771247991,1.80461764794756,0.00259440883375084,0.0433094192529332,1.714619977354,1.77602674855806,1.80642455197695,1.83499561120674,1.884781040939,278.668507498671,1.01247151868931,TRUE,NA,"",0,0.149842080945117,-10.7102104419744,-5.05564887129856
"92",997,2022-04-03,0,0.00246960506963114,0.0633845588466024,-0.159756274811959,-0.0805403237567313,-0.0374796545228881,0.00616558176136469,0.089415686746544,658.736803417343,1.00628584639386,-7.57844466823861,0.176997123075531,2.22574513771483,-11.8725581883162,-9.05018831490735,-7.64547633133984,-6.15694683073338,-2.96766131815237,158.131522322392,1.0197225138394,0.953878497712697,0.0199242143394441,0.0329131183762019,0.869573512420693,0.937152909247408,0.962873970679751,0.97835676952289,0.990252662772344,2.72882479983084,2.6576158173553,-0.0373079726047755,0.00246960506962621,0.0633845588464757,-0.159756274811639,-0.0805403237565702,-0.0374796545228131,0.00616558176135236,0.0894156867463652,658.736803417342,1.00628584639386,-7.57844466823861,0.176997123075531,2.22574513771483,-11.8725581883162,-9.05018831490736,-7.64547633133984,-6.15694683073339,-2.96766131815237,158.131522322392,1.0197225138394,7.40186670637665,0.171999650843322,2.16858207870564,2.94538420471612,6.01314592726533,7.47496096349515,8.84383212832417,11.6122005476025,158.963200551567,1.01979886491854,1.80461764794756,0.00259440883375084,0.0433094192529332,1.714619977354,1.77602674855806,1.80642455197695,1.83499561120674,1.884781040939,278.668507498671,1.01247151868931,TRUE,NA,"",0,0.122946569276498,-10.4203614188281,-4.08053431245951
