"","storm_name_1","DateTime","Q_Ls","pCO2_ppm","time_elapsed_day"
"1","June 2021",2021-06-19 01:00:00,12.3790355332164,8589.738784,0.0104166666666667
"2","June 2021",2021-06-19 01:15:00,12.4894307423973,8605.480774,0.0208333333333333
"3","June 2021",2021-06-19 01:30:00,12.3131164388713,8617.25862266666,0.03125
"4","June 2021",2021-06-19 01:45:00,12.782058123938,8630.32374266667,0.0416666666666667
"5","June 2021",2021-06-19 02:00:00,12.7570825093194,8566.81972266667,0.0520833333333333
"6","June 2021",2021-06-19 02:15:00,12.5806964877182,8471.150792,0.0625
"7","June 2021",2021-06-19 02:30:00,13.2295413758757,8393.8946,0.0729166666666667
"8","June 2021",2021-06-19 02:45:00,12.8045641520583,8340.109376,0.0833333333333333
"9","June 2021",2021-06-19 03:00:00,13.4248267064953,8266.508768,0.09375
"10","June 2021",2021-06-19 03:15:00,13.4713553002278,8244.44664266667,0.104166666666667
"11","June 2021",2021-06-19 03:30:00,13.4532482501962,8234.67125333333,0.114583333333333
"12","June 2021",2021-06-19 03:45:00,13.6167888681465,8204.737032,0.125
"13","June 2021",2021-06-19 04:00:00,13.7921379409719,8128.96356666667,0.135416666666667
"14","June 2021",2021-06-19 04:15:00,14.080545759092,8064.226016,0.145833333333333
"15","June 2021",2021-06-19 04:30:00,14.5272405145512,7946.646864,0.15625
"16","June 2021",2021-06-19 04:45:00,15.5184485565709,7712.71259333333,0.166666666666667
"17","June 2021",2021-06-19 05:00:00,16.8899773987356,7365.70485333333,0.177083333333333
"18","June 2021",2021-06-19 05:15:00,17.5830386226793,7105.57470733333,0.1875
"19","June 2021",2021-06-19 05:30:00,18.624641981642,6846.38567266667,0.197916666666667
"20","June 2021",2021-06-19 05:45:00,20.365788764558,6674.38812533333,0.208333333333333
"21","June 2021",2021-06-19 06:00:00,20.3590935491191,6575.40361733333,0.21875
"22","June 2021",2021-06-19 06:15:00,20.7732841020075,6569.61892666667,0.229166666666667
"23","June 2021",2021-06-19 06:30:00,20.8954470303839,6573.83254933333,0.239583333333333
"24","June 2021",2021-06-19 06:45:00,20.3590935491191,6582.32979333333,0.25
"25","June 2021",2021-06-19 07:00:00,21.3573346318604,6560.46106,0.260416666666667
"26","June 2021",2021-06-19 07:15:00,21.8216978351124,6543.011776,0.270833333333333
"27","June 2021",2021-06-19 07:30:00,21.3814469740437,6533.40961333333,0.28125
"28","June 2021",2021-06-19 07:45:00,21.6303901721312,6508.84186866667,0.291666666666667
"29","June 2021",2021-06-19 08:00:00,22.2742843840734,6479.35493866667,0.302083333333333
"30","June 2021",2021-06-19 08:15:00,22.753752041523,6445.36088933333,0.3125
"31","June 2021",2021-06-19 08:30:00,22.2848744367798,6372.53602133333,0.322916666666667
"32","June 2021",2021-06-19 08:45:00,23.0011160698656,6321.62406533333,0.333333333333333
"33","June 2021",2021-06-19 09:00:00,23.3514939311713,6255.91345866667,0.34375
"34","June 2021",2021-06-19 09:15:00,23.9140875882885,6195.21998666667,0.354166666666667
"35","June 2021",2021-06-19 09:30:00,24.1021114712195,6118.615204,0.364583333333333
"36","June 2021",2021-06-19 09:45:00,24.7650202015381,6047.22404266667,0.375
"37","June 2021",2021-06-19 10:00:00,23.7928785646846,6009.68078666667,0.385416666666667
"38","June 2021",2021-06-19 10:15:00,23.8589484065643,5943.78442666667,0.395833333333333
"39","June 2021",2021-06-19 10:30:00,24.6263710848048,5883.28541666667,0.40625
"40","June 2021",2021-06-19 10:45:00,24.5105504695758,5846.35648666667,0.416666666666667
"41","June 2021",2021-06-19 11:00:00,24.5814999983131,5768.03084266667,0.427083333333333
"42","June 2021",2021-06-19 11:15:00,24.4807123205871,5758.814286,0.4375
"43","June 2021",2021-06-19 11:30:00,24.9078828410872,5704.96172666667,0.447916666666667
"44","June 2021",2021-06-19 11:45:00,25.187444919841,5651.50665533333,0.458333333333333
"45","June 2021",2021-06-19 12:00:00,26.420883073081,5541.48888,0.46875
"46","June 2021",2021-06-19 12:15:00,26.3586049399081,5473.87973333333,0.479166666666667
"47","June 2021",2021-06-19 12:30:00,29.1410132509136,5339.609288,0.489583333333333
"48","June 2021",2021-06-19 12:45:00,29.908287786084,5073.99190133333,0.5
"49","June 2021",2021-06-19 13:00:00,29.3638171865186,4987.56578,0.510416666666667
"50","June 2021",2021-06-19 13:15:00,29.2977017390619,4987.158764,0.520833333333333
"51","June 2021",2021-06-19 13:30:00,27.980909445123,4999.64666666667,0.53125
"52","June 2021",2021-06-19 13:45:00,29.6249609795515,4969.86999666667,0.541666666666667
"53","June 2021",2021-06-19 14:00:00,30.6825224241869,4887.44184533333,0.552083333333333
"54","June 2021",2021-06-19 14:15:00,31.825703981766,4764.713268,0.5625
"55","June 2021",2021-06-19 14:30:00,31.9989760987466,4578.24018133333,0.572916666666667
"56","June 2021",2021-06-19 14:45:00,32.7368291771044,4561.54876733333,0.583333333333333
"57","June 2021",2021-06-19 15:00:00,31.8084055630131,4600.91756533333,0.59375
"58","June 2021",2021-06-19 15:15:00,33.2752885068186,4615.23429266667,0.604166666666667
"59","June 2021",2021-06-19 15:30:00,33.2841562808218,4600.423312,0.614583333333333
"60","June 2021",2021-06-19 15:45:00,33.7381481842993,4604.361568,0.625
"61","June 2021",2021-06-19 16:00:00,33.7873114456316,4625.24676866667,0.635416666666667
"62","June 2021",2021-06-19 16:15:00,33.7873114456316,4628.71993666667,0.645833333333333
"63","June 2021",2021-06-19 16:30:00,33.9529693261924,4623.41982666667,0.65625
"64","June 2021",2021-06-19 16:45:00,34.443591959003,4600.82648666667,0.666666666666667
"65","June 2021",2021-06-19 17:00:00,35.8786744162669,4597.48962666667,0.677083333333333
"66","June 2021",2021-06-19 17:15:00,35.3585117824542,4645.31783333333,0.6875
"67","June 2021",2021-06-19 17:30:00,36.3145593326184,4688.16285933333,0.697916666666667
"68","June 2021",2021-06-19 17:45:00,37.4311095676914,4730.70031466667,0.708333333333333
"69","June 2021",2021-06-19 18:00:00,35.3814394862088,4775.25329666667,0.71875
"70","June 2021",2021-06-19 18:15:00,37.1902885853347,4825.44347133333,0.729166666666667
"71","June 2021",2021-06-19 18:30:00,35.1022803452924,4900.32212266667,0.739583333333333
"72","June 2021",2021-06-19 18:45:00,34.5611954338004,4997.78694666667,0.75
"73","June 2021",2021-06-19 19:00:00,36.0730742122817,5031.464296,0.760416666666667
"74","June 2021",2021-06-19 19:15:00,37.8438859686178,4899.01273333333,0.770833333333333
"75","June 2021",2021-06-19 19:30:00,39.1988743558177,4755.92524266667,0.78125
"76","June 2021",2021-06-19 19:45:00,38.9664005212039,4769.67599866667,0.791666666666667
"77","June 2021",2021-06-19 20:00:00,40.8919612433792,4847.75158266667,0.802083333333333
"78","June 2021",2021-06-19 20:15:00,39.3494143546223,4929.88274,0.8125
"79","June 2021",2021-06-19 20:30:00,41.0111900094079,4992.70213866667,0.822916666666667
"80","June 2021",2021-06-19 20:45:00,39.1697739002288,5051.82667733333,0.833333333333333
"81","June 2021",2021-06-19 21:00:00,37.5399935496181,5103.028,0.84375
"82","June 2021",2021-06-19 21:15:00,37.6917722365298,5139.22558,0.854166666666667
"83","June 2021",2021-06-19 21:30:00,36.6878024790578,5194.20493933333,0.864583333333333
"84","June 2021",2021-06-19 21:45:00,36.1101681833672,5218.35257066667,0.875
"85","June 2021",2021-06-19 22:00:00,35.6479986305537,5236.17133533333,0.885416666666667
"86","June 2021",2021-06-19 22:15:00,35.230267804392,5278.380016,0.895833333333333
"87","June 2021",2021-06-19 22:30:00,34.6019558617502,5307.74235333333,0.90625
"88","June 2021",2021-06-19 22:45:00,34.2225558574367,5347.15216733333,0.916666666666667
"89","June 2021",2021-06-19 23:00:00,33.5507980790716,5358.646904,0.927083333333333
"90","June 2021",2021-06-19 23:15:00,33.3107674554529,5375.61119666667,0.9375
"91","June 2021",2021-06-19 23:30:00,34.6019558617502,5403.15517466667,0.947916666666667
"92","June 2021",2021-06-19 23:45:00,32.6227050679357,5413.57249066667,0.958333333333333
"93","June 2021",2021-06-20,33.4484461693104,5413.94185,0.96875
"94","June 2021",2021-06-20 00:15:00,33.4440000125878,5426.39436466667,0.979166666666667
"95","June 2021",2021-06-20 00:30:00,32.2860196113213,5465.19170666667,0.989583333333333
"96","June 2021",2021-06-20 00:45:00,31.1720443310013,5485.91102333333,1
"97","June 2021",2021-06-20 01:00:00,32.7851790377453,5497.97954466667,1.01041666666667
"98","June 2021",2021-06-20 01:15:00,31.3176013256702,5542.17118533333,1.02083333333333
"99","June 2021",2021-06-20 01:30:00,31.3991067406134,5560.80891333333,1.03125
"100","June 2021",2021-06-20 01:45:00,30.462594058136,5579.11118133333,1.04166666666667
"101","June 2021",2021-06-20 02:00:00,29.4175976633734,5601.96890533333,1.05208333333333
"102","June 2021",2021-06-20 02:15:00,30.2813985077714,5614.43905,1.0625
"103","June 2021",2021-06-20 02:30:00,30.2561635050259,5627.32583466667,1.07291666666667
"104","June 2021",2021-06-20 02:45:00,31.6012328742829,5633.45553333333,1.08333333333333
"105","June 2021",2021-06-20 03:00:00,30.7461277132685,5621.34717533333,1.09375
"106","June 2021",2021-06-20 03:15:00,30.9033355189068,5607.44835933333,1.10416666666667
"107","June 2021",2021-06-20 03:30:00,31.0865992534107,5563.09221533333,1.11458333333333
"108","June 2021",2021-06-20 03:45:00,31.1079482530873,5461.77580333333,1.125
"109","June 2021",2021-06-20 04:00:00,31.0012850528421,5414.37306666667,1.13541666666667
"110","June 2021",2021-06-20 04:15:00,30.9671960181812,5380.939148,1.14583333333333
"111","June 2021",2021-06-20 04:30:00,30.6782846891218,5327.022674,1.15625
"112","June 2021",2021-06-20 04:45:00,32.7060816971003,5282.10181466667,1.16666666666667
"113","June 2021",2021-06-20 05:00:00,33.2221093469737,5252.07322666667,1.17708333333333
"114","June 2021",2021-06-20 05:15:00,32.0119926114401,5164.17060466667,1.1875
"115","June 2021",2021-06-20 05:30:00,33.9664206777913,5116.453276,1.19791666666667
"116","June 2021",2021-06-20 05:45:00,35.3447590865126,5055.34702133333,1.20833333333333
"117","June 2021",2021-06-20 06:00:00,33.7024179517832,5085.14819933333,1.21875
"118","June 2021",2021-06-20 06:15:00,35.326426739286,5101.50752533333,1.22916666666667
"119","June 2021",2021-06-20 06:30:00,36.3564446485716,5080.25734533333,1.23958333333333
"120","June 2021",2021-06-20 06:45:00,36.903365492284,4949.03848533333,1.25
"121","June 2021",2021-06-20 07:00:00,38.7105863930241,4833.75966666667,1.26041666666667
"122","June 2021",2021-06-20 07:15:00,39.3834507741877,4803.51392933333,1.27083333333333
"123","June 2021",2021-06-20 07:30:00,39.6856160695018,4835.44894466667,1.28125
"124","June 2021",2021-06-20 07:45:00,41.4749815688642,4856.09334,1.29166666666667
"125","June 2021",2021-06-20 08:00:00,41.986910112419,4874.742312,1.30208333333333
"126","June 2021",2021-06-20 08:15:00,41.3250621914295,4899.78817066667,1.3125
"127","June 2021",2021-06-20 08:30:00,44.1824645314395,4887.83725733333,1.32291666666667
"128","June 2021",2021-06-20 08:45:00,43.6921937315223,4836.46693933333,1.33333333333333
"129","June 2021",2021-06-20 09:00:00,44.8164065012886,4805.078544,1.34375
"130","June 2021",2021-06-20 09:15:00,46.5449218865137,4796.29046666667,1.35416666666667
"131","June 2021",2021-06-20 09:30:00,45.8873204216409,4741.236896,1.36458333333333
"132","June 2021",2021-06-20 09:45:00,48.1946624044776,4672.19359133333,1.375
"133","June 2021",2021-06-20 10:00:00,48.673238801247,4616.51841,1.38541666666667
"134","June 2021",2021-06-20 10:15:00,52.8662321428988,4560.776164,1.39583333333333
"135","June 2021",2021-06-20 10:30:00,52.0829114186142,4486.58655333333,1.40625
"136","June 2021",2021-06-20 10:45:00,50.6574361411107,4323.91648333333,1.41666666666667
"137","June 2021",2021-06-20 11:00:00,55.85037835744,4167.124216,1.42708333333333
"138","June 2021",2021-06-20 11:15:00,53.6787624037053,4000.30551666667,1.4375
"139","June 2021",2021-06-20 11:30:00,55.1719329148049,3941.78898133333,1.44791666666667
"140","June 2021",2021-06-20 11:45:00,55.6920712101442,3904.06565266667,1.45833333333333
"141","June 2021",2021-06-20 12:00:00,53.6213260157177,3875.58599466667,1.46875
"142","June 2021",2021-06-20 12:15:00,56.5627585885684,3837.22013333333,1.47916666666667
"143","June 2021",2021-06-20 12:30:00,59.8794887997388,3757.93094133333,1.48958333333333
"144","June 2021",2021-06-20 12:45:00,59.3025888630292,3760.42746733333,1.5
"145","June 2021",2021-06-20 13:00:00,57.3275143190567,3785.589184,1.51041666666667
"146","June 2021",2021-06-20 13:15:00,60.202621487314,3730.21099266667,1.52083333333333
"147","June 2021",2021-06-20 13:30:00,59.2359806762485,3621.722664,1.53125
"148","June 2021",2021-06-20 13:45:00,60.6369376534287,3614.81648666667,1.54166666666667
"149","June 2021",2021-06-20 14:00:00,63.3715303172921,3609.55414866667,1.55208333333333
"150","June 2021",2021-06-20 14:15:00,58.9699438321172,3616.01345066667,1.5625
"151","June 2021",2021-06-20 14:30:00,63.7547942765483,3592.32206666667,1.57291666666667
"152","June 2021",2021-06-20 14:45:00,64.6516983358661,3501.590408,1.58333333333333
"153","June 2021",2021-06-20 15:00:00,62.8020387499789,3489.359932,1.59375
"154","June 2021",2021-06-20 15:15:00,62.278759091584,3479.55184866667,1.60416666666667
"155","June 2021",2021-06-20 15:30:00,63.8555240787711,3493.32169666667,1.61458333333333
"156","June 2021",2021-06-20 15:45:00,64.5693130499013,3476.955064,1.625
"157","June 2021",2021-06-20 16:00:00,60.8884911806429,3489.05422866667,1.63541666666667
"158","June 2021",2021-06-20 16:15:00,63.7925581366049,3463.27936866667,1.64583333333333
"159","June 2021",2021-06-20 16:30:00,61.1159750391808,3464.77580133333,1.65625
"160","June 2021",2021-06-20 16:45:00,60.1537878473598,3486.08784333333,1.66666666666667
"161","June 2021",2021-06-20 17:00:00,59.2420343299928,3510.80157333333,1.67708333333333
"162","June 2021",2021-06-20 17:15:00,57.8224450958249,3525.76128333333,1.6875
"163","June 2021",2021-06-20 17:30:00,56.2972642925987,3563.68972266667,1.69791666666667
"164","June 2021",2021-06-20 17:45:00,56.9474200627959,3572.61402666667,1.70833333333333
"165","June 2021",2021-06-20 18:00:00,54.9215587153701,3623.524854,1.71875
"166","June 2021",2021-06-20 18:15:00,50.71873202957,3716.5065,1.72916666666667
"167","June 2021",2021-06-20 18:30:00,48.411883025429,3805.13309866667,1.73958333333333
"168","June 2021",2021-06-20 18:45:00,49.9249735229284,3869.18555333333,1.75
"169","June 2021",2021-06-20 19:00:00,50.7466068847543,3854.214314,1.76041666666667
"170","June 2021",2021-06-20 19:15:00,49.3738730336996,3867.38932666667,1.77083333333333
"171","June 2021",2021-06-20 19:30:00,48.798738929881,3923.366506,1.78125
"172","June 2021",2021-06-20 19:45:00,51.7950002293748,3874.99674666667,1.79166666666667
"173","June 2021",2021-06-20 20:00:00,53.7362315109491,3794.09581333333,1.80208333333333
"174","June 2021",2021-06-20 20:15:00,53.4377494475524,3803.58478133333,1.8125
"175","June 2021",2021-06-20 20:30:00,54.3358498237477,3872.31781333333,1.82291666666667
"176","June 2021",2021-06-20 20:45:00,51.2833903337896,3946.07247066667,1.83333333333333
"177","June 2021",2021-06-20 21:00:00,55.9795457231343,4031.53308133333,1.84375
"178","June 2021",2021-06-20 21:15:00,54.3358498237473,3993.011048,1.85416666666667
"179","June 2021",2021-06-20 21:30:00,56.4682847079949,3966.90610933333,1.86458333333333
"180","June 2021",2021-06-20 21:45:00,53.2602291506731,4032.52549333333,1.875
"181","June 2021",2021-06-20 22:00:00,56.7874697544899,4021.92674666667,1.88541666666667
"182","June 2021",2021-06-20 22:15:00,58.656353325307,4012.981298,1.89583333333333
"183","June 2021",2021-06-20 22:30:00,58.7768603570778,4004.28126333333,1.90625
"184","June 2021",2021-06-20 22:45:00,58.541992869966,4006.78156666667,1.91666666666667
"185","June 2021",2021-06-20 23:00:00,60.1904111141705,3989.079216,1.92708333333333
"186","June 2021",2021-06-20 23:15:00,61.6650005108051,3960.81389066667,1.9375
"187","June 2021",2021-06-20 23:30:00,62.3969179252941,3948.76725666667,1.94791666666667
"188","June 2021",2021-06-20 23:45:00,63.7547942765488,3951.37796666667,1.95833333333333
"189","June 2021",2021-06-21,66.497464972072,3873.64692866667,1.96875
"190","June 2021",2021-06-21 00:15:00,69.1629116930455,3813.14197866667,1.97916666666667
"191","June 2021",2021-06-21 00:30:00,65.1981015478811,3829.85658,1.98958333333333
"192","June 2021",2021-06-21 00:45:00,70.9748707933353,3875.122176,2
"193","June 2021",2021-06-21 01:00:00,67.2913238761746,3904.14383333333,2.01041666666667
"194","June 2021",2021-06-21 01:15:00,64.8293313757023,3939.28020866667,2.02083333333333
"195","June 2021",2021-06-21 01:30:00,70.2444906806073,3957.04183333333,2.03125
"196","June 2021",2021-06-21 01:45:00,67.5051526050575,3987.88407466667,2.04166666666667
"197","June 2021",2021-06-21 02:00:00,68.8938919728663,4037.53591466667,2.05208333333333
"198","June 2021",2021-06-21 02:15:00,68.0315155876146,4071.72153266667,2.0625
"199","June 2021",2021-06-21 02:30:00,66.7550873297001,4104.02820666667,2.07291666666667
"200","June 2021",2021-06-21 02:45:00,69.841168181773,4124.07640333333,2.08333333333333
"201","June 2021",2021-06-21 03:00:00,73.0072082875022,4175.926912,2.09375
"202","June 2021",2021-06-21 03:15:00,75.963641933129,4167.57074933333,2.10416666666667
"203","June 2021",2021-06-21 03:30:00,72.3667741004859,4184.07514,2.11458333333333
"204","June 2021",2021-06-21 03:45:00,74.5767943550941,4206.73288933333,2.125
"205","June 2021",2021-06-21 04:00:00,78.8758528494329,4240.18186666667,2.13541666666667
"206","June 2021",2021-06-21 04:15:00,74.351498835933,4227.801796,2.14583333333333
"207","June 2021",2021-06-21 04:30:00,84.8644710935321,4191.20112266667,2.15625
"208","June 2021",2021-06-21 04:45:00,79.6163729739658,4157.33552133333,2.16666666666667
"209","June 2021",2021-06-21 05:00:00,100.606443427514,4186.53786466667,2.17708333333333
"210","June 2021",2021-06-21 05:15:00,88.6344088875746,4197.86361066667,2.1875
"211","June 2021",2021-06-21 05:30:00,95.106755841031,4199.869672,2.19791666666667
"212","June 2021",2021-06-21 05:45:00,97.9586086272397,4224.95028,2.20833333333333
"213","June 2021",2021-06-21 06:00:00,94.6421298278246,4242.93648266667,2.21875
"214","June 2021",2021-06-21 06:15:00,91.9095767704366,4245.58898266667,2.22916666666667
"215","June 2021",2021-06-21 06:30:00,98.6685044722235,4267.60897,2.23958333333333
"216","June 2021",2021-06-21 06:45:00,90.1134252868844,4267.13386933333,2.25
"217","June 2021",2021-06-21 07:00:00,86.7905544030626,4205.07585666667,2.26041666666667
"218","June 2021",2021-06-21 07:15:00,88.5297843865593,4134.74889666667,2.27083333333333
"219","June 2021",2021-06-21 07:30:00,85.2303101236651,4084.91275866667,2.28125
"220","June 2021",2021-06-21 07:45:00,88.8663056423424,4021.62242733333,2.29166666666667
"221","June 2021",2021-06-21 08:00:00,84.922950370004,3964.50287333333,2.30208333333333
"222","June 2021",2021-06-21 08:15:00,81.1010968197189,3900.31884,2.3125
"223","June 2021",2021-06-21 08:30:00,80.9370062923929,3816.8681,2.32291666666667
"224","June 2021",2021-06-21 08:45:00,83.4237817658136,3728.344978,2.33333333333333
"225","June 2021",2021-06-21 09:00:00,80.9013573421055,3643.00136933333,2.34375
"226","June 2021",2021-06-21 09:15:00,78.8266131006127,3555.90202,2.35416666666667
"227","June 2021",2021-06-21 09:30:00,76.8909956892348,3500.280072,2.36458333333333
"228","June 2021",2021-06-21 09:45:00,78.0619483803094,3434.495948,2.375
"229","June 2021",2021-06-21 10:00:00,74.2901164428268,3387.148544,2.38541666666667
"230","June 2021",2021-06-21 10:15:00,70.4300300013387,3327.142428,2.39583333333333
"231","June 2021",2021-06-21 10:30:00,70.7354014814136,3290.31083933333,2.40625
"232","June 2021",2021-06-21 10:45:00,71.829751448777,3227.847938,2.41666666666667
"233","June 2021",2021-06-21 11:00:00,73.3454649852586,3155.12635733333,2.42708333333333
"234","June 2021",2021-06-21 11:15:00,69.7619693611946,3087.76827333333,2.4375
"235","June 2021",2021-06-21 11:30:00,72.0308895487519,3019.61946933333,2.44791666666667
"236","June 2021",2021-06-21 11:45:00,66.47816439917,3002.98148,2.45833333333333
"237","June 2021",2021-06-21 12:00:00,69.1563436926039,2972.084766,2.46875
"238","June 2021",2021-06-21 12:15:00,67.99245211873,2945.63496266667,2.47916666666667
"239","June 2021",2021-06-21 12:30:00,69.0841172824639,2926.95333733333,2.48958333333333
"240","June 2021",2021-06-21 12:45:00,67.4208745101623,2894.11556,2.5
"241","June 2021",2021-06-21 13:00:00,66.2211048127362,2870.533744,2.51041666666667
"242","June 2021",2021-06-21 13:15:00,63.9941643233142,2839.906188,2.52083333333333
"243","June 2021",2021-06-21 13:30:00,64.581984110162,2806.25664,2.53125
"244","June 2021",2021-06-21 13:45:00,63.6981705719611,2773.70494866667,2.54166666666667
"245","June 2021",2021-06-21 14:00:00,65.007220934502,2733.44294666667,2.55208333333333
"246","June 2021",2021-06-21 14:15:00,66.3752777436263,2720.028176,2.5625
"247","June 2021",2021-06-21 14:30:00,63.8114444837333,2713.38197,2.57291666666667
"248","June 2021",2021-06-21 14:45:00,62.1234668978693,2712.02454333333,2.58333333333333
"249","June 2021",2021-06-21 15:00:00,61.683552139949,2708.61677466667,2.59375
"250","June 2021",2021-06-21 15:15:00,60.9130624355059,2709.88505333333,2.60416666666667
"251","June 2021",2021-06-21 15:30:00,60.5144282032211,2707.48833333333,2.61458333333333
"252","June 2021",2021-06-21 15:45:00,59.2844190675964,2710.480128,2.625
"253","June 2021",2021-06-21 16:00:00,58.8793942361418,2704.58902933333,2.63541666666667
"254","June 2021",2021-06-21 16:15:00,57.2739825841126,2728.01506133333,2.64583333333333
"255","June 2021",2021-06-21 16:30:00,57.8224450958253,2753.23098133333,2.65625
"256","June 2021",2021-06-21 16:45:00,56.1794795028845,2771.05169333333,2.66666666666667
"257","June 2021",2021-06-21 17:00:00,55.8386437222714,2812.41354666667,2.67708333333333
"258","June 2021",2021-06-21 17:15:00,54.5848030259167,2871.92787466667,2.6875
"259","June 2021",2021-06-21 17:30:00,56.1677082221488,2926.85092266667,2.69791666666667
"260","June 2021",2021-06-21 17:45:00,52.9574550382471,2981.65747733333,2.70833333333333
"261","June 2021",2021-06-21 18:00:00,52.2753250046822,3055.14550466667,2.71875
"262","June 2021",2021-06-21 18:15:00,51.5810314494143,3157.69021066667,2.72916666666667
"263","June 2021",2021-06-21 18:30:00,50.7689126583666,3244.09436,2.73958333333333
"264","June 2021",2021-06-21 18:45:00,51.0817431724424,3340.59036133333,2.75
"265","June 2021",2021-06-21 19:00:00,49.5003364172148,3438.28122866667,2.76041666666667
"266","June 2021",2021-06-21 19:15:00,48.2272121239796,3514.75172333333,2.77083333333333
"267","June 2021",2021-06-21 19:30:00,50.301590779477,3587.33551733333,2.78125
"268","June 2021",2021-06-21 19:45:00,50.9922583239461,3658.93201333333,2.79166666666667
"269","June 2021",2021-06-21 20:00:00,48.6405281030079,3716.40318,2.80208333333333
"270","June 2021",2021-06-21 20:15:00,50.4293184350243,3776.21172133333,2.8125
"271","June 2021",2021-06-21 20:30:00,46.6141553405427,3830.51951666667,2.82291666666667
"272","June 2021",2021-06-21 20:45:00,49.0831163766217,3876.99148266667,2.83333333333333
"273","June 2021",2021-06-21 21:00:00,47.9617341120692,3928.56529066667,2.84375
"274","June 2021",2021-06-21 21:15:00,47.6269490278037,3987.570878,2.85416666666667
"275","June 2021",2021-06-21 21:30:00,49.5829057867764,4032.92261866667,2.86458333333333
"276","June 2021",2021-06-21 21:45:00,47.025364136612,4072.75214,2.875
"277","June 2021",2021-06-21 22:00:00,46.5076652378224,4125.07445866667,2.88541666666667
"278","June 2021",2021-06-21 22:15:00,47.664684359202,4163.63638666667,2.89583333333333
"279","June 2021",2021-06-21 22:30:00,45.6868044907667,4197.21634533333,2.90625
"280","June 2021",2021-06-21 22:45:00,47.3095311356342,4230.94822666667,2.91666666666667
"281","June 2021",2021-06-21 23:00:00,45.6920751727273,4255.50726,2.92708333333333
"282","June 2021",2021-06-21 23:15:00,44.8999076523413,4270.78294666667,2.9375
"283","June 2021",2021-06-21 23:30:00,44.9260189396537,4313.56212,2.94791666666667
"284","June 2021",2021-06-21 23:45:00,44.1307180219809,4334.41405866667,2.95833333333333
"285","June 2021",2021-06-22,45.6183153998001,4349.44079733333,2.96875
"286","June 2021",2021-06-22 00:15:00,42.944481221845,4395.47005333333,2.97916666666667
"287","June 2021",2021-06-22 00:30:00,43.7745588700237,4405.10523733333,2.98958333333333
"288","June 2021",2021-06-22 00:45:00,42.8476890435453,4444.35408133333,3
"289","June 2021",2021-06-22 01:00:00,42.5275916959746,4462.20018733333,3.01041666666667
"290","June 2021",2021-06-22 01:15:00,42.5022427673147,4505.10784,3.02083333333333
"291","June 2021",2021-06-22 01:30:00,43.0873376194084,4516.279888,3.03125
"292","June 2021",2021-06-22 01:45:00,43.0771250840047,4552.34277866667,3.04166666666667
"293","June 2021",2021-06-22 02:00:00,43.8724762635193,4585.20335466667,3.05208333333333
"294","June 2021",2021-06-22 02:15:00,43.2713870563849,4612.858814,3.0625
"295","June 2021",2021-06-22 02:30:00,42.5225212558573,4649.36984,3.07291666666667
"296","June 2021",2021-06-22 02:45:00,44.3119739518294,4667.05821133333,3.08333333333333
"297","June 2021",2021-06-22 03:00:00,43.2304505359349,4662.31750933333,3.09375
"298","June 2021",2021-06-22 03:15:00,42.9342870092247,4694.90217,3.10416666666667
"299","June 2021",2021-06-22 03:30:00,44.1203726463998,4690.958702,3.11458333333333
"300","June 2021",2021-06-22 03:45:00,44.2756907009889,4697.85054333333,3.125
"301","June 2021",2021-06-22 04:00:00,43.3840704611645,4720.916184,3.13541666666667
"302","June 2021",2021-06-22 04:15:00,42.3149149238443,4737.9993,3.14583333333333
"303","June 2021",2021-06-22 04:30:00,42.3806817727548,4756.46091066667,3.15625
"304","June 2021",2021-06-22 04:45:00,42.1229904150765,4749.02982866667,3.16666666666667
"305","June 2021",2021-06-22 05:00:00,43.4763837634858,4769.291072,3.17708333333333
"306","June 2021",2021-06-22 05:15:00,41.8158890299736,4788.16890933333,3.1875
"307","June 2021",2021-06-22 05:30:00,42.0423214427784,4808.41508666667,3.19791666666667
"308","June 2021",2021-06-22 05:45:00,42.2037431486675,4813.46185333333,3.20833333333333
"309","June 2021",2021-06-22 06:00:00,41.8108647240065,4838.83988,3.21875
"310","June 2021",2021-06-22 06:15:00,40.8770708989247,4855.71118666667,3.22916666666667
"311","June 2021",2021-06-22 06:30:00,40.7431903118136,4852.39405,3.23958333333333
"312","June 2021",2021-06-22 06:45:00,41.0559493847628,4847.83738733333,3.25
"313","June 2021",2021-06-22 07:00:00,40.9316832250655,4828.27174666667,3.26041666666667
"314","June 2021",2021-06-22 07:15:00,39.4369689684254,4785.67822533333,3.27083333333333
"315","June 2021",2021-06-22 07:30:00,39.7344701967753,4751.577666,3.28125
"316","June 2021",2021-06-22 07:45:00,41.0062183814422,4691.594096,3.29166666666667
"317","June 2021",2021-06-22 08:00:00,39.8224900783918,4643.99535866667,3.30208333333333
"318","June 2021",2021-06-22 08:15:00,40.2691021913729,4564.197328,3.3125
"319","June 2021",2021-06-22 08:30:00,40.6639662218383,4491.75671466667,3.32291666666667
"320","June 2021",2021-06-22 08:45:00,40.2494139581982,4443.14012266667,3.33333333333333
"321","June 2021",2021-06-22 09:00:00,42.0221672874063,4384.16409733333,3.34375
"322","June 2021",2021-06-22 09:15:00,40.1363082107362,4337.38756266667,3.35416666666667
"323","June 2021",2021-06-22 09:30:00,40.4218635004322,4311.39072,3.36458333333333
"324","June 2021",2021-06-22 09:45:00,40.4860182716252,4267.39476266667,3.375
"325","June 2021",2021-06-22 10:00:00,41.1106912791561,4223.18981733333,3.38541666666667
"326","June 2021",2021-06-22 10:15:00,40.7877906715868,4176.74101466667,3.39583333333333
"327","June 2021",2021-06-22 10:30:00,42.0776038115939,4130.66014933333,3.40625
"328","June 2021",2021-06-22 10:45:00,40.018469358681,4081.07257333333,3.41666666666667
"329","June 2021",2021-06-22 11:00:00,40.2248110285634,4018.765758,3.42708333333333
"330","June 2021",2021-06-22 11:15:00,40.4021346953818,3993.84391466667,3.4375
"331","June 2021",2021-06-22 11:30:00,40.6441732870467,3948.90044,3.44791666666667
"332","June 2021",2021-06-22 11:45:00,40.4613368157768,3899.486976,3.45833333333333
"333","June 2021",2021-06-22 12:00:00,41.7505985734234,3861.74028,3.46875
"334","June 2021",2021-06-22 12:15:00,41.645246182122,3847.28362266667,3.47916666666667
"335","June 2021",2021-06-22 12:30:00,40.584825893157,3807.867492,3.48958333333333
"336","June 2021",2021-06-22 12:45:00,41.3750025979859,3743.665284,3.5
"337","June 2021",2021-06-22 13:00:00,41.3450344277419,3694.821712,3.51041666666667
"338","June 2021",2021-06-22 13:15:00,41.9365705309456,3659.60674,3.52083333333333
"339","June 2021",2021-06-22 13:30:00,40.6540691000567,3626.00290266667,3.53125
"340","June 2021",2021-06-22 13:45:00,42.0574404948299,3593.42158933333,3.54166666666667
"341","June 2021",2021-06-22 14:00:00,43.2867436502305,3573.42017133333,3.55208333333333
"342","June 2021",2021-06-22 14:15:00,40.5107079072874,3544.19334133333,3.5625
"343","June 2021",2021-06-22 14:30:00,41.2252795360846,3495.63424,3.57291666666667
"344","June 2021",2021-06-22 14:45:00,41.1854031195127,3464.6289,3.58333333333333
"345","June 2021",2021-06-22 15:00:00,41.9315383723575,3422.23168933333,3.59375
"346","June 2021",2021-06-22 15:15:00,41.8209136631329,3404.77206666667,3.60416666666667
"347","June 2021",2021-06-22 15:30:00,41.5300257891775,3412.79726666667,3.61458333333333
"348","June 2021",2021-06-22 15:45:00,41.3300547597191,3388.79599933333,3.625
"349","June 2021",2021-06-22 16:00:00,41.7656606939699,3385.04525666667,3.63541666666667
"350","June 2021",2021-06-22 16:15:00,41.3849946056078,3394.55398333333,3.64583333333333
"351","June 2021",2021-06-22 16:30:00,41.6201835469476,3410.42515,3.65625
"352","June 2021",2021-06-22 16:45:00,43.2304505359352,3394.72882,3.66666666666667
"353","June 2021",2021-06-22 17:00:00,40.3922722560117,3423.582616,3.67708333333333
"354","June 2021",2021-06-22 17:15:00,39.6123962271954,3442.918574,3.6875
"355","June 2021",2021-06-22 17:30:00,40.097007653061,3457.646848,3.69791666666667
"356","June 2021",2021-06-22 17:45:00,38.8263128899454,3503.12666,3.70833333333333
"357","June 2021",2021-06-22 18:00:00,38.8601019519394,3552.40753333333,3.71875
"358","June 2021",2021-06-22 18:15:00,38.4029037754684,3633.41977266667,3.72916666666667
"359","June 2021",2021-06-22 18:30:00,38.5085185122932,3702.75238266667,3.73958333333333
"360","June 2021",2021-06-22 18:45:00,37.5352558643291,3784.11497933333,3.75
"361","June 2021",2021-06-22 19:00:00,37.1337485035662,3872.22901333333,3.76041666666667
"362","June 2021",2021-06-22 19:15:00,36.6223337654701,3941.395632,3.77083333333333
"363","June 2021",2021-06-22 19:30:00,36.2122845773942,4001.48347733333,3.78125
"364","June 2021",2021-06-22 19:45:00,36.8329971330933,4068.15873333333,3.79166666666667
"365","June 2021",2021-06-22 20:00:00,36.6129863271817,4121.31135866667,3.80208333333333
"366","June 2021",2021-06-22 20:15:00,36.1797758198671,4182.49348,3.8125
"367","June 2021",2021-06-22 20:30:00,36.61765988273,4225.78302666667,3.82291666666667
"368","June 2021",2021-06-22 20:45:00,35.0977141089022,4284.83185,3.83333333333333
"369","June 2021",2021-06-22 21:00:00,34.9289933788355,4329.72262666667,3.84375
"370","June 2021",2021-06-22 21:15:00,36.1240838212008,4359.46048666667,3.85416666666667
"371","June 2021",2021-06-22 21:30:00,35.2348435293657,4405.09228666667,3.86458333333333
"372","June 2021",2021-06-22 21:45:00,34.6472763094307,4448.66706133333,3.875
"373","June 2021",2021-06-22 22:00:00,36.2587534709433,4488.35756933333,3.88541666666667
"374","June 2021",2021-06-22 22:15:00,35.8140027437432,4528.56357066667,3.89583333333333
"375","June 2021",2021-06-22 22:30:00,35.3493429913005,4554.239952,3.90625
"376","June 2021",2021-06-22 22:45:00,35.2028203255903,4592.945558,3.91666666666667
"377","June 2021",2021-06-22 23:00:00,35.1388220153449,4613.26773333333,3.92708333333333
"378","June 2021",2021-06-22 23:15:00,35.8463305637875,4646.276304,3.9375
"379","June 2021",2021-06-22 23:30:00,35.9665456895575,4687.54190933333,3.94791666666667
"380","June 2021",2021-06-22 23:45:00,34.7334753015734,4699.306672,3.95833333333333
"381","June 2021",2021-06-23,35.3080996271403,4742.75563466667,3.96875
"382","June 2021",2021-06-23 00:15:00,33.324077459868,4769.10586666667,3.97916666666667
"383","June 2021",2021-06-23 00:30:00,35.1433911964682,4794.71345333333,3.98958333333333
"384","June 2021",2021-06-23 00:45:00,33.9978186165939,4818.05182666667,4
"385","June 2021",2021-06-23 01:00:00,33.4617866026331,4850.79142333333,4.01041666666667
"386","June 2021",2021-06-23 01:15:00,34.6926294763674,4865.28397333333,4.02083333333333
"387","June 2021",2021-06-23 01:30:00,34.6200801145119,4898.17060533333,4.03125
"388","June 2021",2021-06-23 01:45:00,33.9933322151874,4926.81947733333,4.04166666666667
"389","June 2021",2021-06-23 02:00:00,33.4929257321255,4948.630688,4.05208333333333
"390","July 2021",2021-06-29 23:00:00,16.4364893080622,7678.70443995271,0.0104166666666667
"391","July 2021",2021-06-29 23:15:00,16.4041807168092,7642.3527194541,0.0208333333333333
"392","July 2021",2021-06-29 23:30:00,16.9019360349932,7568.14500877387,0.03125
"393","July 2021",2021-06-29 23:45:00,17.2389032930431,7574.45512720641,0.0416666666666667
"394","July 2021",2021-06-30,16.7766314539469,7501.24938518697,0.0520833333333333
"395","July 2021",2021-06-30 00:15:00,17.5554764880084,7485.58910881736,0.0625
"396","July 2021",2021-06-30 00:30:00,17.5707855131223,7462.65760576107,0.0729166666666667
"397","July 2021",2021-06-30 00:45:00,17.1693697781137,7343.49711493915,0.0833333333333333
"398","July 2021",2021-06-30 01:00:00,17.5218254257029,7230.16079035328,0.09375
"399","July 2021",2021-06-30 01:15:00,17.5095984915503,7096.52392365392,0.104166666666667
"400","July 2021",2021-06-30 01:30:00,18.2556154028241,6897.63164997218,0.114583333333333
"401","July 2021",2021-06-30 01:45:00,18.1992396219601,6881.99376743823,0.125
"402","July 2021",2021-06-30 02:00:00,17.2904088756333,6815.56572101779,0.135416666666667
"403","July 2021",2021-06-30 02:15:00,18.5675771332574,6755.53588405488,0.145833333333333
"404","July 2021",2021-06-30 02:30:00,19.1526762147642,6769.33231925235,0.15625
"405","July 2021",2021-06-30 02:45:00,19.6764961322103,6664.33483356177,0.166666666666667
"406","July 2021",2021-06-30 03:00:00,20.1355601375074,6538.85057856798,0.177083333333333
"407","July 2021",2021-06-30 03:15:00,20.0193729910474,6471.3016022052,0.1875
"408","July 2021",2021-06-30 03:30:00,20.039262321831,6359.3458779277,0.197916666666667
"409","July 2021",2021-06-30 03:45:00,20.3356706016484,6239.23402242282,0.208333333333333
"410","July 2021",2021-06-30 04:00:00,21.2885305676107,6193.06569808804,0.21875
"411","July 2021",2021-06-30 04:15:00,21.8635692202607,6005.71455497948,0.229166666666667
"412","July 2021",2021-06-30 04:30:00,22.3555500424432,5892.28127974805,0.239583333333333
"413","July 2021",2021-06-30 04:45:00,23.7159310678424,5840.0092111977,0.25
"414","July 2021",2021-06-30 05:00:00,23.6683692126856,5786.4382548847,0.260416666666667
"415","July 2021",2021-06-30 05:15:00,24.701260930575,5792.03054721204,0.270833333333333
"416","July 2021",2021-06-30 05:30:00,24.618889298464,5671.25637868405,0.28125
"417","July 2021",2021-06-30 05:45:00,25.9596946571796,5512.33546922822,0.291666666666667
"418","July 2021",2021-06-30 06:00:00,27.0522187912523,5354.66892903931,0.302083333333333
"419","July 2021",2021-06-30 06:15:00,27.1075183602337,5291.99513547724,0.3125
"420","July 2021",2021-06-30 06:30:00,27.4167899257321,5252.44489017326,0.322916666666667
"421","July 2021",2021-06-30 06:45:00,28.0131112331279,5130.84375980727,0.333333333333333
"422","July 2021",2021-06-30 07:00:00,28.6330002958207,5002.32855872014,0.34375
"423","July 2021",2021-06-30 07:15:00,30.0547075246145,4901.7673938051,0.354166666666667
"424","July 2021",2021-06-30 07:30:00,31.2062590076033,4795.11403043233,0.364583333333333
"425","July 2021",2021-06-30 07:45:00,33.5196291750573,4702.9411764479,0.375
"426","July 2021",2021-06-30 08:00:00,35.8694316795954,4553.34400278882,0.385416666666667
"427","July 2021",2021-06-30 08:15:00,35.5145814739116,4476.81444070229,0.395833333333333
"428","July 2021",2021-06-30 08:30:00,37.7915590824721,4409.37134234197,0.40625
"429","July 2021",2021-06-30 08:45:00,39.0583312725229,4310.81198814866,0.416666666666667
"430","July 2021",2021-06-30 09:00:00,40.5304655052827,4243.19948993918,0.427083333333333
"431","July 2021",2021-06-30 09:15:00,44.4157287247906,4117.85898731589,0.4375
"432","July 2021",2021-06-30 09:30:00,46.7848117291006,4051.72576696043,0.447916666666667
"433","July 2021",2021-06-30 09:45:00,43.5328496354503,3919.772883793,0.458333333333333
"434","July 2021",2021-06-30 10:00:00,43.584216601546,3863.15895982593,0.46875
"435","July 2021",2021-06-30 10:15:00,46.0671298961095,3835.65060059506,0.479166666666667
"436","July 2021",2021-06-30 10:30:00,48.5315775122745,3741.57816228361,0.489583333333333
"437","July 2021",2021-06-30 10:45:00,50.2239282537549,3683.68435399652,0.5
"438","July 2021",2021-06-30 11:00:00,52.7580137461981,3551.40322411517,0.510416666666667
"439","July 2021",2021-06-30 11:15:00,52.8320451518526,3515.92256756736,0.520833333333333
"440","July 2021",2021-06-30 11:30:00,54.8692313762205,3509.10915379948,0.53125
"441","July 2021",2021-06-30 11:45:00,56.994858553696,3516.98085296026,0.541666666666667
"442","July 2021",2021-06-30 12:00:00,56.840760021328,3495.36418816063,0.552083333333333
"443","July 2021",2021-06-30 12:15:00,60.3492480491179,3446.05732852076,0.5625
"444","July 2021",2021-06-30 12:30:00,59.8673131090062,3410.33253517688,0.572916666666667
"445","July 2021",2021-06-30 12:45:00,63.7736747342103,3404.20646573623,0.583333333333333
"446","July 2021",2021-06-30 13:00:00,62.3409332277666,3339.62893164498,0.59375
"447","July 2021",2021-06-30 13:15:00,63.3213564966332,3363.8461337871,0.604166666666667
"448","July 2021",2021-06-30 13:30:00,67.6414109507071,3291.55687659824,0.614583333333333
"449","July 2021",2021-06-30 13:45:00,66.7035209775277,3271.26203531005,0.625
"450","July 2021",2021-06-30 14:00:00,66.7421937785021,3250.36986477864,0.635416666666667
"451","July 2021",2021-06-30 14:15:00,65.9069202627212,3199.62754795492,0.645833333333333
"452","July 2021",2021-06-30 14:30:00,63.4907770662476,3201.1521250404,0.65625
"453","July 2021",2021-06-30 14:45:00,64.8737797167499,3179.36825324531,0.666666666666667
"454","July 2021",2021-06-30 15:00:00,65.7213443593293,3144.52586798512,0.677083333333333
"455","July 2021",2021-06-30 15:15:00,67.4403183934033,3077.80742028595,0.6875
"456","July 2021",2021-06-30 15:30:00,65.4211677783546,2974.666001706,0.697916666666667
"457","July 2021",2021-06-30 15:45:00,62.5463400202869,2933.56292976049,0.708333333333333
"458","July 2021",2021-06-30 16:00:00,64.740482790914,2958.59551675638,0.71875
"459","July 2021",2021-06-30 16:15:00,63.6227135254394,2892.64749941388,0.729166666666667
"460","July 2021",2021-06-30 16:30:00,61.1282842244762,2893.44661929444,0.739583333333333
"461","July 2021",2021-06-30 16:45:00,61.2637716415605,2833.6317410093,0.75
"462","July 2021",2021-06-30 17:00:00,60.1659942941935,2824.6296130464,0.760416666666667
"463","July 2021",2021-06-30 17:15:00,58.6683981390185,2794.6035959587,0.770833333333333
"464","July 2021",2021-06-30 17:30:00,60.7473080584685,2817.3926019586,0.78125
"465","July 2021",2021-06-30 17:45:00,59.2480883109301,2816.14698707566,0.791666666666667
"466","July 2021",2021-06-30 18:00:00,59.8794887997388,2851.6913609312,0.802083333333333
"467","July 2021",2021-06-30 18:15:00,59.8003702042419,2960.96389103762,0.8125
"468","July 2021",2021-06-30 18:30:00,58.2836132502914,3018.15362831034,0.822916666666667
"469","July 2021",2021-06-30 18:45:00,58.3736769653225,3082.305204426,0.833333333333333
"470","July 2021",2021-06-30 19:00:00,53.9318712156082,3138.9437789332,0.84375
"471","July 2021",2021-06-30 19:15:00,58.548008896567,3212.86499018254,0.854166666666667
"472","July 2021",2021-06-30 19:30:00,58.9518280234564,3217.39400107786,0.864583333333333
"473","July 2021",2021-06-30 19:45:00,59.7395473733106,3161.30473445472,0.875
"474","July 2021",2021-06-30 20:00:00,63.3903508987157,3225.14026015473,0.885416666666667
"475","July 2021",2021-06-30 20:15:00,63.3088163133936,3258.70440604732,0.895833333333333
"476","July 2021",2021-06-30 20:30:00,65.7469246760315,3278.74094288322,0.90625
"477","July 2021",2021-06-30 20:45:00,64.6009931544985,3281.98919889939,0.916666666666667
"478","July 2021",2021-06-30 21:00:00,66.4074208256877,3322.46487704193,0.927083333333333
"479","July 2021",2021-06-30 21:15:00,69.4851445255249,3297.18385521382,0.9375
"480","July 2021",2021-06-30 21:30:00,71.52191162807,3268.77525556406,0.947916666666667
"481","July 2021",2021-06-30 21:45:00,72.0912884010377,3318.05143984333,0.958333333333333
"482","July 2021",2021-06-30 22:00:00,74.7682336119754,3346.74990644287,0.96875
"483","July 2021",2021-06-30 22:15:00,75.124444220984,3387.92728894002,0.979166666666667
"484","July 2021",2021-06-30 22:30:00,76.6204880986984,3412.70875632518,0.989583333333333
"485","July 2021",2021-06-30 22:45:00,91.6507718886733,3350.681201491,1
"486","July 2021",2021-06-30 23:00:00,91.6811998902691,3406.03779617156,1.01041666666667
"487","July 2021",2021-06-30 23:15:00,92.1687598867938,3397.82514196716,1.02083333333333
"488","July 2021",2021-06-30 23:30:00,94.6653331535212,3426.86314427332,1.03125
"489","July 2021",2021-06-30 23:45:00,91.3240014996001,3433.69696981608,1.04166666666667
"490","July 2021",2021-07-01,95.2696532229205,3401.4496505002,1.05208333333333
"491","July 2021",2021-07-01 00:15:00,102.991614298555,3326.04653808806,1.0625
"492","July 2021",2021-07-01 00:30:00,98.3053376992549,3325.23042676468,1.07291666666667
"493","July 2021",2021-07-01 00:45:00,99.7780546978847,3388.91981779638,1.08333333333333
"494","July 2021",2021-07-01 01:00:00,105.332069965237,3403.24512827995,1.09375
"495","July 2021",2021-07-01 01:15:00,102.636434497233,3380.58175762732,1.10416666666667
"496","July 2021",2021-07-01 01:30:00,101.141991258574,3367.25445313088,1.11458333333333
"497","July 2021",2021-07-01 01:45:00,99.9927770398771,3372.98956803844,1.125
"498","July 2021",2021-07-01 02:00:00,99.627096773703,3407.37815075949,1.13541666666667
"499","July 2021",2021-07-01 02:15:00,103.072425322663,3332.85421250737,1.14583333333333
"500","July 2021",2021-07-01 02:30:00,104.353582003166,3375.92649381727,1.15625
"501","July 2021",2021-07-01 02:45:00,103.63091315232,3374.74814363642,1.16666666666667
"502","July 2021",2021-07-01 03:00:00,97.384750851749,3360.95232212941,1.17708333333333
"503","July 2021",2021-07-01 03:15:00,102.289938977796,3390.25434800245,1.1875
"504","July 2021",2021-07-01 03:30:00,98.0846186350227,3398.00245977724,1.19791666666667
"505","July 2021",2021-07-01 03:45:00,99.4365819113586,3405.57997801385,1.20833333333333
"506","July 2021",2021-07-01 04:00:00,101.638881276612,3434.26301643769,1.21875
"507","July 2021",2021-07-01 04:15:00,98.7317345845917,3435.2320960617,1.22916666666667
"508","July 2021",2021-07-01 04:30:00,98.1555360735622,3389.74352697257,1.23958333333333
"509","July 2021",2021-07-01 04:45:00,96.1954639009465,3411.2932800015,1.25
"510","July 2021",2021-07-01 05:00:00,99.7542113835514,3381.4682127124,1.26041666666667
"511","July 2021",2021-07-01 05:15:00,98.0688628033542,3301.66402884094,1.27083333333333
"512","July 2021",2021-07-01 05:30:00,96.3046874205132,3323.00930860226,1.28125
"513","July 2021",2021-07-01 05:45:00,90.4530532359756,3323.84676751121,1.29166666666667
"514","July 2021",2021-07-01 06:00:00,95.0912493300887,3323.20981620707,1.30208333333333
"515","July 2021",2021-07-01 06:15:00,94.7117486391138,3270.18322436,1.3125
"516","July 2021",2021-07-01 06:30:00,91.2556842602947,3203.55027200111,1.32291666666667
"517","July 2021",2021-07-01 06:45:00,88.6119839529655,3187.46081665556,1.33333333333333
"518","July 2021",2021-07-01 07:00:00,91.8867258311221,3150.37215466142,1.34375
"519","July 2021",2021-07-01 07:15:00,90.9599491421982,3129.68837976406,1.35416666666667
"520","July 2021",2021-07-01 07:30:00,89.5864320938882,3107.86196549003,1.36458333333333
"521","July 2021",2021-07-01 07:45:00,91.3088176005186,3042.99647334488,1.375
"522","July 2021",2021-07-01 08:00:00,89.624021296026,3042.66675402092,1.38541666666667
"523","July 2021",2021-07-01 08:15:00,87.2199756047529,2964.38923426114,1.39583333333333
"524","July 2021",2021-07-01 08:30:00,90.120965376406,2979.9254931467,1.40625
"525","July 2021",2021-07-01 08:45:00,88.1491945973808,2901.9152983168,1.41666666666667
"526","July 2021",2021-07-01 09:00:00,89.4436677256658,2871.815076182,1.42708333333333
"527","July 2021",2021-07-01 09:15:00,92.0848651357613,2828.35187032987,1.4375
"528","July 2021",2021-07-01 09:30:00,94.0321686944917,2800.5033682158,1.44791666666667
"529","July 2021",2021-07-01 09:45:00,97.416149960846,2750.17651415373,1.45833333333333
"530","July 2021",2021-07-01 10:00:00,92.2374304940595,2736.4279980989,1.46875
"531","July 2021",2021-07-01 10:15:00,97.3141219970412,2686.7151549177,1.47916666666667
"532","July 2021",2021-07-01 10:30:00,97.0083698788781,2680.05636722409,1.48958333333333
"533","July 2021",2021-07-01 10:45:00,96.5077012398348,2622.75666045205,1.5
"534","July 2021",2021-07-01 11:00:00,97.9349910757687,2615.83560234815,1.51041666666667
"535","July 2021",2021-07-01 11:15:00,99.0402812543665,2566.64213169168,1.52083333333333
"536","July 2021",2021-07-01 11:30:00,102.886608882502,2530.77015747046,1.53125
"537","July 2021",2021-07-01 11:45:00,100.446863060839,2539.63034076465,1.54166666666667
"538","July 2021",2021-07-01 12:00:00,97.8798949074087,2512.32890925261,1.55208333333333
"539","July 2021",2021-07-01 12:15:00,104.304781283848,2479.11233738859,1.5625
"540","July 2021",2021-07-01 12:30:00,98.2974504584326,2452.68987024626,1.57291666666667
"541","July 2021",2021-07-01 12:45:00,101.302140940293,2427.0852540115,1.58333333333333
"542","July 2021",2021-07-01 13:00:00,100.151984407039,2395.1590785619,1.59375
"543","July 2021",2021-07-01 13:15:00,101.037964148259,2377.62020966204,1.60416666666667
"544","July 2021",2021-07-01 13:30:00,99.0719552052102,2344.97781838398,1.61458333333333
"545","July 2021",2021-07-01 13:45:00,97.0632118186241,2318.75690313662,1.625
"546","July 2021",2021-07-01 14:00:00,97.5967964314499,2313.90736591742,1.63541666666667
"547","July 2021",2021-07-01 14:15:00,95.308459581363,2272.8125640047,1.64583333333333
"548","July 2021",2021-07-01 14:30:00,90.6949695454453,2245.27520720331,1.65625
"549","July 2021",2021-07-01 14:45:00,87.1680905041264,2297.37183436355,1.66666666666667
"550","July 2021",2021-07-01 15:00:00,87.791769852371,2232.4514217467,1.67708333333333
"551","July 2021",2021-07-01 15:15:00,83.2138486670584,2219.83904969042,1.6875
"552","July 2021",2021-07-01 15:30:00,83.8226865610132,2221.7147105737,1.69791666666667
"553","July 2021",2021-07-01 15:45:00,80.2965766987367,2216.36818410866,1.70833333333333
"554","July 2021",2021-07-01 16:00:00,78.2720188370314,2218.67760206608,1.71875
"555","July 2021",2021-07-01 16:15:00,78.9391846557812,2192.0220016884,1.72916666666667
"556","July 2021",2021-07-01 16:30:00,75.6535349323022,2186.86820850613,1.73958333333333
"557","July 2021",2021-07-01 16:45:00,75.92225605149,2188.31551404928,1.75
"558","July 2021",2021-07-01 17:00:00,74.8503575339949,2225.22153647282,1.76041666666667
"559","July 2021",2021-07-01 17:15:00,71.2080947166741,2240.28466114638,1.77083333333333
"560","July 2021",2021-07-01 17:30:00,68.8873373873199,2262.11823410325,1.78125
"561","July 2021",2021-07-01 17:45:00,67.686862464127,2283.60174070755,1.79166666666667
"562","July 2021",2021-07-01 18:00:00,68.0836185355771,2334.13759002515,1.80208333333333
"563","July 2021",2021-07-01 18:15:00,66.1890091735952,2421.59741427398,1.8125
"564","July 2021",2021-07-01 18:30:00,65.0771763011186,2493.85748099301,1.82291666666667
"565","July 2021",2021-07-01 18:45:00,65.1471712580348,2558.76933792611,1.83333333333333
"566","July 2021",2021-07-01 19:00:00,60.9622206504744,2639.586017772,1.84375
"567","July 2021",2021-07-01 19:15:00,61.9435841449317,2719.53396049216,1.85416666666667
"568","July 2021",2021-07-01 19:30:00,60.6185528924877,2777.03070820965,1.86458333333333
"569","July 2021",2021-07-01 19:45:00,59.3631761153201,2827.34131062663,1.875
"570","July 2021",2021-07-01 20:00:00,58.4157318928303,2870.58504494188,1.88541666666667
"571","July 2021",2021-07-01 20:15:00,58.3076230427298,2942.986078182,1.89583333333333
"572","July 2021",2021-07-01 20:30:00,58.0917233736917,2963.6164516275,1.90625
"573","July 2021",2021-07-01 20:45:00,59.2480883109306,3005.80335890004,1.91666666666667
"574","July 2021",2021-07-01 21:00:00,58.9156052403333,3004.83833889193,1.92708333333333
"575","July 2021",2021-07-01 21:15:00,56.1559382501843,3033.4086396935,1.9375
"576","July 2021",2021-07-01 21:30:00,57.4346572967352,3083.73673889632,1.94791666666667
"577","July 2021",2021-07-01 21:45:00,56.562758588568,3105.32983282225,1.95833333333333
"578","July 2021",2021-07-01 22:00:00,55.9443025545209,3126.16411927414,1.96875
"579","July 2021",2021-07-01 22:15:00,55.7389521649308,3154.9564807992,1.97916666666667
"580","July 2021",2021-07-01 22:30:00,53.47787819249,3176.27471515965,1.98958333333333
"581","July 2021",2021-07-01 22:45:00,55.8445108762594,3206.26320773098,2
"582","July 2021",2021-07-01 23:00:00,52.4737928988796,3242.39522861884,2.01041666666667
"583","July 2021",2021-07-01 23:15:00,53.8455129562607,3271.05201438478,2.02083333333333
"584","July 2021",2021-07-01 23:30:00,55.1078261151067,3299.00229017282,2.03125
"585","July 2021",2021-07-01 23:45:00,51.4629882404873,3349.6624299985,2.04166666666667
"586","July 2021",2021-07-02,53.185878732278,3341.64907266529,2.05208333333333
"587","July 2021",2021-07-02 00:15:00,53.2602291506726,3363.5154615743,2.0625
"588","July 2021",2021-07-02 00:30:00,52.0433438089085,3400.31529843538,2.07291666666667
"589","July 2021",2021-07-02 00:45:00,54.6659881066846,3414.75473785133,2.08333333333333
"590","July 2021",2021-07-02 01:00:00,51.761184274685,3392.78004540188,2.09375
"591","July 2021",2021-07-02 01:15:00,52.2017104423434,3399.36522289944,2.10416666666667
"592","July 2021",2021-07-02 01:30:00,52.1847303190397,3419.89983807673,2.11458333333333
"593","July 2021",2021-07-02 01:45:00,51.8119126238188,3440.75950736328,2.125
"594","July 2021",2021-07-02 02:00:00,49.3079608483887,3432.51608917518,2.13541666666667
"595","July 2021",2021-07-02 02:15:00,50.7800675083292,3431.70844427997,2.14583333333333
"596","July 2021",2021-07-02 02:30:00,50.0300525070651,3452.502287536,2.15625
"597","July 2021",2021-07-02 02:45:00,49.3189429406816,3466.30090219108,2.16666666666667
"598","July 2021",2021-07-02 03:00:00,49.9415570888547,3465.62828702475,2.17708333333333
"599","July 2021",2021-07-02 03:15:00,49.0995497611653,3472.48716910658,2.1875
"600","July 2021",2021-07-02 03:30:00,47.7995842769335,3472.22219104506,2.19791666666667
"601","July 2021",2021-07-02 03:45:00,48.935348428711,3522.98165723138,2.20833333333333
"602","July 2021",2021-07-02 04:00:00,48.0754142082761,3522.22061689699,2.21875
"603","July 2021",2021-07-02 04:15:00,46.7101083328448,3492.18862727926,2.22916666666667
"604","July 2021",2021-07-02 04:30:00,47.8698130507148,3520.41429156552,2.23958333333333
"605","July 2021",2021-07-02 04:45:00,46.2685410258139,3482.47038942157,2.25
"606","July 2021",2021-07-02 05:00:00,46.4225673871019,3524.90165410751,2.26041666666667
"607","July 2021",2021-07-02 05:15:00,46.9611520438159,3502.54698028552,2.27083333333333
"608","July 2021",2021-07-02 05:30:00,47.0628429490473,3515.90267563531,2.28125
"609","July 2021",2021-07-02 05:45:00,45.834507264453,3522.39140771919,2.29166666666667
"610","July 2021",2021-07-02 06:00:00,46.9772006499155,3507.68232040912,2.30208333333333
"611","July 2021",2021-07-02 06:15:00,46.2048864691317,3536.43074560608,2.3125
"612","July 2021",2021-07-02 06:30:00,46.3322426982232,3572.42989293717,2.32291666666667
"613","July 2021",2021-07-02 06:45:00,46.7954888779327,3550.42652992,2.33333333333333
"614","July 2021",2021-07-02 07:00:00,45.5656691108147,3572.14605807962,2.34375
"615","July 2021",2021-07-02 07:15:00,46.0512491397907,3536.06667450011,2.35416666666667
"616","July 2021",2021-07-02 07:30:00,44.110028579589,3499.73733169914,2.36458333333333
"617","July 2021",2021-07-02 07:45:00,45.6499188784334,3471.06437228498,2.375
"618","July 2021",2021-07-02 08:00:00,45.8926035369181,3428.02520163293,2.38541666666667
"619","July 2021",2021-07-02 08:15:00,45.0933248764501,3392.03650665632,2.39583333333333
"620","July 2021",2021-07-02 08:30:00,45.2609658584219,3327.95163679874,2.40625
"621","July 2021",2021-07-02 08:45:00,45.0985585856519,3314.23752397692,2.41666666666667
"622","July 2021",2021-07-02 09:00:00,45.8926035369181,3315.06438381955,2.42708333333333
"623","July 2021",2021-07-02 09:15:00,46.4917030105577,3243.79121061301,2.4375
"624","July 2021",2021-07-02 09:30:00,46.3906772877908,3210.28166369292,2.44791666666667
"625","July 2021",2021-07-02 10:00:00,46.8702655653209,3203.44690282393,2.46875
"626","July 2021",2021-07-02 10:15:00,47.3256435442816,3147.02056671605,2.47916666666667
"627","July 2021",2021-07-02 10:30:00,51.626038245247,3131.20261873191,2.48958333333333
"628","July 2021",2021-07-02 10:45:00,41.2552005906011,3150.7691069712,2.5
"629","July 2021",2021-07-02 11:00:00,37.7060186660371,3087.9173926272,2.51041666666667
"630","July 2021",2021-07-02 11:15:00,37.6822762528209,3033.34719553145,2.52083333333333
"631","July 2021",2021-07-02 11:30:00,38.1921493854103,3030.14236057397,2.53125
"632","July 2021",2021-07-02 11:45:00,39.1067633214002,3020.38398109797,2.54166666666667
"633","July 2021",2021-07-02 12:00:00,40.3183456777867,2981.77445954102,2.55208333333333
"634","July 2021",2021-07-02 12:15:00,40.6243855873357,2950.95693227608,2.5625
"635","July 2021",2021-07-02 12:30:00,39.9400148255947,2921.17242849663,2.57291666666667
"636","July 2021",2021-07-02 12:45:00,39.9155149616143,2933.08430808229,2.58333333333333
"637","July 2021",2021-07-02 13:00:00,40.6738646523894,2883.66127594776,2.59375
"638","July 2021",2021-07-02 13:15:00,40.7332827198706,2845.60062718924,2.60416666666667
"639","July 2021",2021-07-02 13:30:00,39.6612012755857,2814.5567529324,2.61458333333333
"640","July 2021",2021-07-02 13:45:00,39.8665397730951,2776.87338837749,2.625
"641","July 2021",2021-07-02 14:00:00,38.532543947069,2738.8220562694,2.63541666666667
"642","July 2021",2021-07-02 14:15:00,39.2522557835671,2737.32317054452,2.64583333333333
"643","July 2021",2021-07-02 14:30:00,38.110891202227,2729.74166228937,2.65625
"644","July 2021",2021-07-02 14:45:00,37.091374361936,2744.03135767124,2.66666666666667
"645","July 2021",2021-07-02 15:00:00,38.657608066502,2728.15206116997,2.67708333333333
"646","July 2021",2021-07-02 15:15:00,38.0011041688484,2735.38457173228,2.6875
"647","July 2021",2021-07-02 15:30:00,37.0866677599398,2712.37645432,2.69791666666667
"648","July 2021",2021-07-02 15:45:00,36.240161987213,2755.84054189927,2.70833333333333
"649","July 2021",2021-07-02 16:00:00,36.1008927274403,2724.0240554735,2.71875
"650","July 2021",2021-07-02 16:15:00,36.9926044304537,2775.2828133184,2.72916666666667
"651","July 2021",2021-07-02 16:30:00,36.9973044885989,2773.67682228489,2.73958333333333
"652","July 2021",2021-07-02 16:45:00,34.5068894227962,2786.32646924924,2.75
"653","July 2021",2021-07-02 17:00:00,35.2806187746981,2815.249018582,2.76041666666667
"654","July 2021",2021-07-02 17:15:00,35.8278555606066,2857.6554660808,2.77083333333333
"655","July 2021",2021-07-02 17:30:00,35.6019616311777,2922.67158193075,2.78125
"656","July 2021",2021-07-02 17:45:00,35.5927581576128,2935.89324919625,2.79166666666667
"657","July 2021",2021-07-02 18:00:00,36.3145593326184,2999.50564889612,2.80208333333333
"658","July 2021",2021-07-02 18:15:00,35.2485726674436,3034.80342599041,2.8125
"659","July 2021",2021-07-02 18:30:00,36.0684389382627,3107.73118445231,2.82291666666667
"660","July 2021",2021-07-02 18:45:00,36.7111997041276,3172.3229973137,2.83333333333333
"661","July 2021",2021-07-02 19:00:00,35.3080996271403,3170.8355618849,2.84375
"662","July 2021",2021-07-02 19:15:00,35.2989380342225,3229.81008475934,2.85416666666667
"663","July 2021",2021-07-02 19:30:00,35.7263366201842,3272.90135170796,2.86458333333333
"664","July 2021",2021-07-02 19:45:00,35.1799564243847,3308.19053061034,2.875
"665","July 2021",2021-07-02 20:00:00,35.9202829273186,3328.95662112047,2.88541666666667
"666","July 2021",2021-07-02 20:15:00,35.7863059442148,3334.33526948493,2.89583333333333
"667","July 2021",2021-07-02 20:30:00,36.4589425491182,3369.66733366694,2.90625
"668","July 2021",2021-07-02 20:45:00,34.7017040360653,3405.43001439264,2.91666666666667
"669","July 2021",2021-07-02 21:00:00,34.8425270703752,3426.08913699019,2.92708333333333
"670","July 2021",2021-07-02 21:15:00,35.4227299660965,3454.02885880612,2.9375
"671","July 2021",2021-07-02 21:30:00,34.7516375086714,3467.63191606774,2.94791666666667
"672","July 2021",2021-07-02 21:45:00,34.947211863053,3488.51004723461,2.95833333333333
"673","July 2021",2021-07-02 22:00:00,34.7879776281105,3487.63172998522,2.96875
"674","July 2021",2021-07-02 22:15:00,34.5159371527049,3494.03435693479,2.97916666666667
"675","July 2021",2021-07-02 22:30:00,35.0429447932403,3537.31701494383,2.98958333333333
"676","July 2021",2021-07-02 22:45:00,33.8409892469304,3551.19134900746,3
"677","July 2021",2021-07-02 23:00:00,34.3487660065775,3602.0235833405,3.01041666666667
"678","July 2021",2021-07-02 23:15:00,35.2851980987905,3594.46034175661,3.02083333333333
"679","July 2021",2021-07-02 23:30:00,34.2360661036948,3638.220014976,3.03125
"680","July 2021",2021-07-02 23:45:00,33.4128860769224,3667.54358839426,3.04166666666667
"681","July 2021",2021-07-03,34.1100849893417,3681.92852552347,3.05208333333333
"682","July 2021",2021-07-03 00:15:00,32.2467933892619,3703.93642360055,3.0625
"683","July 2021",2021-07-03 00:30:00,33.5018255709991,3717.89492252464,3.07291666666667
"684","July 2021",2021-07-03 00:45:00,34.0516809544937,3725.09263912724,3.08333333333333
"685","July 2021",2021-07-03 01:00:00,33.5864393152134,3761.68406073251,3.09375
"686","July 2021",2021-07-03 01:15:00,32.1684204529334,3761.71078613315,3.10416666666667
"687","July 2021",2021-07-03 01:30:00,33.107049467098,3785.25722430579,3.11458333333333
"688","July 2021",2021-07-03 01:45:00,32.5569648474341,3806.99225347679,3.125
"689","July 2021",2021-07-03 02:00:00,31.5452533362668,3814.22996489048,3.13541666666667
"690","July 2021",2021-07-03 02:15:00,32.6490217692676,3813.81993913239,3.14583333333333
"691","July 2021",2021-07-03 02:30:00,31.6788342905669,3842.76963030326,3.15625
"692","July 2021",2021-07-03 02:45:00,32.2555080371492,3849.42019286408,3.16666666666667
"693","July 2021",2021-07-03 03:00:00,31.9166065682662,3863.81739407786,3.17708333333333
"694","July 2021",2021-07-03 03:15:00,30.8268000959668,3893.17436365689,3.1875
"695","July 2021",2021-07-03 03:30:00,32.0858084727696,3885.80055998831,3.19791666666667
"696","July 2021",2021-07-03 03:45:00,31.3047428469813,3914.611623722,3.20833333333333
"697","July 2021",2021-07-03 04:00:00,32.0858084727696,3913.88875577581,3.21875
"698","July 2021",2021-07-03 04:15:00,32.1466690064143,3898.77825912913,3.22916666666667
"699","July 2021",2021-07-03 04:30:00,30.6359253340625,3912.68775016703,3.23958333333333
"700","July 2021",2021-07-03 04:45:00,30.5217185080839,3904.99246549297,3.25
"701","July 2021",2021-07-03 05:00:00,30.6952375925373,3903.69232093121,3.26041666666667
"702","July 2021",2021-07-03 05:15:00,31.304742846981,3917.85625989602,3.27083333333333
"703","July 2021",2021-07-03 05:30:00,31.2404946245293,3932.03345675874,3.28125
"704","July 2021",2021-07-03 05:45:00,30.0798482959042,3960.57374131989,3.29166666666667
"705","July 2021",2021-07-03 06:00:00,30.4204015712792,3952.96682489223,3.30208333333333
"706","July 2021",2021-07-03 06:15:00,30.7418850703148,3967.58707676011,3.3125
"707","July 2021",2021-07-03 06:30:00,31.189149051762,3995.99808705121,3.32291666666667
"708","July 2021",2021-07-03 06:45:00,31.713357836941,3995.36746935373,3.33333333333333
"709","July 2021",2021-07-03 07:00:00,31.2747511817789,3936.10489387159,3.34375
"710","July 2021",2021-07-03 07:15:00,29.7747690612746,3950.05041617732,3.35416666666667
"711","July 2021",2021-07-03 07:30:00,30.3276932719745,3913.08602966538,3.36458333333333
"712","July 2021",2021-07-03 07:45:00,30.1050008461256,3912.70846923815,3.375
"713","July 2021",2021-07-03 08:00:00,29.1204315177782,3861.87981196914,3.38541666666667
"714","July 2021",2021-07-03 08:15:00,30.4372746397116,3826.03179171928,3.39583333333333
"715","July 2021",2021-07-03 08:30:00,30.7546139807525,3775.43046689942,3.40625
"716","July 2021",2021-07-03 08:45:00,30.6486297050586,3752.63852398499,3.41666666666667
"717","July 2021",2021-07-03 09:00:00,29.600034192193,3709.41407439226,3.42708333333333
"718","July 2021",2021-07-03 09:15:00,30.2561635050256,3709.54802065386,3.4375
"719","July 2021",2021-07-03 09:30:00,30.5597609474798,3637.35016434185,3.44791666666667
"720","July 2021",2021-07-03 09:45:00,29.4714334357706,3601.89217201965,3.45833333333333
"721","July 2021",2021-07-03 10:00:00,31.3218881396188,3567.15002206311,3.46875
"722","July 2021",2021-07-03 10:15:00,29.8373142464782,3531.45891448245,3.47916666666667
"723","July 2021",2021-07-03 10:30:00,30.3445375474618,3467.89265500933,3.48958333333333
"724","July 2021",2021-07-03 10:45:00,30.3993175975723,3485.16836445452,3.5
"725","July 2021",2021-07-03 11:00:00,31.0567243959507,3437.35999539519,3.51041666666667
"726","July 2021",2021-07-03 11:15:00,31.6055412829395,3403.63829970208,3.52083333333333
"727","July 2021",2021-07-03 11:30:00,32.0250120688662,3362.01226048997,3.53125
"728","July 2021",2021-07-03 11:45:00,31.7608619048272,3398.90488718324,3.54166666666667
"729","July 2021",2021-07-03 12:00:00,32.1771233218893,3382.07139764068,3.55208333333333
"730","July 2021",2021-07-03 12:15:00,33.5953528961743,3332.95820423117,3.5625
"731","July 2021",2021-07-03 12:30:00,32.5569648474344,3339.70855432944,3.57291666666667
"732","July 2021",2021-07-03 12:45:00,34.4435919590037,3294.96413733669,3.58333333333333
"733","July 2021",2021-07-03 13:00:00,33.5908959420974,3281.52500492742,3.59375
"734","July 2021",2021-07-03 13:15:00,34.6699488029918,3229.93121139444,3.60416666666667
"735","July 2021",2021-07-03 13:30:00,34.024743896078,3184.3615236263,3.61458333333333
"736","July 2021",2021-07-03 13:45:00,33.7381481842993,3186.8368108304,3.625
"737","July 2021",2021-07-03 14:00:00,32.6227050679363,3150.67825283781,3.63541666666667
"738","July 2021",2021-07-03 14:15:00,32.6753502495316,3167.19724026577,3.64583333333333
"739","July 2021",2021-07-03 14:30:00,33.5285329402416,3139.32320685587,3.65625
"740","July 2021",2021-07-03 14:45:00,32.5613452384528,3124.51827496893,3.66666666666667
"741","July 2021",2021-07-03 15:00:00,33.2221093469734,3102.90206201938,3.67708333333333
"742","July 2021",2021-07-03 15:15:00,32.9525104453183,3095.13062847345,3.6875
"743","July 2021",2021-07-03 15:30:00,32.3689175577778,3123.3172984266,3.69791666666667
"744","July 2021",2021-07-03 15:45:00,33.2930253635953,3114.4504648908,3.70833333333333
"745","July 2021",2021-07-03 16:00:00,31.3948140371994,3128.9702619531,3.71875
"746","July 2021",2021-07-03 16:15:00,32.5088021409349,3097.12185206996,3.72916666666667
"747","July 2021",2021-07-03 16:30:00,31.9426052384346,3116.8412676506,3.73958333333333
"748","July 2021",2021-07-03 16:45:00,30.8013118461841,3130.33681606752,3.75
"749","July 2021",2021-07-03 17:00:00,31.2362140272398,3129.64582821712,3.76041666666667
"750","July 2021",2021-07-03 17:15:00,31.5409495083052,3120.72777104564,3.77083333333333
"751","July 2021",2021-07-03 17:30:00,30.6189907534304,3163.7003364694,3.78125
"752","July 2021",2021-07-03 17:45:00,30.9288708844177,3222.49803688238,3.79166666666667
"753","July 2021",2021-07-03 18:00:00,29.7831041657985,3220.39025763139,3.80208333333333
"754","July 2021",2021-07-03 18:15:00,30.2435504207526,3285.17568607683,3.8125
"755","July 2021",2021-07-03 18:30:00,29.6956508432121,3312.02543039858,3.82291666666667
"756","July 2021",2021-07-03 18:45:00,30.580907087773,3339.33978438514,3.83333333333333
"757","July 2021",2021-07-03 19:00:00,29.9584436867221,3313.44795480675,3.84375
"758","July 2021",2021-07-03 19:15:00,30.7418850703154,3318.89219212438,3.85416666666667
"759","July 2021",2021-07-03 19:30:00,30.7928183804636,3332.4452933726,3.86458333333333
"760","July 2021",2021-07-03 19:45:00,31.9772884547754,3351.84393837842,3.875
"761","July 2021",2021-07-03 20:00:00,31.5624719200365,3387.86715633632,3.88541666666667
"762","July 2021",2021-07-03 20:15:00,31.3261752807594,3387.78152381036,3.89583333333333
"763","July 2021",2021-07-03 20:30:00,29.7997783011576,3423.79892370348,3.90625
"764","July 2021",2021-07-03 20:45:00,29.9751727904299,3459.53399981332,3.91666666666667
"765","July 2021",2021-07-03 21:00:00,30.5470771896149,3420.88246660246,3.92708333333333
"766","July 2021",2021-07-03 21:15:00,31.0396602470662,3449.10251983623,3.9375
"767","July 2021",2021-07-03 21:30:00,30.0630864729407,3463.83060843331,3.94791666666667
"768","July 2021",2021-07-03 21:45:00,31.5840025115811,3477.38507063008,3.95833333333333
"769","July 2021",2021-07-03 22:00:00,29.708135340811,3469.44980586659,3.96875
"770","July 2021",2021-07-03 22:15:00,29.4465792851592,3505.30162811673,3.97916666666667
"771","July 2021",2021-07-02 09:45:00,43.0669138573707,NA,2.45833333333333
"772","Aug. 2021",2021-08-01 23:15:00,7.91613497287318,7224.46697173527,0.0104166666666667
"773","Aug. 2021",2021-08-01 23:30:00,7.90858560369013,7165.68372650155,0.0208333333333333
"774","Aug. 2021",2021-08-01 23:45:00,7.84814007341327,7165.95903802241,0.03125
"775","Aug. 2021",2021-08-02,7.88955522091178,7121.97297131001,0.0416666666666667
"776","Aug. 2021",2021-08-02 00:15:00,7.94287698282832,7056.6232102634,0.0520833333333333
"777","Aug. 2021",2021-08-02 00:30:00,8.2398239412385,7071.4422432584,0.0625
"778","Aug. 2021",2021-08-02 00:45:00,8.27225277055896,7012.64313259098,0.0729166666666667
"779","Aug. 2021",2021-08-02 01:00:00,8.08018176910209,7005.61319067165,0.0833333333333333
"780","Aug. 2021",2021-08-02 01:15:00,8.00449204676773,7012.21888430619,0.09375
"781","Aug. 2021",2021-08-02 01:30:00,8.71332883918711,6871.49147265402,0.104166666666667
"782","Aug. 2021",2021-08-02 01:45:00,9.19254496428506,6760.48859672547,0.114583333333333
"783","Aug. 2021",2021-08-02 02:00:00,9.5404571906488,6624.97151423065,0.125
"784","Aug. 2021",2021-08-02 02:15:00,10.1710797312833,6407.71442657161,0.135416666666667
"785","Aug. 2021",2021-08-02 02:30:00,10.2802537525245,6199.39455655542,0.145833333333333
"786","Aug. 2021",2021-08-02 02:45:00,11.028020057547,6129.20519875614,0.15625
"787","Aug. 2021",2021-08-02 03:00:00,10.88123781343,6083.04235066578,0.166666666666667
"788","Aug. 2021",2021-08-02 03:15:00,11.3390913621285,5918.46156869597,0.177083333333333
"789","Aug. 2021",2021-08-02 03:30:00,11.5564874493829,5575.6130397485,0.1875
"790","Aug. 2021",2021-08-02 03:45:00,12.2800147546181,5520.8587403739,0.197916666666667
"791","Aug. 2021",2021-08-02 04:00:00,12.4710112906841,5494.39155416988,0.208333333333333
"792","Aug. 2021",2021-08-02 04:15:00,12.999491481833,5508.41771366156,0.21875
"793","Aug. 2021",2021-08-02 04:30:00,13.5640085579148,5449.45876131742,0.229166666666667
"794","Aug. 2021",2021-08-02 04:45:00,13.023050078726,5316.5856850663,0.239583333333333
"795","Aug. 2021",2021-08-02 05:00:00,14.3448327911663,5307.45925086208,0.25
"796","Aug. 2021",2021-08-02 05:15:00,13.8195064135812,5320.6539974632,0.260416666666667
"797","Aug. 2021",2021-08-02 05:30:00,14.1456579769171,5335.80981656852,0.270833333333333
"798","Aug. 2021",2021-08-02 05:45:00,15.627723984696,5327.92309591475,0.28125
"799","Aug. 2021",2021-08-02 06:00:00,15.212679401556,5239.65669443516,0.291666666666667
"800","Aug. 2021",2021-08-02 06:15:00,16.3802129171904,5224.15830470824,0.302083333333333
"801","Aug. 2021",2021-08-02 06:30:00,17.028259984226,5186.77694715292,0.3125
"802","Aug. 2021",2021-08-02 06:45:00,17.178082809736,5207.98725457804,0.322916666666667
"803","Aug. 2021",2021-08-02 07:00:00,16.0605143126812,5163.88539903373,0.333333333333333
"804","Aug. 2021",2021-08-02 07:15:00,16.8159547549547,5111.26553370216,0.34375
"805","Aug. 2021",2021-08-02 07:30:00,17.7456997008717,5051.78096353361,0.354166666666667
"806","Aug. 2021",2021-08-02 07:45:00,16.8828740565985,4999.12245895587,0.364583333333333
"807","Aug. 2021",2021-08-02 08:00:00,17.0727329629804,4984.71764852058,0.375
"808","Aug. 2021",2021-08-02 08:15:00,17.8829001836096,4925.87412739059,0.385416666666667
"809","Aug. 2021",2021-08-02 08:30:00,18.3898717891025,4852.80669234826,0.395833333333333
"810","Aug. 2021",2021-08-02 08:45:00,17.7890364389257,4823.67684902635,0.40625
"811","Aug. 2021",2021-08-02 09:00:00,18.7179579899681,4758.38053729925,0.416666666666667
"812","Aug. 2021",2021-08-02 09:15:00,19.135337445916,4702.34837373084,0.427083333333333
"813","Aug. 2021",2021-08-02 09:30:00,19.5825357759383,4622.32030387088,0.4375
"814","Aug. 2021",2021-08-02 09:45:00,20.1231223933973,4647.10647710987,0.447916666666667
"815","Aug. 2021",2021-08-02 10:00:00,20.0129052657491,4568.71286201919,0.458333333333333
"816","Aug. 2021",2021-08-02 10:15:00,19.2961663666836,4527.9971509145,0.46875
"817","Aug. 2021",2021-08-02 10:30:00,20.1294214180229,4455.72262712158,0.479166666666667
"818","Aug. 2021",2021-08-02 10:45:00,20.8264407194915,4407.41298168922,0.489583333333333
"819","Aug. 2021",2021-08-02 11:00:00,21.5583235393813,4333.417656196,0.5
"820","Aug. 2021",2021-08-02 11:15:00,21.7076980949692,4276.39816861712,0.510416666666667
"821","Aug. 2021",2021-08-02 11:30:00,22.2722318078094,4235.09257584908,0.520833333333333
"822","Aug. 2021",2021-08-02 11:45:00,23.1663124607989,4105.51996469359,0.53125
"823","Aug. 2021",2021-08-02 12:00:00,24.2765263132473,4102.41171820436,0.541666666666667
"824","Aug. 2021",2021-08-02 12:15:00,22.472065485231,4059.84322622404,0.552083333333333
"825","Aug. 2021",2021-08-02 12:30:00,20.5831911764342,4016.50703637727,0.5625
"826","Aug. 2021",2021-08-02 12:45:00,25.3286902093262,4012.18720232103,0.572916666666667
"827","Aug. 2021",2021-08-02 13:00:00,23.5908747609845,3977.66023977831,0.583333333333333
"828","Aug. 2021",2021-08-02 13:15:00,23.3751656866596,3942.58708936678,0.59375
"829","Aug. 2021",2021-08-02 13:30:00,24.0102120398193,3914.18848261405,0.604166666666667
"830","Aug. 2021",2021-08-02 13:45:00,23.060008730234,3915.17833381584,0.614583333333333
"831","Aug. 2021",2021-08-02 14:00:00,22.4606660614726,3887.69046453642,0.625
"832","Aug. 2021",2021-08-02 14:15:00,23.6962656585788,3850.21292383736,0.635416666666667
"833","Aug. 2021",2021-08-02 14:30:00,22.8937324410085,3805.65630624062,0.645833333333333
"834","Aug. 2021",2021-08-02 14:45:00,23.9999220333357,3790.42981389108,0.65625
"835","Aug. 2021",2021-08-02 15:00:00,24.0016652655459,3785.27983319299,0.666666666666667
"836","Aug. 2021",2021-08-02 15:15:00,24.0750673316717,3710.73453274275,0.677083333333333
"837","Aug. 2021",2021-08-02 15:30:00,24.3916942384923,3695.80230826888,0.6875
"838","Aug. 2021",2021-08-02 15:45:00,24.4618579559924,3651.11059267539,0.697916666666667
"839","Aug. 2021",2021-08-02 16:00:00,24.5443181700116,3627.77429385566,0.708333333333333
"840","Aug. 2021",2021-08-02 16:15:00,23.1626838749081,3633.78355052252,0.71875
"841","Aug. 2021",2021-08-02 16:30:00,24.8421079482175,3632.30015343002,0.729166666666667
"842","Aug. 2021",2021-08-02 16:45:00,24.233372069148,3608.73065369648,0.739583333333333
"843","Aug. 2021",2021-08-02 17:00:00,24.5966267590329,3651.42444006967,0.75
"844","Aug. 2021",2021-08-02 17:15:00,23.1324785202837,3643.05289936582,0.760416666666667
"845","Aug. 2021",2021-08-02 17:30:00,22.2900505136258,3686.49717496628,0.770833333333333
"846","Aug. 2021",2021-08-02 17:45:00,23.1566040872491,3699.34356827709,0.78125
"847","Aug. 2021",2021-08-02 18:00:00,22.8288486386744,3734.26026521488,0.791666666666667
"848","Aug. 2021",2021-08-02 18:15:00,22.0492258751438,3739.7106824884,0.802083333333333
"849","Aug. 2021",2021-08-02 18:30:00,22.2566195316256,3805.53685235082,0.8125
"850","Aug. 2021",2021-08-02 18:45:00,21.948721852202,3847.48376028195,0.822916666666667
"851","Aug. 2021",2021-08-02 19:00:00,21.7694053586728,3882.4690518657,0.833333333333333
"852","Aug. 2021",2021-08-02 19:15:00,21.5033198182099,3896.38914404789,0.84375
"853","Aug. 2021",2021-08-02 19:30:00,20.9875070051666,3939.13105787322,0.854166666666667
"854","Aug. 2021",2021-08-02 19:45:00,22.3402668072767,3990.60934499041,0.864583333333333
"855","Aug. 2021",2021-08-02 20:00:00,19.6573153573795,4026.31546371329,0.875
"856","Aug. 2021",2021-08-02 20:15:00,20.7239130651583,4010.44365728653,0.885416666666667
"857","Aug. 2021",2021-08-02 20:30:00,21.2436775035208,4083.5878637992,0.895833333333333
"858","Aug. 2021",2021-08-02 20:45:00,21.5018705390222,4103.57812855035,0.90625
"859","Aug. 2021",2021-08-02 21:00:00,20.5335771410959,4058.84617722789,0.916666666666667
"860","Aug. 2021",2021-08-02 21:15:00,19.5101425279112,4124.15333071027,0.927083333333333
"861","Aug. 2021",2021-08-02 21:30:00,20.1103493626907,4086.6857175176,0.9375
"862","Aug. 2021",2021-08-02 21:45:00,20.247917148882,4107.1734819633,0.947916666666667
"863","Aug. 2021",2021-08-02 22:00:00,20.9794415035211,4091.54405834432,0.958333333333333
"864","Aug. 2021",2021-08-02 22:15:00,20.8829107188988,4053.06582861,0.96875
"865","Aug. 2021",2021-08-02 22:30:00,20.6881495531964,4103.73695185342,0.979166666666667
"866","Aug. 2021",2021-08-02 22:45:00,22.0545934358239,4059.57564384511,0.989583333333333
"867","Aug. 2021",2021-08-02 23:00:00,19.8924455059453,4110.60379423589,1
"868","Aug. 2021",2021-08-02 23:15:00,21.8369190523775,4074.90693430818,1.01041666666667
"869","Aug. 2021",2021-08-02 23:30:00,20.9262162385688,4088.0700901898,1.02083333333333
"870","Aug. 2021",2021-08-02 23:45:00,20.0586189131689,4088.31472073049,1.03125
"871","Aug. 2021",2021-08-03,20.3184010337728,4095.72812422881,1.04166666666667
"872","Aug. 2021",2021-08-03 00:15:00,20.7253356094745,4095.64172075925,1.05208333333333
"873","Aug. 2021",2021-08-03 00:30:00,21.2444000167638,4080.75135664646,1.0625
"874","Aug. 2021",2021-08-03 00:45:00,20.1775658027396,4074.03012815219,1.07291666666667
"875","Aug. 2021",2021-08-03 01:00:00,20.7196368499904,4109.64948849508,1.08333333333333
"876","Aug. 2021",2021-08-03 01:15:00,19.7997822223365,4102.27148807753,1.09375
"877","Aug. 2021",2021-08-03 01:30:00,19.8153812248935,4108.99824908324,1.10416666666667
"878","Aug. 2021",2021-08-03 01:45:00,20.8471508321051,4101.86280912035,1.11458333333333
"879","Aug. 2021",2021-08-03 02:00:00,21.7593198632637,4102.16209489852,1.125
"880","Aug. 2021",2021-08-03 02:15:00,20.3650579851201,4085.83500414222,1.13541666666667
"881","Aug. 2021",2021-08-03 02:30:00,20.105266673907,4122.46976801738,1.14583333333333
"882","Aug. 2021",2021-08-03 02:45:00,20.4091362900807,4055.34793902084,1.15625
"883","Aug. 2021",2021-08-03 03:00:00,20.1863253557283,4076.27113676081,1.16666666666667
"884","Aug. 2021",2021-08-03 03:15:00,20.3212085854401,4030.78885084033,1.17708333333333
"885","Aug. 2021",2021-08-03 03:30:00,21.0765831490697,4007.92999096315,1.1875
"886","Aug. 2021",2021-08-03 03:45:00,20.1094641598329,3977.59346714154,1.19791666666667
"887","Aug. 2021",2021-08-03 04:00:00,20.5018879190235,4018.94130049782,1.20833333333333
"888","Aug. 2021",2021-08-03 04:15:00,20.3437450229688,3988.76057191023,1.21875
"889","Aug. 2021",2021-08-03 04:30:00,20.0731101122894,3965.8768401824,1.22916666666667
"890","Aug. 2021",2021-08-03 04:45:00,21.1154517045207,3926.98578929236,1.23958333333333
"891","Aug. 2021",2021-08-03 05:00:00,20.5195865317247,3903.68853596183,1.25
"892","Aug. 2021",2021-08-03 05:15:00,20.2677606061558,3887.71662902731,1.26041666666667
"893","Aug. 2021",2021-08-03 05:30:00,20.3507938350299,3812.93102647686,1.27083333333333
"894","Aug. 2021",2021-08-03 05:45:00,20.6764080826915,3789.83569318037,1.28125
"895","Aug. 2021",2021-08-03 06:00:00,20.7374481845879,3736.03022978911,1.29166666666667
"896","Aug. 2021",2021-08-03 06:15:00,20.0989809243524,3766.00791781919,1.30208333333333
"897","Aug. 2021",2021-08-03 06:30:00,21.2677186645092,3758.46467271444,1.3125
"898","Aug. 2021",2021-08-03 06:45:00,20.7934215356984,3750.59847885582,1.32291666666667
"899","Aug. 2021",2021-08-03 07:00:00,21.7849943670175,3764.81776561314,1.33333333333333
"900","Aug. 2021",2021-08-03 07:15:00,19.6097421458122,3749.71885913936,1.34375
"901","Aug. 2021",2021-08-03 07:30:00,21.4995110197875,3749.80373001098,1.35416666666667
"902","Aug. 2021",2021-08-03 07:45:00,20.087628005756,3756.66127498615,1.36458333333333
"903","Aug. 2021",2021-08-03 08:00:00,19.4243898600009,3719.3381502984,1.375
"904","Aug. 2021",2021-08-03 08:15:00,19.3745826293624,3712.46151340193,1.38541666666667
"905","Aug. 2021",2021-08-03 08:30:00,19.9656890776264,3698.85818669159,1.39583333333333
"906","Aug. 2021",2021-08-03 08:45:00,20.127155208335,3685.10336048722,1.40625
"907","Aug. 2021",2021-08-03 09:00:00,20.1824922066071,3693.8995376553,1.41666666666667
"908","Aug. 2021",2021-08-03 09:15:00,19.7689726468486,3659.19812352874,1.42708333333333
"909","Aug. 2021",2021-08-03 09:30:00,19.7158714060872,3675.44751155149,1.4375
"910","Aug. 2021",2021-08-03 09:45:00,18.9454462815581,3714.18860433968,1.44791666666667
"911","Aug. 2021",2021-08-03 10:00:00,18.7684294659375,3694.750329489,1.45833333333333
"912","Aug. 2021",2021-08-03 10:15:00,18.8191447871791,3719.61639448475,1.46875
"913","Aug. 2021",2021-08-03 10:30:00,19.5251028370038,3715.61940033542,1.47916666666667
"914","Aug. 2021",2021-08-03 10:45:00,18.5079445968853,3745.04648256461,1.48958333333333
"915","Aug. 2021",2021-08-03 11:00:00,19.0157219744743,3766.04654596522,1.5
"916","Aug. 2021",2021-08-03 11:15:00,19.871091688527,3797.01519330106,1.51041666666667
"917","Aug. 2021",2021-08-03 11:30:00,20.878628560615,3765.31347189719,1.52083333333333
"918","Aug. 2021",2021-08-03 11:45:00,19.1898843263075,3730.89109235142,1.53125
"919","Aug. 2021",2021-08-03 12:00:00,20.14710389604,3708.61690408698,1.54166666666667
"920","Aug. 2021",2021-08-03 12:15:00,18.173379752028,3700.69324363844,1.55208333333333
"921","Aug. 2021",2021-08-03 12:30:00,19.5276733345411,3684.64307263689,1.5625
"922","Aug. 2021",2021-08-03 12:45:00,18.1587359500358,3697.98745528552,1.57291666666667
"923","Aug. 2021",2021-08-03 13:00:00,17.7236576456521,3718.93121364273,1.58333333333333
"924","Aug. 2021",2021-08-03 13:15:00,17.8840398272289,3710.59194784415,1.59375
"925","Aug. 2021",2021-08-03 13:30:00,17.6708748915426,3761.91753367226,1.60416666666667
"926","Aug. 2021",2021-08-03 13:45:00,17.9252917190828,3740.38776738026,1.61458333333333
"927","Aug. 2021",2021-08-03 14:00:00,16.7426290704239,3711.8816376082,1.625
"928","Aug. 2021",2021-08-03 14:15:00,16.6121412120458,3733.5971299858,1.63541666666667
"929","Aug. 2021",2021-08-03 14:30:00,17.575433481524,3719.52874396694,1.64583333333333
"930","Aug. 2021",2021-08-03 14:45:00,16.7976043951414,3727.22295872104,1.65625
"931","Aug. 2021",2021-08-03 15:00:00,16.6379979924408,3691.54348784631,1.66666666666667
"932","Aug. 2021",2021-08-03 15:15:00,16.5140654171777,3736.54893545459,1.67708333333333
"933","Aug. 2021",2021-08-03 15:30:00,16.7610928544194,3714.46318867779,1.6875
"934","Aug. 2021",2021-08-03 15:45:00,15.9394375533076,3728.99597134319,1.69791666666667
"935","Aug. 2021",2021-08-03 16:00:00,15.8538490946194,3750.43493529986,1.70833333333333
"936","Aug. 2021",2021-08-03 16:15:00,15.1216505750159,3757.57591665728,1.71875
"937","Aug. 2021",2021-08-03 16:30:00,15.5397579607649,3757.36687344699,1.72916666666667
"938","Aug. 2021",2021-08-03 16:45:00,15.8547550196716,3779.45322906696,1.73958333333333
"939","Aug. 2021",2021-08-03 17:00:00,15.261347551655,3771.73405095744,1.75
"940","Aug. 2021",2021-08-03 17:15:00,14.7568210945104,3823.94706244023,1.76041666666667
"941","Aug. 2021",2021-08-03 17:30:00,15.0630137457539,3829.88651689391,1.77083333333333
"942","Aug. 2021",2021-08-03 17:45:00,15.1774929558084,3872.36093080077,1.78125
"943","Aug. 2021",2021-08-03 18:00:00,15.7257835681243,3907.80079707202,1.79166666666667
"944","Aug. 2021",2021-08-03 18:15:00,14.3682595030464,3950.15922752796,1.80208333333333
"945","Aug. 2021",2021-08-03 18:30:00,14.8515242735186,3956.28550632515,1.8125
"946","Aug. 2021",2021-08-03 18:45:00,14.5459544794028,3991.64269372111,1.82291666666667
"947","Aug. 2021",2021-08-03 19:00:00,14.3337700187786,4042.13514126688,1.83333333333333
"948","Aug. 2021",2021-08-03 19:15:00,14.6238340345019,4121.61541652019,1.84375
"949","Aug. 2021",2021-08-03 19:30:00,14.401099310612,4091.18573754721,1.85416666666667
"950","Aug. 2021",2021-08-03 19:45:00,13.6391253862012,4097.81001662912,1.86458333333333
"951","Aug. 2021",2021-08-03 20:00:00,13.6086623801704,4170.03530920343,1.875
"952","Aug. 2021",2021-08-03 20:15:00,13.8733185306391,4198.33231098971,1.88541666666667
"953","Aug. 2021",2021-08-03 20:30:00,13.9333881462908,4248.77648633005,1.89583333333333
"954","Aug. 2021",2021-08-03 20:45:00,13.7385067796277,4277.22129158527,1.90625
"955","Aug. 2021",2021-08-03 21:00:00,12.9979022524435,4261.46801275044,1.91666666666667
"956","Aug. 2021",2021-08-03 21:15:00,14.0925768923078,4268.73240370304,1.92708333333333
"957","Aug. 2021",2021-08-03 21:30:00,13.3794594191581,4297.31905128864,1.9375
"958","Aug. 2021",2021-08-03 21:45:00,13.2541550995885,4333.86024008461,1.94791666666667
"959","Aug. 2021",2021-08-03 22:00:00,12.832868068605,4311.4293790694,1.95833333333333
"960","Aug. 2021",2021-08-03 22:15:00,13.0991239108657,4363.66705376478,1.96875
"961","Aug. 2021",2021-08-03 22:30:00,13.0129405073177,4377.74990223542,1.97916666666667
"962","Aug. 2021",2021-08-03 22:45:00,12.502224908751,4414.62288742221,1.98958333333333
"963","Aug. 2021",2021-08-03 23:00:00,13.1270877568768,4406.67101130291,2
"964","Aug. 2021",2021-08-03 23:15:00,12.8600565261827,4443.0879609887,2.01041666666667
"965","Aug. 2021",2021-08-03 23:30:00,12.9128258227596,4472.3641191152,2.02083333333333
"966","Aug. 2021",2021-08-03 23:45:00,12.4540783589435,4479.55424704893,2.03125
"967","Aug. 2021",2021-08-04,12.5572530524221,4487.2297686214,2.04166666666667
"968","Aug. 2021",2021-08-04 00:15:00,12.399095183159,4531.09626950712,2.05208333333333
"969","Aug. 2021",2021-08-04 00:30:00,12.7626997690972,4523.78189064827,2.0625
"970","Aug. 2021",2021-08-04 00:45:00,12.7339422868687,4538.67041741335,2.07291666666667
"971","Aug. 2021",2021-08-04 01:00:00,12.0565936868729,4538.49060849579,2.08333333333333
"972","Aug. 2021",2021-08-04 01:15:00,11.695462712385,4575.33172854394,2.09375
"973","Aug. 2021",2021-08-04 01:30:00,11.8490757959289,4575.36804747244,2.10416666666667
"974","Aug. 2021",2021-08-04 01:45:00,11.4722143430012,4597.30155047347,2.11458333333333
"975","Aug. 2021",2021-08-04 02:00:00,12.4432177149496,4589.84055737467,2.125
"976","Aug. 2021",2021-08-04 02:15:00,11.7551254082525,4604.26916272556,2.13541666666667
"977","Aug. 2021",2021-08-04 02:30:00,11.8095132813772,4655.41657603103,2.14583333333333
"978","Aug. 2021",2021-08-04 02:45:00,11.7874625943299,4633.45269874828,2.15625
"979","Aug. 2021",2021-08-04 03:00:00,11.179194382332,4662.42044352393,2.16666666666667
"980","Aug. 2021",2021-08-04 03:15:00,11.5460512643082,4654.86818969435,2.17708333333333
"981","Aug. 2021",2021-08-04 03:30:00,11.379739473108,4713.19845018793,2.1875
"982","Aug. 2021",2021-08-04 03:45:00,11.6176303155996,4727.60670042226,2.19791666666667
"983","Aug. 2021",2021-08-04 04:00:00,10.7139528051157,4682.37634398628,2.20833333333333
"984","Aug. 2021",2021-08-04 04:15:00,11.895239054849,4659.61663237867,2.21875
"985","Aug. 2021",2021-08-04 04:30:00,11.4380382701413,4636.54702001938,2.22916666666667
"986","Aug. 2021",2021-08-04 04:45:00,10.7388872757689,4678.94623552239,2.23958333333333
"987","Aug. 2021",2021-08-04 05:00:00,11.020772759051,4670.22590609284,2.25
"988","Aug. 2021",2021-08-04 05:15:00,10.973096105547,4690.85350815818,2.26041666666667
"989","Aug. 2021",2021-08-04 05:30:00,11.1793168490599,4711.52745191451,2.27083333333333
"990","Aug. 2021",2021-08-04 05:45:00,10.9190742923149,4717.90336130963,2.28125
"991","Aug. 2021",2021-08-04 06:00:00,10.7328270099874,4694.93260699882,2.29166666666667
"992","Aug. 2021",2021-08-04 06:15:00,10.4375051894332,4730.56065236896,2.30208333333333
"993","Aug. 2021",2021-08-04 06:30:00,10.3775384768845,4722.26968433708,2.3125
"994","Aug. 2021",2021-08-04 06:45:00,10.6350021829464,4706.53810115843,2.32291666666667
"995","Aug. 2021",2021-08-04 07:00:00,10.4839655981674,4691.08130919296,2.33333333333333
"996","Aug. 2021",2021-08-04 07:15:00,10.0324301867544,4741.58844004882,2.34375
"997","Aug. 2021",2021-08-04 07:30:00,10.1287728387068,4711.26130041129,2.35416666666667
"998","Aug. 2021",2021-08-04 07:45:00,9.43307277956494,4696.229829899,2.36458333333333
"999","Aug. 2021",2021-08-04 08:00:00,9.48692080722102,4740.66758538968,2.375
"1000","Aug. 2021",2021-08-04 08:15:00,10.2723578090634,4756.10525634218,2.38541666666667
"1001","Aug. 2021",2021-08-04 08:30:00,10.1188344491058,4749.87712513529,2.39583333333333
"1002","Aug. 2021",2021-08-04 08:45:00,10.2819620393419,4759.44011678291,2.40625
"1003","Aug. 2021",2021-08-04 09:00:00,10.4793895147319,4769.26665699848,2.41666666666667
"1004","Aug. 2021",2021-08-04 09:15:00,10.2922502308628,4757.68777128217,2.42708333333333
"1005","Aug. 2021",2021-08-04 09:30:00,10.6945372166622,4775.88035060314,2.4375
"1006","Aug. 2021",2021-08-04 09:45:00,11.2965041751148,4773.67492316472,2.44791666666667
"1007","Aug. 2021",2021-08-04 10:00:00,11.2278775592344,4830.21438096856,2.45833333333333
"1008","Aug. 2021",2021-08-04 10:15:00,11.0950838802233,4819.61483380061,2.46875
"1009","Aug. 2021",2021-08-04 10:30:00,11.0004891227045,4743.02802337492,2.47916666666667
"1010","Aug. 2021",2021-08-04 10:45:00,11.1834090389491,4738.17048524507,2.48958333333333
"1011","Aug. 2021",2021-08-04 11:00:00,11.496681169407,4733.96059914781,2.5
"1012","Aug. 2021",2021-08-04 11:15:00,10.6401078476432,4750.98648056606,2.51041666666667
"1013","Aug. 2021",2021-08-04 11:30:00,11.2428079289847,4746.55421285411,2.52083333333333
"1014","Aug. 2021",2021-08-04 11:45:00,10.6292222673966,4743.65431074648,2.53125
"1015","Sept. 2021",2021-09-05 00:45:00,5.66521514339149,8572.1667893631,0.0104166666666667
"1016","Sept. 2021",2021-09-05 01:00:00,5.59899852236663,8558.16997488941,0.0208333333333333
"1017","Sept. 2021",2021-09-05 01:15:00,5.50616608759004,8559.137894048,0.03125
"1018","Sept. 2021",2021-09-05 01:30:00,5.21056672973237,8597.29032388464,0.0416666666666667
"1019","Sept. 2021",2021-09-05 01:45:00,5.50956479266258,8583.24535380736,0.0520833333333333
"1020","Sept. 2021",2021-09-05 02:00:00,5.37522771980881,8599.60766253219,0.0625
"1021","Sept. 2021",2021-09-05 02:15:00,5.28719198984891,8673.29638719269,0.0729166666666667
"1022","Sept. 2021",2021-09-05 02:30:00,5.39456934181417,8725.3650868189,0.0833333333333333
"1023","Sept. 2021",2021-09-05 02:45:00,5.10792744928601,8746.92326305504,0.09375
"1024","Sept. 2021",2021-09-05 03:00:00,5.11900794432304,8665.48309939778,0.104166666666667
"1025","Sept. 2021",2021-09-05 03:15:00,5.33791353720791,8665.45929700494,0.114583333333333
"1026","Sept. 2021",2021-09-05 03:30:00,5.24950985803969,8672.51684423087,0.125
"1027","Sept. 2021",2021-09-05 03:45:00,5.36142807288642,8738.77511234682,0.135416666666667
"1028","Sept. 2021",2021-09-05 04:00:00,5.31219871092201,8685.82427785086,0.145833333333333
"1029","Sept. 2021",2021-09-05 04:15:00,5.19063766525207,8753.04045433537,0.15625
"1030","Sept. 2021",2021-09-05 04:30:00,5.47675661490454,8700.2689571029,0.166666666666667
"1031","Sept. 2021",2021-09-05 04:45:00,5.38569736337981,8757.54743287587,0.177083333333333
"1032","Sept. 2021",2021-09-05 05:00:00,5.26566756237302,8742.54950709136,0.1875
"1033","Sept. 2021",2021-09-05 05:15:00,5.30527401768187,8741.374084606,0.197916666666667
"1034","Sept. 2021",2021-09-05 05:30:00,5.11941597559171,8808.08786586925,0.208333333333333
"1035","Sept. 2021",2021-09-05 05:45:00,5.30704984340001,8747.88887128046,0.21875
"1036","Sept. 2021",2021-09-05 06:00:00,4.96909844230146,8723.31456975585,0.229166666666667
"1037","Sept. 2021",2021-09-05 06:15:00,5.14532326102259,8767.32998993775,0.239583333333333
"1038","Sept. 2021",2021-09-05 06:30:00,5.1327586728058,8743.41529647465,0.25
"1039","Sept. 2021",2021-09-05 06:45:00,5.14438309226623,8808.68831393136,0.260416666666667
"1040","Sept. 2021",2021-09-05 07:00:00,5.21044664091883,8849.963338413,0.270833333333333
"1041","Sept. 2021",2021-09-05 07:15:00,5.2328783018858,8855.33671189688,0.28125
"1042","Sept. 2021",2021-09-05 07:30:00,5.12134775500828,8892.03041571411,0.291666666666667
"1043","Sept. 2021",2021-09-05 07:45:00,5.14550285661181,8898.4215452348,0.302083333333333
"1044","Sept. 2021",2021-09-05 08:00:00,5.00220423671135,8920.2632709575,0.3125
"1045","Sept. 2021",2021-09-05 08:15:00,5.10502052635989,8928.02201500342,0.322916666666667
"1046","Sept. 2021",2021-09-05 08:30:00,5.36521906465488,8964.02945816144,0.333333333333333
"1047","Sept. 2021",2021-09-05 08:45:00,5.22320797295514,8978.99665336107,0.34375
"1048","Sept. 2021",2021-09-05 09:00:00,5.12158342839919,8946.7036131067,0.354166666666667
"1049","Sept. 2021",2021-09-05 09:15:00,5.01580717074748,8969.9061321721,0.364583333333333
"1050","Sept. 2021",2021-09-05 09:30:00,5.03927817051589,8939.64304070584,0.375
"1051","Sept. 2021",2021-09-05 09:45:00,5.0496952776502,8940.607541435,0.385416666666667
"1052","Sept. 2021",2021-09-05 10:00:00,5.19934221653915,9075.30256172409,0.395833333333333
"1053","Sept. 2021",2021-09-05 10:15:00,5.27897594853552,9053.06284705856,0.40625
"1054","Sept. 2021",2021-09-05 10:30:00,5.23330251961677,9046.7098389488,0.416666666666667
"1055","Sept. 2021",2021-09-05 10:45:00,5.19743418150777,9032.06602298,0.427083333333333
"1056","Sept. 2021",2021-09-05 11:00:00,5.33144549423707,9064.54833390606,0.4375
"1057","Sept. 2021",2021-09-05 11:15:00,5.19564571240463,9155.30869502917,0.447916666666667
"1058","Sept. 2021",2021-09-05 11:30:00,5.12035680889631,9172.0029931782,0.458333333333333
"1059","Sept. 2021",2021-09-05 11:45:00,5.27095267376096,9209.73146545082,0.46875
"1060","Sept. 2021",2021-09-05 12:00:00,5.50655295477636,9164.50007188972,0.479166666666667
"1061","Sept. 2021",2021-09-05 12:15:00,5.44527193282002,9190.10114484537,0.489583333333333
"1062","Sept. 2021",2021-09-05 12:30:00,5.41613962620399,9178.45542515,0.5
"1063","Sept. 2021",2021-09-05 12:45:00,5.40289867114299,9283.24613896991,0.510416666666667
"1064","Sept. 2021",2021-09-05 13:00:00,5.31392052487978,9220.13269516843,0.520833333333333
"1065","Sept. 2021",2021-09-05 13:15:00,5.19183267487251,9287.86379091993,0.53125
"1066","Sept. 2021",2021-09-05 13:30:00,5.21733113803226,9245.94399842387,0.541666666666667
"1067","Sept. 2021",2021-09-05 13:45:00,5.1776898031167,9374.85193431924,0.552083333333333
"1068","Sept. 2021",2021-09-05 14:00:00,5.37317454984343,9302.55716803639,0.5625
"1069","Sept. 2021",2021-09-05 14:15:00,5.43698822578194,9251.68243137666,0.572916666666667
"1070","Sept. 2021",2021-09-05 14:30:00,5.31066686773085,9247.29908047864,0.583333333333333
"1071","Sept. 2021",2021-09-05 14:45:00,5.55509967933972,9346.13871312022,0.59375
"1072","Sept. 2021",2021-09-05 15:00:00,5.26724461009632,9349.14617075494,0.604166666666667
"1073","Sept. 2021",2021-09-05 15:15:00,5.54609696412545,9381.96078991142,0.614583333333333
"1074","Sept. 2021",2021-09-05 15:30:00,5.72709590676847,9472.45856299454,0.625
"1075","Sept. 2021",2021-09-05 15:45:00,5.56671517603882,9577.0192934338,0.635416666666667
"1076","Sept. 2021",2021-09-05 16:00:00,5.55334782594933,9541.9958663107,0.645833333333333
"1077","Sept. 2021",2021-09-05 16:15:00,5.46841559728402,9464.28919206247,0.65625
"1078","Sept. 2021",2021-09-05 16:30:00,5.42941145000145,9503.80982307745,0.666666666666667
"1079","Sept. 2021",2021-09-05 16:45:00,5.55250385506941,9556.03607514631,0.677083333333333
"1080","Sept. 2021",2021-09-05 17:00:00,5.60376892811741,9579.35004236838,0.6875
"1081","Sept. 2021",2021-09-05 17:15:00,5.54072818050312,9572.0143527165,0.697916666666667
"1082","Sept. 2021",2021-09-05 17:30:00,5.43029545401946,9503.08076760337,0.708333333333333
"1083","Sept. 2021",2021-09-05 17:45:00,5.22092312277581,9560.66758672152,0.71875
"1084","Sept. 2021",2021-09-05 18:00:00,5.25113975703601,9501.36935912224,0.729166666666667
"1085","Sept. 2021",2021-09-05 18:15:00,5.1915309027199,9550.04136019934,0.739583333333333
"1086","Sept. 2021",2021-09-05 18:30:00,5.2461298607576,9510.78418923186,0.75
"1087","Sept. 2021",2021-09-05 18:45:00,5.28975248749905,9472.67795344416,0.760416666666667
"1088","Sept. 2021",2021-09-05 19:00:00,5.13264195543549,9558.83349571152,0.770833333333333
"1089","Sept. 2021",2021-09-05 19:15:00,5.21553261160157,9616.525821952,0.78125
"1090","Sept. 2021",2021-09-05 19:30:00,5.2431154150247,9636.73245676696,0.791666666666667
"1091","Sept. 2021",2021-09-05 19:45:00,5.28914473967535,9597.37931545501,0.802083333333333
"1092","Sept. 2021",2021-09-05 20:00:00,5.51084936108947,9648.32987321201,0.8125
"1093","Sept. 2021",2021-09-05 20:15:00,5.27344100186563,9660.27316341425,0.822916666666667
"1094","Sept. 2021",2021-09-05 20:30:00,5.20423301616179,9690.77224963739,0.833333333333333
"1095","Sept. 2021",2021-09-05 20:45:00,5.12041400081238,9710.27972119521,0.84375
"1096","Sept. 2021",2021-09-05 21:00:00,5.11486759088392,9716.94230809139,0.854166666666667
"1097","Sept. 2021",2021-09-05 21:15:00,5.28414891746267,9797.34533159213,0.864583333333333
"1098","Sept. 2021",2021-09-05 21:30:00,5.08940225688874,9773.22793118748,0.875
"1099","Sept. 2021",2021-09-05 21:45:00,5.17336639763319,9786.24058252156,0.885416666666667
"1100","Sept. 2021",2021-09-05 22:00:00,5.09206947233768,9821.68533298573,0.895833333333333
"1101","Sept. 2021",2021-09-05 22:15:00,5.17259674449001,9820.61540646754,0.90625
"1102","Sept. 2021",2021-09-05 22:30:00,5.09206947233768,9842.46328610106,0.916666666666667
"1103","Sept. 2021",2021-09-05 22:45:00,5.01825069067667,9847.7949077338,0.927083333333333
"1104","Sept. 2021",2021-09-05 23:00:00,5.15410292034863,9891.28085590176,0.9375
"1105","Sept. 2021",2021-09-05 23:15:00,5.25048366882916,9935.81541943984,0.947916666666667
"1106","Sept. 2021",2021-09-05 23:30:00,5.10973877670705,9997.03654887318,0.958333333333333
"1107","Sept. 2021",2021-09-05 23:45:00,5.46804315876853,9959.90159144893,0.96875
"1108","Sept. 2021",2021-09-06,5.13898174069365,9885.58679175049,0.979166666666667
"1109","Sept. 2021",2021-09-06 00:15:00,5.52609310231517,9793.37945756134,0.989583333333333
"1110","Sept. 2021",2021-09-06 00:30:00,5.61321983499287,9585.40177206758,1
"1111","Sept. 2021",2021-09-06 00:45:00,5.74945819482637,9554.77733369738,1.01041666666667
"1112","Sept. 2021",2021-09-06 01:00:00,5.78888639843186,9383.76701662727,1.02083333333333
"1113","Sept. 2021",2021-09-06 01:15:00,6.13555339905392,9242.95285515316,1.03125
"1114","Sept. 2021",2021-09-06 01:30:00,6.91165741837546,8877.94608974428,1.04166666666667
"1115","Sept. 2021",2021-09-06 01:45:00,7.50330594850568,8530.65727715754,1.05208333333333
"1116","Sept. 2021",2021-09-06 02:00:00,8.698886181989,8173.24740836422,1.0625
"1117","Sept. 2021",2021-09-06 02:15:00,9.94259851308965,7741.1488596567,1.07291666666667
"1118","Sept. 2021",2021-09-06 02:30:00,10.8253048478211,7344.95468171162,1.08333333333333
"1119","Sept. 2021",2021-09-06 02:45:00,11.7354956088689,6776.42001790772,1.09375
"1120","Sept. 2021",2021-09-06 03:00:00,12.1284193073764,6178.06729255225,1.10416666666667
"1121","Sept. 2021",2021-09-06 03:15:00,14.272291443474,5598.00927334792,1.11458333333333
"1122","Sept. 2021",2021-09-06 03:30:00,14.8049849848978,5239.73466954089,1.125
"1123","Sept. 2021",2021-09-06 03:45:00,14.4916023508337,5029.56111613229,1.13541666666667
"1124","Sept. 2021",2021-09-06 04:00:00,15.9003107087668,4977.73952999294,1.14583333333333
"1125","Sept. 2021",2021-09-06 04:15:00,15.9186500886276,4955.0752531905,1.15625
"1126","Sept. 2021",2021-09-06 04:30:00,15.909858514209,4900.30740093541,1.16666666666667
"1127","Sept. 2021",2021-09-06 04:45:00,16.4847538997753,4891.90802504596,1.17708333333333
"1128","Sept. 2021",2021-09-06 05:00:00,17.1728285727651,4883.88063689772,1.1875
"1129","Sept. 2021",2021-09-06 05:15:00,17.7846356067845,4896.07176976904,1.19791666666667
"1130","Sept. 2021",2021-09-06 05:30:00,17.9670801092714,4894.99839265919,1.20833333333333
"1131","Sept. 2021",2021-09-06 05:45:00,17.9639756007517,4886.49683319858,1.21875
"1132","Sept. 2021",2021-09-06 06:00:00,19.1283646749866,4946.03202638165,1.22916666666667
"1133","Sept. 2021",2021-09-06 06:15:00,18.6864667627356,4944.77297854091,1.23958333333333
"1134","Sept. 2021",2021-09-06 06:30:00,18.3669977760496,4896.63305646275,1.25
"1135","Sept. 2021",2021-09-06 06:45:00,19.5549937529289,4812.28851069506,1.26041666666667
"1136","Sept. 2021",2021-09-06 07:00:00,20.2524761716238,4728.7693151379,1.27083333333333
"1137","Sept. 2021",2021-09-06 07:15:00,19.5243984440347,4675.45257679752,1.28125
"1138","Sept. 2021",2021-09-06 07:30:00,19.9696812105672,4673.06056429254,1.29166666666667
"1139","Sept. 2021",2021-09-06 07:45:00,20.4315607642713,4649.77362134813,1.30208333333333
"1140","Sept. 2021",2021-09-06 08:00:00,19.5763366880223,4567.65747347223,1.3125
"1141","Sept. 2021",2021-09-06 08:15:00,20.6245367622985,4493.3086231962,1.32291666666667
"1142","Sept. 2021",2021-09-06 08:30:00,20.2983559412663,4425.27905678309,1.33333333333333
"1143","Sept. 2021",2021-09-06 08:45:00,20.5130508207382,4320.59151802964,1.34375
"1144","Sept. 2021",2021-09-06 09:00:00,19.8512992716781,4215.12335281008,1.35416666666667
"1145","Sept. 2021",2021-09-06 09:15:00,20.1682955095449,4147.93339498818,1.36458333333333
"1146","Sept. 2021",2021-09-06 09:30:00,20.7258837773981,4102.8501654906,1.375
"1147","Sept. 2021",2021-09-06 09:45:00,20.9645682766333,4108.76471791625,1.38541666666667
"1148","Sept. 2021",2021-09-06 10:00:00,21.775653048697,4087.71749327701,1.39583333333333
"1149","Sept. 2021",2021-09-06 10:15:00,22.9604414376934,4072.98541876024,1.40625
"1150","Sept. 2021",2021-09-06 10:30:00,23.653170162143,4031.4748047604,1.41666666666667
"1151","Sept. 2021",2021-09-06 10:45:00,24.4624716906619,4018.44425578319,1.42708333333333
"1152","Sept. 2021",2021-09-06 11:00:00,25.9647790860884,3952.44162824062,1.4375
"1153","Sept. 2021",2021-09-06 11:15:00,25.7117684425576,3835.13157126592,1.44791666666667
"1154","Sept. 2021",2021-09-06 11:30:00,26.3567710295032,3784.2261216443,1.45833333333333
"1155","Sept. 2021",2021-09-06 11:45:00,27.667001124059,3748.60242727569,1.46875
"1156","Sept. 2021",2021-09-06 12:00:00,26.8213321948933,3721.01318319573,1.47916666666667
"1157","Sept. 2021",2021-09-06 12:15:00,30.1317302822436,3731.67166832583,1.48958333333333
"1158","Sept. 2021",2021-09-06 12:30:00,31.5115331743379,3773.18476271644,1.5
"1159","Sept. 2021",2021-09-06 12:45:00,32.7433286107741,3761.44623939713,1.51041666666667
"1160","Sept. 2021",2021-09-06 13:00:00,36.3841742668272,3748.52944594128,1.52083333333333
"1161","Sept. 2021",2021-09-06 13:15:00,36.4530878937938,3710.74346034544,1.53125
"1162","Sept. 2021",2021-09-06 13:30:00,38.348429780456,3681.59223908699,1.54166666666667
"1163","Sept. 2021",2021-09-06 13:45:00,37.6128800637265,3630.9576254016,1.55208333333333
"1164","Sept. 2021",2021-09-06 14:00:00,41.7723166793016,3520.75786698159,1.5625
"1165","Sept. 2021",2021-09-06 14:15:00,42.9166359714848,3504.84199182639,1.57291666666667
"1166","Sept. 2021",2021-09-06 14:30:00,44.3267644928387,3416.10576704131,1.58333333333333
"1167","Sept. 2021",2021-09-06 14:45:00,53.3332185795155,3369.74727732322,1.59375
"1168","Sept. 2021",2021-09-06 15:00:00,54.1610918793717,3331.48745379092,1.60416666666667
"1169","Sept. 2021",2021-09-06 15:15:00,57.1577212159723,3301.83657166881,1.61458333333333
"1170","Sept. 2021",2021-09-06 15:30:00,60.1638583156585,3256.60694560566,1.625
"1171","Sept. 2021",2021-09-06 15:45:00,61.741947144689,3276.65820001358,1.63541666666667
"1172","Sept. 2021",2021-09-06 16:00:00,67.2607985302911,3244.25568036542,1.64583333333333
"1173","Sept. 2021",2021-09-06 16:15:00,67.0266300082931,3205.7344765896,1.65625
"1174","Sept. 2021",2021-09-06 16:30:00,69.1889851526836,3162.10145585278,1.66666666666667
"1175","Sept. 2021",2021-09-06 16:45:00,85.9007792550528,3096.00859385776,1.67708333333333
"1176","Sept. 2021",2021-09-06 17:00:00,87.5482706890678,3045.77831403872,1.6875
"1177","Sept. 2021",2021-09-06 17:15:00,84.6636331101769,3002.33487622741,1.69791666666667
"1178","Sept. 2021",2021-09-06 17:30:00,87.5041055592276,2950.91490915204,1.70833333333333
"1179","Sept. 2021",2021-09-06 17:45:00,84.3178499675622,2994.5384321418,1.71875
"1180","Sept. 2021",2021-09-06 18:00:00,83.8343718214472,2987.49068371259,1.72916666666667
"1181","Sept. 2021",2021-09-06 18:15:00,83.2788090457282,2987.17819022277,1.73958333333333
"1182","Sept. 2021",2021-09-06 18:30:00,77.0842404740573,3060.6193588455,1.75
"1183","Sept. 2021",2021-09-06 18:45:00,72.8715973115649,3118.9006884565,1.76041666666667
"1184","Sept. 2021",2021-09-06 19:00:00,70.9557671414188,3164.24108410143,1.77083333333333
"1185","Sept. 2021",2021-09-06 19:15:00,66.0038376424312,3186.54826504975,1.78125
"1186","Sept. 2021",2021-09-06 19:30:00,65.1004257614056,3245.22685622477,1.79166666666667
"1187","Sept. 2021",2021-09-06 19:45:00,62.1771969690086,3252.74320351868,1.80208333333333
"1188","Sept. 2021",2021-09-06 20:00:00,59.6948770700459,3319.35185808617,1.8125
"1189","Sept. 2021",2021-09-06 20:15:00,63.2350684119372,3348.82175990016,1.82291666666667
"1190","Sept. 2021",2021-09-06 20:30:00,61.9098043516362,3378.50060389695,1.83333333333333
"1191","Sept. 2021",2021-09-06 20:45:00,58.7884144531724,3422.53515771197,1.84375
"1192","Sept. 2021",2021-09-06 21:00:00,58.2051164263232,3452.39543557659,1.85416666666667
"1193","Sept. 2021",2021-09-06 21:15:00,56.5249606384229,3496.99425024895,1.86458333333333
"1194","Sept. 2021",2021-09-06 21:30:00,51.82240768121,3518.65558880906,1.875
"1195","Sept. 2021",2021-09-06 21:45:00,49.5131811357519,3584.37028546209,1.88541666666667
"1196","Sept. 2021",2021-09-06 22:00:00,44.9387458296906,3570.51056518474,1.89583333333333
"1197","Sept. 2021",2021-09-06 22:15:00,43.7946964953739,3614.62209721951,1.90625
"1198","Sept. 2021",2021-09-06 22:30:00,43.6024126661472,3645.08936864492,1.91666666666667
"1199","Sept. 2021",2021-09-06 22:45:00,42.9241642280811,3682.57092196677,1.92708333333333
"1200","Sept. 2021",2021-09-06 23:00:00,41.1408901043468,3661.39526437734,1.9375
"1201","Sept. 2021",2021-09-06 23:15:00,39.9803182252932,3750.90922202937,1.94791666666667
"1202","Sept. 2021",2021-09-06 23:30:00,38.5482738882239,3759.63677206868,1.95833333333333
"1203","Sept. 2021",2021-09-06 23:45:00,37.8504393219271,3782.01068969975,1.96875
"1204","Sept. 2021",2021-09-07,35.6024768803108,3797.4245052737,1.97916666666667
"1205","Sept. 2021",2021-09-07 00:15:00,34.3825219516745,3812.33019890672,1.98958333333333
"1206","Sept. 2021",2021-09-07 00:30:00,35.0804398926764,3842.38820857754,2
"1207","Sept. 2021",2021-09-07 00:45:00,31.5939889366183,3887.2025458317,2.01041666666667
"1208","Sept. 2021",2021-09-07 01:00:00,32.4169790757227,3829.22404825895,2.02083333333333
"1209","Sept. 2021",2021-09-07 01:15:00,32.2149395953279,3844.46010694175,2.03125
"1210","Sept. 2021",2021-09-07 01:30:00,31.4241989836618,3860.18066964894,2.04166666666667
"1211","Sept. 2021",2021-09-07 01:45:00,30.6876549289149,3897.56387976964,2.05208333333333
"1212","Sept. 2021",2021-09-07 02:00:00,29.9974113603737,3919.86061968822,2.0625
"1213","Sept. 2021",2021-09-07 02:15:00,29.4374206850263,3948.54981249839,2.07291666666667
"1214","Sept. 2021",2021-09-07 02:30:00,27.6930772116421,3956.33791362696,2.08333333333333
"1215","Sept. 2021",2021-09-07 02:45:00,27.7446873917188,3993.82906649917,2.09375
"1216","Sept. 2021",2021-09-07 03:00:00,27.0073453662757,4009.43810927786,2.10416666666667
"1217","Sept. 2021",2021-09-07 03:15:00,25.8398892719679,4068.59741465949,2.11458333333333
"1218","Sept. 2021",2021-09-07 03:30:00,24.932443152419,4076.35726522281,2.125
"1219","Sept. 2021",2021-09-07 03:45:00,24.0018567999608,4068.82366948746,2.13541666666667
"1220","Sept. 2021",2021-09-07 04:00:00,23.8032791454757,4112.38885171372,2.14583333333333
"1221","Sept. 2021",2021-09-07 04:15:00,24.5903303433703,4112.52495163344,2.15625
"1222","Sept. 2021",2021-09-07 04:30:00,22.8518429063405,4119.35564652518,2.16666666666667
"1223","Sept. 2021",2021-09-07 04:45:00,24.4671522870249,4126.72656215198,2.17708333333333
"1224","Sept. 2021",2021-09-07 05:00:00,22.5776947054628,4141.61348425434,2.1875
"1225","Sept. 2021",2021-09-07 05:15:00,22.9800860532207,4163.00134681749,2.19791666666667
"1226","Sept. 2021",2021-09-07 05:30:00,21.2411382494757,4170.48499660455,2.20833333333333
"1227","Sept. 2021",2021-09-07 05:45:00,23.0484379556621,4229.4064718476,2.21875
"1228","Sept. 2021",2021-09-07 06:00:00,21.7367869032284,4228.9191111342,2.22916666666667
"1229","Sept. 2021",2021-09-07 06:15:00,21.3163716392586,4228.67997682435,2.23958333333333
"1230","Sept. 2021",2021-09-07 06:30:00,21.4518556254001,4258.20145771059,2.25
"1231","Sept. 2021",2021-09-07 06:45:00,21.5120532187679,4265.24347705618,2.26041666666667
"1232","Sept. 2021",2021-09-07 07:00:00,20.5844269896742,4207.80271669389,2.27083333333333
"1233","Sept. 2021",2021-09-07 07:15:00,20.7383348200985,4230.82187850564,2.28125
"1234","Sept. 2021",2021-09-07 07:30:00,20.6730300910471,4165.37529121577,2.29166666666667
"1235","Sept. 2021",2021-09-07 07:45:00,20.2911399484748,4120.75364527849,2.30208333333333
"1236","Sept. 2021",2021-09-07 08:00:00,20.5174690256147,4127.38648093176,2.3125
"1237","Sept. 2021",2021-09-07 08:15:00,20.742796629619,4120.39579815107,2.32291666666667
"1238","Oct. 2021",2021-10-20 07:45:00,4.37268449155688,18513.7794291649,0.0104166666666667
"1239","Oct. 2021",2021-10-20 08:00:00,4.46570478591713,18515.3378722413,0.0208333333333333
"1240","Oct. 2021",2021-10-20 08:15:00,4.32177650305031,18514.1594834744,0.03125
"1241","Oct. 2021",2021-10-20 08:30:00,4.54713997343776,18516.1309415082,0.0416666666666667
"1242","Oct. 2021",2021-10-20 08:45:00,4.61230176118207,18517.1208796421,0.0520833333333333
"1243","Oct. 2021",2021-10-20 09:00:00,4.5601346189235,18519.5963148677,0.0625
"1244","Oct. 2021",2021-10-20 09:15:00,4.40623030326483,18528.5574307155,0.0729166666666667
"1245","Oct. 2021",2021-10-20 09:30:00,4.56224170739488,18521.8581379426,0.0833333333333333
"1246","Oct. 2021",2021-10-20 09:45:00,4.47672625595328,18526.8483366077,0.09375
"1247","Oct. 2021",2021-10-20 10:00:00,4.62280676699418,18530.1620930704,0.104166666666667
"1248","Oct. 2021",2021-10-20 10:15:00,4.59428908023631,18531.8177855236,0.114583333333333
"1249","Oct. 2021",2021-10-20 10:30:00,4.65197643214139,18535.5233931034,0.125
"1250","Oct. 2021",2021-10-20 10:45:00,4.58933369445913,18539.0701995061,0.135416666666667
"1251","Oct. 2021",2021-10-20 11:00:00,4.68949343147676,18543.4986526811,0.145833333333333
"1252","Oct. 2021",2021-10-20 11:15:00,4.74956806735113,18544.6516183854,0.15625
"1253","Oct. 2021",2021-10-20 11:45:00,4.73718403194865,18571.9896216585,0.177083333333333
"1254","Oct. 2021",2021-10-20 12:00:00,4.72505815233868,18565.162621137,0.1875
"1255","Oct. 2021",2021-10-20 12:15:00,3.79189774822942,18566.2289048534,0.197916666666667
"1256","Oct. 2021",2021-10-20 12:30:00,3.82057485505514,18570.0799822917,0.208333333333333
"1257","Oct. 2021",2021-10-20 12:45:00,3.81073129195661,18572.0986951443,0.21875
"1258","Oct. 2021",2021-10-20 13:00:00,3.76453065748756,18574.7914127889,0.229166666666667
"1259","Oct. 2021",2021-10-20 13:15:00,3.81564260334412,18579.3858861616,0.239583333333333
"1260","Oct. 2021",2021-10-20 13:30:00,3.78648883987166,18583.0610894064,0.25
"1261","Oct. 2021",2021-10-20 13:45:00,3.83612310858104,18588.1801131331,0.260416666666667
"1262","Oct. 2021",2021-10-20 14:00:00,3.89313473896398,18593.8480895426,0.270833333333333
"1263","Oct. 2021",2021-10-20 14:15:00,3.87556521564568,18596.3183272405,0.28125
"1264","Oct. 2021",2021-10-20 14:30:00,3.86719088559371,18598.5852829348,0.291666666666667
"1265","Oct. 2021",2021-10-20 14:45:00,3.78708852091898,18599.6465667344,0.302083333333333
"1266","Oct. 2021",2021-10-20 15:00:00,3.78588948601694,18600.3694024358,0.3125
"1267","Oct. 2021",2021-10-20 15:15:00,3.68171634445199,18599.9826322959,0.322916666666667
"1268","Oct. 2021",2021-10-20 15:30:00,3.87233777562078,18600.9480922684,0.333333333333333
"1269","Oct. 2021",2021-10-20 15:45:00,3.81564260334417,18599.3723031443,0.34375
"1270","Oct. 2021",2021-10-20 16:00:00,3.76570613452566,18592.1704017802,0.354166666666667
"1271","Oct. 2021",2021-10-20 16:15:00,3.89313473896398,18590.3016646277,0.364583333333333
"1272","Oct. 2021",2021-10-20 16:30:00,3.80340358798189,18595.6875973912,0.375
"1273","Oct. 2021",2021-10-20 16:45:00,3.86976171306678,18586.6079651681,0.385416666666667
"1274","Oct. 2021",2021-10-20 17:00:00,3.7698306107245,18591.2934747057,0.395833333333333
"1275","Oct. 2021",2021-10-20 17:15:00,3.77337863654741,18581.5041383678,0.40625
"1276","Oct. 2021",2021-10-20 17:30:00,3.81810611165919,18577.5761522513,0.416666666666667
"1277","Oct. 2021",2021-10-20 17:45:00,3.84618130999556,18575.1214460535,0.427083333333333
"1278","Oct. 2021",2021-10-20 18:00:00,3.84051326513439,18572.643255405,0.4375
"1279","Oct. 2021",2021-10-20 18:15:00,3.80645107210165,18570.1315894945,0.447916666666667
"1280","Oct. 2021",2021-10-20 18:30:00,3.87362777005304,18567.7884957239,0.458333333333333
"1281","Oct. 2021",2021-10-20 18:45:00,3.98736006840471,18563.7874986616,0.46875
"1282","Oct. 2021",2021-10-20 19:00:00,4.00497781484015,18558.3787237937,0.479166666666667
"1283","Oct. 2021",2021-10-20 19:15:00,4.06788165456291,18552.0541033905,0.489583333333333
"1284","Oct. 2021",2021-10-20 19:30:00,3.91426674748347,18547.876305917,0.5
"1285","Oct. 2021",2021-10-20 19:45:00,4.02065059025419,18545.0788530719,0.510416666666667
"1286","Oct. 2021",2021-10-20 20:00:00,3.92495839368424,18541.0155937859,0.520833333333333
"1287","Oct. 2021",2021-10-20 20:15:00,3.94319048192617,18539.0128646489,0.53125
"1288","Oct. 2021",2021-10-20 20:30:00,3.81625798963408,18543.3804440081,0.541666666666667
"1289","Oct. 2021",2021-10-20 20:45:00,3.68171634445195,18532.9703791636,0.552083333333333
"1290","Oct. 2021",2021-10-20 21:00:00,3.7355690818564,18530.580750496,0.5625
"1291","Oct. 2021",2021-10-20 21:15:00,3.78469175988511,18527.7634017953,0.572916666666667
"1292","Oct. 2021",2021-10-20 21:30:00,3.7828976246315,18526.1989506434,0.583333333333333
"1293","Oct. 2021",2021-10-20 21:45:00,3.82057485505518,18524.3284510257,0.59375
"1294","Oct. 2021",2021-10-20 22:00:00,3.84051326513443,18521.5052650584,0.604166666666667
"1295","Oct. 2021",2021-10-20 22:15:00,3.95137019531379,18520.1407181646,0.614583333333333
"1296","Oct. 2021",2021-10-20 22:30:00,3.90101997905222,18471.9323038509,0.625
"1297","Oct. 2021",2021-10-20 22:45:00,3.89182511297843,18367.9410414764,0.635416666666667
"1298","Oct. 2021",2021-10-20 23:00:00,3.99861186825943,18242.9351594031,0.645833333333333
"1299","Oct. 2021",2021-10-20 23:15:00,3.89379004274563,18109.2092173686,0.65625
"1300","Oct. 2021",2021-10-20 23:30:00,4.01921924863823,18042.9655215798,0.666666666666667
"1301","Oct. 2021",2021-10-20 23:45:00,4.14864207862258,17915.4452405509,0.677083333333333
"1302","Oct. 2021",2021-10-21,4.07231113712871,17709.2241842015,0.6875
"1303","Oct. 2021",2021-10-21 00:15:00,4.0760113703954,17584.3853881038,0.697916666666667
"1304","Oct. 2021",2021-10-21 00:30:00,4.20748294168323,17428.7158577262,0.708333333333333
"1305","Oct. 2021",2021-10-21 00:45:00,4.24529461025606,17415.1512100914,0.71875
"1306","Oct. 2021",2021-10-21 01:00:00,4.41339951616635,17117.5657449121,0.729166666666667
"1307","Oct. 2021",2021-10-21 01:15:00,4.44341696708702,16768.4560890725,0.739583333333333
"1308","Oct. 2021",2021-10-21 01:30:00,4.42483211502876,16470.6457628684,0.75
"1309","Oct. 2021",2021-10-21 01:45:00,4.56167744618339,16232.7573427032,0.760416666666667
"1310","Oct. 2021",2021-10-21 02:00:00,4.63911647530044,16098.224646066,0.770833333333333
"1311","Oct. 2021",2021-10-21 02:15:00,4.75740467753101,15928.9821216043,0.78125
"1312","Oct. 2021",2021-10-21 02:30:00,4.90755521836033,15758.2765503109,0.791666666666667
"1313","Oct. 2021",2021-10-21 02:45:00,4.93274099149591,15437.1396761566,0.802083333333333
"1314","Oct. 2021",2021-10-21 03:00:00,5.1510704831534,15109.8733541386,0.8125
"1315","Oct. 2021",2021-10-21 03:15:00,5.27499598639625,14907.9423398575,0.822916666666667
"1316","Oct. 2021",2021-10-21 03:30:00,5.56032917813969,14728.1414258253,0.833333333333333
"1317","Oct. 2021",2021-10-21 03:45:00,5.61863978746814,14430.1858702693,0.84375
"1318","Oct. 2021",2021-10-21 04:00:00,5.79273294536596,14399.2626272868,0.854166666666667
"1319","Oct. 2021",2021-10-21 04:15:00,5.87485169603517,14321.9170756114,0.864583333333333
"1320","Oct. 2021",2021-10-21 04:30:00,6.09334422965705,14305.8074535661,0.875
"1321","Oct. 2021",2021-10-21 04:45:00,5.94494151428957,14133.6020806992,0.885416666666667
"1322","Oct. 2021",2021-10-21 05:00:00,5.93297468555445,14057.3657933483,0.895833333333333
"1323","Oct. 2021",2021-10-21 05:15:00,5.97698262583495,13988.4429471328,0.90625
"1324","Oct. 2021",2021-10-21 05:30:00,5.56279575699933,13904.5923302345,0.916666666666667
"1325","Oct. 2021",2021-10-21 05:45:00,5.62363576615796,13799.3321194662,0.927083333333333
"1326","Oct. 2021",2021-10-21 06:00:00,5.7157319519229,13721.2302945672,0.9375
"1327","Oct. 2021",2021-10-21 06:15:00,5.85125668285921,13644.7012171573,0.947916666666667
"1328","Oct. 2021",2021-10-21 06:30:00,5.68905988148565,13627.8607872187,0.958333333333333
"1329","Oct. 2021",2021-10-21 06:45:00,5.84210947375044,13535.5954223831,0.96875
"1330","Oct. 2021",2021-10-21 07:00:00,5.67514638286058,13637.2272763824,0.979166666666667
"1331","Oct. 2021",2021-10-21 07:15:00,5.82646584380102,13515.4023244942,0.989583333333333
"1332","Oct. 2021",2021-10-21 07:30:00,5.72848365269134,13476.1778059491,1
"1333","Oct. 2021",2021-10-21 07:45:00,5.56773284102927,13437.3776709779,1.01041666666667
"1334","Oct. 2021",2021-10-21 08:00:00,5.53696195388785,13494.9507290378,1.02083333333333
"1335","Oct. 2021",2021-10-21 08:15:00,5.68526136464085,13470.5829696942,1.03125
"1336","Oct. 2021",2021-10-21 08:30:00,5.49301113382923,13491.5020202185,1.04166666666667
"1337","Oct. 2021",2021-10-21 08:45:00,5.54309977168827,13506.0566092297,1.05208333333333
"1338","Oct. 2021",2021-10-21 09:00:00,5.72848365269134,13572.4459618882,1.0625
"1339","Oct. 2021",2021-10-21 09:15:00,5.3660628370471,13506.545633404,1.07291666666667
"1340","Oct. 2021",2021-10-21 09:30:00,5.4398693237654,13648.5773202326,1.08333333333333
"1341","Oct. 2021",2021-10-21 09:45:00,5.24737590065238,13687.7667980805,1.09375
"1342","Oct. 2021",2021-10-21 10:00:00,5.52960736988142,13570.239704515,1.10416666666667
"1343","Oct. 2021",2021-10-21 10:15:00,5.40995731708036,13646.5677366179,1.11458333333333
"1344","Oct. 2021",2021-10-21 10:30:00,5.25886136623345,13618.2679930677,1.125
"1345","Oct. 2021",2021-10-21 10:45:00,5.12875393710094,13605.8273234076,1.13541666666667
"1346","Oct. 2021",2021-10-21 11:00:00,5.11321022669233,13609.4411391481,1.14583333333333
"1347","Oct. 2021",2021-10-21 11:15:00,5.02886613856079,13598.0198375981,1.15625
"1348","Oct. 2021",2021-10-21 11:30:00,4.82802315113337,13623.8709100128,1.16666666666667
"1349","Oct. 2021",2021-10-21 11:45:00,4.9581152275431,13471.3438264053,1.17708333333333
"1350","Oct. 2021",2021-10-21 12:00:00,5.42070208162303,12641.3719463808,1.1875
"1351","Oct. 2021",2021-10-21 12:15:00,5.68779338201155,12434.2427533305,1.19791666666667
"1352","Oct. 2021",2021-10-21 12:30:00,6.41499184335401,12010.2777428377,1.20833333333333
"1353","Oct. 2021",2021-10-21 12:45:00,7.15766599580754,11206.1499728806,1.21875
"1354","Oct. 2021",2021-10-21 13:00:00,7.48621880658189,10962.2507621226,1.22916666666667
"1355","Oct. 2021",2021-10-21 13:15:00,7.4895544088674,10858.5100714554,1.23958333333333
"1356","Oct. 2021",2021-10-21 13:30:00,7.00698016878309,10891.732917856,1.25
"1357","Oct. 2021",2021-10-21 13:45:00,7.12729259737803,10998.3060720417,1.26041666666667
"1358","Oct. 2021",2021-10-21 14:00:00,7.74002081534615,10948.3386553615,1.27083333333333
"1359","Oct. 2021",2021-10-21 14:15:00,7.47122479232915,10890.0417931992,1.28125
"1360","Oct. 2021",2021-10-21 14:30:00,9.4617531056296,10091.3365474135,1.29166666666667
"1361","Oct. 2021",2021-10-21 14:45:00,12.9426768494675,8656.70147463728,1.30208333333333
"1362","Oct. 2021",2021-10-21 15:00:00,14.3108403912182,7823.04752475064,1.3125
"1363","Oct. 2021",2021-10-21 15:15:00,15.1722312753808,7399.06857211313,1.32291666666667
"1364","Oct. 2021",2021-10-21 15:30:00,15.3771126979672,7240.97893748206,1.33333333333333
"1365","Oct. 2021",2021-10-21 15:45:00,15.9098999821771,7276.90076385093,1.34375
"1366","Oct. 2021",2021-10-21 16:00:00,17.0849538971618,7231.38930215285,1.35416666666667
"1367","Oct. 2021",2021-10-21 16:15:00,18.4758623036972,7111.18480019545,1.36458333333333
"1368","Oct. 2021",2021-10-21 16:30:00,18.9628408427104,6961.74577024897,1.375
"1369","Oct. 2021",2021-10-21 16:45:00,20.3691368630664,6864.07756349096,1.38541666666667
"1370","Oct. 2021",2021-10-21 17:00:00,20.4663740485675,6862.21928744274,1.39583333333333
"1371","Oct. 2021",2021-10-21 17:15:00,22.0841669847009,6941.32952075537,1.40625
"1372","Oct. 2021",2021-10-21 17:30:00,23.1127577817836,6967.46190685004,1.41666666666667
"1373","Oct. 2021",2021-10-21 17:45:00,24.1205909921901,6925.82340300573,1.42708333333333
"1374","Oct. 2021",2021-10-21 18:00:00,24.7087571133879,6929.99760241286,1.4375
"1375","Oct. 2021",2021-10-21 18:15:00,26.9615087197859,6978.89970930142,1.44791666666667
"1376","Oct. 2021",2021-10-21 18:30:00,29.4465792851589,7085.27015966496,1.45833333333333
"1377","Oct. 2021",2021-10-21 18:45:00,29.5585157219998,7191.17821828961,1.46875
"1378","Oct. 2021",2021-10-21 19:00:00,29.8540053958498,7321.17136438818,1.47916666666667
"1379","Oct. 2021",2021-10-21 19:15:00,30.8480493019141,7421.46158668321,1.48958333333333
"1380","Oct. 2021",2021-10-21 19:30:00,31.5710831750761,7537.83206146683,1.5
"1381","Oct. 2021",2021-10-21 19:45:00,33.5998101774441,7564.95334846706,1.51041666666667
"1382","Oct. 2021",2021-10-21 20:00:00,31.6012328742829,7577.63340630239,1.52083333333333
"1383","Oct. 2021",2021-10-21 20:15:00,31.4979292242851,7606.26310149915,1.53125
"1384","Oct. 2021",2021-10-21 20:30:00,32.6095511343698,7597.059798779,1.54166666666667
"1385","Oct. 2021",2021-10-21 20:45:00,32.1162307233745,7668.82057346579,1.55208333333333
"1386","Oct. 2021",2021-10-21 21:00:00,28.9642776622646,7564.28548947633,1.5625
"1387","Oct. 2021",2021-10-21 21:15:00,29.9542622287762,7570.70649514436,1.57291666666667
"1388","Oct. 2021",2021-10-21 21:30:00,27.0482712759833,7628.68194829418,1.58333333333333
"1389","Oct. 2021",2021-10-21 21:45:00,26.7609864084511,7635.47163765707,1.59375
"1390","Oct. 2021",2021-10-21 22:00:00,26.0871229568666,7635.86983176379,1.60416666666667
"1391","Oct. 2021",2021-10-21 22:15:00,24.3206910364114,7680.64316042995,1.61458333333333
"1392","Oct. 2021",2021-10-21 22:30:00,24.0799468434092,7600.07877980792,1.625
"1393","Oct. 2021",2021-10-21 22:45:00,22.8503611431304,7673.55330887872,1.63541666666667
"1394","Oct. 2021",2021-10-21 23:00:00,23.748890898091,7673.96740379633,1.64583333333333
"1395","Oct. 2021",2021-10-21 23:15:00,22.4476239909531,7644.83975108703,1.65625
"1396","Oct. 2021",2021-10-21 23:30:00,22.0175007336993,7682.58811760412,1.66666666666667
"1397","Oct. 2021",2021-10-21 23:45:00,21.588781849797,7713.40377080008,1.67708333333333
"1398","Oct. 2021",2021-10-22,20.5942048077605,7751.38742173668,1.6875
"1399","Oct. 2021",2021-10-22 00:15:00,19.2011210368151,7759.83102581356,1.69791666666667
"1400","Oct. 2021",2021-10-22 00:30:00,19.5684382861569,7805.40238008066,1.70833333333333
"1401","Oct. 2021",2021-10-22 00:45:00,17.9779022512073,7763.32786301491,1.71875
"1402","Oct. 2021",2021-10-22 01:00:00,17.857024396711,7824.11507320674,1.72916666666667
"1403","Oct. 2021",2021-10-22 01:15:00,16.6607940007589,7811.49707121616,1.73958333333333
"1404","Oct. 2021",2021-10-22 01:30:00,16.7112260645767,7827.52527997186,1.75
"1405","Oct. 2021",2021-10-22 01:45:00,16.8869885576525,7851.43477401725,1.76041666666667
"1406","Oct. 2021",2021-10-22 02:00:00,15.5581691792446,7867.28717859272,1.77083333333333
"1407","Oct. 2021",2021-10-22 02:15:00,15.4957798508453,7899.20103438747,1.78125
"1408","Oct. 2021",2021-10-22 02:30:00,14.7896847852542,7854.54900797794,1.79166666666667
"1409","Oct. 2021",2021-10-22 02:45:00,13.275622370193,7930.88410144717,1.80208333333333
"1410","Oct. 2021",2021-10-22 03:00:00,13.4299913151625,7954.028113229,1.8125
"1411","Oct. 2021",2021-10-22 03:15:00,13.2525686217359,7954.82698108339,1.82291666666667
"1412","Oct. 2021",2021-10-22 03:30:00,12.6898117825299,7985.31723408537,1.83333333333333
"1413","Oct. 2021",2021-10-22 03:45:00,11.7400108512622,7963.53826044611,1.84375
"1414","Oct. 2021",2021-10-22 04:00:00,11.242712897203,7963.64367244955,1.85416666666667
"1415","Oct. 2021",2021-10-22 04:15:00,10.500859346151,7941.41637881715,1.86458333333333
"1416","Oct. 2021",2021-10-22 04:30:00,10.8806909440083,7963.49256968093,1.875
"1417","Oct. 2021",2021-10-22 04:45:00,10.8851645219996,7970.29040701377,1.88541666666667
"1418","Oct. 2021",2021-10-22 05:00:00,10.1753816176435,7961.58362840065,1.89583333333333
"1419","Oct. 2021",2021-10-22 05:15:00,9.51231096252744,7908.79502599342,1.90625
"1420","Oct. 2021",2021-10-22 05:30:00,9.93669259582289,7974.11584508112,1.91666666666667
"1421","Oct. 2021",2021-10-22 05:45:00,9.77850828338603,7980.04261365248,1.92708333333333
"1422","Oct. 2021",2021-10-22 06:00:00,9.52041919679924,7964.320658371,1.9375
"1423","Oct. 2021",2021-10-22 06:15:00,8.81546511290357,7955.60837890968,1.94791666666667
"1424","Oct. 2021",2021-10-22 06:30:00,9.4738683413094,7984.20756383987,1.95833333333333
"1425","Oct. 2021",2021-10-22 06:45:00,8.62041116991374,7952.6636611024,1.96875
"1426","Oct. 2021",2021-10-22 07:00:00,8.82884717524999,7980.81364940172,1.97916666666667
"1427","Oct. 2021",2021-10-22 07:15:00,7.97649787743283,7920.75522626149,1.98958333333333
"1428","Oct. 2021",2021-10-22 07:30:00,7.52465724986608,8022.82117684595,2
"1429","Oct. 2021",2021-10-22 07:45:00,8.49910534714355,8023.09127014528,2.01041666666667
"1430","Oct. 2021",2021-10-22 08:00:00,7.72629886284092,8111.682935151,2.02083333333333
"1431","Oct. 2021",2021-10-22 08:15:00,7.68525864726607,8245.40213246334,2.03125
"1432","Oct. 2021",2021-10-22 08:30:00,8.09700581603692,8292.07827069158,2.04166666666667
"1433","Oct. 2021",2021-10-22 08:45:00,7.70746536976804,8346.95544862502,2.05208333333333
"1434","Oct. 2021",2021-10-22 09:00:00,8.17039612607662,8515.30488518614,2.0625
"1435","Oct. 2021",2021-10-22 09:15:00,7.58348263356761,8557.1799582721,2.07291666666667
"1436","Oct. 2021",2021-10-22 09:30:00,7.34238683314324,8697.18065588848,2.08333333333333
"1437","Oct. 2021",2021-10-22 09:45:00,7.70917586953921,8667.89457246312,2.09375
"1438","Oct. 2021",2021-10-22 10:00:00,7.67162045605502,8718.07574662538,2.10416666666667
"1439","Oct. 2021",2021-10-22 10:15:00,7.41647348450924,8916.95879842611,2.11458333333333
"1440","Oct. 2021",2021-10-22 10:30:00,7.46290623615029,8975.91257988906,2.125
"1441","Oct. 2021",2021-10-22 10:45:00,7.35386790674596,9118.03452948306,2.13541666666667
"1442","Oct. 2021",2021-10-22 11:00:00,7.24463528786977,9027.78899063456,2.14583333333333
"1443","Oct. 2021",2021-10-22 11:15:00,7.1002165197051,9064.27963419726,2.15625
"1444","Oct. 2021",2021-10-22 11:30:00,7.22361103926125,9294.07502099366,2.16666666666667
"1445","Oct. 2021",2021-10-22 11:45:00,6.8684903939995,9351.44803109454,2.17708333333333
"1446","Oct. 2021",2021-10-22 12:00:00,6.64094558776416,9379.53074486148,2.1875
"1447","Oct. 2021",2021-10-22 12:15:00,6.84079631249604,9392.54073740759,2.19791666666667
"1448","Oct. 2021",2021-10-22 12:30:00,6.26538147293013,9487.40952020635,2.20833333333333
"1449","Oct. 2021",2021-10-22 12:45:00,6.77658905160713,9566.1384174687,2.21875
"1450","Oct. 2021",2021-10-22 13:00:00,6.4569485379385,9629.99807918166,2.22916666666667
"1451","Oct. 2021",2021-10-22 13:15:00,6.38621651626826,9700.69541482925,2.23958333333333
"1452","Oct. 2021",2021-10-22 13:30:00,6.15381384417991,9711.56694568214,2.25
"1453","Oct. 2021",2021-10-22 13:45:00,6.1995817532131,9685.23979719893,2.26041666666667
"1454","Oct. 2021",2021-10-22 14:00:00,5.60617274422244,9809.13092119852,2.27083333333333
"1455","Oct. 2021",2021-10-22 14:15:00,5.71827967453606,9909.49079406289,2.28125
"1456","Oct. 2021",2021-10-22 14:30:00,5.70809663670438,9957.84238765269,2.29166666666667
"1457","Oct. 2021",2021-10-22 14:45:00,5.82516433472355,10034.4147920167,2.30208333333333
"1458","Oct. 2021",2021-10-22 15:00:00,5.81346547669078,9923.29258356079,2.3125
"1459","Oct. 2021",2021-10-22 15:15:00,5.4386689171873,10021.3810383599,2.32291666666667
"1460","Oct. 2021",2021-10-22 15:30:00,5.35663103332133,10118.3797444862,2.33333333333333
"1461","Oct. 2021",2021-10-22 15:45:00,5.30396731448601,10118.8390694991,2.34375
"1462","Oct. 2021",2021-10-20 11:30:00,4.7437616163601,NA,0.166666666666667
"1463","Nov. 2021",2021-11-18 22:30:00,4.40202221284573,17524.1510317298,0.0104166666666667
"1464","Nov. 2021",2021-11-18 22:45:00,4.23557185677969,17563.1177967264,0.0208333333333333
"1465","Nov. 2021",2021-11-18 23:00:00,4.31215556697974,17413.1725882523,0.03125
"1466","Nov. 2021",2021-11-18 23:15:00,4.33068604216807,17419.7286153027,0.0416666666666667
"1467","Nov. 2021",2021-11-18 23:30:00,4.28963005803265,17336.4256292549,0.0520833333333333
"1468","Nov. 2021",2021-11-18 23:45:00,4.41866922921309,17322.8396594335,0.0625
"1469","Nov. 2021",2021-11-19,4.23395597856267,17458.8332548103,0.0729166666666667
"1470","Nov. 2021",2021-11-19 00:15:00,4.33831233447019,17414.9074438055,0.0833333333333333
"1471","Nov. 2021",2021-11-19 00:30:00,4.38029819984651,17430.8108760362,0.09375
"1472","Nov. 2021",2021-11-19 00:45:00,4.39591887607504,17252.5398881511,0.104166666666667
"1473","Nov. 2021",2021-11-19 01:00:00,4.36049271817764,17053.1652809687,0.114583333333333
"1474","Nov. 2021",2021-11-19 01:15:00,5.03862441755042,16737.3851701392,0.125
"1475","Nov. 2021",2021-11-19 01:30:00,5.27268711434806,16444.622837975,0.135416666666667
"1476","Nov. 2021",2021-11-19 01:45:00,5.31444705305914,16243.9916929046,0.145833333333333
"1477","Nov. 2021",2021-11-19 02:00:00,5.51615455837362,16004.842489078,0.15625
"1478","Nov. 2021",2021-11-19 02:15:00,5.76050605135525,15767.4078757728,0.166666666666667
"1479","Nov. 2021",2021-11-19 02:30:00,6.18984363435021,15468.960727062,0.177083333333333
"1480","Nov. 2021",2021-11-19 02:45:00,6.69638931059958,15117.8393856644,0.1875
"1481","Nov. 2021",2021-11-19 03:00:00,7.97297642977639,14696.2615393061,0.197916666666667
"1482","Nov. 2021",2021-11-19 03:15:00,9.68162952445872,13563.5387065494,0.208333333333333
"1483","Nov. 2021",2021-11-19 03:30:00,9.58139782204074,12093.249715044,0.21875
"1484","Nov. 2021",2021-11-19 03:45:00,11.2175557536221,10689.7249619454,0.229166666666667
"1485","Nov. 2021",2021-11-19 04:00:00,11.7235070447495,9770.51518240186,0.239583333333333
"1486","Nov. 2021",2021-11-19 04:15:00,13.4713553002278,9341.66369452146,0.25
"1487","Nov. 2021",2021-11-19 04:30:00,13.7343986731625,9253.20395710289,0.260416666666667
"1488","Nov. 2021",2021-11-19 04:45:00,14.538115489067,9187.73971491384,0.270833333333333
"1489","Nov. 2021",2021-11-19 05:00:00,14.4919330021519,9176.87008497197,0.28125
"1490","Nov. 2021",2021-11-19 05:15:00,14.6498858129863,9151.42595094473,0.291666666666667
"1491","Nov. 2021",2021-11-19 05:30:00,15.3799313989216,9064.62605477326,0.302083333333333
"1492","Nov. 2021",2021-11-19 05:45:00,16.057191336759,8994.44029959325,0.3125
"1493","Nov. 2021",2021-11-19 06:00:00,16.1762191187382,9006.7081928642,0.322916666666667
"1494","Nov. 2021",2021-11-19 06:15:00,16.5779355563682,9017.73886566481,0.333333333333333
"1495","Nov. 2021",2021-11-19 06:30:00,16.7855626404001,8962.70916000148,0.34375
"1496","Nov. 2021",2021-11-19 06:45:00,17.8168423696294,8949.59276188221,0.354166666666667
"1497","Nov. 2021",2021-11-19 07:00:00,17.3602434077133,8869.18187191647,0.364583333333333
"1498","Nov. 2021",2021-11-19 07:15:00,16.9917926751283,8865.71113553953,0.375
"1499","Nov. 2021",2021-11-19 07:30:00,19.097861079481,8812.26562493992,0.385416666666667
"1500","Nov. 2021",2021-11-19 07:45:00,18.9468054501247,8788.5866480877,0.395833333333333
"1501","Nov. 2021",2021-11-19 08:00:00,19.3761319559289,8736.80956995026,0.40625
"1502","Nov. 2021",2021-11-19 08:15:00,19.8474921972945,8738.24947768671,0.416666666666667
"1503","Nov. 2021",2021-11-19 08:30:00,19.470513077619,8703.0860611816,0.427083333333333
"1504","Nov. 2021",2021-11-19 08:45:00,19.2075859086956,8744.7011115866,0.4375
"1505","Nov. 2021",2021-11-19 09:00:00,20.9498777773206,8690.95694382604,0.447916666666667
"1506","Nov. 2021",2021-11-19 09:15:00,20.122261320545,8608.88653578761,0.458333333333333
"1507","Nov. 2021",2021-11-19 09:30:00,19.5161748627038,8586.24330112703,0.46875
"1508","Nov. 2021",2021-11-19 09:45:00,19.2885072346859,8571.46641014029,0.479166666666667
"1509","Nov. 2021",2021-11-19 10:00:00,18.9403935834386,8443.99492288394,0.489583333333333
"1510","Nov. 2021",2021-11-19 10:15:00,19.7717502036363,8451.088455592,0.5
"1511","Nov. 2021",2021-11-19 10:30:00,19.0463567427554,8424.15402754607,0.510416666666667
"1512","Nov. 2021",2021-11-19 10:45:00,18.6119517428317,8321.75271098002,0.520833333333333
"1513","Nov. 2021",2021-11-19 11:00:00,17.2086500625143,8195.22669762139,0.53125
"1514","Nov. 2021",2021-11-19 11:15:00,16.495333630941,8132.21451849503,0.541666666666667
"1515","Nov. 2021",2021-11-19 11:30:00,16.6519040405676,8030.25290864312,0.552083333333333
"1516","Nov. 2021",2021-11-19 11:45:00,16.5986261188133,7994.05647997426,0.5625
"1517","Nov. 2021",2021-11-19 12:00:00,15.7405658412268,8219.80004707467,0.572916666666667
"1518","Nov. 2021",2021-11-19 12:15:00,15.2674385709352,8554.32246097021,0.583333333333333
"1519","Nov. 2021",2021-11-19 12:30:00,14.2329124743429,8536.95577802275,0.59375
"1520","Nov. 2021",2021-11-19 12:45:00,13.0995542539436,8386.16140653134,0.604166666666667
"1521","Nov. 2021",2021-11-19 13:00:00,12.5757517524477,8303.46392498266,0.614583333333333
"1522","Nov. 2021",2021-11-19 13:15:00,12.9805157248523,8328.26394515513,0.625
"1523","Nov. 2021",2021-11-19 13:30:00,11.9059307003237,8319.86166712126,0.635416666666667
"1524","Nov. 2021",2021-11-19 13:45:00,11.1901567495613,8356.37001817457,0.645833333333333
"1525","Nov. 2021",2021-11-19 14:00:00,10.9659127255498,8452.82223175702,0.65625
"1526","Nov. 2021",2021-11-19 14:15:00,10.6652934264843,8482.4933797258,0.666666666666667
"1527","Nov. 2021",2021-11-19 14:30:00,9.69806848393963,8686.65301436912,0.677083333333333
"1528","Nov. 2021",2021-11-19 14:45:00,9.00233045806453,8650.81806868611,0.6875
"1529","Nov. 2021",2021-11-19 15:00:00,10.1498358322131,8741.73632035181,0.697916666666667
"1530","Nov. 2021",2021-11-19 15:15:00,9.60587172466132,8779.15367286797,0.708333333333333
"1531","Nov. 2021",2021-11-19 15:30:00,9.32926292266189,8845.85622941179,0.71875
"1532","Nov. 2021",2021-11-19 15:45:00,8.62604327383596,8843.5413303419,0.729166666666667
"1533","Nov. 2021",2021-11-19 16:00:00,8.50281722086718,8856.35939914298,0.739583333333333
"1534","Nov. 2021",2021-11-19 16:15:00,8.30606998083635,8959.67093168191,0.75
"1535","Nov. 2021",2021-11-19 16:30:00,8.09522267951857,9062.91102873318,0.760416666666667
"1536","Nov. 2021",2021-11-19 16:45:00,8.01532018048962,9076.96369423372,0.770833333333333
"1537","Nov. 2021",2021-11-19 17:00:00,7.75720270330762,9189.59010368288,0.78125
"1538","Nov. 2021",2021-11-19 17:15:00,7.65800320516723,9066.48997988839,0.791666666666667
"1539","Nov. 2021",2021-11-19 17:30:00,7.65120243234472,9208.65769064445,0.802083333333333
"1540","Nov. 2021",2021-11-19 17:45:00,7.47955152832176,9258.42794273011,0.8125
"1541","Nov. 2021",2021-11-19 18:00:00,7.29336382385681,9374.8907467065,0.822916666666667
"1542","Nov. 2021",2021-11-19 18:15:00,7.21392618987896,9462.33017743023,0.833333333333333
"1543","Nov. 2021",2021-11-19 18:30:00,7.05266587691562,9460.57189164145,0.84375
"1544","Nov. 2021",2021-11-19 18:45:00,7.34894548347515,9540.35077753867,0.854166666666667
"1545","Nov. 2021",2021-11-19 19:00:00,6.84540463091417,9590.37754600846,0.864583333333333
"1546","Nov. 2021",2021-11-19 19:15:00,6.7918241438672,9588.92055543337,0.875
"1547","Nov. 2021",2021-11-19 19:30:00,6.33617461670229,9630.7727004439,0.885416666666667
"1548","Nov. 2021",2021-11-19 19:45:00,6.28794628256237,9591.08076386104,0.895833333333333
"1549","Nov. 2021",2021-11-19 20:00:00,6.31910966229448,9640.85346606,0.90625
"1550","Nov. 2021",2021-11-19 20:15:00,6.12075189186332,9652.47294840293,0.916666666666667
"1551","Nov. 2021",2021-11-19 20:30:00,6.22329821773265,9635.14673944337,0.927083333333333
"1552","Nov. 2021",2021-11-19 20:45:00,6.199581753213,9669.8927321416,0.9375
"1553","Nov. 2021",2021-11-19 21:00:00,5.83819414916364,9682.10812263735,0.947916666666667
"1554","Nov. 2021",2021-11-19 21:15:00,5.87747990801692,9770.14770680919,0.958333333333333
"1555","Nov. 2021",2021-11-19 21:30:00,5.65623723273826,9798.81141320996,0.96875
"1556","Nov. 2021",2021-11-19 21:45:00,5.95293412377793,9871.57517978648,0.979166666666667
"1557","Nov. 2021",2021-11-19 22:00:00,5.75536872548163,9914.85024458301,0.989583333333333
"1558","Nov. 2021",2021-11-19 22:15:00,5.59249678739222,9944.32929572415,1
"1559","Nov. 2021",2021-11-19 22:30:00,5.76822185594218,9951.26515010701,1.01041666666667
"1560","Nov. 2021",2021-11-19 22:45:00,5.27384138677583,10040.4554707136,1.02083333333333
"1561","Nov. 2021",2021-11-19 23:00:00,5.49544172150783,10077.9741702452,1.03125
"1562","Nov. 2021",2021-11-19 23:15:00,5.36488271640741,10114.7485580493,1.04166666666667
"1563","Nov. 2021",2021-11-19 23:30:00,5.60866353533114,10107.802860176,1.05208333333333
"1564","Nov. 2021",2021-11-19 23:45:00,5.21084228418975,10153.8534947339,1.0625
"1565","Nov. 2021",2021-11-20,5.38973396027668,10206.2365363659,1.07291666666667
"1566","Nov. 2021",2021-11-20 00:15:00,5.59746528190743,10228.8256565894,1.08333333333333
"1567","Nov. 2021",2021-11-20 00:30:00,5.18366194523964,10228.9711672903,1.09375
"1568","Nov. 2021",2021-11-20 00:45:00,5.19722855685079,10244.8796095594,1.10416666666667
"1569","Nov. 2021",2021-11-20 01:00:00,5.00835236057987,10238.5607708761,1.11458333333333
"1570","Nov. 2021",2021-11-20 01:15:00,5.30280453505172,10276.4640161984,1.125
"1571","Nov. 2021",2021-11-20 01:30:00,4.96555154678241,10239.6101893728,1.13541666666667
"1572","Nov. 2021",2021-11-20 01:45:00,4.84131453090004,10247.7079292417,1.14583333333333
"1573","Nov. 2021",2021-11-20 02:00:00,5.15554949760652,10240.0398584403,1.15625
"1574","Nov. 2021",2021-11-20 02:15:00,5.02778352130246,10353.6919583327,1.16666666666667
"1575","Nov. 2021",2021-11-20 02:30:00,5.27615091320914,10375.9756505403,1.17708333333333
"1576","Nov. 2021",2021-11-20 02:45:00,4.83517317688717,10331.6537067251,1.1875
"1577","Nov. 2021",2021-11-20 03:00:00,4.90650990105325,10458.9979514376,1.19791666666667
"1578","Nov. 2021",2021-11-20 03:15:00,5.03319987951954,10400.1471025656,1.20833333333333
"1579","Nov. 2021",2021-11-20 03:30:00,5.02453763268285,10370.6737445854,1.21875
"1580","Nov. 2021",2021-11-20 03:45:00,4.85054864741675,10436.5327153099,1.22916666666667
"1581","Nov. 2021",2021-11-20 04:00:00,4.95281338672022,10495.4679250305,1.23958333333333
"1582","Nov. 2021",2021-11-20 04:15:00,4.7385134474298,10510.0687629201,1.25
"1583","Nov. 2021",2021-11-20 04:30:00,4.74347337203276,10508.8325879938,1.26041666666667
"1584","Nov. 2021",2021-11-20 04:45:00,4.7514262654104,10574.1168511641,1.27083333333333
"1585","Nov. 2021",2021-11-20 05:00:00,4.72466917515115,10580.2437201317,1.28125
"1586","Nov. 2021",2021-11-20 05:15:00,4.58317614932388,10646.2550233452,1.29166666666667
"1587","Nov. 2021",2021-11-20 05:30:00,4.92432479346049,10705.0211550782,1.30208333333333
"1588","Nov. 2021",2021-11-20 05:45:00,4.50185601236306,10644.5747411471,1.3125
"1589","Dec. 2021",2021-12-16 09:45:00,6.83619093881091,14074.6138055727,0.0104166666666667
"1590","Dec. 2021",2021-12-16 10:00:00,7.68525864726607,14087.1971347235,0.0208333333333333
"1591","Dec. 2021",2021-12-16 10:15:00,6.96469255671405,14051.1525036382,0.03125
"1592","Dec. 2021",2021-12-16 10:30:00,6.94285955101549,13961.5181258321,0.0416666666666667
"1593","Dec. 2021",2021-12-16 10:45:00,7.093859419987,13902.9039165375,0.0520833333333333
"1594","Dec. 2021",2021-12-16 11:00:00,7.1817284286693,13813.7005773157,0.0625
"1595","Dec. 2021",2021-12-16 11:15:00,7.08433358618638,13883.4472352811,0.0729166666666667
"1596","Dec. 2021",2021-12-16 11:30:00,7.32601311079232,13807.2843443335,0.0833333333333333
"1597","Dec. 2021",2021-12-16 11:45:00,7.79684521519376,13690.2280908025,0.09375
"1598","Dec. 2021",2021-12-16 12:00:00,8.24433644680121,13673.9944779206,0.104166666666667
"1599","Dec. 2021",2021-12-16 12:15:00,9.10181407249061,13629.4111105987,0.114583333333333
"1600","Dec. 2021",2021-12-16 12:30:00,9.24767611192982,13610.0853760993,0.125
"1601","Dec. 2021",2021-12-16 12:45:00,10.079827862752,13475.6121556977,0.135416666666667
"1602","Dec. 2021",2021-12-16 13:00:00,10.3792820417931,13290.4724694693,0.145833333333333
"1603","Dec. 2021",2021-12-16 13:15:00,10.2159254694489,13215.7600098784,0.15625
"1604","Dec. 2021",2021-12-16 13:30:00,11.5243830028432,12620.0720095201,0.166666666666667
"1605","Dec. 2021",2021-12-16 13:45:00,11.9345350817568,10032.8178984017,0.177083333333333
"1606","Dec. 2021",2021-12-16 14:00:00,13.9054492160133,8933.90782426095,0.1875
"1607","Dec. 2021",2021-12-16 14:15:00,15.2029922458491,8058.89128761002,0.197916666666667
"1608","Dec. 2021",2021-12-16 14:30:00,15.2113884724751,7428.131076103,0.208333333333333
"1609","Dec. 2021",2021-12-16 14:45:00,15.7749144151536,7132.77097283603,0.21875
"1610","Dec. 2021",2021-12-16 15:00:00,16.1209915194551,7046.55836370638,0.229166666666667
"1611","Dec. 2021",2021-12-16 15:15:00,15.9271842058389,6944.33138590036,0.239583333333333
"1612","Dec. 2021",2021-12-16 15:30:00,16.2811848064303,6878.07897062168,0.25
"1613","Dec. 2021",2021-12-16 15:45:00,17.2873765179408,6803.5950023647,0.260416666666667
"1614","Dec. 2021",2021-12-16 16:00:00,16.5484054213857,6788.60510937662,0.270833333333333
"1615","Dec. 2021",2021-12-16 16:15:00,16.4658951098737,6727.80191045605,0.28125
"1616","Dec. 2021",2021-12-16 16:30:00,16.7885403569363,6660.92725666234,0.291666666666667
"1617","Dec. 2021",2021-12-16 16:45:00,17.928251133112,6646.33944395683,0.302083333333333
"1618","Dec. 2021",2021-12-16 17:00:00,17.2056265390203,6636.73205920412,0.3125
"1619","Dec. 2021",2021-12-16 17:15:00,16.9019360349932,6671.61079847558,0.322916666666667
"1620","Dec. 2021",2021-12-16 17:30:00,16.7112260645767,6654.31545355149,0.333333333333333
"1621","Dec. 2021",2021-12-16 17:45:00,17.4607431057488,6703.86806147866,0.34375
"1622","Dec. 2021",2021-12-16 18:00:00,16.31919329337,6761.82263129504,0.354166666666667
"1623","Dec. 2021",2021-12-16 18:15:00,18.0307483416948,6790.14669988899,0.364583333333333
"1624","Dec. 2021",2021-12-16 18:30:00,18.6659214125529,6862.0058676191,0.375
"1625","Dec. 2021",2021-12-16 18:45:00,18.224282436864,6889.82677554417,0.385416666666667
"1626","Dec. 2021",2021-12-16 19:00:00,18.9147592043954,6873.22123343837,0.395833333333333
"1627","Dec. 2021",2021-12-16 19:15:00,18.5960963061512,6900.53545828724,0.40625
"1628","Dec. 2021",2021-12-16 19:30:00,18.018305460456,6891.12808435616,0.416666666666667
"1629","Dec. 2021",2021-12-16 19:45:00,18.3309480156902,6940.93096332944,0.427083333333333
"1630","Dec. 2021",2021-12-16 20:00:00,17.7736312567802,6961.80383089199,0.4375
"1631","Dec. 2021",2021-12-16 20:15:00,18.0525359807762,6982.61165391846,0.447916666666667
"1632","Dec. 2021",2021-12-16 20:30:00,16.7231061746211,6988.08201003227,0.458333333333333
"1633","Dec. 2021",2021-12-16 20:45:00,17.2237725878714,7060.53522165394,0.46875
"1634","Dec. 2021",2021-12-16 21:00:00,18.0494224793299,7014.71668842364,0.479166666666667
"1635","Dec. 2021",2021-12-16 21:15:00,17.3845742516179,7043.88245611509,0.489583333333333
"1636","Dec. 2021",2021-12-16 21:30:00,17.3480858383824,7019.76144911551,0.5
"1637","Dec. 2021",2021-12-16 21:45:00,18.5707446214755,7017.10610263952,0.510416666666667
"1638","Dec. 2021",2021-12-16 22:00:00,17.4821070304714,6985.33922908407,0.520833333333333
"1639","Dec. 2021",2021-12-16 22:15:00,16.9947929679509,7045.0609169337,0.53125
"1640","Dec. 2021",2021-12-16 22:30:00,18.3215211325164,7015.80371563995,0.541666666666667
"1641","Dec. 2021",2021-12-16 22:45:00,18.9115563793814,7036.85931275414,0.552083333333333
"1642","Dec. 2021",2021-12-16 23:00:00,17.4150172538287,7021.39441382982,0.5625
"1643","Dec. 2021",2021-12-16 23:15:00,18.8571584146059,6983.61820000165,0.572916666666667
"1644","Dec. 2021",2021-12-16 23:30:00,19.3858827597321,6960.26274936446,0.583333333333333
"1645","Dec. 2021",2021-12-16 23:45:00,20.0724373818749,6951.46515338914,0.59375
"1646","Dec. 2021",2021-12-17,17.9779022512071,6861.15871904643,0.604166666666667
"1647","Dec. 2021",2021-12-17 00:15:00,19.0399245901304,6839.65135449274,0.614583333333333
"1648","Dec. 2021",2021-12-17 00:30:00,18.5327563575682,6876.14223987487,0.625
"1649","Dec. 2021",2021-12-17 00:45:00,17.4454929752948,6883.01856345215,0.635416666666667
"1650","Dec. 2021",2021-12-17 01:00:00,17.3906602345195,6898.20132189013,0.645833333333333
"1651","Dec. 2021",2021-12-17 01:15:00,18.8795461248327,6913.49966461511,0.65625
"1652","Dec. 2021",2021-12-17 01:30:00,17.2995079118671,6921.22563171229,0.666666666666667
"1653","Dec. 2021",2021-12-17 01:45:00,17.9003591883459,6929.29129369465,0.677083333333333
"1654","Dec. 2021",2021-12-17 02:00:00,16.2140744795623,6944.99050866987,0.6875
"1655","Dec. 2021",2021-12-17 02:15:00,16.5336526236154,6923.22590192467,0.697916666666667
"1656","Dec. 2021",2021-12-17 02:30:00,17.6075605470359,6953.0831324096,0.708333333333333
"1657","Dec. 2021",2021-12-17 02:45:00,16.7379636740093,6975.61956634779,0.71875
"1658","Dec. 2021",2021-12-17 03:00:00,15.9733330548267,7020.26185093926,0.729166666666667
"1659","Dec. 2021",2021-12-17 03:15:00,16.2111605655743,7056.69334162414,0.739583333333333
"1660","Dec. 2021",2021-12-17 03:30:00,16.8690623821981,7064.59919024738,0.75
"1661","Dec. 2021",2021-12-17 03:45:00,16.374843625434,7064.38387174461,0.760416666666667
"1662","Dec. 2021",2021-12-17 04:00:00,16.196595903523,7041.68817983745,0.770833333333333
"1663","Dec. 2021",2021-12-17 04:15:00,16.0282436045241,7048.21261313447,0.78125
"1664","Dec. 2021",2021-12-17 04:30:00,16.7796081889055,7040.40736840745,0.791666666666667
"1665","Dec. 2021",2021-12-17 04:45:00,15.3883894649405,7055.02828802095,0.802083333333333
"1666","Dec. 2021",2021-12-17 05:00:00,15.4646445720943,7076.12025294738,0.8125
"1667","Dec. 2021",2021-12-17 05:15:00,16.8660758314631,7030.06438867069,0.822916666666667
"1668","Dec. 2021",2021-12-17 05:30:00,16.0224579843876,6968.76154436392,0.833333333333333
"1669","Dec. 2021",2021-12-17 05:45:00,17.3572035245916,6930.67258252778,0.84375
"1670","Dec. 2021",2021-12-17 06:00:00,18.5169418199573,6861.77023141849,0.854166666666667
"1671","Dec. 2021",2021-12-17 06:15:00,18.4979751721783,6830.90924944154,0.864583333333333
"1672","Dec. 2021",2021-12-17 06:30:00,18.6690990437399,6740.56212069189,0.875
"1673","Dec. 2021",2021-12-17 06:45:00,18.6278153593258,6700.79223585735,0.885416666666667
"1674","Dec. 2021",2021-12-17 07:00:00,18.9403935834384,6608.83233308902,0.895833333333333
"1675","Dec. 2021",2021-12-17 07:15:00,20.5470542965508,6519.2494554056,0.90625
"1676","Dec. 2021",2021-12-17 07:30:00,20.4261045981679,6466.96575412575,0.916666666666667
"1677","Dec. 2021",2021-12-17 07:45:00,18.5865869704537,6399.78188167886,0.927083333333333
"1678","Dec. 2021",2021-12-17 08:00:00,18.9147592043952,6429.29361487281,0.9375
"1679","Dec. 2021",2021-12-17 08:15:00,19.5292328659457,6311.84556459264,0.947916666666667
"1680","Dec. 2021",2021-12-17 08:30:00,20.1355601375074,6274.914993074,0.958333333333333
"1681","Dec. 2021",2021-12-17 08:45:00,21.6546834517976,6244.2438703953,0.96875
"1682","Dec. 2021",2021-12-17 09:00:00,22.4157272093155,6013.47299304576,0.979166666666667
"1683","Dec. 2021",2021-12-17 09:15:00,23.4168511476665,5933.55528155075,0.989583333333333
"1684","Dec. 2021",2021-12-17 09:30:00,24.5852374559615,5898.036926584,1
"1685","Dec. 2021",2021-12-17 09:45:00,25.33930555603,5885.00037737661,1.01041666666667
"1686","Dec. 2021",2021-12-17 10:00:00,25.9905536469391,5871.41479188386,1.02083333333333
"1687","Dec. 2021",2021-12-17 10:15:00,27.0048702027353,5792.32214256198,1.03125
"1688","Dec. 2021",2021-12-17 10:30:00,26.420883073081,5720.33250975462,1.04166666666667
"1689","Dec. 2021",2021-12-17 10:45:00,26.2769920044262,5714.86332185932,1.05208333333333
"1690","Dec. 2021",2021-12-17 11:00:00,27.928626201399,5671.0709956608,1.0625
"1691","Dec. 2021",2021-12-17 11:15:00,28.1300182534506,5606.8728594101,1.07291666666667
"1692","Dec. 2021",2021-12-17 11:30:00,29.7247859183058,5518.68812766898,1.08333333333333
"1693","Dec. 2021",2021-12-17 11:45:00,31.6960934462135,5439.1478448626,1.09375
"1694","Dec. 2021",2021-12-17 12:00:00,31.8473343670401,5359.40179313586,1.10416666666667
"1695","Dec. 2021",2021-12-17 12:15:00,31.7824677506597,5393.04826894956,1.11458333333333
"1696","Dec. 2021",2021-12-17 12:30:00,33.4884763034774,5344.33568263758,1.125
"1697","Dec. 2021",2021-12-17 12:45:00,33.8320396747881,5275.42744475806,1.13541666666667
"1698","Dec. 2021",2021-12-17 13:00:00,33.6622464704322,5250.23289997379,1.14583333333333
"1699","Dec. 2021",2021-12-17 13:15:00,36.7533353223855,5152.53387091078,1.15625
"1700","Dec. 2021",2021-12-17 13:30:00,36.0777098134936,5056.57579410852,1.16666666666667
"1701","Dec. 2021",2021-12-17 13:45:00,36.7158801307195,4975.25752695639,1.17708333333333
"1702","Dec. 2021",2021-12-17 14:00:00,38.5854286965201,4926.80104120189,1.1875
"1703","Dec. 2021",2021-12-17 14:15:00,38.3789225116879,4875.26810905721,1.19791666666667
"1704","Dec. 2021",2021-12-17 14:30:00,39.3251124421376,4856.69232580401,1.20833333333333
"1705","Dec. 2021",2021-12-17 14:45:00,40.3626927905228,4841.28094546947,1.21875
"1706","Dec. 2021",2021-12-17 15:00:00,39.2959609445104,4781.29748204853,1.22916666666667
"1707","Dec. 2021",2021-12-17 15:15:00,38.3597433901289,4802.46530740557,1.23958333333333
"1708","Dec. 2021",2021-12-17 15:30:00,39.4661773975567,4787.54649666059,1.25
"1709","Dec. 2021",2021-12-17 15:45:00,38.3597433901293,4802.32092667779,1.26041666666667
"1710","Dec. 2021",2021-12-17 16:00:00,39.0099319428999,4763.99050776304,1.27083333333333
"1711","Dec. 2021",2021-12-17 16:15:00,39.5295027356227,4794.48473233211,1.28125
"1712","Dec. 2021",2021-12-17 16:30:00,39.1261453023429,4756.61472921199,1.29166666666667
"1713","Dec. 2021",2021-12-17 16:45:00,39.4126376086108,4732.79312643672,1.30208333333333
"1714","Dec. 2021",2021-12-17 17:00:00,40.2887956596281,4745.99898417128,1.3125
"1715","Dec. 2021",2021-12-17 17:15:00,38.3405695036512,4766.510744831,1.32291666666667
"1716","Dec. 2021",2021-12-17 17:30:00,37.4642298481031,4757.04093420449,1.33333333333333
"1717","Dec. 2021",2021-12-17 17:45:00,37.2421583834806,4806.72151506742,1.34375
"1718","Dec. 2021",2021-12-17 18:00:00,36.5802805997363,4856.44313248262,1.35416666666667
"1719","Dec. 2021",2021-12-17 18:15:00,37.7155179216713,4884.36932480545,1.36458333333333
"1720","Dec. 2021",2021-12-17 18:30:00,36.6083130988264,4971.11240472214,1.375
"1721","Dec. 2021",2021-12-17 18:45:00,35.5559573510571,5081.9956326448,1.38541666666667
"1722","Dec. 2021",2021-12-17 19:00:00,35.9156584506536,5146.90908262401,1.39583333333333
"1723","Dec. 2021",2021-12-17 19:15:00,35.0064580915373,5189.6818757812,1.40625
"1724","Dec. 2021",2021-12-17 19:30:00,35.0155778038075,5306.21282645584,1.41666666666667
"1725","Dec. 2021",2021-12-17 19:45:00,33.9395209193265,5326.70869138334,1.42708333333333
"1726","Dec. 2021",2021-12-17 20:00:00,33.1026285042028,5354.7028405715,1.4375
"1727","Dec. 2021",2021-12-17 20:15:00,33.0805285976124,5367.48340420698,1.44791666666667
"1728","Dec. 2021",2021-12-17 20:30:00,32.4213350133552,5432.42228709105,1.45833333333333
"1729","Dec. 2021",2021-12-17 20:45:00,31.6917781665129,5512.71513500617,1.46875
"1730","Dec. 2021",2021-12-17 21:00:00,31.304742846981,5541.17831245555,1.47916666666667
"1731","Dec. 2021",2021-12-17 21:15:00,30.0924230986483,5561.65506507324,1.48958333333333
"1732","Dec. 2021",2021-12-17 21:30:00,29.5626660966525,5651.01399975088,1.5
"1733","Dec. 2021",2021-12-17 21:45:00,28.6044721629162,5673.22800016219,1.51041666666667
"1734","Dec. 2021",2021-12-17 22:00:00,28.7595318865258,5702.27413484649,1.52083333333333
"1735","Dec. 2021",2021-12-17 22:15:00,28.7472731517897,5745.85453122985,1.53125
"1736","Dec. 2021",2021-12-17 22:30:00,27.5203228118994,5767.67380249515,1.54166666666667
"1737","Dec. 2021",2021-12-17 22:45:00,28.7677060123127,5811.47378887452,1.55208333333333
"1738","Dec. 2021",2021-12-17 23:00:00,28.3889936785167,5863.04001766983,1.5625
"1739","Dec. 2021",2021-12-17 23:15:00,27.3810031518096,5877.52672039417,1.57291666666667
"1740","Dec. 2021",2021-12-17 23:30:00,26.5652220683433,5870.32713168451,1.58333333333333
"1741","Dec. 2021",2021-12-17 23:45:00,27.1628820589565,5854.7662628202,1.59375
"1742","Dec. 2021",2021-12-18,27.8001645647181,5727.75719294525,1.60416666666667
"1743","Dec. 2021",2021-12-18 00:15:00,27.9447074638483,5720.08471459376,1.61458333333333
"1744","Dec. 2021",2021-12-18 00:30:00,27.2936359437707,5772.14512891907,1.625
"1745","Dec. 2021",2021-12-18 00:45:00,27.7040382106041,5764.389530016,1.63541666666667
"1746","Dec. 2021",2021-12-18 01:00:00,27.9487285974416,5764.2074639058,1.64583333333333
"1747","Dec. 2021",2021-12-18 01:15:00,28.1946364677756,5741.90399634007,1.65625
"1748","Dec. 2021",2021-12-18 01:30:00,27.6600432828687,5770.81260756786,1.66666666666667
"1749","Dec. 2021",2021-12-18 01:45:00,27.0640633002141,5808.82322399775,1.67708333333333
"1750","Dec. 2021",2021-12-18 02:00:00,28.2998197131898,5779.53295365061,1.6875
"1751","Dec. 2021",2021-12-18 02:15:00,29.0422955317654,5831.01905532193,1.69791666666667
"1752","Dec. 2021",2021-12-18 02:30:00,27.8683680921543,5830.72753794526,1.70833333333333
"1753","Dec. 2021",2021-12-18 02:45:00,28.1623168904518,5845.2732644793,1.71875
"1754","Dec. 2021",2021-12-18 03:00:00,28.8904749515432,5837.5755237716,1.72916666666667
"1755","Dec. 2021",2021-12-18 03:15:00,27.9809094451233,5881.79451733946,1.73958333333333
"1756","Dec. 2021",2021-12-18 03:30:00,28.9642776622649,5858.51334891778,1.75
"1757","Dec. 2021",2021-12-18 03:45:00,28.7963257591325,5805.94362912173,1.76041666666667
"1758","Dec. 2021",2021-12-18 04:00:00,30.8352987967678,5700.34953403445,1.77083333333333
"1759","Dec. 2021",2021-12-18 04:15:00,31.0481916671237,5632.19740789879,1.78125
"1760","Dec. 2021",2021-12-18 04:30:00,31.1463970656366,5630.86689835103,1.79166666666667
"1761","Dec. 2021",2021-12-18 04:45:00,30.6316911981161,5689.27196501799,1.80208333333333
"1762","Dec. 2021",2021-12-18 05:00:00,31.1164901433062,5695.37009772536,1.8125
"1763","Dec. 2021",2021-12-18 05:15:00,29.5585157219998,5732.39133704738,1.82291666666667
"1764","Dec. 2021",2021-12-18 05:30:00,30.95441802886,5752.883108388,1.83333333333333
"1765","Dec. 2021",2021-12-18 05:45:00,30.3066452894483,5744.29602667091,1.84375
"1766","Dec. 2021",2021-12-18 06:00:00,30.6571009216854,5750.1355151604,1.85416666666667
"1767","Dec. 2021",2021-12-18 06:15:00,29.4424380718975,5749.0310535762,1.86458333333333
"1768","Dec. 2021",2021-12-18 06:30:00,31.244775549012,5792.12166029077,1.875
"1769","Dec. 2021",2021-12-18 06:45:00,32.7324356983832,5768.19023519331,1.88541666666667
"1770","Dec. 2021",2021-12-18 07:00:00,32.0119926114398,5752.29979230921,1.89583333333333
"1771","Dec. 2021",2021-12-18 07:15:00,32.0771193459016,5729.4722341607,1.90625
"1772","Dec. 2021",2021-12-18 07:30:00,31.7565417172388,5684.45672212049,1.91666666666667
"1773","Dec. 2021",2021-12-18 07:45:00,31.8386812313528,5647.43242872952,1.92708333333333
"1774","Dec. 2021",2021-12-18 08:00:00,31.7824677506597,5625.1424138584,1.9375
"1775","Dec. 2021",2021-12-18 08:15:00,33.1999652693884,5573.19306698684,1.94791666666667
"1776","Dec. 2021",2021-12-18 08:30:00,33.8141444568152,5468.8481861649,1.95833333333333
"1777","Dec. 2021",2021-12-18 08:45:00,32.8115683758244,5329.26567942469,1.96875
"1778","Dec. 2021",2021-12-18 09:00:00,33.0275221954359,5270.55566128958,1.97916666666667
"1779","Dec. 2021",2021-12-18 09:15:00,35.5375648004001,5183.02521789482,1.98958333333333
"1780","Dec. 2021",2021-12-18 09:30:00,34.245074570497,5116.85622944496,2
"1781","Dec. 2021",2021-12-18 09:45:00,35.9850599558446,5029.4303617295,2.01041666666667
"1782","Dec. 2021",2021-12-18 10:00:00,35.9989490910816,4939.88559178545,2.02083333333333
"1783","Dec. 2021",2021-12-18 10:15:00,35.2806187746981,4889.50208597974,2.03125
"1784","Dec. 2021",2021-12-18 10:30:00,36.4542801181172,4879.90885122578,2.04166666666667
"1785","Dec. 2021",2021-12-18 10:45:00,36.235514934262,4904.63203636348,2.05208333333333
"1786","Dec. 2021",2021-12-18 11:00:00,37.5494699017731,4855.34447153418,2.0625
"1787","Dec. 2021",2021-12-18 11:15:00,38.2208513204664,4760.06940600235,2.07291666666667
"1788","Dec. 2021",2021-12-18 11:30:00,39.7784668862854,4650.43859979971,2.08333333333333
"1789","Dec. 2021",2021-12-18 11:45:00,39.949817061535,4511.33120139245,2.09375
"1790","Dec. 2021",2021-12-18 12:00:00,40.6194394803892,4448.22322395277,2.10416666666667
"1791","Dec. 2021",2021-12-18 12:15:00,41.0559493847631,4430.29021509311,2.11458333333333
"1792","Dec. 2021",2021-12-18 12:30:00,43.4148297830066,4409.16591581741,2.125
"1793","Dec. 2021",2021-12-18 12:45:00,41.7204831665289,4380.11266302503,2.13541666666667
"1794","Dec. 2021",2021-12-18 13:00:00,43.0158773557562,4381.58097228045,2.14583333333333
"1795","Dec. 2021",2021-12-18 13:15:00,43.2611509631164,4353.04138108595,2.15625
"1796","Dec. 2021",2021-12-18 13:30:00,42.1330799260796,4283.24393231554,2.16666666666667
"1797","Dec. 2021",2021-12-18 13:45:00,42.0876874331311,4249.16398476661,2.17708333333333
"1798","Dec. 2021",2021-12-18 14:00:00,43.8724762635197,4235.99370913222,2.1875
"1799","Dec. 2021",2021-12-18 14:15:00,43.9498629030121,4169.84775909564,2.19791666666667
"1800","Dec. 2021",2021-12-18 14:30:00,46.0989002429459,4102.21579857948,2.20833333333333
"1801","Dec. 2021",2021-12-18 14:45:00,46.3481754781583,4041.69682130421,2.21875
"1802","Dec. 2021",2021-12-18 15:00:00,46.4119360452282,4004.9124704988,2.22916666666667
"1803","Dec. 2021",2021-12-18 15:15:00,46.6248115490513,3983.63808657947,2.23958333333333
"1804","Dec. 2021",2021-12-18 15:30:00,45.9137392699549,4006.77647670509,2.25
"1805","Dec. 2021",2021-12-18 15:45:00,46.8649222466132,3962.0820826352,2.26041666666667
"1806","Dec. 2021",2021-12-18 16:00:00,46.6301401440944,3916.70868760445,2.27083333333333
"1807","Dec. 2021",2021-12-18 16:15:00,47.8373928994645,3878.83291671221,2.28125
"1808","Dec. 2021",2021-12-18 16:30:00,46.1412790281774,3871.12835400002,2.29166666666667
"1809","Dec. 2021",2021-12-18 16:45:00,46.4172515525691,3862.83854692106,2.30208333333333
"1810","Dec. 2021",2021-12-18 17:00:00,46.9290636658166,3928.12973417665,2.3125
"1811","Dec. 2021",2021-12-18 17:15:00,46.2260994196118,3956.42583230028,2.32291666666667
"1812","Dec. 2021",2021-12-18 17:30:00,44.6756882441657,3999.9072354082,2.33333333333333
"1813","Dec. 2021",2021-12-18 17:45:00,43.6510425727559,4057.8890033165,2.34375
"1814","Dec. 2021",2021-12-18 18:00:00,44.3742111103639,4152.83348588052,2.35416666666667
"1815","Dec. 2021",2021-12-18 18:15:00,43.6459001502773,4210.33626234189,2.36458333333333
"1816","Dec. 2021",2021-12-18 18:30:00,43.3379535638995,4253.3841665887,2.375
"1817","Dec. 2021",2021-12-18 18:45:00,42.6849376271139,4326.03561903044,2.38541666666667
"1818","Dec. 2021",2021-12-18 19:00:00,43.7900116584808,4346.13101273789,2.39583333333333
"1819","Dec. 2021",2021-12-18 19:15:00,41.9265065409621,4434.53207384865,2.40625
"1820","Dec. 2021",2021-12-18 19:30:00,40.9316832250655,4483.82344986318,2.41666666666667
"1821","Dec. 2021",2021-12-18 19:45:00,40.0920965557179,4563.68777734912,2.42708333333333
"1822","Dec. 2021",2021-12-18 20:00:00,38.5229327915808,4562.73949978317,2.4375
"1823","Dec. 2021",2021-12-18 20:15:00,38.5661932978421,4657.5562784079,2.44791666666667
"1824","Dec. 2021",2021-12-18 20:30:00,37.7392717866258,4694.2633872623,2.45833333333333
"1825","Dec. 2021",2021-12-18 20:45:00,36.4123329627712,4789.56093750422,2.46875
"1826","Dec. 2021",2021-12-18 21:00:00,36.9080593337703,4826.16098487443,2.47916666666667
"1827","Dec. 2021",2021-12-18 21:15:00,35.8832962753911,4869.8608927386,2.48958333333333
"1828","Dec. 2021",2021-12-18 21:30:00,34.9244395757623,4914.32429274342,2.5
"1829","Dec. 2021",2021-12-18 21:45:00,33.6087257215597,4951.04946513315,2.51041666666667
"1830","Dec. 2021",2021-12-18 22:00:00,33.5998101774438,4965.12334799061,2.52083333333333
"1831","Dec. 2021",2021-12-18 22:15:00,33.2221093469737,5024.97980022693,2.53125
"1832","Dec. 2021",2021-12-18 22:30:00,32.1249257397088,5039.83600784731,2.54166666666667
"1833","Dec. 2021",2021-12-18 22:45:00,32.6139354516995,5121.08900144708,2.55208333333333
"1834","Dec. 2021",2021-12-18 23:00:00,32.3121851496929,5141.948935608,2.5625
"1835","Dec. 2021",2021-12-18 23:15:00,32.1597188927484,5098.0444953066,2.57291666666667
"1836","Dec. 2021",2021-12-18 23:30:00,32.2555080371495,5193.56017664184,2.58333333333333
"1837","Dec. 2021",2021-12-18 23:45:00,33.5240808940531,5156.30804687165,2.59375
"1838","Dec. 2021",2021-12-19,33.9798749741232,5118.94936267828,2.60416666666667
"1839","Dec. 2021",2021-12-19 00:15:00,33.5552520884158,5111.15173438721,2.61458333333333
"1840","Dec. 2021",2021-12-19 00:30:00,33.0010366627465,5118.3589816285,2.625
"1841","Dec. 2021",2021-12-19 00:45:00,33.3595852014472,5140.89198874108,2.63541666666667
"1842","Dec. 2021",2021-12-19 01:00:00,33.1955374354489,5133.93873660832,2.64583333333333
"1843","Dec. 2021",2021-12-19 01:15:00,33.8141444568149,5141.15254500812,2.65625
"1844","Dec. 2021",2021-12-19 01:30:00,33.3329524321075,5117.97634012257,2.66666666666667
"1845","Dec. 2021",2021-12-19 01:45:00,33.3107674554529,5088.11769225925,2.67708333333333
"1846","Dec. 2021",2021-12-19 02:00:00,34.330720280029,5058.06949936496,2.6875
"1847","Dec. 2021",2021-12-19 02:15:00,33.1291591894653,5057.9349675683,2.69791666666667
"1848","Dec. 2021",2021-12-19 02:30:00,33.9978186165945,5028.25103030171,2.70833333333333
"1849","Dec. 2021",2021-12-19 02:45:00,34.5430881950515,5035.08825867155,2.71875
"1850","Dec. 2021",2021-12-19 03:00:00,34.4887978892903,5026.70644407814,2.72916666666667
"1851","Dec. 2021",2021-12-19 03:15:00,35.1205485627779,5041.59567388172,2.73958333333333
"1852","Dec. 2021",2021-12-19 03:30:00,36.9221428213852,5003.19051576562,2.75
"1853","Dec. 2021",2021-12-19 03:45:00,39.2376932860518,4897.32482348908,2.76041666666667
"1854","Dec. 2021",2021-12-19 04:00:00,39.4223691709592,4829.45924782587,2.77083333333333
"1855","Dec. 2021",2021-12-19 04:15:00,39.8029209433081,4842.38685540295,2.78125
"1856","Dec. 2021",2021-12-19 04:30:00,42.9037122239831,4722.70720411614,2.79166666666667
"1857","Dec. 2021",2021-12-19 04:45:00,42.5986122128335,4660.93227336264,2.80208333333333
"1858","Dec. 2021",2021-12-19 05:00:00,44.0428240465924,4651.6557338263,2.8125
"1859","Dec. 2021",2021-12-19 05:15:00,45.2033014801295,4724.80455042074,2.82291666666667
"1860","Dec. 2021",2021-12-19 05:30:00,44.9730398699486,4781.68397869411,2.83333333333333
"1861","Dec. 2021",2021-12-19 05:45:00,44.8790245119565,4847.28550564797,2.84375
"1862","Dec. 2021",2021-12-19 06:00:00,44.2705086882111,4867.89818776959,2.85416666666667
"1863","Dec. 2021",2021-12-19 06:15:00,45.3921685002833,4938.0382249827,2.86458333333333
"1864","Dec. 2021",2021-12-19 06:30:00,47.1485690094732,4960.54338908722,2.875
"1865","Dec. 2021",2021-12-19 06:45:00,46.2260994196118,4989.26309850588,2.88541666666667
"1866","Dec. 2021",2021-12-19 07:00:00,46.2738476989554,4995.6825573224,2.89583333333333
"1867","Dec. 2021",2021-12-19 07:15:00,50.852605934355,4979.84475424519,2.90625
"1868","Dec. 2021",2021-12-19 07:30:00,48.8260444700191,4904.00724214263,2.91666666666667
"1869","Dec. 2021",2021-12-19 07:45:00,49.1982119078218,4882.65787654528,2.92708333333333
"1870","Dec. 2021",2021-12-19 08:00:00,48.8478947915961,4817.50455166822,2.9375
"1871","Dec. 2021",2021-12-19 08:15:00,49.2750224241311,4767.132105155,2.94791666666667
"1872","Dec. 2021",2021-12-19 08:30:00,48.9736357339502,4731.24151567029,2.95833333333333
"1873","Dec. 2021",2021-12-19 08:45:00,47.7779865480089,4696.0045417974,2.96875
"1874","Dec. 2021",2021-12-19 09:00:00,48.9189444914977,4624.70940201136,2.97916666666667
"1875","Dec. 2021",2021-12-19 09:15:00,47.4062497585144,4569.0200093748,2.98958333333333
"1876","Dec. 2021",2021-12-19 09:30:00,48.1838151155173,4491.41722424703,3
"1877","Dec. 2021",2021-12-19 09:45:00,44.2083500558902,4457.60810395767,3.01041666666667
"1878","Dec. 2021",2021-12-19 10:00:00,44.5248120927952,4387.15352844492,3.02083333333333
"1879","Dec. 2021",2021-12-19 10:15:00,43.3174656721206,4335.96437082644,3.03125
"1880","Dec. 2021",2021-12-19 10:30:00,43.169085018367,4294.91049350854,3.04166666666667
"1881","Dec. 2021",2021-12-19 10:45:00,42.4313092836754,4269.41079437519,3.05208333333333
"1882","Dec. 2021",2021-12-19 11:00:00,41.5300257891775,4244.06844521156,3.0625
"1883","Dec. 2021",2021-12-19 11:15:00,41.5450447203068,4217.92135209492,3.07291666666667
"1884","Dec. 2021",2021-12-19 11:30:00,42.1734510577945,4177.39545971759,3.08333333333333
"1885","Dec. 2021",2021-12-19 11:45:00,41.0310797931957,4113.68207444393,3.09375
"1886","Dec. 2021",2021-12-19 12:00:00,41.3550225090527,4033.36077990227,3.10416666666667
"1887","Dec. 2021",2021-12-19 12:15:00,43.466121494814,3975.81063762344,3.11458333333333
"1888","Dec. 2021",2021-12-19 12:30:00,40.8969253459162,3925.14344735476,3.125
"1889","Dec. 2021",2021-12-19 12:45:00,41.0360530571243,3959.62076924148,3.13541666666667
"1890","Dec. 2021",2021-12-19 13:00:00,40.5502283383595,3996.75274911725,3.14583333333333
"1891","Dec. 2021",2021-12-19 13:15:00,40.7778771901778,3973.91586660932,3.15625
"1892","Dec. 2021",2021-12-19 13:30:00,40.2543355257034,3978.98435232285,3.16666666666667
"1893","Dec. 2021",2021-12-19 13:45:00,40.5551698646102,3922.04807412923,3.17708333333333
"1894","Dec. 2021",2021-12-19 14:00:00,39.1552280895335,3863.3398179713,3.1875
"1895","Dec. 2021",2021-12-19 14:15:00,39.3348322255537,3817.75819637722,3.19791666666667
"1896","Dec. 2021",2021-12-19 14:30:00,37.5257814753295,3750.28626980988,3.20833333333333
"1897","Dec. 2021",2021-12-19 14:45:00,37.8819667524481,3742.7229316073,3.21875
"1898","Dec. 2021",2021-12-19 15:00:00,36.3238648902604,3750.51166057856,3.22916666666667
"1899","Dec. 2021",2021-12-19 15:15:00,35.7586209236186,3788.32766704235,3.23958333333333
"1900","Dec. 2021",2021-12-19 15:30:00,36.4775955450483,3758.45995412888,3.25
"1901","Dec. 2021",2021-12-19 15:45:00,35.3814394862084,3779.9469859294,3.26041666666667
"1902","Dec. 2021",2021-12-19 16:00:00,35.5651555895408,3801.79731302459,3.27083333333333
"1903","Dec. 2021",2021-12-19 16:15:00,33.890235287979,3815.81299019131,3.28125
"1904","Dec. 2021",2021-12-19 16:30:00,33.372906003217,3837.86440709489,3.29166666666667
"1905","Dec. 2021",2021-12-19 16:45:00,33.8857567391938,3891.81717712828,3.30208333333333
"1906","Dec. 2021",2021-12-19 17:00:00,33.129159189465,3884.14009823749,3.3125
"1907","Dec. 2021",2021-12-19 17:15:00,32.881997529924,3928.46842137366,3.32291666666667
"1908","Dec. 2021",2021-12-19 17:30:00,33.3951138833501,3972.30900148733,3.33333333333333
"1909","Dec. 2021",2021-12-19 17:45:00,31.9339377062749,3963.79795522693,3.34375
"1910","Dec. 2021",2021-12-19 18:00:00,32.438817968709,4007.44495840154,3.35416666666667
"1911","Dec. 2021",2021-12-19 18:15:00,32.1684204529331,4050.35354423886,3.36458333333333
"1912","Dec. 2021",2021-12-19 18:30:00,30.6486297050586,4122.61532606812,3.375
"1913","Dec. 2021",2021-12-19 18:45:00,30.6825224241872,4217.02986612365,3.38541666666667
"1914","Dec. 2021",2021-12-19 19:00:00,31.103677798767,4296.68945689309,3.39583333333333
"1915","Dec. 2021",2021-12-19 19:15:00,30.2057288363313,4352.77502321301,3.40625
"1916","Dec. 2021",2021-12-19 19:30:00,30.2813985077711,4425.88374488483,3.41666666666667
"1917","Dec. 2021",2021-12-19 19:45:00,29.405181876211,4474.63246703274,3.42708333333333
"1918","Dec. 2021",2021-12-19 20:00:00,29.5875752156131,4545.44483269454,3.4375
"1919","Dec. 2021",2021-12-19 20:15:00,29.4217369134792,4638.5917912215,3.44791666666667
"1920","Dec. 2021",2021-12-19 20:30:00,28.1582784156523,4643.42265006677,3.45833333333333
"1921","Dec. 2021",2021-12-19 20:45:00,28.6941859959584,4736.25023061509,3.46875
"1922","Dec. 2021",2021-12-19 21:00:00,28.6493092842876,4755.58526207366,3.47916666666667
"1923","Dec. 2021",2021-12-19 21:15:00,28.4255195804207,4805.34950891878,3.48958333333333
"1924","Dec. 2021",2021-12-19 21:30:00,28.3971082552584,4884.59927936866,3.5
"1925","Dec. 2021",2021-12-19 21:45:00,28.0533929154634,4875.19799974234,3.51041666666667
"1926","Dec. 2021",2021-12-19 22:00:00,28.2755270250026,4940.09419708826,3.52083333333333
"1927","Dec. 2021",2021-12-19 22:15:00,27.3492149351943,4952.81434904295,3.53125
"1928","Dec. 2021",2021-12-19 22:30:00,27.2817345033045,5033.61673876802,3.54166666666667
"1929","Dec. 2021",2021-12-19 22:45:00,26.187771967855,5092.18365848979,3.55208333333333
"1930","Dec. 2021",2021-12-19 23:00:00,27.612093968821,5091.68138942336,3.5625
"1931","Dec. 2021",2021-12-19 23:15:00,26.0446072666713,5112.83062768024,3.57291666666667
"1932","Dec. 2021",2021-12-19 23:30:00,26.6708332187136,5133.87029082494,3.58333333333333
"1933","Dec. 2021",2021-12-19 23:45:00,27.0759107539087,5161.73053923475,3.59375
"1934","Dec. 2021",2021-12-20,25.2595134471162,5212.32803274599,3.60416666666667
"1935","Dec. 2021",2021-12-20 00:15:00,24.7950572835997,5249.4277088235,3.61458333333333
"1936","Dec. 2021",2021-12-20 00:30:00,25.1382029309144,5272.15008854576,3.625
"1937","Dec. 2021",2021-12-20 00:45:00,24.4769840243304,5324.19019133265,3.63541666666667
"1938","Dec. 2021",2021-12-20 01:00:00,25.5375070276674,5360.80940559122,3.64583333333333
"1939","Dec. 2021",2021-12-20 01:15:00,25.1079276526729,5345.4919137,3.65625
"1940","Dec. 2021",2021-12-20 01:30:00,24.3206910364119,5338.29266207961,3.66666666666667
"1941","Dec. 2021",2021-12-20 01:45:00,24.3950442863919,5337.88781467376,3.67708333333333
"1942","Dec. 2021",2021-12-20 02:00:00,24.2464686634536,5359.44341507529,3.6875
"1943","Dec. 2021",2021-12-20 02:15:00,24.3466997866435,5394.6042005396,3.69791666666667
"1944","Dec. 2021",2021-12-20 02:30:00,24.6114088208931,5423.83104976667,3.70833333333333
"1945","Dec. 2021",2021-12-20 02:45:00,24.6937660565317,5438.19029733291,3.71875
"1946","Dec. 2021",2021-12-20 03:00:00,23.8809952450551,5422.65889623979,3.72916666666667
"1947","Dec. 2021",2021-12-20 03:15:00,23.5405929059318,5503.3228305758,3.73958333333333
"1948","Dec. 2021",2021-12-20 03:30:00,24.1205909921899,5503.56567467868,3.75
"1949","Dec. 2021",2021-12-20 03:45:00,23.6062563746584,5510.68040830342,3.76041666666667
"1950","Dec. 2021",2021-12-20 04:00:00,23.74522738596,5525.28933533381,3.77083333333333
"1951","Dec. 2021",2021-12-20 04:15:00,22.8897887899925,5539.43130631208,3.78125
"1952","Dec. 2021",2021-12-20 04:30:00,23.3877904081887,5538.64685658535,3.79166666666667
"1953","Dec. 2021",2021-12-20 04:45:00,23.7928785646846,5546.55444364684,3.80208333333333
"1954","Dec. 2021",2021-12-20 05:00:00,24.0541029982248,5529.11610966302,3.8125
"1955","Dec. 2021",2021-12-20 05:15:00,23.0442949164632,5566.26881809152,3.82291666666667
"1956","Dec. 2021",2021-12-20 05:30:00,22.8467787747532,5527.04213721169,3.83333333333333
"1957","Dec. 2021",2021-12-20 05:45:00,23.5624689499087,5548.93935543818,3.84375
"1958","Dec. 2021",2021-12-20 06:00:00,22.7609000914581,5554.77214665137,3.85416666666667
"1959","Dec. 2021",2021-12-20 06:15:00,23.5405929059318,5560.49514274254,3.86458333333333
"1960","Dec. 2021",2021-12-20 06:30:00,23.1777262935239,5551.9450337305,3.875
"1961","Dec. 2021",2021-12-20 06:45:00,22.6573814632881,5557.62268288962,3.88541666666667
"1962","Dec. 2021",2021-12-20 07:00:00,23.5041590080411,5556.36717362727,3.89583333333333
"1963","Dec. 2021",2021-12-20 07:15:00,24.1390786929744,5533.29874858962,3.90625
"1964","Dec. 2021",2021-12-20 07:30:00,23.4422964723189,5523.82158334744,3.91666666666667
"1965","Dec. 2021",2021-12-20 07:45:00,22.5683621215649,5508.7811822047,3.92708333333333
"1966","Dec. 2021",2021-12-20 08:00:00,23.2355650781119,5443.01723480552,3.9375
"1967","Dec. 2021",2021-12-20 08:15:00,22.8431967335681,5436.88147868422,3.94791666666667
"1968","Dec. 2021",2021-12-20 08:30:00,23.3551221065062,5423.15818741209,3.95833333333333
"1969","Dec. 2021",2021-12-20 08:45:00,23.888346808759,5380.3118064941,3.96875
"1970","Dec. 2021",2021-12-20 09:00:00,22.3131289738022,5322.64045447242,3.97916666666667
"1971","Dec. 2021",2021-12-20 09:15:00,23.2645158808918,5360.59863090541,3.98958333333333
"1972","Dec. 2021",2021-12-20 09:30:00,22.9579843389956,5288.48785014685,4
"1973","Dec. 2021",2021-12-20 09:45:00,23.1705023349163,5260.95985290867,4.01041666666667
"1974","Dec. 2021",2021-12-20 10:00:00,23.0083092723727,5248.4263713878,4.02083333333333
"1975","Dec. 2021",2021-12-20 10:15:00,23.1307939568424,5236.52268540282,4.03125
"1976","Dec. 2021",2021-12-20 10:30:00,24.1205909921896,5187.55146814446,4.04166666666667
"1977","Dec. 2021",2021-12-20 10:45:00,23.9914061214874,5160.41505314784,4.05208333333333
"1978","Dec. 2021",2021-12-20 11:00:00,23.5478836118205,5124.89221342992,4.0625
"1979","Dec. 2021",2021-12-20 11:15:00,23.8002144231459,5074.69657269439,4.07291666666667
"1980","Dec. 2021",2021-12-20 11:30:00,23.094729786539,5061.15254187825,4.08333333333333
"1981","Dec. 2021",2021-12-20 11:45:00,23.2971105642487,4988.79632339037,4.09375
"1982","Dec. 2021",2021-12-20 12:00:00,24.2279335197484,4982.97460773249,4.10416666666667
"1983","Dec. 2021",2021-12-20 12:15:00,23.8112206647819,4999.57001918906,4.11458333333333
"1984","Dec. 2021",2021-12-20 12:30:00,23.9140875882885,4964.0311155127,4.125
"1985","Dec. 2021",2021-12-20 12:45:00,25.221567919622,4900.56271990161,4.13541666666667
"1986","Dec. 2021",2021-12-20 13:00:00,24.3392670791857,4881.3260513704,4.14583333333333
"1987","Dec. 2021",2021-12-20 13:15:00,24.8100836772515,4796.05368171131,4.15625
"1988","Dec. 2021",2021-12-20 13:30:00,23.4713964749036,4702.99949835378,4.16666666666667
"1989","Dec. 2021",2021-12-20 13:45:00,26.0948573358595,4713.24892398758,4.17708333333333
"1990","Dec. 2021",2021-12-20 14:00:00,25.0663333367129,4733.12865167645,4.1875
"1991","Dec. 2021",2021-12-20 14:15:00,25.1798656301189,4731.39911281027,4.19791666666667
"1992","Dec. 2021",2021-12-20 14:30:00,24.4918991725139,4699.17342822735,4.20833333333333
"1993","Dec. 2021",2021-12-20 14:45:00,25.3355026598706,4666.76459273499,4.21875
"1994","Dec. 2021",2021-12-20 15:00:00,24.7725275088979,4701.81782527313,4.22916666666667
"1995","Dec. 2021",2021-12-20 15:15:00,24.8589556113986,4715.18371638531,4.23958333333333
"1996","Dec. 2021",2021-12-20 15:30:00,24.1760786339847,4628.65551547082,4.25
"1997","Dec. 2021",2021-12-20 15:45:00,24.5814999983131,4607.01904786407,4.26041666666667
"1998","Dec. 2021",2021-12-20 16:00:00,24.2835634903049,4621.5016000739,4.27083333333333
"1999","Dec. 2021",2021-12-20 16:15:00,23.4641195111019,4621.56150318693,4.28125
"2000","Dec. 2021",2021-12-20 16:30:00,23.026298004511,4622.33092824085,4.29166666666667
"2001","Dec. 2021",2021-12-20 16:45:00,22.81455218302,4599.31159324678,4.30208333333333
"2002","Dec. 2021",2021-12-20 17:00:00,23.2428008156517,4606.14051438206,4.3125
"2003","Dec. 2021",2021-12-20 17:15:00,23.2789991349028,4619.99112210455,4.32291666666667
"2004","Dec. 2021",2021-12-20 17:30:00,23.3152301734092,4581.48485823142,4.33333333333333
"2005","Dec. 2021",2021-12-20 17:45:00,22.5541380040571,4670.0664974696,4.34375
"2006","Dec. 2021",2021-12-20 18:00:00,22.3095960115008,4661.59355156861,4.35416666666667
"2007","Dec. 2021",2021-12-20 18:15:00,22.5150486742969,4704.93481229832,4.36458333333333
"2008","Dec. 2021",2021-12-20 18:30:00,21.8042653303176,4784.93672087788,4.375
"2009","Dec. 2021",2021-12-20 18:45:00,21.7346171092765,4819.92146801812,4.38541666666667
"2010","Dec. 2021",2021-12-20 19:00:00,21.7311381337462,4884.57681173412,4.39583333333333
"2011","Dec. 2021",2021-12-20 19:15:00,21.6026460554942,4955.56874064179,4.40625
"2012","Dec. 2021",2021-12-20 19:30:00,21.6269210123775,5035.68422399347,4.41666666666667
"2013","Dec. 2021",2021-12-20 19:45:00,20.4462334339017,5046.15733916426,4.42708333333333
"2014","Dec. 2021",2021-12-20 20:00:00,20.4831668919178,5057.28407236862,4.4375
"2015","Dec. 2021",2021-12-20 20:15:00,20.4730902043299,5120.31240480871,4.44791666666667
"2016","Dec. 2021",2021-12-20 20:30:00,20.429458586142,5117.14279649796,4.45833333333333
"2017","Dec. 2021",2021-12-20 20:45:00,19.5913298729185,5158.53815480628,4.46875
"2018","Dec. 2021",2021-12-20 21:00:00,19.5031220945427,5215.28127189666,4.47916666666667
"2019","Dec. 2021",2021-12-20 21:15:00,19.8837778140519,5234.66710027447,4.48958333333333
"2020","Dec. 2021",2021-12-20 21:30:00,19.7684609997878,5239.63171954927,4.5
"2021","Dec. 2021",2021-12-20 21:45:00,18.6309890642022,5289.19316890806,4.51041666666667
"2022","Dec. 2021",2021-12-20 22:00:00,19.6502675714872,5384.28555615619,4.52083333333333
"2023","Dec. 2021",2021-12-20 22:15:00,19.6076908220963,5412.72863462635,4.53125
"2024","Dec. 2021",2021-12-20 22:30:00,19.6764961322101,5463.29329105893,4.54166666666667
"2025","Dec. 2021",2021-12-20 22:45:00,19.1236446583295,5477.41571129684,4.55208333333333
"2026","Dec. 2021",2021-12-20 23:00:00,19.2269883769576,5528.26728481993,4.5625
"2027","Dec. 2021",2021-12-20 23:15:00,19.2464026241516,5534.86159568909,4.57291666666667
"2028","Dec. 2021",2021-12-20 23:30:00,18.8603556773465,5549.46530123354,4.58333333333333
"2029","Dec. 2021",2021-12-20 23:45:00,18.7550187645797,5602.87396596049,4.59375
"2030","Dec. 2021",2021-12-21,19.3533915321279,5654.27901275449,4.60416666666667
"2031","Dec. 2021",2021-12-21 00:15:00,19.0527902041504,5661.93270831236,4.61458333333333
"2032","Dec. 2021",2021-12-21 00:30:00,18.1679655506601,5729.01295343825,4.625
"2033","Dec. 2021",2021-12-21 00:45:00,18.0930412741022,5670.49068117122,4.63541666666667
"2034","Dec. 2021",2021-12-21 01:00:00,18.4632335770874,5685.430772251,4.64583333333333
"2035","Dec. 2021",2021-12-21 01:15:00,17.9779022512071,5759.19310567588,4.65625
"2036","Dec. 2021",2021-12-21 01:30:00,18.4285315722957,5751.74260169705,4.66666666666667
"2037","Dec. 2021",2021-12-21 01:45:00,19.1946574737053,5759.48715054475,4.67708333333333
"2038","Dec. 2021",2021-12-21 02:00:00,18.0463093050759,5818.409888942,4.6875
"2039","Dec. 2021",2021-12-21 02:15:00,18.1429698514838,5840.98888111265,4.69791666666667
"2040","Dec. 2021",2021-12-21 02:30:00,17.736644202091,5804.528306689,4.70833333333333
"2041","Dec. 2021",2021-12-21 02:45:00,17.7428054392803,5812.15902163485,4.71875
"2042","Dec. 2021",2021-12-21 03:00:00,17.6812519620469,5849.16664704463,4.72916666666667
"2043","Dec. 2021",2021-12-21 03:15:00,17.6997042631296,5893.57521241216,4.73958333333333
"2044","Dec. 2021",2021-12-21 03:30:00,18.3152381796969,5870.90872422268,4.75
"2045","Dec. 2021",2021-12-21 03:45:00,18.1117546748437,5855.73789797568,4.76041666666667
"2046","Dec. 2021",2021-12-21 04:00:00,17.9251507193677,5839.77574776695,4.77083333333333
"2047","Dec. 2021",2021-12-21 04:15:00,17.4028361266336,5837.601649751,4.78125
"2048","Dec. 2021",2021-12-21 04:30:00,17.2449578654593,5858.5900905154,4.79166666666667
"2049","Dec. 2021",2021-12-21 04:45:00,17.7181683431444,5871.67128374775,4.80208333333333
"2050","Dec. 2021",2021-12-21 05:00:00,17.0278177837061,5796.2002211377,4.8125
"2051","Dec. 2021",2021-12-21 05:15:00,17.6136943000506,5861.02944093435,4.82291666666667
"2052","Dec. 2021",2021-12-21 05:30:00,17.4546420719893,5889.06552936576,4.83333333333333
"2053","Dec. 2021",2021-12-21 05:45:00,16.6222921074464,5895.09762121118,4.84375
"2054","Dec. 2021",2021-12-21 06:00:00,16.9198838051562,5886.68663780998,4.85416666666667
"2055","Dec. 2021",2021-12-21 06:15:00,16.7944967715863,5885.6549736684,4.86458333333333
"2056","Dec. 2021",2021-12-21 06:30:00,15.7949728415823,5920.9051672771,4.875
"2057","Dec. 2021",2021-12-21 06:45:00,15.9444802084326,5898.098963404,4.88541666666667
"2058","Dec. 2021",2021-12-21 07:00:00,16.374843625434,5875.21883289559,4.89583333333333
"2059","Dec. 2021",2021-12-21 07:15:00,16.16167408824,5881.87202629152,4.90625
"2060","Dec. 2021",2021-12-21 07:30:00,16.199508181548,5903.43637740217,4.91666666666667
"2061","Dec. 2021",2021-12-21 07:45:00,16.0600879095416,5880.99859333455,4.92708333333333
"2062","Dec. 2021",2021-12-21 08:00:00,16.8810118570642,5851.99860918741,4.9375
"2063","Dec. 2021",2021-12-21 08:15:00,16.5336526236154,5897.213128348,4.94791666666667
"2064","Dec. 2021",2021-12-21 08:30:00,16.1791291064156,5936.5551968933,4.95833333333333
"2065","Dec. 2021",2021-12-21 08:45:00,17.4576924252728,5821.3296593202,4.96875
"2066","Dec. 2021",2021-12-21 09:00:00,17.1965579316941,5823.47805392271,4.97916666666667
"2067","Dec. 2021",2021-12-21 09:15:00,17.3693650202333,5907.069442456,4.98958333333333
"2068","Dec. 2021",2021-12-21 09:30:00,16.8153545294267,5895.65930288758,5
"2069","Dec. 2021",2021-12-21 09:45:00,18.1804712528692,5870.73113577884,5.01041666666667
"2070","Dec. 2021",2021-12-21 10:00:00,17.789056435251,5838.76821097335,5.02083333333333
"2071","Dec. 2021",2021-12-21 10:15:00,17.5707855131223,5746.77739989412,5.03125
"2072","Dec. 2021",2021-12-21 10:30:00,18.1304798545171,5698.30469219679,5.04166666666667
"2073","Dec. 2021",2021-12-21 10:45:00,17.332896238551,5619.4417979923,5.05208333333333
"2074","Dec. 2021",2021-12-21 11:00:00,16.8481633980958,5613.45289677285,5.0625
"2075","Dec. 2021",2021-12-21 11:15:00,16.3777758622051,5659.7654387267,5.07291666666667
"2076","Dec. 2021",2021-12-21 11:30:00,16.7231061746211,5677.32277321807,5.08333333333333
"2077","Dec. 2021",2021-12-21 11:45:00,16.6341329543842,5644.6529025908,5.09375
"2078","Dec. 2021",2021-12-21 12:00:00,15.5638487889934,5627.62657950716,5.10416666666667
"2079","Dec. 2021",2021-12-21 12:15:00,15.7291267867466,5569.61937612538,5.11458333333333
"2080","Dec. 2021",2021-12-21 12:30:00,16.8959560624793,5603.79052259702,5.125
"2081","Dec. 2021",2021-12-21 12:45:00,16.1616740882402,5629.1289846813,5.13541666666667
"2082","Dec. 2021",2021-12-21 13:00:00,15.7034080549297,5593.42348461676,5.14583333333333
"2083","Dec. 2021",2021-12-21 13:15:00,16.0658820366843,5590.58370152406,5.15625
"2084","Dec. 2021",2021-12-21 13:30:00,15.9704462978207,5619.80471441178,5.16666666666667
"2085","Dec. 2021",2021-12-21 13:45:00,17.1633315653248,5623.92227665096,5.17708333333333
"2086","Dec. 2021",2021-12-21 14:00:00,16.6104564955894,5562.0333851876,5.1875
"2087","Dec. 2021",2021-12-21 14:15:00,15.1778212343693,5555.73881995181,5.19791666666667
"2088","Dec. 2021",2021-12-21 14:30:00,16.3513975101979,5504.51191646957,5.20833333333333
"2089","Dec. 2021",2021-12-21 14:45:00,15.9012622874459,5497.56006096605,5.21875
"2090","Dec. 2021",2021-12-21 15:00:00,15.7520101307881,5505.47269070792,5.22916666666667
"2091","Dec. 2021",2021-12-21 15:15:00,19.0463567427552,5142.94455320934,5.23958333333333
"2092","Dec. 2021",2021-12-21 15:30:00,20.638044847606,4862.14639033738,5.25
"2093","Dec. 2021",2021-12-21 15:45:00,21.1136725858953,4763.14756225108,5.26041666666667
"2094","Dec. 2021",2021-12-21 16:00:00,19.4314254467273,4732.64203687704,5.27083333333333
"2095","Dec. 2021",2021-12-21 16:15:00,19.1849645829844,4852.45367207821,5.28125
"2096","Dec. 2021",2021-12-21 16:30:00,19.6240599510879,4913.43426919009,5.29166666666667
"2097","Dec. 2021",2021-12-21 16:45:00,20.4227509373861,4884.85760659561,5.30208333333333
"2098","Dec. 2021",2021-12-21 17:00:00,19.0302788151374,4908.47432156913,5.3125
"2099","Dec. 2021",2021-12-21 17:15:00,18.277567946953,4909.19482201245,5.32291666666667
"2100","Dec. 2021",2021-12-21 17:30:00,17.9034569845496,4991.28938470167,5.33333333333333
"2101","Dec. 2021",2021-12-21 17:45:00,18.5992667391023,4953.54448661347,5.34375
"2102","Dec. 2021",2021-12-21 18:00:00,17.8632111549195,5012.47317372067,5.35416666666667
"2103","Dec. 2021",2021-12-21 18:15:00,17.4546420719893,5057.7752232099,5.36458333333333
"2104","Dec. 2021",2021-12-21 18:30:00,18.0431964580145,5138.97628367423,5.375
"2105","Dec. 2021",2021-12-21 18:45:00,16.7766314539469,5212.10389372886,5.38541666666667
"2106","Dec. 2021",2021-12-21 19:00:00,16.9678021114809,5254.91316226427,5.39583333333333
"2107","Dec. 2021",2021-12-21 19:15:00,17.0338265491651,5334.7565826057,5.40625
"2108","Dec. 2021",2021-12-21 19:30:00,16.7498555629854,5331.95291658998,5.41666666666667
"2109","Dec. 2021",2021-12-21 19:45:00,16.4982792826067,5440.6542982781,5.42708333333333
"2110","Dec. 2021",2021-12-21 20:00:00,16.097773130237,5475.06296209258,5.4375
"2111","Dec. 2021",2021-12-21 20:15:00,16.0224579843878,5539.09380801372,5.44791666666667
"2112","Dec. 2021",2021-12-21 20:30:00,15.5071115861678,5595.63626515034,5.45833333333333
"2113","Dec. 2021",2021-12-21 20:45:00,15.4787920636381,5616.81294951047,5.46875
"2114","Dec. 2021",2021-12-21 21:00:00,15.8811191181453,5704.29416744688,5.47916666666667
"2115","Dec. 2021",2021-12-21 21:15:00,15.6491999876478,5702.14844945395,5.48958333333333
"2116","Dec. 2021",2021-12-21 21:30:00,15.091323943101,5773.91098470018,5.5
"2117","Dec. 2021",2021-12-21 21:45:00,15.5071115861676,5801.89715323542,5.51041666666667
"2118","Dec. 2021",2021-12-21 22:00:00,15.1136157230036,5815.0941403014,5.52083333333333
"2119","Dec. 2021",2021-12-21 22:15:00,15.7405658412268,5865.49414043862,5.53125
"2120","Dec. 2021",2021-12-21 22:30:00,15.0079162682223,5856.56614830182,5.54166666666667
"2121","Dec. 2021",2021-12-21 22:45:00,15.0968949249213,5854.81644622636,5.55208333333333
"2122","Dec. 2021",2021-12-21 23:00:00,14.6225740435259,5912.56404775997,5.5625
"2123","Dec. 2021",2021-12-21 23:15:00,15.3573909526774,5889.84317493714,5.57291666666667
"2124","Dec. 2021",2021-12-21 23:30:00,14.3647441065186,5896.49649039263,5.58333333333333
"2125","Dec. 2021",2021-12-21 23:45:00,14.9441698080111,5969.11176487929,5.59375
"2126","Dec. 2021",2021-12-22,13.5699304643189,5968.20628478532,5.60416666666667
"2127","Dec. 2021",2021-12-22 00:15:00,14.1873585243257,5989.600270475,5.61458333333333
"2128","Dec. 2021",2021-12-22 00:30:00,13.4016021635245,6018.87905007697,5.625
"2129","Dec. 2021",2021-12-22 00:45:00,14.0034338604488,5966.15660665325,5.63541666666667
"2130","Dec. 2021",2021-12-22 01:00:00,13.8026530036774,5987.21202457196,5.64583333333333
"2131","Dec. 2021",2021-12-22 01:15:00,13.926597130744,6015.8799752359,5.65625
"2132","Dec. 2021",2021-12-22 01:30:00,12.9552816281153,6029.50286445122,5.66666666666667
"2133","Dec. 2021",2021-12-22 01:45:00,13.473943330431,6058.37316884118,5.67708333333333
"2134","Dec. 2021",2021-12-22 02:00:00,13.7501300409586,6065.44454611368,5.6875
"2135","Dec. 2021",2021-12-22 02:15:00,13.6637532823621,6110.34593894175,5.69791666666667
"2136","Dec. 2021",2021-12-22 02:30:00,13.5725309278392,6095.53291716108,5.70833333333333
"2137","Dec. 2021",2021-12-22 02:45:00,13.3397996171875,6080.29316513125,5.71875
"2138","Dec. 2021",2021-12-22 03:00:00,13.3835569528858,6094.35787567463,5.72916666666667
"2139","Dec. 2021",2021-12-22 03:15:00,12.9174918316138,6152.95901805589,5.73958333333333
"2140","Dec. 2021",2021-12-22 03:30:00,13.4248267064953,6190.22826834992,5.75
"2141","Dec. 2021",2021-12-22 03:45:00,12.9099427065124,6233.8588622336,5.76041666666667
"2142","Dec. 2021",2021-12-22 04:00:00,13.921308188906,6262.68103333457,5.77083333333333
"2143","Dec. 2021",2021-12-22 04:15:00,13.0361459094531,6247.36331892288,5.78125
"2144","Dec. 2021",2021-12-22 04:30:00,12.6823519809962,6291.07342791973,5.79166666666667
"2145","Dec. 2021",2021-12-22 04:45:00,13.383556952886,6298.54698840752,5.80208333333333
"2146","Dec. 2021",2021-12-22 05:00:00,12.8045641520583,6291.49401057333,5.8125
"2147","Dec. 2021",2021-12-22 05:15:00,12.5091259221842,6326.77895203319,5.82291666666667
"2148","Dec. 2021",2021-12-22 05:30:00,12.9729420603093,6354.97276283922,5.83333333333333
"2149","Dec. 2021",2021-12-22 05:45:00,12.902396526144,6265.63878454365,5.84375
"2150","Dec. 2021",2021-12-22 06:00:00,12.602963992466,6330.804510615,5.85416666666667
"2151","Dec. 2021",2021-12-22 06:15:00,12.4231141090979,6336.67108373424,5.86458333333333
"2152","Dec. 2021",2021-12-22 06:30:00,11.4523495856556,6350.11507742822,5.875
"2153","Dec. 2021",2021-12-22 06:45:00,12.2450078348548,6364.00893712731,5.88541666666667
"2154","Dec. 2021",2021-12-22 07:00:00,12.2377256988781,6444.48305869304,5.89583333333333
"2155","Dec. 2021",2021-12-22 07:15:00,12.0710493177241,6451.87728044853,5.90625
"2156","Dec. 2021",2021-12-22 07:30:00,12.2693028889592,6421.93521358972,5.91666666666667
"2157","Dec. 2021",2021-12-22 07:45:00,12.1674835351171,6421.85731255016,5.92708333333333
"2158","Dec. 2021",2021-12-22 08:00:00,11.3368292196316,6421.02115629422,5.9375
"2159","Dec. 2021",2021-12-22 08:15:00,12.6054397956228,6383.90536169385,5.94791666666667
"2160","Dec. 2021",2021-12-22 08:30:00,12.206203804339,6332.35929053266,5.95833333333333
"2161","Dec. 2021",2021-12-22 08:45:00,12.0614346889295,6333.74920962776,5.96875
"2162","Dec. 2021",2021-12-22 09:00:00,11.4569874143094,6297.58658369838,5.97916666666667
"2163","Dec. 2021",2021-12-22 09:15:00,12.1626493909304,6284.2726014572,5.98958333333333
"2164","Dec. 2021",2021-12-22 09:30:00,12.6302158227832,6263.3564417288,6
"2165","Dec. 2021",2021-12-22 09:45:00,11.8393703714768,6220.32959920192,6.01041666666667
"2166","Dec. 2021",2021-12-22 10:00:00,12.0662413489416,6184.68288826427,6.02083333333333
"2167","Dec. 2021",2021-12-22 10:15:00,12.1650662994274,6125.09249802321,6.03125
"2168","Dec. 2021",2021-12-22 10:30:00,11.5500188291317,6148.44172480452,6.04166666666667
"2169","Dec. 2021",2021-12-22 10:45:00,11.6976048837212,6166.46857135839,6.05208333333333
"2170","Dec. 2021",2021-12-22 11:00:00,12.5091259221843,6160.58275701048,6.0625
"2171","Dec. 2021",2021-12-22 11:15:00,11.7258637498164,6153.39188005164,6.07291666666667
"2172","Dec. 2021",2021-12-22 11:30:00,11.9918851918071,6238.24583758228,6.08333333333333
"2173","Dec. 2021",2021-12-22 11:45:00,12.6674412121274,6219.6751575762,6.09375
"2174","Dec. 2021",2021-12-22 12:00:00,13.119888113598,6198.44603845622,6.10416666666667
"2175","Dec. 2021",2021-12-22 12:15:00,12.7346324311259,6132.486373118,6.11458333333333
"2176","Dec. 2021",2021-12-22 12:30:00,11.65061147518,6181.44830388377,6.125
"2177","Dec. 2021",2021-12-22 12:45:00,12.2911964126168,6416.92478613072,6.13541666666667
"2178","Dec. 2021",2021-12-22 13:00:00,11.8298826933936,6304.5654764744,6.14583333333333
"2179","Dec. 2021",2021-12-22 13:15:00,11.7352938420101,6271.56455954634,6.15625
"2180","Dec. 2021",2021-12-22 13:30:00,12.2280207649387,6424.81586964106,6.16666666666667
"2181","Dec. 2021",2021-12-22 13:45:00,12.1240233531643,6543.24095240798,6.17708333333333
"2182","Dec. 2021",2021-12-22 14:00:00,12.1868331995662,6654.87365292556,6.1875
"2183","Dec. 2021",2021-12-22 14:15:00,12.0927013732762,6656.06575549224,6.19791666666667
"2184","Dec. 2021",2021-12-22 14:30:00,11.3506484741373,6657.16410525734,6.20833333333333
"2185","Dec. 2021",2021-12-22 14:45:00,10.6212643824903,6723.91500722829,6.21875
"2186","Dec. 2021",2021-12-22 15:00:00,11.6388835725793,6719.88678821319,6.22916666666667
"2187","Dec. 2021",2021-12-22 15:15:00,11.8156609920455,6731.26687102726,6.23958333333333
"2188","Dec. 2021",2021-12-22 15:30:00,10.6058851367889,6725.04964493905,6.25
"2189","Dec. 2021",2021-12-22 15:45:00,10.429091407937,6716.08531503234,6.26041666666667
"2190","Dec. 2021",2021-12-22 16:00:00,10.8784546458016,6718.5295853226,6.27083333333333
"2191","Dec. 2021",2021-12-22 16:15:00,10.487784127515,6720.4449991736,6.28125
"2192","Dec. 2021",2021-12-22 16:30:00,10.6300597211273,6689.62683540023,6.29166666666667
"2193","Dec. 2021",2021-12-22 16:45:00,10.3792820417933,6719.42717891696,6.30208333333333
"2194","Dec. 2021",2021-12-22 17:00:00,9.32726645659775,6681.0917317468,6.3125
"2195","Dec. 2021",2021-12-22 17:15:00,9.48801767019716,6663.98771667589,6.32291666666667
"2196","Dec. 2021",2021-12-22 17:30:00,9.75370457067014,6661.48526293038,6.33333333333333
"2197","Dec. 2021",2021-12-22 17:45:00,9.40537108277984,6704.34770067244,6.34375
"2198","Dec. 2021",2021-12-22 18:00:00,9.72482645488009,6732.3306346577,6.35416666666667
"2199","Dec. 2021",2021-12-22 18:15:00,9.03734514579083,6782.4367481304,6.36458333333333
"2200","Dec. 2021",2021-12-22 18:30:00,9.20412456768483,6878.44880075796,6.375
"2201","Dec. 2021",2021-12-22 18:45:00,8.60915579626802,6897.78195014082,6.38541666666667
"2202","Dec. 2021",2021-12-22 19:00:00,8.95774373948176,6947.09974433052,6.39583333333333
"2203","Dec. 2021",2021-12-22 19:15:00,8.65613089468981,7004.11254429711,6.40625
"2204","Dec. 2021",2021-12-22 19:30:00,8.39203032420726,7052.75298590313,6.41666666666667
"2205","Dec. 2021",2021-12-22 19:45:00,8.79446854985051,7100.79314297578,6.42708333333333
"2206","Dec. 2021",2021-12-22 20:00:00,8.50096112040895,7132.36634946458,6.4375
"2207","Dec. 2021",2021-12-22 20:15:00,8.46390782168492,7188.66976035927,6.44791666666667
"2208","Dec. 2021",2021-12-22 20:30:00,8.50838748539639,7193.26890521914,6.45833333333333
"2209","Dec. 2021",2021-12-22 20:45:00,7.99588923381178,7257.74365397897,6.46875
"2210","Dec. 2021",2021-12-22 21:00:00,7.8227922771715,7276.7009034816,6.47916666666667
"2211","Dec. 2021",2021-12-22 21:15:00,7.80375723348481,7302.68680782776,6.48958333333333
"2212","Dec. 2021",2021-12-22 21:30:00,8.20459276950987,7284.71500677006,6.5
"2213","Dec. 2021",2021-12-22 21:45:00,8.31153521655571,7357.57363748571,6.51041666666667
"2214","Dec. 2021",2021-12-22 22:00:00,8.45836111501953,7324.78033653241,6.52083333333333
"2215","Dec. 2021",2021-12-22 22:15:00,7.75892269166276,7398.70739609736,6.53125
"2216","Dec. 2021",2021-12-22 22:30:00,7.51963372409592,7389.66985440645,6.54166666666667
"2217","Dec. 2021",2021-12-22 22:45:00,7.83319171509341,7425.10081664736,6.55208333333333
"2218","Dec. 2021",2021-12-22 23:00:00,7.83666081194131,7453.58490134366,6.5625
"2219","Dec. 2021",2021-12-22 23:15:00,8.19198026405251,7489.47033942604,6.57291666666667
"2220","Dec. 2021",2021-12-22 23:30:00,7.67843693412017,7532.61330418644,6.58333333333333
"2221","Dec. 2021",2021-12-22 23:45:00,7.96945629088992,7508.40106009111,6.59375
"2222","Dec. 2021",2021-12-23,8.42330035604885,7566.37998253472,6.60416666666667
"2223","Dec. 2021",2021-12-23 00:15:00,7.30151387586991,7580.0887893863,6.61458333333333
"2224","Dec. 2021",2021-12-23 00:30:00,7.91156295296552,7602.53530895397,6.625
"2225","Dec. 2021",2021-12-23 00:45:00,7.33255867342214,7617.12279141159,6.63541666666667
"2226","Dec. 2021",2021-12-23 01:00:00,7.53135986492213,7617.30312127428,6.64583333333333
"2227","Dec. 2021",2021-12-23 01:15:00,7.21715316423613,7653.88345937142,6.65625
"2228","Dec. 2021",2021-12-23 01:30:00,7.68184713630807,7638.68763558501,6.66666666666667
"2229","Dec. 2021",2021-12-23 01:45:00,7.21715316423624,7682.28977477089,6.67708333333333
"2230","Dec. 2021",2021-12-23 02:00:00,7.4629062361504,7636.68944289284,6.6875
"2231","Dec. 2021",2021-12-23 02:15:00,7.12888825256243,7643.72457288781,6.69791666666667
"2232","Dec. 2021",2021-12-23 02:30:00,7.6054341458769,7628.16757466473,6.70833333333333
"2233","Dec. 2021",2021-12-23 02:45:00,7.35222677179655,7649.85226724184,6.71875
"2234","Dec. 2021",2021-12-23 03:00:00,7.22522632599883,7738.14605881798,6.72916666666667
"2235","Dec. 2021",2021-12-23 03:15:00,7.04003543877347,7729.84567300425,6.73958333333333
"2236","Dec. 2021",2021-12-23 03:30:00,6.8684903939995,7706.04351770482,6.75
"2237","Dec. 2021",2021-12-23 03:45:00,6.73410485971846,7712.16669746835,6.76041666666667
"2238","Dec. 2021",2021-12-23 04:00:00,6.92419658816967,7718.36974945044,6.77083333333333
"2239","Dec. 2021",2021-12-23 04:15:00,6.9117807883434,7739.10238738331,6.78125
"2240","Dec. 2021",2021-12-23 04:30:00,6.64542433793067,7715.39210613696,6.79166666666667
"2241","Dec. 2021",2021-12-23 04:45:00,7.08274709239363,7706.24486140921,6.80208333333333
"2242","Dec. 2021",2021-12-23 05:00:00,6.6156216262226,7689.19822049201,6.8125
"2243","Dec. 2021",2021-12-23 05:15:00,6.82852185985359,7733.05119899561,6.82291666666667
"2244","Dec. 2021",2021-12-23 05:30:00,6.58003112984191,7775.6910170747,6.83333333333333
"2245","Dec. 2021",2021-12-23 05:45:00,6.83465646863438,7743.6817327764,6.84375
"2246","Dec. 2021",2021-12-23 06:00:00,7.03845810637202,7793.4870632512,6.85416666666667
"2247","Dec. 2021",2021-12-23 06:15:00,6.64841180733756,7755.34198401243,6.86458333333333
"2248","Dec. 2021",2021-12-23 06:30:00,6.69939902910042,7732.1434094588,6.875
"2249","Dec. 2021",2021-12-23 06:45:00,6.89010352630108,7789.84655073664,6.88541666666667
"2250","Dec. 2021",2021-12-23 07:00:00,6.8300550212599,7735.73377666558,6.89583333333333
"2251","Dec. 2021",2021-12-23 07:15:00,6.85001589406529,7763.11360846396,6.90625
"2252","Dec. 2021",2021-12-23 07:30:00,6.2992600978636,7746.96102488752,6.91666666666667
"2253","Dec. 2021",2021-12-23 07:45:00,6.76442453566312,7767.56712132,6.92708333333333
"2254","Dec. 2021",2021-12-23 08:00:00,6.68586560241254,7729.46546362082,6.9375
"2255","Dec. 2021",2021-12-23 08:15:00,6.63945332542721,7757.56213293495,6.94791666666667
"2256","Dec. 2021",2021-12-23 08:30:00,6.59335548048723,7778.9339181568,6.95833333333333
"2257","Dec. 2021",2021-12-23 08:45:00,6.41643404523007,7800.7645446875,6.96875
"2258","Dec. 2021",2021-12-23 09:00:00,6.81473813086123,7800.9513091765,6.97916666666667
"2259","Dec. 2021",2021-12-23 09:15:00,6.49918040146163,7860.45297236542,6.98958333333333
"2260","Dec. 2021",2021-12-23 09:30:00,6.6663641079543,7890.95955230248,7
"2261","Dec. 2021",2021-12-23 09:45:00,6.55935704017284,7930.28805243074,7.01041666666667
"2262","Dec. 2021",2021-12-23 10:00:00,6.83158850985887,7922.41712295002,7.02083333333333
"2263","Dec. 2021",2021-12-23 10:15:00,6.92419658816967,8044.12685013014,7.03125
"2264","Dec. 2021",2021-12-23 10:30:00,6.39483537230665,8158.26276290797,7.04166666666667
"2265","Dec. 2021",2021-12-23 10:45:00,6.97250560039551,8332.11422157467,7.05208333333333
"2266","Dec. 2021",2021-12-23 11:00:00,7.00540970742553,8373.08205154423,7.0625
"2267","Dec. 2021",2021-12-23 11:15:00,7.49622953974884,8510.6144513809,7.07291666666667
"2268","Dec. 2021",2021-12-23 11:30:00,7.31293769077553,8546.8325618705,7.08333333333333
"2269","Dec. 2021",2021-12-23 11:45:00,7.2543574372032,8732.42056178385,7.09375
"2270","Dec. 2021",2021-12-23 12:00:00,7.10817025618516,8762.32848106954,7.10416666666667
"2271","Dec. 2021",2021-12-23 12:15:00,7.52800790300899,8507.74575728055,7.11458333333333
"2272","Dec. 2021",2021-12-23 12:30:00,7.19781094964638,8366.75996505781,7.125
"2273","Dec. 2021",2021-12-23 12:45:00,6.78725018066744,8358.11321629214,7.13541666666667
"2274","Dec. 2021",2021-12-23 13:00:00,6.9071302620858,8354.75418495198,7.14583333333333
"2275","Dec. 2021",2021-12-23 13:15:00,6.91953820929064,8312.6154061209,7.15625
"2276","Dec. 2021",2021-12-23 13:30:00,6.3319039610009,8404.72243710495,7.16666666666667
"2277","Dec. 2021",2021-12-23 13:45:00,6.37187793160857,8466.27796992749,7.17708333333333
"2278","Dec. 2021",2021-12-23 14:00:00,6.5578827734263,8657.1176635515,7.1875
"2279","Dec. 2021",2021-12-23 14:15:00,6.53727739419364,8772.12182376222,7.19791666666667
"2280","Dec. 2021",2021-12-23 14:30:00,6.58743027494146,8654.43340366091,7.20833333333333
"2281","Dec. 2021",2021-12-23 14:45:00,6.72201363490673,8656.72136447345,7.21875
"2282","Dec. 2021",2021-12-23 15:00:00,6.27947466317357,8666.24350293048,7.22916666666667
"2283","Dec. 2021",2021-12-23 15:15:00,6.2597533582242,8713.15935855963,7.23958333333333
"2284","Dec. 2021",2021-12-23 15:30:00,6.39627299348704,8848.63090543673,7.25
"2285","Dec. 2021",2021-12-23 15:45:00,6.40922630777502,8790.53779482283,7.26041666666667
"2286","Dec. 2021",2021-12-23 16:00:00,6.23729325020963,8866.12649117992,7.27083333333333
"2287","Dec. 2021",2021-12-23 16:15:00,6.07423673794063,8911.6795532989,7.28125
"2288","Dec. 2021",2021-12-23 16:30:00,6.02539766111232,8806.60560330264,7.29166666666667
"2289","Dec. 2021",2021-12-23 16:45:00,6.11251585111413,8852.30748653212,7.30208333333333
"2290","Dec. 2021",2021-12-23 17:00:00,5.97832176205632,8837.1165328382,7.3125
"2291","Dec. 2021",2021-12-23 17:15:00,5.77852791817449,8910.8741846824,7.32291666666667
"2292","Dec. 2021",2021-12-23 17:30:00,5.97430533496997,8992.24698552115,7.33333333333333
"2293","Dec. 2021",2021-12-23 17:45:00,6.05790992993663,9013.5667211492,7.34375
"2294","Dec. 2021",2021-12-23 18:00:00,5.86304093814872,9094.4644822875,7.35416666666667
"2295","Dec. 2021",2021-12-23 18:15:00,5.62113712242803,9064.39465287606,7.36458333333333
"2296","Dec. 2021",2021-12-23 18:30:00,5.91573605480574,9122.59001754159,7.375
"2297","Dec. 2021",2021-12-23 18:45:00,5.63239132577854,9242.22904552798,7.38541666666667
"2298","Dec. 2021",2021-12-23 19:00:00,5.63990885167722,9232.4303068573,7.39583333333333
"2299","Dec. 2021",2021-12-23 19:15:00,5.51371284614815,9268.55893877643,7.40625
"2300","Dec. 2021",2021-12-23 19:30:00,5.60492783945697,9310.57284830998,7.41666666666667
"2301","Dec. 2021",2021-12-23 19:45:00,5.47361354812822,9465.46767948422,7.42708333333333
"2302","Dec. 2021",2021-12-23 20:00:00,5.53941609943032,9470.38562605555,7.4375
"2303","Dec. 2021",2021-12-23 20:15:00,5.60492783945697,9528.05823926587,7.44791666666667
"2304","Dec. 2021",2021-12-23 20:30:00,5.5015239165741,9593.92459058821,7.45833333333333
"2305","Dec. 2021",2021-12-23 20:45:00,5.49179633077881,9525.83762425948,7.46875
"2306","Dec. 2021",2021-12-23 21:00:00,5.36252345670577,9590.8444376202,7.47916666666667
"2307","Dec. 2021",2021-12-23 21:15:00,5.51615455837362,9596.61594389232,7.48958333333333
"2308","Dec. 2021",2021-12-23 21:30:00,5.43267179218531,9631.97663604402,7.5
"2309","Dec. 2021",2021-12-23 21:45:00,5.44107005753597,9668.34753201533,7.51041666666667
"2310","Dec. 2021",2021-12-23 22:00:00,5.40280886438359,9741.77347127109,7.52083333333333
"2311","Dec. 2021",2021-12-23 22:15:00,5.26807329656226,9658.71546368731,7.53125
"2312","Dec. 2021",2021-12-23 22:30:00,5.43027523253242,9816.01791246554,7.54166666666667
"2313","Dec. 2021",2021-12-23 22:45:00,5.43147334876263,9753.43632871609,7.55208333333333
"2314","Dec. 2021",2021-12-23 23:00:00,5.24508273384683,9896.0209849046,7.5625
"2315","Dec. 2021",2021-12-23 23:15:00,5.33783024684042,9887.66213095678,7.57291666666667
"2316","Dec. 2021",2021-12-23 23:30:00,5.13320677614974,9909.72659315342,7.58333333333333
"2317","Dec. 2021",2021-12-23 23:45:00,5.11542683044004,9886.87488269134,7.59375
"2318","Dec. 2021",2021-12-24,5.08891396430188,9894.05218945544,7.60416666666667
"2319","Dec. 2021",2021-12-24 00:15:00,5.09111617157718,9871.78156332637,7.61458333333333
"2320","Dec. 2021",2021-12-24 00:30:00,5.00404872133625,9916.56684545454,7.625
"2321","Dec. 2021",2021-12-24 00:45:00,5.09773064602448,9999.4496139204,7.63541666666667
"2322","Dec. 2021",2021-12-24 01:00:00,5.08451347606194,9962.4452221278,7.64583333333333
"2323","Dec. 2021",2021-12-24 01:15:00,4.83312867642325,9940.92083810666,7.65625
"2324","Dec. 2021",2021-12-24 01:30:00,4.92432479346049,9955.86531823077,7.66666666666667
"2325","Dec. 2021",2021-12-24 01:45:00,4.83721898612117,9985.68798040818,7.67708333333333
"2326","Dec. 2021",2021-12-24 02:00:00,4.82904360180628,9978.18583014139,7.6875
"2327","Dec. 2021",2021-12-24 02:15:00,4.89711676895487,10052.3611580032,7.69791666666667
"2328","Dec. 2021",2021-12-24 02:30:00,4.90650990105332,9962.77176835114,7.70833333333333
"2329","Dec. 2021",2021-12-24 02:45:00,4.84233923507609,10067.0059878207,7.71875
"2330","Dec. 2021",2021-12-24 03:00:00,4.94329068637003,9991.7590976427,7.72916666666667
"2331","Dec. 2021",2021-12-24 03:15:00,4.88048330595746,10065.9178275922,7.73958333333333
"2332","Dec. 2021",2021-12-24 03:30:00,4.81885381874245,10005.2493659204,7.75
"2333","Dec. 2021",2021-12-24 03:45:00,4.82598323136529,10056.532200337,7.76041666666667
"2334","Dec. 2021",2021-12-24 04:00:00,4.91278671278391,10062.9447746996,7.77083333333333
"2335","Dec. 2021",2021-12-24 04:15:00,4.86599773627132,10009.4122549603,7.78125
"2336","Dec. 2021",2021-12-24 04:30:00,4.91069313343675,10008.3170320657,7.79166666666667
"2337","Dec. 2021",2021-12-24 04:45:00,4.87116379218385,10036.3409410148,7.80208333333333
"2338","Dec. 2021",2021-12-24 05:00:00,4.9369569431349,10027.1939142344,7.8125
"2339","Dec. 2021",2021-12-24 05:15:00,4.87012992661627,10040.3231191794,7.82291666666667
"2340","Dec. 2021",2021-12-24 05:30:00,4.90964683455208,10046.2509597206,7.83333333333333
"2341","Dec. 2021",2021-12-24 05:45:00,4.70108533676425,10030.5051888096,7.84375
"2342","Dec. 2021",2021-12-24 06:00:00,4.74049643569333,10043.5746024894,7.85416666666667
"2343","Dec. 2021",2021-12-24 06:15:00,4.72072544771775,9996.90420206661,7.86458333333333
"2344","Dec. 2021",2021-12-24 06:30:00,4.64199132756274,10002.1801269229,7.875
"2345","Dec. 2021",2021-12-24 06:45:00,4.61147805410986,10052.6601860004,7.88541666666667
"2346","Dec. 2021",2021-12-24 07:00:00,4.7965514677815,10065.4153956452,7.89583333333333
"2347","Dec. 2021",2021-12-24 07:15:00,4.58505378158474,10085.3924662953,7.90625
"2348","Dec. 2021",2021-12-24 07:30:00,4.75341776068043,10037.9837640889,7.91666666666667
"2349","Dec. 2021",2021-12-24 07:45:00,4.76139682946246,10117.0191707164,7.92708333333333
"2350","Dec. 2021",2021-12-24 08:00:00,4.86290202903441,10092.5073113066,7.9375
"2351","Dec. 2021",2021-12-24 08:15:00,4.71580315025867,10143.051888338,7.94791666666667
"2352","Dec. 2021",2021-12-24 08:30:00,4.68449414451232,10231.5965034275,7.95833333333333
"2353","Dec. 2021",2021-12-24 08:45:00,4.7226966570493,10260.4563011026,7.96875
"2354","Dec. 2021",2021-12-24 09:00:00,4.75940009911155,10304.1308312039,7.97916666666667
"2355","Dec. 2021",2021-12-24 09:15:00,5.02778352130246,10296.7434447892,7.98958333333333
"2356","Dec. 2021",2021-12-24 09:30:00,4.61147805410993,10313.434303771,8
"2357","Dec. 2021",2021-12-24 09:45:00,4.63433159871434,10396.046469597,8.01041666666667
"2358","Dec. 2021",2021-12-24 10:00:00,4.93063497883167,10493.8357383944,8.02083333333333
"2359","Dec. 2021",2021-12-24 10:15:00,4.94117812985477,10599.3921052899,8.03125
"2360","Dec. 2021",2021-12-24 10:30:00,5.08781335145302,10653.6976398713,8.04166666666667
"2361","Dec. 2021",2021-12-24 10:45:00,4.88671103880489,10782.1654122509,8.05208333333333
"2362","April 2022",2022-04-18 20:15:00,3.27130209265241,9717.829604122,0.0104166666666667
"2363","April 2022",2022-04-18 20:30:00,3.28696209613015,9499.32714048516,0.0208333333333333
"2364","April 2022",2022-04-18 20:45:00,3.29424589380901,9475.15683527,0.03125
"2365","April 2022",2022-04-18 21:00:00,3.32094512287747,9413.72053333247,0.0416666666666667
"2366","April 2022",2022-04-18 21:15:00,3.34386179155464,9426.31399375986,0.0520833333333333
"2367","April 2022",2022-04-18 21:30:00,3.30578664309287,9461.42399465542,0.0625
"2368","April 2022",2022-04-18 21:45:00,3.36633089839528,9459.10074692329,0.0729166666666667
"2369","April 2022",2022-04-18 22:00:00,3.3865386765925,9435.13434242122,0.0833333333333333
"2370","April 2022",2022-04-18 22:15:00,3.3912640294609,9404.3939667257,0.09375
"2371","April 2022",2022-04-18 22:30:00,3.37043203077474,9350.73861833255,0.104166666666667
"2372","April 2022",2022-04-18 22:45:00,3.42081537029069,9244.42614805015,0.114583333333333
"2373","April 2022",2022-04-18 23:00:00,3.43314669194424,9123.29314298275,0.125
"2374","April 2022",2022-04-18 23:15:00,3.54129995612246,9048.5685275648,0.135416666666667
"2375","April 2022",2022-04-18 23:30:00,3.57426465750542,8891.5206814604,0.145833333333333
"2376","April 2022",2022-04-18 23:45:00,3.57051815161327,8801.15674003475,0.15625
"2377","April 2022",2022-04-19,3.65515963409917,8644.83851856863,0.166666666666667
"2378","April 2022",2022-04-19 00:15:00,3.72817305754352,8532.03527184405,0.177083333333333
"2379","April 2022",2022-04-19 00:30:00,3.71802369521776,8545.4764836632,0.1875
"2380","April 2022",2022-04-19 00:45:00,3.83674929222526,8299.42464195525,0.197916666666667
"2381","April 2022",2022-04-19 01:00:00,3.86078672038988,8246.58560573602,0.208333333333333
"2382","April 2022",2022-04-19 01:15:00,3.82057485505514,8231.55944280861,0.21875
"2383","April 2022",2022-04-19 01:30:00,3.89904425193065,8201.85089482333,0.229166666666667
"2384","April 2022",2022-04-19 01:45:00,4.02926612412492,8194.09934369425,0.239583333333333
"2385","April 2022",2022-04-19 02:00:00,3.94727444915397,8179.01593591961,0.25
"2386","April 2022",2022-04-19 02:15:00,3.99508668300954,8074.4007382672,0.260416666666667
"2387","April 2022",2022-04-19 02:30:00,4.08046244766977,8059.00384136142,0.270833333333333
"2388","April 2022",2022-04-19 02:45:00,4.14324416900016,7969.19361359975,0.28125
"2389","April 2022",2022-04-19 03:00:00,4.22027385531609,7870.54818755566,0.291666666666667
"2390","April 2022",2022-04-19 03:15:00,4.24042734405189,7833.62065024236,0.302083333333333
"2391","April 2022",2022-04-19 03:30:00,4.37943349282979,7765.79881982059,0.3125
"2392","April 2022",2022-04-19 03:45:00,4.51370970804359,7817.49549362596,0.322916666666667
"2393","April 2022",2022-04-19 04:00:00,4.47381265260112,7735.48509051876,0.333333333333333
"2394","April 2022",2022-04-19 04:15:00,4.44875342741489,7741.94013713904,0.34375
"2395","April 2022",2022-04-19 04:30:00,4.46842122392404,7703.79512019097,0.354166666666667
"2396","April 2022",2022-04-19 04:45:00,4.47021705804618,7680.89039817166,0.364583333333333
"2397","April 2022",2022-04-19 05:00:00,4.54312361451209,7650.19822824715,0.375
"2398","April 2022",2022-04-19 05:15:00,4.46214611106198,7596.8106049445,0.385416666666667
"2399","April 2022",2022-04-19 05:30:00,4.44964398264351,7617.32017982512,0.395833333333333
"2400","April 2022",2022-04-19 05:45:00,4.50094647996626,7607.53991418207,0.40625
"2401","April 2022",2022-04-19 06:00:00,4.52745575964989,7613.3304474208,0.416666666666667
"2402","April 2022",2022-04-19 06:15:00,4.43454904194496,7574.40970853396,0.427083333333333
"2403","April 2022",2022-04-19 06:30:00,4.5412754295811,7572.40293015962,0.4375
"2404","April 2022",2022-04-19 06:45:00,4.53021380417017,7578.01690375055,0.447916666666667
"2405","April 2022",2022-04-19 07:00:00,4.43277938322715,7613.93818959665,0.458333333333333
"2406","April 2022",2022-04-19 07:15:00,4.50185601236306,7582.56752016969,0.46875
"2407","April 2022",2022-04-19 07:30:00,4.52929412880423,7491.2322728762,0.479166666666667
"2408","April 2022",2022-04-19 07:45:00,4.55424020827224,7489.56994077901,0.489583333333333
"2409","April 2022",2022-04-19 08:00:00,4.70500288879326,7450.8370699155,0.5
"2410","April 2022",2022-04-19 08:15:00,4.57193783993332,7352.5348545917,0.510416666666667
"2411","April 2022",2022-04-19 08:30:00,4.80059466175145,7312.78726973385,0.520833333333333
"2412","April 2022",2022-04-19 08:45:00,4.70304345839361,7282.0674604275,0.53125
"2413","April 2022",2022-04-19 09:00:00,4.71187120175724,7221.90255423685,0.541666666666667
"2414","April 2022",2022-04-19 09:15:00,4.67574885367252,7177.09770068363,0.552083333333333
"2415","April 2022",2022-04-19 09:30:00,4.75341776068043,7207.11588269481,0.5625
"2416","April 2022",2022-04-19 09:45:00,4.73257233526045,7140.67997919909,0.572916666666667
"2417","April 2022",2022-04-19 10:00:00,4.76539421647479,7029.65411931379,0.583333333333333
"2418","April 2022",2022-04-19 10:15:00,4.77541058748447,7015.43826723967,0.59375
"2419","April 2022",2022-04-19 10:30:00,4.81783663999516,6986.49566327653,0.604166666666667
"2420","April 2022",2022-04-19 10:45:00,4.91697779778873,6958.07312089759,0.614583333333333
"2421","April 2022",2022-04-19 11:00:00,5.04079652311075,6892.97114543038,0.625
"2422","April 2022",2022-04-19 11:15:00,5.07792255947867,6835.85204936484,0.635416666666667
"2423","April 2022",2022-04-19 11:30:00,5.29583472948991,6793.13870997222,0.645833333333333
"2424","April 2022",2022-04-19 11:45:00,5.27153316911276,6855.00620269203,0.65625
"2425","April 2022",2022-04-19 12:00:00,5.22336292410871,6828.14860402175,0.666666666666667
"2426","April 2022",2022-04-19 12:15:00,5.19609620632411,6703.53897593125,0.677083333333333
"2427","April 2022",2022-04-19 12:30:00,5.13432080389327,6804.6032571076,0.6875
"2428","April 2022",2022-04-19 12:45:00,5.30513042111277,6739.67257983835,0.697916666666667
"2429","April 2022",2022-04-19 13:00:00,5.31911322165364,6757.91258820832,0.708333333333333
"2430","April 2022",2022-04-19 13:15:00,5.33665797882221,6679.38442546321,0.71875
"2431","April 2022",2022-04-19 13:30:00,5.24508273384683,6646.12452704077,0.729166666666667
"2432","April 2022",2022-04-19 13:45:00,5.10878094550748,6612.32143752448,0.739583333333333
"2433","April 2022",2022-04-19 14:00:00,5.11099493171483,6548.0639543675,0.75
"2434","April 2022",2022-04-19 14:15:00,5.10878094550756,6580.52870788723,0.760416666666667
"2435","April 2022",2022-04-19 14:30:00,4.90650990105332,6612.63347406116,0.770833333333333
"2436","April 2022",2022-04-19 14:45:00,4.77842187904222,6622.31695581626,0.78125
"2437","April 2022",2022-04-19 15:00:00,4.67574885367252,6593.66640603203,0.791666666666667
"2438","April 2022",2022-04-19 15:15:00,4.71285369809378,6602.37944178026,0.802083333333333
"2439","April 2022",2022-04-19 15:30:00,4.57755110516254,6618.02898321224,0.8125
"2440","April 2022",2022-04-19 15:45:00,4.52653706586162,6625.45659654748,0.822916666666667
"2441","April 2022",2022-04-19 16:00:00,4.56074664627059,6647.57813121227,0.833333333333333
"2442","April 2022",2022-04-19 16:15:00,4.62573943399022,6617.38050951105,0.84375
"2443","April 2022",2022-04-19 16:30:00,4.7985724103814,6623.59864035366,0.854166666666667
"2444","April 2022",2022-04-19 16:45:00,5.06368264849535,6563.53353655494,0.864583333333333
"2445","April 2022",2022-04-19 17:00:00,4.96023825422004,6548.36616870332,0.875
"2446","April 2022",2022-04-19 17:15:00,4.93590246443628,6576.99849867861,0.885416666666667
"2447","April 2022",2022-04-19 17:30:00,4.81377119693142,6516.61467436389,0.895833333333333
"2448","April 2022",2022-04-19 17:45:00,4.73851344742973,6574.74190803291,0.90625
"2449","April 2022",2022-04-19 18:00:00,4.64582904460836,6566.1069675027,0.916666666666667
"2450","April 2022",2022-04-19 18:15:00,4.61527389050845,6571.40628045124,0.927083333333333
"2451","April 2022",2022-04-19 18:30:00,4.6324199384277,6614.35140870329,0.9375
"2452","April 2022",2022-04-19 18:45:00,4.62764651358095,6664.78219440288,0.947916666666667
"2453","April 2022",2022-04-19 19:00:00,4.60390208655544,6708.05321056789,0.958333333333333
"2454","April 2022",2022-04-19 19:15:00,4.60768745279228,6743.30246588393,0.96875
"2455","April 2022",2022-04-19 19:30:00,4.55424020827224,6869.35546692719,0.979166666666667
"2456","April 2022",2022-04-19 19:45:00,4.64582904460836,6859.93030866874,0.989583333333333
"2457","April 2022",2022-04-19 20:00:00,4.63624456777113,6903.00746612052,1
"2458","April 2022",2022-04-19 20:15:00,4.72861813766536,6840.3699470964,1.01041666666667
"2459","April 2022",2022-04-19 20:30:00,4.77942629727987,6801.47993207763,1.02083333333333
"2460","April 2022",2022-04-19 20:45:00,5.32729161360742,6759.08800773546,1.03125
"2461","April 2022",2022-04-19 21:00:00,7.12091324856631,6637.5322279347,1.04166666666667
"2462","April 2022",2022-04-19 21:15:00,7.92031176735405,6470.72297882705,1.05208333333333
"2463","April 2022",2022-04-19 21:30:00,8.65801415212996,6252.27969826822,1.0625
"2464","April 2022",2022-04-19 21:45:00,9.82618042776129,6010.13854285416,1.07291666666667
"2465","April 2022",2022-04-19 22:00:00,10.3576797824153,5881.41440514166,1.08333333333333
"2466","April 2022",2022-04-19 22:15:00,9.72688705068484,5893.73164208,1.09375
"2467","April 2022",2022-04-19 22:30:00,10.4790738589422,5965.5967339696,1.10416666666667
"2468","April 2022",2022-04-19 22:45:00,10.5927156866971,5978.7776458154,1.11458333333333
"2469","April 2022",2022-04-19 23:00:00,10.8204257370116,6080.94101871704,1.125
"2470","April 2022",2022-04-19 23:15:00,10.9053118189918,6139.14534137373,1.13541666666667
"2471","April 2022",2022-04-19 23:30:00,10.9884180363792,6213.66636950488,1.14583333333333
"2472","April 2022",2022-04-19 23:45:00,11.3483444470716,6257.69901250588,1.15625
"2473","April 2022",2022-04-20,12.0422211365832,6221.14137421939,1.16666666666667
"2474","April 2022",2022-04-20 00:15:00,12.0999246145927,6309.88600418129,1.17708333333333
"2475","April 2022",2022-04-20 00:30:00,13.2833128424781,6257.11108654317,1.1875
"2476","April 2022",2022-04-20 00:45:00,13.7553764477647,6285.62475092042,1.19791666666667
"2477","April 2022",2022-04-20 01:00:00,13.9689557811761,6329.1911922195,1.20833333333333
"2478","April 2022",2022-04-20 01:15:00,13.9477659857982,6336.13990562973,1.21875
"2479","April 2022",2022-04-20 01:30:00,16.9138999063317,6379.13482179974,1.22916666666667
"2480","April 2022",2022-04-20 01:45:00,19.2593519994656,6377.57563483976,1.23958333333333
"2481","April 2022",2022-04-20 02:00:00,19.1429960845529,6383.19612052301,1.25
"2482","April 2022",2022-04-20 02:15:00,19.0978610794813,6396.9876476824,1.26041666666667
"2483","April 2022",2022-04-20 02:30:00,18.8827456779212,6455.45679705533,1.27083333333333
"2484","April 2022",2022-04-20 02:45:00,19.2496394771913,6462.3534051319,1.28125
"2485","April 2022",2022-04-20 03:00:00,19.7257311242814,6506.70615349513,1.29166666666667
"2486","April 2022",2022-04-20 03:15:00,19.1914261829391,6528.45351955358,1.30208333333333
"2487","April 2022",2022-04-20 03:30:00,18.8795461248329,6527.74345322295,1.3125
"2488","April 2022",2022-04-20 03:45:00,18.9243696425924,6586.14800225256,1.32291666666667
"2489","April 2022",2022-04-20 04:00:00,19.0560074256363,6562.7524881594,1.33333333333333
"2490","April 2022",2022-04-20 04:15:00,18.5580766317587,6517.64166309888,1.34375
"2491","April 2022",2022-04-20 04:30:00,18.1679655506601,6612.81264197591,1.35416666666667
"2492","April 2022",2022-04-20 04:45:00,18.5201040730942,6567.33714821904,1.36458333333333
"2493","April 2022",2022-04-20 05:00:00,18.3592463336095,6633.04680087661,1.375
"2494","April 2022",2022-04-20 05:15:00,18.2681577505994,6623.73301463262,1.38541666666667
"2495","April 2022",2022-04-20 05:30:00,17.672030228605,6593.13383273273,1.39583333333333
"2496","April 2022",2022-04-20 05:45:00,17.308609892834,6628.79587591232,1.40625
"2497","April 2022",2022-04-20 06:00:00,16.7915184006649,6613.62117153352,1.41666666666667
"2498","April 2022",2022-04-20 06:15:00,16.7082568550469,6635.70216926737,1.42708333333333
"2499","April 2022",2022-04-20 06:30:00,16.4159247147508,6701.07743337625,1.4375
"2500","April 2022",2022-04-20 06:45:00,16.0948723039513,6671.09002629373,1.44791666666667
"2501","April 2022",2022-04-20 07:00:00,15.7434264228284,6685.04262012552,1.45833333333333
"2502","April 2022",2022-04-20 07:15:00,15.9387135654645,6632.96387025517,1.46875
"2503","April 2022",2022-04-20 07:30:00,16.0456083175544,6640.10207949595,1.47916666666667
"2504","April 2022",2022-04-20 07:45:00,15.0356861072598,6567.00962929797,1.48958333333333
"2505","April 2022",2022-04-20 08:00:00,15.066270720941,6560.81617774722,1.5
"2506","April 2022",2022-04-20 08:15:00,15.1415098952117,6474.01016791585,1.51041666666667
"2507","April 2022",2022-04-20 08:30:00,14.2275482782175,6409.74173627159,1.52083333333333
"2508","April 2022",2022-04-20 08:45:00,13.5829360538463,6404.95733562174,1.53125
"2509","April 2022",2022-04-20 09:00:00,12.9376372283563,6303.63975448911,1.54166666666667
"2510","April 2022",2022-04-20 09:15:00,12.1240233531645,6246.54839967189,1.55208333333333
"2511","April 2022",2022-04-20 09:30:00,12.1747372053414,6182.11346036721,1.5625
"2512","April 2022",2022-04-20 09:45:00,11.1468713513385,6154.65451167293,1.57291666666667
"2513","April 2022",2022-04-20 10:00:00,10.6652934264844,6110.70168502452,1.58333333333333
"2514","April 2022",2022-04-20 10:15:00,9.97653396521289,6009.07010453138,1.59375
"2515","April 2022",2022-04-20 10:30:00,9.78678665778637,5989.61713897463,1.60416666666667
"2516","April 2022",2022-04-20 10:45:00,9.24965949029177,5940.05090187883,1.61458333333333
"2517","April 2022",2022-04-20 11:00:00,9.82825705600123,5904.15492003204,1.625
"2518","April 2022",2022-04-20 11:15:00,9.50420796333652,5874.91807743127,1.63541666666667
"2519","April 2022",2022-04-20 11:30:00,8.8326735663677,5808.56573381987,1.64583333333333
"2520","April 2022",2022-04-20 11:45:00,9.28740584575274,5794.56244010014,1.65625
"2521","April 2022",2022-04-20 12:00:00,9.04709026150896,5834.32867745368,1.66666666666667
"2522","April 2022",2022-04-20 12:15:00,8.51767780346324,5808.39133674884,1.67708333333333
"2523","April 2022",2022-04-20 12:30:00,8.52511594738279,5797.14913529752,1.6875
"2524","April 2022",2022-04-20 12:45:00,8.87869234385758,5732.90237681098,1.69791666666667
"2525","April 2022",2022-04-20 13:00:00,9.14105956133231,5682.51799606316,1.70833333333333
"2526","April 2022",2022-04-20 13:15:00,9.4738683413094,5610.185910504,1.71875
"2527","April 2022",2022-04-20 13:30:00,9.2199431700817,5634.61729224405,1.72916666666667
"2528","April 2022",2022-04-20 13:45:00,9.03734514579083,5582.7548703019,1.73958333333333
"2529","April 2022",2022-04-20 14:00:00,10.2137886377787,5502.20573447338,1.75
"2530","April 2022",2022-04-20 14:15:00,9.80335911182968,5473.52370359371,1.76041666666667
"2531","April 2022",2022-04-20 14:30:00,9.26355230021635,5488.88581827657,1.77083333333333
"2532","April 2022",2022-04-20 14:45:00,8.74499768952584,5444.07660381772,1.78125
"2533","April 2022",2022-04-20 15:00:00,8.67875157867955,5443.98787245309,1.79166666666667
"2534","April 2022",2022-04-20 15:15:00,8.91333010576053,5458.88123396554,1.80208333333333
"2535","April 2022",2022-04-20 15:30:00,8.41225307686803,5496.02446153853,1.8125
"2536","April 2022",2022-04-20 15:45:00,8.8748502474971,5495.01983406007,1.82291666666667
"2537","April 2022",2022-04-20 16:00:00,9.98073466461338,5478.38711813553,1.83333333333333
"2538","April 2022",2022-04-20 16:15:00,16.3660488782762,5416.61835484768,1.84375
"2539","April 2022",2022-04-20 16:30:00,18.3120971940758,5310.87956448385,1.85416666666667
"2540","April 2022",2022-04-20 16:45:00,18.7327203779202,5242.58242183474,1.86458333333333
"2541","April 2022",2022-04-20 17:00:00,19.8804774856565,5099.25772038528,1.875
"2542","April 2022",2022-04-20 17:15:00,19.8441954680175,4976.48387294882,1.88541666666667
"2543","April 2022",2022-04-20 17:30:00,20.5335945008514,4862.18835769479,1.89583333333333
"2544","April 2022",2022-04-20 17:45:00,20.1888077561656,4748.71782063569,1.90625
"2545","April 2022",2022-04-20 18:00:00,20.7698967403925,4694.67131249832,1.91666666666667
"2546","April 2022",2022-04-20 18:15:00,21.391785742868,4677.46655658726,1.92708333333333
"2547","April 2022",2022-04-20 18:30:00,21.6581552290917,4652.72285743073,1.9375
"2548","April 2022",2022-04-20 18:45:00,22.0525735105615,4679.62446363984,1.94791666666667
"2549","April 2022",2022-04-20 19:00:00,22.5257054742846,4706.00896715071,1.95833333333333
"2550","April 2022",2022-04-20 19:15:00,24.1058067210286,4740.20327598609,1.96875
"2551","April 2022",2022-04-20 19:30:00,24.5553469561648,4729.17545661683,1.97916666666667
"2552","April 2022",2022-04-20 19:45:00,25.7673004003871,4716.53448789342,1.98958333333333
"2553","April 2022",2022-04-20 20:00:00,25.7250834369952,4690.57975747218,2
"2554","April 2022",2022-04-20 20:15:00,25.9635508857252,4672.92249091028,2.01041666666667
"2555","April 2022",2022-04-20 20:30:00,26.7217681019186,4735.89779368423,2.02083333333333
"2556","April 2022",2022-04-20 20:45:00,27.1272837479447,4821.17919538697,2.03125
"2557","April 2022",2022-04-20 21:00:00,27.808183601234,4861.60538258859,2.04166666666667
"2558","April 2022",2022-04-20 21:15:00,28.3687129625315,4970.59935394189,2.05208333333333
"2559","April 2022",2022-04-20 21:30:00,30.6655734470823,5020.31630413259,2.0625
"2560","April 2022",2022-04-20 21:45:00,35.1571007029922,5076.97506969174,2.07291666666667
"2561","April 2022",2022-04-20 22:00:00,36.9691090476171,5119.3455771182,2.08333333333333
"2562","April 2022",2022-04-20 22:15:00,39.4126376086111,5227.01661904619,2.09375
"2563","April 2022",2022-04-20 22:30:00,41.0609242846541,5210.34200717955,2.10416666666667
"2564","April 2022",2022-04-20 22:45:00,40.8076215607144,5304.36488054683,2.11458333333333
"2565","April 2022",2022-04-20 23:00:00,43.7127771635261,5324.9215545156,2.125
"2566","April 2022",2022-04-20 23:15:00,44.2290643649159,5302.01344360596,2.13541666666667
"2567","April 2022",2022-04-20 23:30:00,42.5478767283691,5271.99113823933,2.14583333333333
"2568","April 2022",2022-04-20 23:45:00,44.8007593604542,5219.73204122979,2.15625
"2569","April 2022",2022-04-21,43.0209795335513,5203.55947863877,2.16666666666667
"2570","April 2022",2022-04-21 00:15:00,42.4667680092776,5195.41613279375,2.17708333333333
"2571","April 2022",2022-04-21 00:30:00,43.3379535638991,5151.11574745779,2.1875
"2572","April 2022",2022-04-21 00:45:00,39.6660835799839,5180.20367402716,2.19791666666667
"2573","April 2022",2022-04-21 01:00:00,40.7927479030801,5208.90964738452,2.20833333333333
"2574","April 2022",2022-04-21 01:15:00,41.0509748120651,5231.04914362602,2.21875
"2575","April 2022",2022-04-21 01:30:00,39.8861259221924,5187.27016638831,2.22916666666667
"2576","April 2022",2022-04-21 01:45:00,40.175629708735,5268.08502496007,2.23958333333333
"2577","April 2022",2022-04-21 02:00:00,38.7491409516746,5268.02579280201,2.25
"2578","April 2022",2022-04-21 02:15:00,38.6479798970016,5260.3474936171,2.26041666666667
"2579","April 2022",2022-04-21 02:30:00,38.0440436992137,5253.22862981386,2.27083333333333
"2580","April 2022",2022-04-21 02:45:00,38.470094830665,5289.71287921026,2.28125
"2581","April 2022",2022-04-21 03:00:00,40.5749392415375,5253.51228629261,2.29166666666667
"2582","April 2022",2022-04-21 03:15:00,38.599858681051,5216.78344760923,2.30208333333333
"2583","April 2022",2022-04-21 03:30:00,39.097074294085,5261.19936917025,2.3125
"2584","April 2022",2022-04-21 03:45:00,37.5589475626986,5276.21928139031,2.32291666666667
"2585","April 2022",2022-04-21 04:00:00,36.514917242152,5276.77946501094,2.33333333333333
"2586","April 2022",2022-04-21 04:15:00,37.4311095676914,5283.69171918435,2.34375
"2587","April 2022",2022-04-21 04:30:00,34.0382109529192,5254.4119650096,2.35416666666667
"2588","April 2022",2022-04-21 04:45:00,35.8278555606066,5232.04055648204,2.36458333333333
"2589","April 2022",2022-04-21 05:00:00,38.4316920893603,5216.88822727486,2.375
"2590","April 2022",2022-04-21 05:15:00,33.1778293716174,5180.13290748832,2.38541666666667
"2591","April 2022",2022-04-21 05:30:00,35.7263366201848,5187.23183165719,2.39583333333333
"2592","April 2022",2022-04-21 05:45:00,33.5107267186433,5224.1020032735,2.40625
"2593","April 2022",2022-04-21 06:00:00,33.8051988109836,5216.40252126541,2.41666666666667
"2594","April 2022",2022-04-21 06:15:00,32.7500115764229,5179.512260395,2.42708333333333
"2595","April 2022",2022-04-21 06:30:00,33.5998101774435,5135.59162114453,2.4375
"2596","April 2022",2022-04-21 06:45:00,34.0202555315164,5157.28542032462,2.44791666666667
"2597","April 2022",2022-04-21 07:00:00,31.0439257934988,5142.27076956058,2.45833333333333
"2598","April 2022",2022-04-21 07:15:00,31.266185079311,5134.54883342353,2.46875
"2599","April 2022",2022-04-21 07:30:00,31.381937890112,5127.9784538545,2.47916666666667
"2600","April 2022",2022-04-21 07:45:00,30.121775756791,5084.63908754904,2.48958333333333
"2601","April 2022",2022-04-21 08:00:00,30.8140544987088,5035.08467587826,2.5
"2602","April 2022",2022-04-21 08:15:00,29.359682517108,5015.37123957699,2.51041666666667
"2603","April 2022",2022-04-21 08:30:00,29.9919071292178,4959.12336473979,2.52083333333333
"2604","April 2022",2022-04-21 08:45:00,29.1616031638635,4916.74548463483,2.53125
"2605","April 2022",2022-04-21 09:00:00,28.2876718967299,4939.32649235975,2.54166666666667
"2606","April 2022",2022-04-21 09:15:00,28.8740887456327,4908.56505479896,2.55208333333333
"2607","April 2022",2022-04-21 09:30:00,27.8603392398615,4885.73539331338,2.5625
"2608","April 2022",2022-04-21 09:45:00,27.1787120375231,4845.85809261854,2.57291666666667
"2609","April 2022",2022-04-21 10:00:00,26.7335301583564,4760.32370119142,2.58333333333333
"2610","April 2022",2022-04-21 10:15:00,26.7217681019186,4748.00930946773,2.59375
"2611","April 2022",2022-04-21 10:30:00,24.7500095131286,4670.25213568637,2.60416666666667
"2612","April 2022",2022-04-21 10:45:00,25.1344173759601,4651.55686122367,2.61458333333333
"2613","April 2022",2022-04-21 11:00:00,25.5184107487308,4595.10816698826,2.625
"2614","April 2022",2022-04-21 11:15:00,24.3132629096499,4591.84565973328,2.63541666666667
"2615","April 2022",2022-04-21 11:30:00,24.4210988435814,4558.78853294005,2.64583333333333
"2616","April 2022",2022-04-21 11:45:00,24.8326330835069,4487.958957019,2.65625
"2617","April 2022",2022-04-21 12:00:00,25.4154321896579,4528.92464915047,2.66666666666667
"2618","April 2022",2022-04-21 12:15:00,22.5470279084584,4487.78561280262,2.67708333333333
"2619","April 2022",2022-04-21 12:30:00,23.0695043352832,4601.64214384503,2.6875
"2620","April 2022",2022-04-21 12:45:00,23.6026056230372,4691.53450568455,2.69791666666667
"2621","April 2022",2022-04-21 13:00:00,22.1650262699174,4646.82150463804,2.70833333333333
"2622","April 2022",2022-04-21 13:15:00,22.2707550208896,4558.64416161718,2.71875
"2623","April 2022",2022-04-21 13:30:00,21.0829036369944,4529.66532342887,2.72916666666667
"2624","April 2022",2022-04-21 13:45:00,21.3538913203183,4447.24017972069,2.73958333333333
"2625","April 2022",2022-04-21 14:00:00,20.2287984385085,4448.43840656334,2.75
"2626","April 2022",2022-04-21 14:15:00,20.9396656320152,4410.48045967981,2.76041666666667
"2627","April 2022",2022-04-21 14:30:00,20.2187963508234,4327.98480255385,2.77083333333333
"2628","April 2022",2022-04-21 14:45:00,20.0160592477572,4319.44751551289,2.78125
"2629","April 2022",2022-04-21 15:00:00,19.4542208388775,4340.80482760849,2.79166666666667
"2630","April 2022",2022-04-21 15:15:00,17.7027807918174,4385.27692761916,2.80208333333333
"2631","April 2022",2022-04-21 15:30:00,18.3372342404355,4377.06411812284,2.8125
"2632","April 2022",2022-04-21 15:45:00,18.1898539650481,4370.02147607253,2.82291666666667
"2633","April 2022",2022-04-21 16:00:00,18.4159224772387,4392.93904490344,2.83333333333333
"2634","April 2022",2022-04-21 16:15:00,16.3836413173248,4414.52962097755,2.84375
"2635","April 2022",2022-04-21 16:30:00,18.6151238117453,4352.73787070648,2.85416666666667
"2636","April 2022",2022-04-21 16:45:00,17.7674634757398,4373.07664722504,2.86458333333333
"2637","April 2022",2022-04-21 17:00:00,16.8541329004481,4400.63140340678,2.875
"2638","April 2022",2022-04-21 17:15:00,17.4851603284878,4404.97951630285,2.88541666666667
"2639","April 2022",2022-04-21 17:30:00,17.5585376386462,4432.98838612751,2.89583333333333
"2640","April 2022",2022-04-21 17:45:00,17.3511247399262,4423.00858255069,2.90625
"2641","April 2022",2022-04-21 18:00:00,17.6535955959203,4450.77046125871,2.91666666666667
"2642","April 2022",2022-04-21 18:15:00,16.3513975101979,4470.62099608467,2.92708333333333
"2643","April 2022",2022-04-21 18:30:00,16.5336526236154,4542.16165688883,2.9375
"2644","April 2022",2022-04-21 18:45:00,16.0137820081274,4636.18317066152,2.94791666666667
"2645","April 2022",2022-04-21 19:00:00,15.75487202116,4723.19092988723,2.95833333333333
"2646","April 2022",2022-04-21 19:15:00,16.1180880756288,4765.69004417894,2.96875
"2647","April 2022",2022-04-21 19:30:00,16.5484054213859,4808.65745264195,2.97916666666667
"2648","April 2022",2022-04-21 19:45:00,14.519087719186,4858.88709624032,2.98958333333333
"2649","April 2022",2022-04-21 20:00:00,15.1164036678578,4982.7419550748,3
"2650","April 2022",2022-04-21 20:15:00,14.8309640903535,4997.50808534911,3.01041666666667
"2651","April 2022",2022-04-21 20:30:00,14.6772303017025,5017.98102456577,3.02083333333333
"2652","April 2022",2022-04-21 20:45:00,15.052363715925,5105.22810117692,3.03125
"2653","April 2022",2022-04-21 21:00:00,14.1632800087867,5095.87668266725,3.04166666666667
"2654","April 2022",2022-04-21 21:15:00,14.2543823465478,5115.50039842849,3.05208333333333
"2655","April 2022",2022-04-21 21:30:00,13.5517363810678,5141.97601259791,3.0625
"2656","April 2022",2022-04-21 21:45:00,13.6768177665495,5168.52909495761,3.07291666666667
"2657","April 2022",2022-04-21 22:00:00,13.5076174975963,5179.8269314286,3.08333333333333
"2658","April 2022",2022-04-21 22:15:00,14.0406259390583,5177.44770175714,3.09375
"2659","April 2022",2022-04-21 22:30:00,12.6823519809962,5242.65772242133,3.10416666666667
"2660","April 2022",2022-04-21 22:45:00,12.9174918316138,5279.47906492406,3.11458333333333
"2661","April 2022",2022-04-21 23:00:00,12.3521508129457,5345.28720904121,3.125
"2662","April 2022",2022-04-21 23:15:00,13.0564143305963,5352.57305951016,3.13541666666667
"2663","April 2022",2022-04-21 23:30:00,12.67986603487,5404.47757810833,3.14583333333333
"2664","April 2022",2022-04-21 23:45:00,12.8546724337219,5441.42445863608,3.15625
"2665","April 2022",2022-04-22,13.2346562512745,5441.50399115569,3.16666666666667
"2666","April 2022",2022-04-22 00:15:00,12.2207455000056,5515.83729518131,3.17708333333333
"2667","April 2022",2022-04-22 00:30:00,12.7196804359952,5516.25175782376,3.1875
"2668","April 2022",2022-04-22 00:45:00,12.3350629677228,5538.19688036754,3.19791666666667
"2669","April 2022",2022-04-22 01:00:00,13.2551288405721,5554.04916101295,3.20833333333333
"2670","April 2022",2022-04-22 01:15:00,12.298500143302,5605.740700028,3.21875
"2671","April 2022",2022-04-22 01:30:00,12.1143799314252,5598.5916564798,3.22916666666667
"2672","April 2022",2022-04-22 01:45:00,12.2110497274577,5613.3446445115,3.23958333333333
"2673","April 2022",2022-04-22 02:00:00,10.8784546458016,5686.9840079962,3.25
"2674","April 2022",2022-04-22 02:15:00,11.620135942431,5635.27824922648,3.26041666666667
"2675","April 2022",2022-04-22 02:30:00,10.7981658205983,5664.58273045248,3.27083333333333
"2676","April 2022",2022-04-22 02:45:00,11.126408967916,5679.4184936104,3.28125
"2677","April 2022",2022-04-22 03:00:00,11.3506484741372,5679.63694664905,3.29166666666667
"2678","April 2022",2022-04-22 03:15:00,10.9524252442949,5730.98604231048,3.30208333333333
"2679","April 2022",2022-04-22 03:30:00,11.0290100483959,5745.19386684064,3.3125
"2680","April 2022",2022-04-22 03:45:00,11.5173982848989,5796.59473777492,3.32291666666667
"2681","April 2022",2022-04-22 04:00:00,10.8181982730037,5752.6597780275,3.33333333333333
"2682","April 2022",2022-04-22 04:15:00,11.1105121035926,5818.96676178685,3.34375
"2683","April 2022",2022-04-22 04:30:00,10.5729835970572,5811.47383522042,3.35416666666667
"2684","April 2022",2022-04-22 04:45:00,10.9254856185809,5870.34095902886,3.36458333333333
"2685","April 2022",2022-04-22 05:00:00,10.945685920767,5869.8209439221,3.375
"2686","April 2022",2022-04-22 05:15:00,10.318878168059,5876.57290681904,3.38541666666667
"2687","April 2022",2022-04-22 05:30:00,10.6080811903114,5883.2470349625,3.39583333333333
"2688","April 2022",2022-04-22 05:45:00,10.6036894104587,5896.743136144,3.40625
"2689","April 2022",2022-04-22 06:00:00,11.431495552745,5910.8173732307,3.41666666666667
"2690","April 2022",2022-04-22 06:15:00,10.6058851367887,5938.713882205,3.42708333333333
"2691","April 2022",2022-04-22 06:30:00,10.3771203434889,5893.542967018,3.4375
"2692","April 2022",2022-04-22 06:45:00,11.1696384162117,5885.23426873655,3.44791666666667
"2693","April 2022",2022-04-22 07:00:00,10.7914942259291,5914.18439539832,3.45833333333333
"2694","April 2022",2022-04-22 07:15:00,10.5795580155373,5891.608653334,3.46875
"2695","April 2022",2022-04-22 07:30:00,10.7050314659328,5869.3426632604,3.47916666666667
"2696","April 2022",2022-04-22 07:45:00,11.0425642769322,5810.60493628763,3.48958333333333
"2697","April 2022",2022-04-22 08:00:00,10.9254856185807,5810.91171089657,3.5
"2698","April 2022",2022-04-22 08:15:00,10.647666103644,5686.51844399324,3.51041666666667
"2699","April 2022",2022-04-22 08:30:00,10.8494125436357,5665.950177935,3.52083333333333
"2700","April 2022",2022-04-22 08:45:00,10.3038172807133,5653.52511775626,3.53125
"2701","April 2022",2022-04-22 09:00:00,10.3857690998615,5567.5127772799,3.54166666666667
"2702","April 2022",2022-04-22 09:15:00,11.7848877140717,5502.59114952355,3.55208333333333
"2703","April 2022",2022-04-22 09:30:00,10.2308924525312,5468.1229246556,3.5625
"2704","April 2022",2022-04-22 09:45:00,10.557654739009,5434.22121876063,3.57291666666667
"2705","April 2022",2022-04-22 10:00:00,11.5686879330666,5422.65614699849,3.58333333333333
"2706","April 2022",2022-04-22 10:15:00,11.3115245122084,5388.81236407779,3.59375
"2707","April 2022",2022-04-22 10:30:00,10.7892710154247,5393.50870067356,3.60416666666667
"2708","April 2022",2022-04-22 10:45:00,10.9816630076086,5407.28064246356,3.61458333333333
"2709","April 2022",2022-04-22 11:00:00,10.5642222864457,5405.6602742984,3.625
"2710","April 2022",2022-04-22 11:15:00,11.5873779773253,5396.1844467388,3.63541666666667
"2711","April 2022",2022-04-22 11:30:00,10.4009170204266,5370.4361726809,3.64583333333333
"2712","April 2022",2022-04-22 11:45:00,11.2061337760604,5306.57134786231,3.65625
"2713","April 2022",2022-04-22 12:00:00,10.5773662155181,5303.68731901067,3.66666666666667
"2714","April 2022",2022-04-22 12:15:00,10.2415929705095,5344.44387896115,3.67708333333333
"2715","April 2022",2022-04-22 12:30:00,10.2095159560162,5272.73425376993,3.6875
"2716","April 2022",2022-04-22 12:45:00,10.5204942596021,5213.55527243829,3.69791666666667
"2717","April 2022",2022-04-22 13:00:00,10.8963541928475,5108.03580660141,3.70833333333333
"2718","April 2022",2022-04-22 13:15:00,10.0354628549098,5137.18096804609,3.71875
"2719","April 2022",2022-04-22 13:30:00,9.70423849242221,5069.89462811741,3.72916666666667
"2720","April 2022",2022-04-22 13:45:00,9.93878656526839,5085.07657685203,3.73958333333333
"2721","April 2022",2022-04-22 14:00:00,9.63857688595419,5070.48379037322,3.75
"2722","April 2022",2022-04-22 14:15:00,9.47993037624886,5085.2758962242,3.76041666666667
"2723","April 2022",2022-04-22 14:30:00,9.77230293810753,5016.26754038344,3.77083333333333
"2724","April 2022",2022-04-22 14:45:00,9.64881442646741,5016.09362379521,3.78125
"2725","April 2022",2022-04-22 15:00:00,9.46982862064592,5000.85118143985,3.79166666666667
"2726","April 2022",2022-04-22 15:15:00,9.30731979154757,5000.70192046037,3.80208333333333
"2727","April 2022",2022-04-22 15:30:00,9.67341789733957,5000.48399066119,3.8125
"2728","April 2022",2022-04-22 15:45:00,9.30333438484819,4992.8219109045,3.82291666666667
"2729","April 2022",2022-04-22 16:00:00,9.28939576796578,5060.91148955307,3.83333333333333
"2730","April 2022",2022-04-22 16:15:00,8.97323253178332,5030.39954136419,3.84375
"2731","April 2022",2022-04-22 16:30:00,8.64671951537792,5029.35873465889,3.85416666666667
"2732","April 2022",2022-04-22 16:45:00,8.81164461125184,5065.54260620694,3.86458333333333
"2733","April 2022",2022-04-22 17:00:00,8.69196873597846,5071.70969182133,3.875
"2734","April 2022",2022-04-22 17:15:00,8.35902394438293,5122.30977444092,3.88541666666667
"2735","April 2022",2022-04-22 17:30:00,8.62041116991374,5171.84352663287,3.89583333333333
"2736","April 2022",2022-04-22 17:45:00,8.33707858582646,5207.09773158529,3.90625
"2737","April 2022",2022-04-22 18:00:00,7.94836294174635,5249.72269422356,3.91666666666667
"2738","April 2022",2022-04-22 18:15:00,7.99059675576139,5284.8660082778,3.92708333333333
"2739","April 2022",2022-04-22 18:30:00,7.63591983425846,5379.7254759504,3.9375
"2740","April 2022",2022-04-22 18:45:00,7.59529580761366,5444.74408193229,3.94791666666667
"2741","April 2022",2022-04-22 19:00:00,7.83492609992108,5457.94741013773,3.95833333333333
"2742","April 2022",2022-04-22 19:15:00,8.06851489485074,5500.97310561541,3.96875
"2743","April 2022",2022-04-22 19:30:00,8.01001690508505,5566.65958133804,3.97916666666667
"2744","April 2022",2022-04-22 19:45:00,7.79684521519364,5588.54773186584,3.98958333333333
"2745","April 2022",2022-04-22 20:00:00,8.09343987019277,5646.2498497522,4
"2746","April 2022",2022-04-22 20:15:00,7.52465724986608,5696.458319328,4.01041666666667
"2747","April 2022",2022-04-22 20:30:00,7.78993843198347,5738.82506053506,4.02083333333333
"2748","April 2022",2022-04-22 20:45:00,7.46789638827997,5774.07733194037,4.03125
"2749","April 2022",2022-04-22 21:00:00,7.57000149478278,5765.0269438976,4.04166666666667
"2750","April 2022",2022-04-22 21:15:00,7.56831782480123,5793.5966195908,4.05208333333333
"2751","April 2022",2022-04-22 21:30:00,7.76580591700922,5822.01433011318,4.0625
"2752","April 2022",2022-04-22 21:45:00,7.30151387586991,5850.3674555525,4.07291666666667
"2753","April 2022",2022-04-22 22:00:00,7.58685619018949,5879.15295018196,4.08333333333333
"2754","April 2022",2022-04-22 22:15:00,7.65630252117271,5929.8336293589,4.09375
"2755","April 2022",2022-04-22 22:30:00,7.03530442314714,5943.91530496225,4.10416666666667
"2756","April 2022",2022-04-22 22:45:00,7.12569726938629,5928.14052500063,4.11458333333333
"2757","April 2022",2022-04-22 23:00:00,6.75379776182119,5979.19181860004,4.125
"2758","April 2022",2022-04-22 23:15:00,7.31293769077553,6000.9767740906,4.13541666666667
"2759","April 2022",2022-04-22 23:30:00,7.7262988628408,5956.25528539344,4.14583333333333
"2760","April 2022",2022-04-22 23:45:00,7.19298275783137,6030.1061718145,4.15625
"2761","April 2022",2022-04-23,6.82698902563973,5963.17914290176,4.16666666666667
"2762","April 2022",2022-04-23 00:15:00,6.69789400625372,6007.1775463525,4.17708333333333
"2763","April 2022",2022-04-23 00:30:00,6.93041234070407,6021.25283285999,4.1875
"2764","April 2022",2022-04-23 00:45:00,6.931967096819,6013.12418752673,4.19791666666667
"2765","April 2022",2022-04-23 01:00:00,6.84079631249604,6057.78682954536,4.20833333333333
"2766","April 2022",2022-04-23 01:15:00,7.04634804030399,6080.53518621798,4.21875
"2767","April 2022",2022-04-23 01:30:00,6.89474325520437,6102.71936871713,4.22916666666667
"2768","April 2022",2022-04-23 01:45:00,6.83619093881091,6088.07771347292,4.23958333333333
"2769","April 2022",2022-04-23 02:00:00,7.18494231532427,6147.55101900849,4.25
"2770","April 2022",2022-04-23 02:15:00,6.54904404399093,6125.66177317578,4.26041666666667
"2771","April 2022",2022-04-23 02:30:00,6.59780282016825,6125.7476818314,4.27083333333333
"2772","April 2022",2022-04-23 02:45:00,6.71597587512208,6124.93295126832,4.28125
"2773","April 2022",2022-04-23 03:00:00,6.63199692163046,6139.26522380568,4.29166666666667
"2774","April 2022",2022-04-23 03:15:00,6.55935704017274,6170.22584856635,4.30208333333333
"2775","April 2022",2022-04-23 03:30:00,6.77658905160713,6177.4501341191,4.3125
"2776","April 2022",2022-04-23 03:45:00,6.47584603494043,6162.44225482213,4.32291666666667
"2777","April 2022",2022-04-23 04:00:00,6.56820951169541,6213.72773769608,4.33333333333333
"2778","April 2022",2022-04-23 04:15:00,6.17180109149417,6235.24439166719,4.34375
"2779","April 2022",2022-04-23 04:30:00,6.40202675013395,6241.94079300861,4.35416666666667
"2780","April 2022",2022-04-23 04:45:00,6.2246962486139,6263.90128206816,4.36458333333333
"2781","April 2022",2022-04-23 05:00:00,6.05519337596506,6285.37660993942,4.375
"2782","May 2022",2022-05-14 08:00:00,3.49134992085813,12817.3476621275,0.0104166666666667
"2783","May 2022",2022-05-14 08:15:00,3.44000868776539,12785.4664735251,0.0208333333333333
"2784","May 2022",2022-05-14 08:30:00,3.5355287700371,12844.2751309086,0.03125
"2785","May 2022",2022-05-14 08:45:00,3.56632836271504,12768.4059454387,0.0416666666666667
"2786","May 2022",2022-05-14 09:00:00,3.67419801302939,12781.6681124198,0.0520833333333333
"2787","May 2022",2022-05-14 09:15:00,3.96372810738497,12578.5077704436,0.0625
"2788","May 2022",2022-05-14 09:30:00,4.00073090571997,12570.2305566465,0.0729166666666667
"2789","May 2022",2022-05-14 09:45:00,4.06640777791476,12538.8248718921,0.0833333333333333
"2790","May 2022",2022-05-14 10:00:00,4.06199400059165,12401.8747910966,0.09375
"2791","May 2022",2022-05-14 10:15:00,4.28548484289128,12258.8990262633,0.104166666666667
"2792","May 2022",2022-05-14 10:30:00,4.78244151514822,11945.979167018,0.114583333333333
"2793","May 2022",2022-05-14 10:45:00,4.61812420332921,11775.3786298851,0.125
"2794","May 2022",2022-05-14 11:00:00,4.80565601604649,11716.0585483912,0.135416666666667
"2795","May 2022",2022-05-14 11:15:00,5.24393664123292,11453.7212151329,0.145833333333333
"2796","May 2022",2022-05-14 11:30:00,5.37196834813364,11073.8317357118,0.15625
"2797","May 2022",2022-05-14 11:45:00,5.30745761594403,10820.1820667009,0.166666666666667
"2798","May 2022",2022-05-14 12:00:00,5.45670937107643,10671.9803277664,0.177083333333333
"2799","May 2022",2022-05-14 12:15:00,5.86697491271124,10362.4191921369,0.1875
"2800","May 2022",2022-05-14 12:30:00,5.62988810135276,10215.6830422293,0.197916666666667
"2801","May 2022",2022-05-14 12:45:00,5.59995149232045,10047.1066309793,0.208333333333333
"2802","May 2022",2022-05-14 13:00:00,5.68779338201146,9849.73850112078,0.21875
"2803","May 2022",2022-05-14 13:15:00,5.77723851522156,9732.13326951153,0.229166666666667
"2804","May 2022",2022-05-14 13:30:00,6.09607910641169,9653.12176736137,0.239583333333333
"2805","May 2022",2022-05-14 13:45:00,5.91176576186972,9454.3874145088,0.25
"2806","May 2022",2022-05-14 14:00:00,6.52553168471998,9330.04797931217,0.260416666666667
"2807","May 2022",2022-05-14 14:15:00,6.3532866868381,9087.162022602,0.270833333333333
"2808","May 2022",2022-05-14 14:30:00,6.32479274534964,8999.32124507025,0.28125
"2809","May 2022",2022-05-14 14:45:00,6.58298980630409,8805.2762272115,0.291666666666667
"2810","May 2022",2022-05-14 15:00:00,8.31335761618065,8388.05750003905,0.302083333333333
"2811","May 2022",2022-05-14 15:15:00,8.72982038453652,8066.45158984951,0.3125
"2812","May 2022",2022-05-14 15:30:00,9.73719493759737,7757.99956239191,0.322916666666667
"2813","May 2022",2022-05-14 15:45:00,9.34724584090341,7565.50848915828,0.333333333333333
"2814","May 2022",2022-05-14 16:00:00,10.0819440812912,7455.7770146583,0.34375
"2815","May 2022",2022-05-14 16:15:00,10.387932106936,7467.55286471326,0.354166666666667
"2816","May 2022",2022-05-14 16:30:00,10.3987520501969,7417.01996255746,0.364583333333333
"2817","May 2022",2022-05-14 16:45:00,10.387932106936,7441.87400379184,0.375
"2818","May 2022",2022-05-14 17:00:00,10.2973675225965,7405.14206309856,0.385416666666667
"2819","May 2022",2022-05-14 17:15:00,10.1031242622732,7275.861638551,0.395833333333333
"2820","May 2022",2022-05-14 17:30:00,11.0019369281197,7258.53565119381,0.40625
"2821","May 2022",2022-05-14 17:45:00,9.89696934294506,7234.09719462343,0.416666666666667
"2822","May 2022",2022-05-14 18:00:00,11.5057636321765,7127.41881373052,0.427083333333333
"2823","May 2022",2022-05-14 18:15:00,11.2816699909289,7109.11042130272,0.4375
"2824","May 2022",2022-05-14 18:30:00,12.4402844068447,6992.44088977904,0.447916666666667
"2825","May 2022",2022-05-14 18:45:00,13.3603795256431,6929.20977025417,0.458333333333333
"2826","May 2022",2022-05-14 19:00:00,12.684838254315,6961.85862543598,0.46875
"2827","May 2022",2022-05-14 19:15:00,13.1020948412265,6922.68855055485,0.479166666666667
"2828","May 2022",2022-05-14 19:30:00,13.2372141797628,6926.39429306302,0.489583333333333
"2829","May 2022",2022-05-14 19:45:00,13.6768177665495,6916.33419629795,0.5
"2830","May 2022",2022-05-14 20:00:00,14.190035550904,6977.97002101207,0.510416666666667
"2831","May 2022",2022-05-14 20:15:00,14.0832096979681,7019.50762273781,0.520833333333333
"2832","May 2022",2022-05-14 20:30:00,13.6089717723429,6964.76160229818,0.53125
"2833","May 2022",2022-05-14 20:45:00,14.1285467193214,7066.67658069065,0.541666666666667
"2834","May 2022",2022-05-14 21:00:00,14.8006854017111,7050.2852474765,0.552083333333333
"2835","May 2022",2022-05-14 21:15:00,13.6115771437515,7063.61594112019,0.5625
"2836","May 2022",2022-05-14 21:30:00,13.6898904305507,7158.3917083879,0.572916666666667
"2837","May 2022",2022-05-14 21:45:00,13.1376974184044,7158.30200853717,0.583333333333333
"2838","May 2022",2022-05-14 22:00:00,13.0336138291766,7223.69221709158,0.59375
"2839","May 2022",2022-05-14 22:15:00,13.7973948179396,7238.49929616559,0.604166666666667
"2840","May 2022",2022-05-14 22:30:00,13.0184282185619,7229.77373923947,0.614583333333333
"2841","May 2022",2022-05-14 22:45:00,13.7055884247062,7326.10760456282,0.625
"2842","May 2022",2022-05-14 23:00:00,13.768498190649,7294.692119291,0.635416666666667
"2843","May 2022",2022-05-14 23:15:00,14.027335692008,7318.17147091845,0.645833333333333
"2844","May 2022",2022-05-14 23:30:00,12.5239110491117,7324.86275303764,0.65625
"2845","May 2022",2022-05-14 23:45:00,11.7140834964071,7405.7628966684,0.666666666666667
"2846","May 2022",2022-05-15,12.4968139808732,7428.21392408672,0.677083333333333
"2847","May 2022",2022-05-15 00:15:00,12.4427386152931,7420.37722443046,0.6875
"2848","May 2022",2022-05-15 00:30:00,11.3437373745179,7458.29145979537,0.697916666666667
"2849","May 2022",2022-05-15 00:45:00,11.7023114228115,7450.93045619233,0.708333333333333
"2850","May 2022",2022-05-15 01:00:00,11.0765013811001,7518.34918905375,0.71875
"2851","May 2022",2022-05-15 01:15:00,10.963663994026,7518.57107331223,0.729166666666667
"2852","May 2022",2022-05-15 01:30:00,10.9165162135047,7541.78472964817,0.739583333333333
"2853","May 2022",2022-05-15 01:45:00,11.5104165116879,7520.94842235478,0.75
"2854","May 2022",2022-05-15 02:00:00,11.0244945897576,7527.95382609979,0.760416666666667
"2855","May 2022",2022-05-15 02:15:00,11.3138233041933,7512.67013663948,0.770833333333333
"2856","May 2022",2022-05-15 02:30:00,10.6741149405259,7490.72069541517,0.78125
"2857","May 2022",2022-05-15 02:45:00,10.8382572280062,7453.89628548253,0.791666666666667
"2858","May 2022",2022-05-15 03:00:00,10.4638434858533,7527.82285286665,0.802083333333333
"2859","May 2022",2022-05-15 03:15:00,10.6586807264751,7519.81510813324,0.8125
"2860","May 2022",2022-05-15 03:30:00,11.0991670162813,7482.41677276907,0.822916666666667
"2861","May 2022",2022-05-15 03:45:00,10.8337973921021,7489.84230763677,0.833333333333333
"2862","May 2022",2022-05-15 04:00:00,9.7124697510948,7497.3235006533,0.84375
"2863","May 2022",2022-05-15 04:15:00,9.98283550510252,7504.76052767251,0.854166666666667
"2864","May 2022",2022-05-15 04:30:00,9.13516439459584,7467.59994000848,0.864583333333333
"2865","May 2022",2022-05-15 04:45:00,10.0059663451909,7511.68229818886,0.875
"2866","May 2022",2022-05-15 05:00:00,9.40135361121008,7497.13988627013,0.885416666666667
"2867","May 2022",2022-05-15 05:15:00,9.77850828338603,7511.6563878162,0.895833333333333
"2868","May 2022",2022-05-15 05:30:00,9.32726645659789,7532.94939809245,0.90625
"2869","May 2022",2022-05-15 05:45:00,9.20610074781056,7488.26931859027,0.916666666666667
"2870","May 2022",2022-05-15 06:00:00,9.64062373967178,7502.75634130176,0.927083333333333
"2871","May 2022",2022-05-15 06:15:00,9.28740584575288,7568.96719839792,0.9375
"2872","May 2022",2022-05-15 06:30:00,9.32327450604727,7553.12503714494,0.947916666666667
"2873","May 2022",2022-05-15 06:45:00,8.85182515350953,7545.62034819542,0.958333333333333
"2874","May 2022",2022-05-15 07:00:00,8.66743534721876,7537.87214042013,0.96875
"2875","May 2022",2022-05-15 07:15:00,8.69385821007702,7462.48752890548,0.979166666666667
"2876","May 2022",2022-05-15 07:30:00,8.47130801126797,7439.44188392792,0.989583333333333
"2877","May 2022",2022-05-15 07:45:00,8.77922318880978,7446.67357537698,1
"2878","May 2022",2022-05-15 08:00:00,8.41777524409194,7446.44686759773,1.01041666666667
"2879","May 2022",2022-05-15 08:15:00,8.34621675935529,7328.69040160884,1.02083333333333
"2880","May 2022",2022-05-15 08:30:00,7.9360802463843,7306.90531467853,1.03125
"2881","May 2022",2022-05-15 08:45:00,8.60165875768873,7283.35769458944,1.04166666666667
"2882","May 2022",2022-05-15 09:00:00,8.31700339700806,7261.98842495669,1.05208333333333
"2883","May 2022",2022-05-15 09:15:00,7.89758186395684,7174.78553245222,1.0625
"2884","May 2022",2022-05-15 09:30:00,8.29151041539063,7153.7526100237,1.07291666666667
"2885","May 2022",2022-05-15 09:45:00,8.75639441035513,7096.88593027293,1.08333333333333
"2886","May 2022",2022-05-15 10:00:00,8.7678029101164,6994.3528757786,1.09375
"2887","May 2022",2022-05-15 10:15:00,9.51433753030648,6920.81302384258,1.10416666666667
"2888","May 2022",2022-05-15 10:30:00,10.2308924525312,6840.1458513323,1.11458333333333
"2889","May 2022",2022-05-15 10:45:00,9.59974883190679,6796.30514797105,1.125
"2890","May 2022",2022-05-15 11:00:00,9.16466967560801,6714.26360833763,1.13541666666667
"2891","May 2022",2022-05-15 11:15:00,9.44763355126434,6575.5875333322,1.14583333333333
"2892","May 2022",2022-05-15 11:30:00,9.56307331477193,6562.91865965908,1.15625
"2893","May 2022",2022-05-15 11:45:00,9.89488191735081,6558.01181531338,1.16666666666667
"2894","May 2022",2022-05-15 12:00:00,10.3167256311461,6561.89222950656,1.17708333333333
"2895","May 2022",2022-05-15 12:15:00,9.3632529062119,6529.29466583328,1.1875
"2896","May 2022",2022-05-15 12:30:00,9.28939576796578,6497.61773091345,1.19791666666667
"2897","May 2022",2022-05-15 12:45:00,9.73925749655759,6548.75178945263,1.20833333333333
"2898","May 2022",2022-05-15 13:00:00,9.10573273190879,6511.50980359389,1.21875
"2899","May 2022",2022-05-15 13:15:00,9.29337659396953,6418.50124444368,1.22916666666667
"2900","May 2022",2022-05-15 13:30:00,10.1647318145112,6376.6682224041,1.23958333333333
"2901","May 2022",2022-05-15 13:45:00,9.79507026726759,6312.30238443605,1.25
"2902","May 2022",2022-05-15 14:00:00,9.35724780277713,6313.81350499243,1.26041666666667
"2903","May 2022",2022-05-15 14:15:00,9.09006594685724,6271.13417068839,1.27083333333333
"2904","May 2022",2022-05-15 14:30:00,9.21005408963942,6251.08917757774,1.28125
"2905","May 2022",2022-05-15 14:45:00,9.81372752936486,6215.89064438626,1.29166666666667
"2906","May 2022",2022-05-15 15:00:00,9.43353002933441,6187.86261033443,1.30208333333333
"2907","May 2022",2022-05-15 15:15:00,10.1455827820038,6205.36070337172,1.3125
"2908","May 2022",2022-05-15 15:30:00,9.24965949029162,6153.66796166555,1.32291666666667
"2909","May 2022",2022-05-15 15:45:00,9.60383043321716,6139.9438159125,1.33333333333333
"2910","May 2022",2022-05-15 16:00:00,9.70218149573556,6110.60014136803,1.34375
"2911","May 2022",2022-05-15 16:15:00,9.49004031166554,6110.50977790656,1.35416666666667
"2912","May 2022",2022-05-15 16:30:00,10.1604741836062,6156.14023023883,1.36458333333333
"2913","May 2022",2022-05-15 16:45:00,9.42547807218205,6097.48904815391,1.375
"2914","May 2022",2022-05-15 17:00:00,9.22390109260661,6090.46309577467,1.38541666666667
"2915","May 2022",2022-05-15 17:15:00,9.3352542840095,6038.04622037788,1.39583333333333
"2916","May 2022",2022-05-15 17:30:00,9.25561158853265,6074.4899798436,1.40625
"2917","May 2022",2022-05-15 17:45:00,8.88638046288892,6094.66311201794,1.41666666666667
"2918","May 2022",2022-05-15 18:00:00,9.10769255240665,6100.61677564325,1.42708333333333
"2919","May 2022",2022-05-15 18:15:00,8.84990852242891,6171.98556525565,1.4375
"2920","May 2022",2022-05-15 18:30:00,8.49724990107056,6193.51305449864,1.44791666666667
"2921","May 2022",2022-05-15 18:45:00,8.19378106896871,6250.3454783106,1.45833333333333
"2922","May 2022",2022-05-15 19:00:00,7.69550103276188,6307.11936587689,1.46875
"2923","May 2022",2022-05-15 19:15:00,8.4713080112681,6394.4466996806,1.47916666666667
"2924","May 2022",2022-05-15 19:30:00,7.93082114197464,6481.00094148568,1.48958333333333
"2925","May 2022",2022-05-15 19:45:00,7.6291360754488,6501.62465294657,1.5
"2926","May 2022",2022-05-15 20:00:00,7.72801296173007,6566.36023729144,1.51041666666667
"2927","May 2022",2022-05-15 20:15:00,7.46956042670834,6630.82529985881,1.52083333333333
"2928","May 2022",2022-05-15 20:30:00,7.16888596975158,6637.10560878576,1.53125
"2929","May 2022",2022-05-15 20:45:00,6.99285779549654,6635.1063387277,1.54166666666667
"2930","May 2022",2022-05-15 21:00:00,7.13846905471227,6745.40205374194,1.55208333333333
"2931","May 2022",2022-05-15 21:15:00,7.14806163579386,6728.7775061663,1.5625
"2932","May 2022",2022-05-15 21:30:00,7.30314486785012,6711.61123942624,1.57291666666667
"2933","May 2022",2022-05-15 21:45:00,7.44795344815946,6814.51255550208,1.58333333333333
"2934","May 2022",2022-05-15 22:00:00,7.75032602181237,6761.59500923853,1.59375
"2935","May 2022",2022-05-15 22:15:00,7.59698471267608,6713.78697222484,1.60416666666667
"2936","May 2022",2022-05-15 22:30:00,7.76408461988375,6759.07332459679,1.61458333333333
"2937","May 2022",2022-05-15 22:45:00,7.61389175889158,6750.78129999552,1.625
"2938","May 2022",2022-05-15 23:00:00,7.4462936632343,6733.81187914964,1.63541666666667
"2939","May 2022",2022-05-15 23:15:00,7.52298241408351,6793.02618549934,1.64583333333333
"2940","May 2022",2022-05-15 23:30:00,7.69891777880089,6777.21730529137,1.65625
"2941","May 2022",2022-05-15 23:45:00,7.92381358345732,6776.65029973331,1.66666666666667
"2942","May 2022",2022-05-16,8.08274988528201,6761.43409666788,1.67708333333333
"2943","May 2022",2022-05-16 00:15:00,7.8853655886833,6776.08912538654,1.6875
"2944","May 2022",2022-05-16 00:30:00,8.17039612607662,6730.6544949642,1.69791666666667
"2945","May 2022",2022-05-16 00:45:00,7.99765404754693,6769.22151205471,1.70833333333333
"2946","May 2022",2022-05-16 01:00:00,7.43634182472734,6821.72083543394,1.71875
"2947","May 2022",2022-05-16 01:15:00,7.88885431708438,6844.03362572583,1.72916666666667
"2948","May 2022",2022-05-16 01:30:00,7.44297507496177,6777.76505357629,1.73958333333333
"2949","May 2022",2022-05-16 01:45:00,7.46456929300088,6822.56774296417,1.75
"2950","May 2022",2022-05-16 02:00:00,7.70575519718955,6859.44679062259,1.76041666666667
"2951","May 2022",2022-05-16 02:15:00,7.57505446788311,6880.87453926104,1.77083333333333
"2952","May 2022",2022-05-16 02:30:00,7.61897025301095,6896.15922485952,1.78125
"2953","May 2022",2022-05-16 02:45:00,7.19620122518212,6895.98818248511,1.79166666666667
"2954","May 2022",2022-05-16 03:00:00,7.59023105558147,6947.13212624008,1.80208333333333
"2955","May 2022",2022-05-16 03:15:00,7.27871434336424,6983.96498698942,1.8125
"2956","May 2022",2022-05-16 03:30:00,7.4313703225733,6991.27982858801,1.82291666666667
"2957","May 2022",2022-05-16 03:45:00,7.39335330329991,6998.8310728336,1.83333333333333
"2958","May 2022",2022-05-16 04:00:00,6.87157405801764,7034.77529810245,1.84375
"2959","May 2022",2022-05-16 04:15:00,7.44961356027706,7019.13579673397,1.85416666666667
"2960","May 2022",2022-05-16 04:30:00,8.01178433636065,6949.1609828641,1.86458333333333
"2961","May 2022",2022-05-16 04:45:00,8.95194084104577,6818.72885085808,1.875
"2962","May 2022",2022-05-16 05:00:00,12.0350214531304,6522.61573283334,1.88541666666667
"2963","May 2022",2022-05-16 05:15:00,14.5435549394803,6139.93862827856,1.89583333333333
"2964","May 2022",2022-05-16 05:30:00,19.7158782364009,5674.16774420117,1.90625
"2965","May 2022",2022-05-16 05:45:00,21.1547390773589,5263.14373195537,1.91666666666667
"2966","May 2022",2022-05-16 06:00:00,23.0442949164632,5059.39525401433,1.92708333333333
"2967","May 2022",2022-05-16 06:15:00,22.3838569302744,5047.13439865418,1.9375
"2968","May 2022",2022-05-16 06:30:00,25.017227459889,5153.31793472982,1.94791666666667
"2969","May 2022",2022-05-16 06:45:00,24.0873337439088,5230.74413781579,1.95833333333333
"2970","May 2022",2022-05-16 07:00:00,22.664511844825,5296.92604928856,1.96875
"2971","May 2022",2022-05-16 07:15:00,23.3514939311713,5347.80084526582,1.97916666666667
"2972","May 2022",2022-05-16 07:30:00,24.8551942686934,5376.57042613002,1.98958333333333
"2973","May 2022",2022-05-16 07:45:00,26.4871453670892,5354.44619860238,2
"2974","May 2022",2022-05-16 08:00:00,29.0176455493082,5361.69149998346,2.01041666666667
"2975","May 2022",2022-05-16 08:15:00,31.2404946245296,5346.39596754906,2.02083333333333
"2976","May 2022",2022-05-16 08:30:00,32.627090366843,5337.47926503801,2.03125
"2977","May 2022",2022-05-16 08:45:00,35.1388220153449,5276.9877383238,2.04166666666667
"2978","May 2022",2022-05-16 09:00:00,37.0208096872124,5225.25578002435,2.05208333333333
"2979","May 2022",2022-05-16 09:15:00,45.1928213012155,5202.86194362305,2.0625
"2980","May 2022",2022-05-16 09:30:00,47.9617341120692,5057.14530004717,2.07291666666667
"2981","May 2022",2022-05-16 09:45:00,45.4709882431664,5028.175641058,2.08333333333333
"2982","May 2022",2022-05-16 10:00:00,49.8476224845181,4977.1905132497,2.09375
"2983","May 2022",2022-05-16 10:15:00,51.3955997623688,4941.0027753339,2.10416666666667
"2984","May 2022",2022-05-16 10:30:00,54.5848030259167,4883.6896614854,2.11458333333333
"2985","May 2022",2022-05-16 10:45:00,50.6407259516648,4902.62117277459,2.125
"2986","May 2022",2022-05-16 11:00:00,53.6213260157177,4810.91455395089,2.13541666666667
"2987","May 2022",2022-05-16 11:15:00,54.2375933329536,4777.07723756696,2.14583333333333
"2988","May 2022",2022-05-16 11:30:00,47.8914330287328,4765.32104992621,2.15625
"2989","May 2022",2022-05-16 11:45:00,50.5906130517275,4701.27527790796,2.16666666666667
"2990","May 2022",2022-05-16 12:00:00,50.5683491587611,4675.37774197805,2.17708333333333
"2991","May 2022",2022-05-16 12:15:00,50.5460905008764,4626.03503952363,2.1875
"2992","May 2022",2022-05-16 12:30:00,51.530423834334,4591.81442050669,2.19791666666667
"2993","May 2022",2022-05-16 12:45:00,50.6574361411107,4590.60891732248,2.20833333333333
"2994","May 2022",2022-05-16 13:00:00,50.6685779033703,4564.94808856498,2.21875
"2995","May 2022",2022-05-16 13:15:00,48.1133396385496,4539.02056423692,2.22916666666667
"2996","May 2022",2022-05-16 13:30:00,49.4013503499286,4436.00678082962,2.23958333333333
"2997","May 2022",2022-05-16 13:45:00,46.3375532976762,4393.19002142344,2.25
"2998","May 2022",2022-05-16 14:00:00,46.2685410258139,4303.69100640752,2.26041666666667
"2999","May 2022",2022-05-16 14:15:00,46.0671298961095,4238.2368004972,2.27083333333333
"3000","May 2022",2022-05-16 14:30:00,44.9312421786945,4203.48583919398,2.28125
"3001","May 2022",2022-05-16 14:45:00,44.0945149333163,4137.36968894193,2.29166666666667
"3002","May 2022",2022-05-16 15:00:00,43.3379535638991,4152.17916941975,2.30208333333333
"3003","May 2022",2022-05-16 15:15:00,41.4999967611182,4152.25629616297,2.3125
"3004","May 2022",2022-05-16 15:30:00,43.1844219806593,4130.54557005776,2.32291666666667
"3005","May 2022",2022-05-16 15:45:00,41.4699795119905,4145.45263034711,2.33333333333333
"3006","May 2022",2022-05-16 16:00:00,39.7246967537802,4145.9521624955,2.34375
"3007","May 2022",2022-05-16 16:15:00,40.5354057227631,4154.14402987193,2.35416666666667
"3008","May 2022",2022-05-16 16:30:00,38.8166618169658,4124.97603643427,2.36458333333333
"3009","May 2022",2022-05-16 16:45:00,38.034499291007,4154.07723115258,2.375
"3010","May 2022",2022-05-16 17:00:00,37.5826474408827,4123.11935195587,2.38541666666667
"3011","May 2022",2022-05-16 17:15:00,36.4542801181172,4091.89370964515,2.39583333333333
"3012","May 2022",2022-05-16 17:30:00,36.082345741898,4127.31316461248,2.40625
"3013","May 2022",2022-05-16 17:45:00,35.9249077311758,4147.57223580484,2.41666666666667
"3014","May 2022",2022-05-16 18:00:00,37.091374361936,4167.87027188797,2.42708333333333
"3015","May 2022",2022-05-16 18:15:00,37.053730707359,4173.13926616404,2.4375
"3016","May 2022",2022-05-16 18:30:00,36.1751330204197,4230.73315895749,2.44791666666667
"3017","May 2022",2022-05-16 18:45:00,38.4700948306647,4302.97624315258,2.45833333333333
"3018","May 2022",2022-05-16 19:00:00,34.878919540623,4384.24739359662,2.46875
"3019","May 2022",2022-05-16 19:15:00,33.6221014916787,4427.30527317528,2.47916666666667
"3020","May 2022",2022-05-16 19:30:00,36.1797758198671,4528.89261909839,2.48958333333333
"3021","May 2022",2022-05-16 19:45:00,33.5463443969208,4571.92746877404,2.5
"3022","May 2022",2022-05-16 20:00:00,31.9946379155675,4658.9711020517,2.51041666666667
"3023","May 2022",2022-05-16 20:15:00,32.155368603444,4701.45807797039,2.52083333333333
"3024","May 2022",2022-05-16 20:30:00,32.7500115764229,4773.5112399094,2.53125
"3025","May 2022",2022-05-16 20:45:00,35.0429447932403,4846.04594305817,2.54166666666667
"3026","May 2022",2022-05-16 21:00:00,32.9569202836673,4888.13682335574,2.55208333333333
"3027","May 2022",2022-05-16 21:15:00,31.4248698321422,4938.18703354233,2.5625
"3028","May 2022",2022-05-16 21:30:00,31.5409495083052,4990.12119719273,2.57291666666667
"3029","May 2022",2022-05-16 21:45:00,32.8864021331925,5018.09492072435,2.58333333333333
"3030","May 2022",2022-05-16 22:00:00,33.3684654087675,5076.23834679468,2.59375
"3031","May 2022",2022-05-16 22:15:00,29.384495441458,5105.10911946084,2.60416666666667
"3032","May 2022",2022-05-16 22:30:00,30.7588576052839,5155.88155499608,2.61458333333333
"3033","May 2022",2022-05-16 22:45:00,31.0823304350529,5222.30286245032,2.625
"3034","May 2022",2022-05-16 23:00:00,30.4246193475984,5200.28183915769,2.63541666666667
"3035","May 2022",2022-05-16 23:15:00,27.672037973213,5288.84082849668,2.64583333333333
"3036","May 2022",2022-05-16 23:30:00,26.3936260832525,5318.09077202488,2.65625
"3037","May 2022",2022-05-16 23:45:00,27.3690801166345,5318.2276661899,2.66666666666667
"3038","May 2022",2022-05-17,26.584761693192,5340.53300804198,2.67708333333333
"3039","May 2022",2022-05-17 00:15:00,26.7256884602055,5392.67564475771,2.6875
"3040","May 2022",2022-05-17 00:30:00,25.9172977378825,5377.78720589637,2.69791666666667
"3041","May 2022",2022-05-17 00:45:00,25.4649846843183,5414.79694102417,2.70833333333333
"3042","May 2022",2022-05-17 01:00:00,25.6254552667778,5466.71346424483,2.71875
"3043","May 2022",2022-05-17 01:15:00,25.7404304793508,5474.20639434865,2.72916666666667
"3044","May 2022",2022-05-17 01:30:00,24.9191815928675,5482.06261316314,2.73958333333333
"3045","May 2022",2022-05-17 01:45:00,23.8699703534432,5467.861033055,2.75
"3046","May 2022",2022-05-17 02:00:00,24.9530955166057,5512.20065015086,2.76041666666667
"3047","May 2022",2022-05-17 02:15:00,24.7725275088979,5550.97097073531,2.77083333333333
"3048","May 2022",2022-05-17 02:30:00,24.5852374559615,5512.6160849312,2.78125
"3049","May 2022",2022-05-17 02:45:00,24.2501766737719,5551.0177904314,2.79166666666667
"3050","May 2022",2022-05-17 03:00:00,23.6318207974007,5566.07389757984,2.80208333333333
"3051","May 2022",2022-05-17 03:15:00,21.8740444283804,5624.66988929948,2.8125
"3052","May 2022",2022-05-17 03:30:00,23.5223718670795,5609.41953828342,2.82291666666667
"3053","May 2022",2022-05-17 03:45:00,23.9545697767544,5542.34151539549,2.83333333333333
"3054","May 2022",2022-05-17 04:00:00,25.2215679196223,5503.39267667155,2.84375
"3055","May 2022",2022-05-17 04:15:00,25.0625539984171,5466.02247576115,2.85416666666667
"3056","May 2022",2022-05-17 04:30:00,24.1242878779615,5443.59299008448,2.86458333333333
"3057","May 2022",2022-05-17 04:45:00,23.2283306493428,5442.77783314381,2.875
"3058","May 2022",2022-05-17 05:00:00,24.2946983186152,5471.83936087297,2.88541666666667
"3059","May 2022",2022-05-17 05:15:00,22.2319536205778,5500.9603296648,2.89583333333333
"3060","May 2022",2022-05-17 05:30:00,24.2205217526146,5492.74562571311,2.90625
"3061","May 2022",2022-05-17 05:45:00,21.7450559990224,5514.20371115853,2.91666666666667
"3062","May 2022",2022-05-17 06:00:00,20.543688856837,5558.91015551701,2.92708333333333
"3063","May 2022",2022-05-17 06:15:00,22.91848830889,5601.95933307783,2.9375
"3064","May 2022",2022-05-17 06:30:00,21.8915096524311,5623.54597492517,2.94791666666667
"3065","May 2022",2022-05-17 06:45:00,22.09119135585,5600.90727481208,2.95833333333333
"3066","May 2022",2022-05-17 07:00:00,20.987347503934,5578.0136922584,2.96875
"3067","May 2022",2022-05-17 07:15:00,21.4676933588649,5599.61311939694,2.97916666666667
"3068","May 2022",2022-05-17 07:30:00,22.5434733514484,5584.35246486837,2.98958333333333
"3069","May 2022",2022-05-17 07:45:00,21.6650997652571,5570.0424667635,3
"3070","May 2022",2022-05-17 08:00:00,23.9177661512773,5509.84383816512,3.01041666666667
"3071","May 2022",2022-05-17 08:15:00,22.105244024459,5348.82739564099,3.02083333333333
"3072","May 2022",2022-05-17 08:30:00,22.6253109424041,5291.46879284838,3.03125
"3073","May 2022",2022-05-17 08:45:00,24.5441434174176,5189.82933197431,3.04166666666667
"3074","May 2022",2022-05-17 09:00:00,25.085234936079,5146.87505558765,3.05208333333333
"3075","May 2022",2022-05-17 09:15:00,22.9687628546137,5052.82676512295,3.0625
"3076","May 2022",2022-05-17 09:30:00,24.8551942686934,4996.82060619284,3.07291666666667
"3077","May 2022",2022-05-17 09:45:00,23.5078009254635,4931.23020839514,3.08333333333333
"3078","May 2022",2022-05-17 10:00:00,23.6099074534723,4882.01744094389,3.09375
"3079","May 2022",2022-05-17 10:15:00,25.526048278728,4811.14708297006,3.10416666666667
"3080","May 2022",2022-05-17 10:30:00,24.4732560552656,4776.05276342516,3.11458333333333
"3081","May 2022",2022-05-17 10:45:00,24.6525676435629,4747.63656269625,3.125
"3082","May 2022",2022-05-17 11:00:00,25.6790737204123,4705.87232806912,3.13541666666667
"3083","May 2022",2022-05-17 11:15:00,22.4795472751879,4656.18626187957,3.14583333333333
"3084","May 2022",2022-05-17 11:30:00,23.5405929059318,4628.76118761966,3.15625
"3085","May 2022",2022-05-17 11:45:00,26.025295040649,4600.85352470529,3.16666666666667
"3086","May 2022",2022-05-17 12:00:00,25.5948449433598,4490.92578575936,3.17708333333333
"3087","May 2022",2022-05-17 12:15:00,26.5261673580886,4410.80252843076,3.1875
"3088","May 2022",2022-05-17 12:30:00,26.7178480708243,4344.3687136852,3.19791666666667
"3089","May 2022",2022-05-17 12:45:00,25.5795476342725,4368.09003616219,3.20833333333333
"3090","May 2022",2022-05-17 13:00:00,27.4565840911613,4339.17348680764,3.21875
"3091","May 2022",2022-05-17 13:15:00,25.7557827567879,4340.09248474692,3.22916666666667
"3092","May 2022",2022-05-17 13:30:00,25.3963882615298,4304.0686877552,3.23958333333333
"3093","May 2022",2022-05-17 13:45:00,28.6901046589345,4312.25843601527,3.25
"3094","May 2022",2022-05-17 14:00:00,25.206398870016,4259.56907064676,3.26041666666667
"3095","May 2022",2022-05-17 14:15:00,27.9366661782384,4229.16874905263,3.27083333333333
"3096","May 2022",2022-05-17 14:30:00,30.7715904420317,4081.69405328892,3.28125
"3097","May 2022",2022-05-17 14:45:00,34.6790200907645,4009.99673885923,3.29166666666667
"3098","May 2022",2022-05-17 15:00:00,31.7997583167915,3990.48304728318,3.30208333333333
"3099","May 2022",2022-05-17 15:15:00,33.2885906586124,3969.46105071975,3.3125
"3100","May 2022",2022-05-17 15:30:00,31.9816253291844,3946.59415588633,3.32291666666667
"3101","May 2022",2022-05-17 15:45:00,37.1902885853344,3961.08967433007,3.33333333333333
"3102","May 2022",2022-05-17 16:00:00,37.9629579465071,3857.21181940281,3.34375
"3103","May 2022",2022-05-17 16:15:00,34.7970659298957,3833.76371014195,3.35416666666667
"3104","May 2022",2022-05-17 16:30:00,34.1190751333611,3810.73911476533,3.36458333333333
"3105","May 2022",2022-05-17 16:45:00,38.0870097321753,3778.6976360275,3.375
"3106","May 2022",2022-05-17 17:00:00,39.3542757186963,3792.06367766777,3.38541666666667
"3107","May 2022",2022-05-17 17:15:00,35.1662420099716,3821.85796929986,3.39583333333333
"3108","May 2022",2022-05-17 17:30:00,40.1166553143585,3857.42185797721,3.40625
"3109","May 2022",2022-05-17 17:45:00,38.7973635973176,3893.00153742983,3.41666666666667
"3110","May 2022",2022-05-17 18:00:00,37.6917722365298,3928.25704622266,3.42708333333333
"3111","May 2022",2022-05-17 18:15:00,37.4973661609508,3955.95652875505,3.4375
"3112","May 2022",2022-05-17 18:30:00,40.624385587336,4064.32059050761,3.44791666666667
"3113","May 2022",2022-05-17 18:45:00,40.9614884534173,4113.42137733814,3.45833333333333
"3114","May 2022",2022-05-17 19:00:00,42.6595379836076,4125.55442496096,3.46875
"3115","May 2022",2022-05-17 19:15:00,41.7104473151051,4137.68763944967,3.47916666666667
"3116","May 2022",2022-05-17 19:30:00,39.3251124421379,4165.28517290294,3.48958333333333
"3117","May 2022",2022-05-17 19:45:00,40.6491210299556,4237.46365101567,3.5
"3118","May 2022",2022-05-17 20:00:00,42.6646172579235,4295.13050300816,3.51041666666667
"3119","May 2022",2022-05-17 20:15:00,41.2003543217832,4345.1968342657,3.52083333333333
"3120","May 2022",2022-05-17 20:30:00,43.0771250840043,4396.35168894204,3.53125
"3121","May 2022",2022-05-17 20:45:00,44.0118252198004,4424.26611991382,3.54166666666667
"3122","May 2022",2022-05-17 21:00:00,42.827326793709,4452.62630042129,3.55208333333333
"3123","May 2022",2022-05-17 21:15:00,39.4856562274959,4488.4386229607,3.5625
"3124","May 2022",2022-05-17 21:30:00,39.266821225815,4546.52040090074,3.57291666666667
"3125","May 2022",2022-05-17 21:45:00,38.4989106287305,4567.79031906388,3.58333333333333
"3126","May 2022",2022-05-17 22:00:00,40.7877906715868,4596.39774669712,3.59375
"3127","May 2022",2022-05-17 22:15:00,40.8572216870137,4603.49305250251,3.60416666666667
"3128","May 2022",2022-05-17 22:30:00,41.3600170404972,4668.82552737881,3.61458333333333
"3129","May 2022",2022-05-17 22:45:00,40.2838718017754,4653.61487469417,3.625
"3130","May 2022",2022-05-17 23:00:00,39.8371703652268,4697.37483204063,3.63541666666667
"3131","May 2022",2022-05-17 23:15:00,40.1903806691622,4748.09774819485,3.64583333333333
"3132","May 2022",2022-05-17 23:30:00,38.2830792547033,4733.49573206673,3.65625
"3133","May 2022",2022-05-17 23:45:00,38.0297275776916,4784.69074976477,3.66666666666667
"3134","May 2022",2022-05-18,35.9064104789016,4807.2789833024,3.67708333333333
"3135","May 2022",2022-05-18 00:15:00,34.5566681333242,4836.8323226111,3.6875
"3136","May 2022",2022-05-18 00:30:00,33.4617866026335,4888.66439275252,3.69791666666667
"3137","May 2022",2022-05-18 00:45:00,34.1955441991181,4910.80728929175,3.70833333333333
"3138","May 2022",2022-05-18 01:00:00,35.7632342757367,4889.11434382292,3.71875
"3139","May 2022",2022-05-18 01:15:00,32.9657409419423,4942.5125809441,3.72916666666667
"3140","May 2022",2022-05-18 01:30:00,31.7954351844699,5008.83473678321,3.73958333333333
"3141","May 2022",2022-05-18 01:45:00,35.3952000347717,5009.39986068238,3.75
"3142","May 2022",2022-05-18 02:00:00,35.8324738206131,5017.23613834024,3.76041666666667
"3143","May 2022",2022-05-18 02:15:00,30.5470771896146,5098.4284817664,3.77083333333333
"3144","May 2022",2022-05-18 02:30:00,31.1848723807828,5047.78152124913,3.78125
"3145","May 2022",2022-05-18 02:45:00,30.6359253340628,5121.77526671084,3.79166666666667
"3146","May 2022",2022-05-18 03:00:00,31.2704679669484,5143.59784323991,3.80208333333333
"3147","May 2022",2022-05-18 03:15:00,27.361133062481,5121.87764979695,3.8125
"3148","May 2022",2022-05-18 03:30:00,27.8603392398615,5114.94810123388,3.82291666666667
"3149","May 2022",2022-05-18 03:45:00,27.3492149351943,5158.89239958816,3.83333333333333
"3150","May 2022",2022-05-18 04:00:00,26.4832449675481,5151.335871209,3.84375
"3151","May 2022",2022-05-18 04:15:00,26.502750237178,5165.98130115626,3.85416666666667
"3152","May 2022",2022-05-18 04:30:00,25.8441599453377,5180.74303076702,3.86458333333333
"3153","May 2022",2022-05-18 04:45:00,27.1193766112829,5247.30321710003,3.875
"3154","May 2022",2022-05-18 05:00:00,25.149561558932,5305.95963035988,3.88541666666667
"3155","May 2022",2022-05-18 05:15:00,24.8627172812958,5254.46126430854,3.89583333333333
"3156","May 2022",2022-05-18 05:30:00,24.2390536243938,5320.12138045152,3.90625
"3157","May 2022",2022-05-18 05:45:00,24.3950442863916,5282.8978936532,3.91666666666667
"3158","May 2022",2022-05-18 06:00:00,25.4878737164454,5319.10649775566,3.92708333333333
"3159","May 2022",2022-05-18 06:15:00,26.2420592030714,5348.28779510542,3.9375
"3160","May 2022",2022-05-18 06:30:00,23.7818772309369,5340.31638122438,3.94791666666667
"3161","May 2022",2022-05-18 06:45:00,26.0098511492969,5340.07259890478,3.95833333333333
"3162","May 2022",2022-05-18 07:00:00,22.4015593689269,5398.13637886399,3.96875
"3163","May 2022",2022-05-18 07:15:00,22.8539438387009,5353.32151893756,3.97916666666667
"3164","May 2022",2022-05-18 07:30:00,23.7782107740724,5360.48969656454,3.98958333333333
"3165","May 2022",2022-05-18 07:45:00,24.6900191102992,5353.67696798925,4
"3166","May 2022",2022-05-18 08:00:00,23.5953051013716,5295.1525220535,4.01041666666667
"3167","May 2022",2022-05-18 08:15:00,25.316493086961,5287.722659392,4.02083333333333
"3168","May 2022",2022-05-18 08:30:00,23.500517417811,5200.10322856586,4.03125
"3169","May 2022",2022-05-18 08:45:00,23.7379013432751,5149.26605747985,4.04166666666667
"3170","May 2022",2022-05-18 09:00:00,22.7644746072142,5121.32002127211,4.05208333333333
"3171","May 2022",2022-05-18 09:15:00,23.1632796850787,5063.21256629468,4.0625
"3172","May 2022",2022-05-18 09:30:00,22.5968260618226,5013.80655699878,4.07291666666667
"3173","May 2022",2022-05-18 09:45:00,24.5292099464511,4979.32863880232,4.08333333333333
"3174","May 2022",2022-05-18 10:00:00,22.8646938885664,4921.11485849088,4.09375
"3175","May 2022",2022-05-18 10:15:00,21.4400722666285,4872.27029204901,4.10416666666667
"3176","May 2022",2022-05-18 10:30:00,23.5405929059315,4785.83205122745,4.11458333333333
"3177","May 2022",2022-05-18 10:45:00,25.2215679196223,4788.80023062258,4.125
"3178","May 2022",2022-05-18 11:00:00,22.7716246203043,4757.92081131962,4.13541666666667
"3179","May 2022",2022-05-18 11:15:00,23.9693003883369,4720.04471900208,4.14583333333333
"3180","May 2022",2022-05-18 11:30:00,22.6609464904606,4732.0361434838,4.15625
"3181","May 2022",2022-05-18 11:45:00,24.6001905584816,4698.7590472102,4.16666666666667
"3182","May 2022",2022-05-18 12:00:00,23.2717568535125,4665.67416676429,4.17708333333333
"3183","May 2022",2022-05-18 12:15:00,22.3166622632967,4595.14079135865,4.1875
"3184","May 2022",2022-05-18 12:30:00,22.6395612353161,4593.01302029406,4.19791666666667
"3185","May 2022",2022-05-18 12:45:00,21.505706552312,4545.84160323907,4.20833333333333
"3186","May 2022",2022-05-18 13:00:00,22.7823520938838,4544.16547219716,4.21875
"3187","May 2022",2022-05-18 13:15:00,23.566116102412,4548.73920691425,4.22916666666667
"3188","May 2022",2022-05-18 13:30:00,21.4366211024656,4544.50451406366,4.23958333333333
"3189","May 2022",2022-05-18 13:45:00,22.1228172220524,4493.53777766124,4.25
"3190","May 2022",2022-05-18 14:00:00,20.9737175681064,4490.66150037074,4.26041666666667
"3191","May 2022",2022-05-18 14:15:00,22.7573259028943,4536.27168903058,4.27083333333333
"3192","May 2022",2022-05-18 14:30:00,21.3470056788125,4533.09390236894,4.28125
"3193","May 2022",2022-05-18 14:45:00,21.5057065523118,4516.48726411397,4.29166666666667
"3194","May 2022",2022-05-18 15:00:00,21.8600781386061,4494.00884931398,4.30208333333333
"3195","May 2022",2022-05-18 15:15:00,19.9994954391954,4447.1893560685,4.3125
"3196","May 2022",2022-05-18 15:30:00,19.1785042917999,4392.73017952487,4.32291666666667
"3197","May 2022",2022-05-18 15:45:00,21.26448006482,4415.30041444362,4.33333333333333
"3198","May 2022",2022-05-18 16:00:00,20.8580744799589,4376.50424632427,4.34375
"3199","May 2022",2022-05-18 16:15:00,20.1355601375071,4397.74037560707,4.35416666666667
"3200","May 2022",2022-05-18 16:30:00,20.3691368630664,4404.64600147293,4.36458333333333
"3201","May 2022",2022-05-18 16:45:00,19.7520198884343,4373.08627380002,4.375
"3202","May 2022",2022-05-18 17:00:00,18.6595671317562,4393.96343430218,4.38541666666667
"3203","May 2022",2022-05-18 17:15:00,18.876346898937,4376.65521731417,4.39583333333333
"3204","May 2022",2022-05-18 17:30:00,19.2366940281882,4457.56123322672,4.40625
"3205","May 2022",2022-05-18 17:45:00,19.7914922977706,4408.38584630639,4.41666666666667
"3206","May 2022",2022-05-18 18:00:00,18.6500381645054,4450.91834049678,4.42708333333333
"3207","May 2022",2022-05-18 18:15:00,18.7805222666012,4582.06024548762,4.4375
"3208","May 2022",2022-05-18 18:30:00,17.5830386226793,4653.11131244977,4.44791666666667
"3209","May 2022",2022-05-18 18:45:00,18.4379918291101,4717.32502976235,4.45833333333333
"3210","May 2022",2022-05-18 19:00:00,17.3663241555343,4796.53655091425,4.46875
"3211","May 2022",2022-05-18 19:15:00,17.7705472026636,4860.70450705048,4.47916666666667
"3212","May 2022",2022-05-18 19:30:00,16.2199032891156,4895.62593718177,4.48958333333333
"3213","May 2022",2022-05-18 19:45:00,16.4423678508839,4930.70460196362,4.5
"3214","May 2022",2022-05-18 20:00:00,16.6607940007587,5049.14813650745,4.51041666666667
"3215","May 2022",2022-05-18 20:15:00,16.8660758314631,5076.46562586856,4.52083333333333
"3216","May 2022",2022-05-18 20:30:00,16.1936839526902,5089.40351282636,4.53125
"3217","May 2022",2022-05-18 20:45:00,16.4776665919899,5124.90859573652,4.54166666666667
"3218","May 2022",2022-05-18 21:00:00,16.9618077424945,5219.1569812531,4.55208333333333
"3219","May 2022",2022-05-18 21:15:00,16.2665808812724,5202.94905240989,4.5625
"3220","May 2022",2022-05-18 21:30:00,16.057191336759,5230.97148734455,4.57291666666667
"3221","May 2022",2022-05-18 21:45:00,15.9993285915448,5244.60067964104,4.58333333333333
"3222","May 2022",2022-05-18 22:00:00,17.8384719747067,5265.18175813494,4.59375
"3223","May 2022",2022-05-18 22:15:00,16.3104171961878,5315.53229319283,4.60416666666667
"3224","May 2022",2022-05-18 22:30:00,17.2177225961508,5336.43821916696,4.61458333333333
"3225","May 2022",2022-05-18 22:45:00,16.3338266658578,5365.29504859195,4.625
"3226","May 2022",2022-05-18 23:00:00,16.158766063718,5363.84970621455,4.63541666666667
"3227","May 2022",2022-05-18 23:15:00,14.9663228582707,5400.03908280665,4.64583333333333
"3228","May 2022",2022-05-18 23:30:00,16.0079996599167,5406.35734470338,4.65625
"3229","May 2022",2022-05-18 23:45:00,16.7974754696998,5405.59037525342,4.66666666666667
"3230","May 2022",2022-05-19,16.9887927094981,5448.79200980918,4.67708333333333
"3231","May 2022",2022-05-19 00:15:00,16.8004544950063,5441.35710689368,4.6875
"3232","May 2022",2022-05-19 00:30:00,16.4306120740103,5410.845057982,4.69791666666667
"3233","May 2022",2022-05-19 00:45:00,18.362392227119,5455.13488397961,4.70833333333333
"3234","May 2022",2022-05-19 01:00:00,17.5248829772224,5454.8561768272,4.71875
"3235","May 2022",2022-05-19 01:15:00,16.0948723039513,5440.09092454477,4.72916666666667
"3236","May 2022",2022-05-19 01:30:00,18.5454138771232,5476.71187322425,4.73958333333333
"3237","May 2022",2022-05-19 01:45:00,16.7439089641121,5498.72342211737,4.75
"3238","May 2022",2022-05-19 02:00:00,16.1413247876299,5498.76743057488,4.76041666666667
"3239","May 2022",2022-05-19 02:15:00,17.7582142581232,5498.30576708064,4.77083333333333
"3240","May 2022",2022-05-19 02:30:00,17.1693697781135,5534.5618206965,4.78125
"3241","May 2022",2022-05-19 02:45:00,17.1754092996724,5526.45010921536,4.79166666666667
"3242","May 2022",2022-05-19 03:00:00,18.9949361673231,5540.43278924075,4.80208333333333
"3243","May 2022",2022-05-19 03:15:00,17.1211007213702,5524.86792330158,4.8125
"3244","May 2022",2022-05-19 03:30:00,17.1120595982188,5546.1454458104,4.82291666666667
"3245","May 2022",2022-05-19 03:45:00,17.1935357169706,5516.25073984736,4.83333333333333
"3246","May 2022",2022-05-19 04:00:00,15.8322667399824,5508.72361306266,4.84375
"3247","May 2022",2022-05-19 04:15:00,17.8786837763108,5554.12984187565,4.85416666666667
"3248","May 2022",2022-05-19 04:30:00,18.2117584118716,5575.78822757418,4.86458333333333
"3249","May 2022",2022-05-19 04:45:00,17.2904088756335,5575.53739122513,4.875
"3250","May 2022",2022-05-19 05:00:00,17.5799748545013,5582.3776764598,4.88541666666667
"3251","May 2022",2022-05-19 05:15:00,15.5439758807431,5596.32432431441,4.89583333333333
"3252","May 2022",2022-05-19 05:30:00,16.1587660637182,5646.9661953971,4.90625
"3253","May 2022",2022-05-19 05:45:00,16.7855626404001,5638.60801200881,4.91666666666667
"3254","May 2022",2022-05-19 06:00:00,16.1384190534559,5637.9602888172,4.92708333333333
"3255","May 2022",2022-05-19 06:15:00,15.9098999821771,5637.12158600145,4.9375
"3256","May 2022",2022-05-19 06:30:00,15.8926275374474,5672.9412333055,4.94791666666667
"3257","May 2022",2022-05-19 06:45:00,16.7498555629856,5657.99340913728,4.95833333333333
"3258","May 2022",2022-05-19 07:00:00,16.2432316150323,5701.70668075564,4.96875
"3259","May 2022",2022-05-19 07:15:00,16.9977935879658,5671.592140984,4.97916666666667
"3260","May 2022",2022-05-19 07:30:00,16.2024207867659,5619.42392869403,4.98958333333333
"3261","May 2022",2022-05-19 07:45:00,15.9358307347691,5655.51388398336,5
"3262","May 2022",2022-05-19 08:00:00,15.3799313989216,5582.26770857395,5.01041666666667
"3263","May 2022",2022-05-19 08:15:00,15.7119780208023,5529.90553374877,5.02083333333333
"3264","May 2022",2022-05-19 08:30:00,16.3895080812148,5538.8531849641,5.03125
"3265","May 2022",2022-05-19 08:45:00,16.3045681006961,5518.80343313582,5.04166666666667
"3266","May 2022",2022-05-19 09:00:00,15.5553298651591,5453.71954712797,5.05208333333333
"3267","May 2022",2022-05-19 09:15:00,15.1219805391443,5389.04596169961,5.0625
"3268","May 2022",2022-05-19 09:30:00,16.9258690127508,5317.93870020173,5.07291666666667
"3269","May 2022",2022-05-19 09:45:00,14.2678116504339,5299.68730090562,5.08333333333333
"3270","May 2022",2022-05-19 10:00:00,15.8523709733687,5275.253161913,5.09375
"3271","May 2022",2022-05-19 10:15:00,16.554308830842,5236.19115383143,5.10416666666667
"3272","May 2022",2022-05-19 10:30:00,15.8955054602542,5193.6193825007,5.11458333333333
"3273","May 2022",2022-05-19 10:45:00,15.3011314509821,5189.05593671268,5.125
"3274","May 2022",2022-05-19 11:00:00,14.6744943804643,5112.54071031277,5.13541666666667
"3275","May 2022",2022-05-19 11:15:00,16.2286489573904,5180.2179596704,5.14583333333333
"3276","May 2022",2022-05-19 11:30:00,17.342009016872,5110.0788199413,5.15625
"3277","May 2022",2022-05-19 11:45:00,16.2140744795623,5101.82999706179,5.16666666666667
"3278","May 2022",2022-05-19 12:00:00,17.1030214198002,5119.0691865123,5.17708333333333
"3279","May 2022",2022-05-19 12:15:00,16.4482477024762,5089.07560947479,5.1875
"3280","May 2022",2022-05-19 12:30:00,16.0774742172803,5118.22824157946,5.19791666666667
"3281","May 2022",2022-05-19 12:45:00,15.3236195464176,5163.69163731078,5.20833333333333
"3282","May 2022",2022-05-19 13:00:00,15.7520101307881,5081.18184145752,5.21875
"3283","May 2022",2022-05-19 13:15:00,16.979794775764,5104.91563846836,5.22916666666667
"3284","May 2022",2022-05-19 13:30:00,16.5041715675159,5165.20081004526,5.23958333333333
"3285","May 2022",2022-05-19 13:45:00,14.9414021490955,5165.17743611799,5.25
"3286","May 2022",2022-05-19 14:00:00,16.8541329004479,5133.01876593078,5.26041666666667
"3287","May 2022",2022-05-19 14:15:00,14.5626033224922,5185.07851730937,5.27083333333333
"3288","May 2022",2022-05-19 14:30:00,15.5241190049281,5133.83630623908,5.28125
"3289","May 2022",2022-05-19 14:45:00,14.2973849119278,5104.68157018418,5.29166666666667
"3290","May 2022",2022-05-19 15:00:00,15.016243784412,5098.21064208932,5.30208333333333
"3291","May 2022",2022-05-19 15:15:00,14.206104581417,5067.676510053,5.3125
"3292","May 2022",2022-05-19 15:30:00,15.8322667399822,4995.79266439189,5.32291666666667
"3293","May 2022",2022-05-19 15:45:00,13.0007265601058,5008.28076160522,5.33333333333333
"3294","May 2022",2022-05-19 16:00:00,13.8289635639199,4959.26287786834,5.34375
"3295","May 2022",2022-05-19 16:15:00,14.0698932755135,4962.2170283131,5.35416666666667
"3296","May 2022",2022-05-19 16:30:00,13.5829360538464,4937.54078729912,5.36458333333333
"3297","May 2022",2022-05-19 16:45:00,13.7606241633408,4925.03100403558,5.375
"3298","May 2022",2022-05-19 17:00:00,12.699762765271,4935.76905736569,5.38541666666667
"3299","May 2022",2022-05-19 17:15:00,12.7620750147026,4946.68391209776,5.39583333333333
"3300","May 2022",2022-05-19 17:30:00,13.2935713862206,4949.89050655699,5.40625
"3301","May 2022",2022-05-19 17:45:00,12.2450078348548,4967.9950816768,5.41666666666667
"3302","May 2022",2022-05-19 18:00:00,11.4987867668535,5038.04017341579,5.42708333333333
"3303","May 2022",2022-05-19 18:15:00,12.1119698939715,5087.83974771356,5.4375
"3304","May 2022",2022-05-19 18:30:00,11.3506484741373,5189.11471480219,5.44791666666667
"3305","May 2022",2022-05-19 18:45:00,11.8298826933934,5253.4828938314,5.45833333333333
"3306","May 2022",2022-05-19 19:00:00,11.5780303376554,5317.08145593701,5.46875
"3307","May 2022",2022-05-19 19:15:00,12.2474358678988,5418.95040116515,5.47916666666667
"3308","May 2022",2022-05-19 19:30:00,10.3124215388985,5453.4804208387,5.48958333333333
"3309","May 2022",2022-05-19 19:45:00,11.3299240094783,5510.22419160078,5.5
"3310","May 2022",2022-05-19 20:00:00,11.1037040696282,5589.61057725308,5.51041666666667
"3311","May 2022",2022-05-19 20:15:00,10.1881721787565,5655.56579112278,5.52083333333333
"3312","May 2022",2022-05-19 20:30:00,11.1400476121313,5683.26757567331,5.53125
"3313","May 2022",2022-05-19 20:45:00,11.8393703714768,5778.06601062058,5.54166666666667
"3314","May 2022",2022-05-19 21:00:00,10.8941156042928,5768.5787047595,5.55208333333333
"3315","May 2022",2022-05-19 21:15:00,10.3857690998614,5826.11357644229,5.5625
"3316","May 2022",2022-05-19 21:30:00,10.5226775526151,5854.10253990949,5.57291666666667
"3317","May 2022",2022-05-19 21:45:00,10.5839425971538,5859.9579913849,5.58333333333333
"3318","May 2022",2022-05-19 22:00:00,9.71658734358634,5970.06901624705,5.59375
"3319","May 2022",2022-05-19 22:15:00,10.2223379276145,5939.0474412406,5.60416666666667
"3320","May 2022",2022-05-19 22:30:00,9.83241129405893,5974.51268109102,5.61458333333333
"3321","May 2022",2022-05-19 22:45:00,9.50825880854672,6025.08879708305,5.625
"3322","May 2022",2022-05-19 23:00:00,9.42749057068124,6083.72148959347,5.63541666666667
"3323","May 2022",2022-05-19 23:15:00,9.52853266615192,6082.26562544737,5.64583333333333
"3324","May 2022",2022-05-19 23:30:00,9.86569231424852,6110.47443454847,5.65625
"3325","May 2022",2022-05-19 23:45:00,9.22192196774788,6117.2265729766,5.66666666666667
"3326","May 2022",2022-05-20,9.56917853912849,6138.68719517526,5.67708333333333
"3327","May 2022",2022-05-20 00:15:00,10.1073642247803,6153.37996401,5.6875
"3328","May 2022",2022-05-20 00:30:00,10.0122816271678,6206.62032311253,5.69791666666667
"3329","May 2022",2022-05-20 00:45:00,10.2995171147762,6205.74579573919,5.70833333333333
"3330","May 2022",2022-05-20 01:00:00,10.1775125598477,6264.93174101311,5.71875
"3331","May 2022",2022-05-20 01:15:00,9.81787718672678,6242.46659850333,5.72916666666667
"3332","May 2022",2022-05-20 01:30:00,9.5102847219408,6294.47723077343,5.73958333333333
"3333","May 2022",2022-05-20 01:45:00,9.46982862064592,6330.72388854024,5.75
"3334","May 2022",2022-05-20 02:00:00,9.9429754857369,6307.90583411972,5.76041666666667
"3335","May 2022",2022-05-20 02:15:00,9.41944253983939,6313.77241955701,5.77083333333333
"3336","May 2022",2022-05-20 02:30:00,9.34724584090341,6349.2387312138,5.78125
"3337","May 2022",2022-05-20 02:45:00,9.76610053756202,6310.74708557888,5.79166666666667
"3338","May 2022",2022-05-20 03:00:00,8.58668038577278,6338.712787569,5.80208333333333
"3339","May 2022",2022-05-20 03:15:00,9.49813414946493,6307.59345058438,5.8125
"3340","May 2022",2022-05-20 03:30:00,8.52883698249769,6402.97854749314,5.82291666666667
"3341","May 2022",2022-05-20 03:45:00,8.48983138870444,6394.06565178212,5.83333333333333
"3342","May 2022",2022-05-20 04:00:00,9.04514058398032,6400.00216969849,5.84375
"3343","May 2022",2022-05-20 04:15:00,8.46575737829179,6332.17132011376,5.85416666666667
"3344","May 2022",2022-05-20 04:30:00,9.18438076201867,6405.72215957993,5.86458333333333
"3345","May 2022",2022-05-20 04:45:00,9.07442010212934,6389.7096365233,5.875
"3346","May 2022",2022-05-20 05:00:00,9.67341789733957,6418.42928869562,5.88541666666667
"3347","May 2022",2022-05-20 05:15:00,9.61404016236322,6432.61243447486,5.89583333333333
"3348","May 2022",2022-05-20 05:30:00,7.95890372685209,6461.62529011243,5.90625
"3349","May 2022",2022-05-20 05:45:00,8.34621675935529,6468.25269264749,5.91666666666667
"3350","May 2022",2022-05-20 06:00:00,8.73550941996329,6475.28239877763,5.92708333333333
"3351","May 2022",2022-05-20 06:15:00,8.95387481333192,6497.07393414008,5.9375
"3352","May 2022",2022-05-20 06:30:00,8.45466494653866,6489.22887642009,5.94791666666667
"3353","May 2022",2022-05-20 06:45:00,7.99941918847464,6496.23861675586,5.95833333333333
"3354","May 2022",2022-05-20 07:00:00,8.14527418081656,6576.80557719966,5.96875
"3355","May 2022",2022-05-20 07:15:00,7.81413507669822,6509.10993978257,5.97916666666667
"3356","May 2022",2022-05-20 07:30:00,9.02760820988671,6522.67725352505,5.98958333333333
"3357","May 2022",2022-05-20 07:45:00,8.17938379103021,6477.45850512019,6
"3358","May 2022",2022-05-20 08:00:00,8.27152520452471,6402.71497273016,6.01041666666667
"3359","May 2022",2022-05-20 08:15:00,7.94485196425167,6424.70238157126,6.02083333333333
"3360","May 2022",2022-05-20 08:30:00,7.94836294174648,6365.68538386348,6.03125
"3361","May 2022",2022-05-20 08:45:00,8.12200408251124,6300.12227822039,6.04166666666667
"3362","May 2022",2022-05-20 09:00:00,8.82119831932537,6278.90428569418,6.05208333333333
"3363","May 2022",2022-05-20 09:15:00,8.63731631587964,6244.06042464403,6.0625
"3364","May 2022",2022-05-20 09:30:00,9.06465208293237,6253.98173095553,6.07291666666667
"3365","May 2022",2022-05-20 09:45:00,8.59603941427615,6160.17837197311,6.08333333333333
"3366","May 2022",2022-05-20 10:00:00,8.29332921589747,6116.94493229897,6.09375
"3367","May 2022",2022-05-20 10:15:00,8.27334040591344,6068.67086721168,6.10416666666667
"3368","May 2022",2022-05-20 10:30:00,8.19378106896871,6035.43159462749,6.11458333333333
"3369","May 2022",2022-05-20 10:45:00,8.69574801136827,6009.114379356,6.125
"3370","May 2022",2022-05-20 11:00:00,8.71655742027993,5990.14965484263,6.13541666666667
"3371","May 2022",2022-05-20 11:15:00,8.37551388299656,5948.3470504842,6.14583333333333
"3372","May 2022",2022-05-20 11:30:00,9.1273087529764,5936.06599973282,6.15625
"3373","May 2022",2022-05-20 11:45:00,8.61665806992833,5864.43908694018,6.16666666666667
"3374","May 2022",2022-05-20 12:00:00,8.9326191137754,5908.64451578162,6.17708333333333
"3375","May 2022",2022-05-20 12:15:00,8.7659006755082,5905.59905916919,6.1875
"3376","May 2022",2022-05-20 12:30:00,8.24614674030161,5920.14490615051,6.19791666666667
"3377","May 2022",2022-05-20 12:45:00,9.32327450604727,5910.69923297568,6.20833333333333
"3378","May 2022",2022-05-20 13:00:00,8.5530556120196,5947.43778099296,6.21875
"3379","May 2022",2022-05-20 13:15:00,8.69385821007715,5969.2804508064,6.22916666666667
"3380","May 2022",2022-05-20 13:30:00,9.37727626596617,5918.18620231426,6.23958333333333
"3381","May 2022",2022-05-20 13:45:00,8.83458725271545,5970.05571557788,6.25
"3382","May 2022",2022-05-20 14:00:00,9.41542048757387,5965.20190490861,6.26041666666667
"3383","May 2022",2022-05-20 14:15:00,8.4916855260072,5970.3034761542,6.27083333333333
"3384","May 2022",2022-05-20 14:30:00,8.68252627337359,5999.19154667203,6.28125
"3385","May 2022",2022-05-20 14:45:00,8.89214998768418,5994.66493135241,6.29166666666667
"3386","May 2022",2022-05-20 15:00:00,8.91718528982293,5942.08474507826,6.30208333333333
"3387","May 2022",2022-05-20 15:15:00,8.452817353087,5904.40228679877,6.3125
"3388","May 2022",2022-05-20 15:30:00,8.53255932638308,5865.40561759179,6.32291666666667
"3389","May 2022",2022-05-20 15:45:00,8.4787134359319,5841.17518588376,6.33333333333333
"3390","May 2022",2022-05-20 16:00:00,7.80721520578585,5840.3006609817,6.34375
"3391","May 2022",2022-05-20 16:15:00,7.96945629088992,5898.59596208279,6.35416666666667
"3392","May 2022",2022-05-20 16:30:00,7.61897025301095,5828.50599653868,6.36458333333333
"3393","May 2022",2022-05-20 16:45:00,7.743454575398,5810.43637457994,6.375
"3394","May 2022",2022-05-20 17:00:00,7.97649787743283,5866.82215150972,6.38541666666667
"3395","May 2022",2022-05-20 17:15:00,7.35879327474977,5878.9947450355,6.39583333333333
"3396","May 2022",2022-05-20 17:30:00,8.13094757646979,5905.38722358301,6.40625
"3397","May 2022",2022-05-20 17:45:00,7.36865284495625,5909.13693446195,6.41666666666667
"3398","May 2022",2022-05-20 18:00:00,7.96945629088992,5957.28579853769,6.42708333333333
"3399","May 2022",2022-05-20 18:15:00,7.05740768989603,6020.43818026144,6.4375
"3400","May 2022",2022-05-20 18:30:00,6.98032682389096,6062.11407904984,6.44791666666667
"3401","May 2022",2022-05-20 18:45:00,6.91333161814779,6155.36640545475,6.45833333333333
"3402","May 2022",2022-05-20 19:00:00,7.22684193992908,6213.960511382,6.46875
"3403","May 2022",2022-05-20 19:15:00,6.80250817640613,6233.42282440296,6.47916666666667
"3404","May 2022",2022-05-20 19:30:00,6.95532770165054,6312.27075966321,6.48958333333333
"3405","May 2022",2022-05-20 19:45:00,6.88237718864666,6422.32450128217,6.5
"3406","May 2022",2022-05-20 20:00:00,6.9210906750578,6412.77012581498,6.51041666666667
"3407","May 2022",2022-05-20 20:15:00,6.94597462551901,6478.15707029142,6.52083333333333
"3408","May 2022",2022-05-20 20:30:00,7.13048423493939,6506.06741430437,6.53125
"3409","May 2022",2022-05-20 20:45:00,6.48458660660923,6526.57579876545,6.54166666666667
"3410","May 2022",2022-05-20 21:00:00,6.95220870083637,6553.94927929825,6.55208333333333
"3411","May 2022",2022-05-20 21:15:00,6.46275726293473,6574.634882869,6.5625
"3412","May 2022",2022-05-20 21:30:00,6.30917686386145,6647.65863409305,6.57291666666667
"3413","May 2022",2022-05-20 21:45:00,6.25834714752917,6631.33549771534,6.58333333333333
"3414","May 2022",2022-05-20 22:00:00,6.85001589406529,6620.72377868034,6.59375
"3415","May 2022",2022-05-20 22:15:00,6.42798343917091,6641.12587732294,6.60416666666667
"3416","May 2022",2022-05-20 22:30:00,6.24851283405525,6670.35703387756,6.61458333333333
"3417","May 2022",2022-05-20 22:45:00,6.88083290269337,6706.73020907894,6.625
"3418","May 2022",2022-05-20 23:00:00,6.36758273646556,6720.98910510427,6.63541666666667
"3419","May 2022",2022-05-20 23:15:00,6.90248268056109,6795.56077949746,6.64583333333333
"3420","May 2022",2022-05-20 23:30:00,6.83926086074185,6817.09223926002,6.65625
"3421","May 2022",2022-05-20 23:45:00,6.48604451372803,6809.06517010992,6.66666666666667
"3422","May 2022",2022-05-21,6.37044587270171,6822.91987002469,6.67708333333333
"3423","May 2022",2022-05-21 00:15:00,6.39483537230665,6829.53623952483,6.6875
"3424","May 2022",2022-05-21 00:30:00,6.43955377343537,6873.49473733126,6.69791666666667
"3425","May 2022",2022-05-21 00:45:00,5.98904663075888,6887.76085015068,6.70833333333333
"3426","May 2022",2022-05-21 01:00:00,6.56230655524337,6924.96966496607,6.71875
"3427","May 2022",2022-05-21 01:15:00,6.07151233134784,6939.40811293907,6.72916666666667
"3428","May 2022",2022-05-21 01:30:00,6.01729904123609,6968.95176700172,6.73958333333333
"3429","May 2022",2022-05-21 01:45:00,5.89064059947896,6945.92222691671,6.75
"3430","May 2022",2022-05-21 02:00:00,6.3319039610009,7004.89931053425,6.76041666666667
"3431","May 2022",2022-05-21 02:15:00,6.38621651626826,6990.01788560878,6.77083333333333
"3432","May 2022",2022-05-21 02:30:00,6.18984363435021,6952.97498535455,6.78125
"3433","May 2022",2022-05-21 02:45:00,6.26397395346479,7033.9157286725,6.79166666666667
"3434","May 2022",2022-05-21 03:00:00,6.2177093661333,7040.75662461056,6.80208333333333
"3435","May 2022",2022-05-21 03:15:00,5.81736215130214,7070.33685012938,6.8125
"3436","May 2022",2022-05-21 03:30:00,6.28512110066248,7039.72082447305,6.82291666666667
"3437","May 2022",2022-05-21 03:45:00,6.31627008392228,7083.5555302138,6.83333333333333
"3438","May 2022",2022-05-21 04:00:00,5.58381451890392,7075.32350095052,6.84375
"3439","May 2022",2022-05-21 04:15:00,5.90251319675828,7065.79229811336,6.85416666666667
"3440","May 2022",2022-05-21 04:30:00,6.3833461817959,6967.53254154078,6.86458333333333
"3441","May 2022",2022-05-21 04:45:00,5.92633789910767,6994.820651411,6.875
"3442","May 2022",2022-05-21 05:00:00,5.91176576186972,7021.88998370848,6.88541666666667
"3443","May 2022",2022-05-21 05:15:00,6.05383558976806,6982.15313309988,6.89583333333333
"3444","May 2022",2022-05-21 05:30:00,5.52960736988142,6994.16290976863,6.90625
"3445","May 2022",2022-05-21 05:45:00,5.90779841366661,6970.52714653045,6.91666666666667
"3446","May 2022",2022-05-21 06:00:00,5.69159386201159,7013.21400653381,6.92708333333333
"3447","May 2022",2022-05-21 06:15:00,5.79402627462964,6959.71872749583,6.9375
"3448","May 2022",2022-05-21 06:30:00,5.97698262583485,6936.21052544082,6.94791666666667
"3449","May 2022",2022-05-21 06:45:00,5.43267179218531,6956.75777358213,6.95833333333333
"3450","May 2022",2022-05-21 07:00:00,5.68779338201146,6962.42671787574,6.96875
"3451","May 2022",2022-05-21 07:15:00,5.66001317329677,6968.0020962719,6.97916666666667
"3452","May 2022",2022-05-21 07:30:00,5.52715845941974,6951.64143281738,6.98958333333333
"3453","May 2022",2022-05-21 07:45:00,5.44107005753597,6936.45241981191,7
"3454","May 2022",2022-05-21 08:00:00,5.21880538344235,6959.5272707305,7.01041666666667
"3455","May 2022",2022-05-21 08:15:00,5.53818886306281,6968.10049189661,7.02083333333333
"3456","May 2022",2022-05-21 08:30:00,5.73998815834634,6977.19211900595,7.03125
"3457","May 2022",2022-05-21 08:45:00,5.70555414917201,6920.38191928112,7.04166666666667
"3458","May 2022",2022-05-21 09:00:00,6.31768970951216,6944.90471350976,7.05208333333333
"3459","May 2022",2022-05-21 09:15:00,5.90647661865065,6948.88745858245,7.0625
"3460","May 2022",2022-05-21 09:30:00,5.72337904607331,6900.4996691904,7.07291666666667
"3461","May 2022",2022-05-21 09:45:00,6.10155278623163,6912.40770630439,7.08333333333333
"3462","May 2022",2022-05-21 10:00:00,6.10840224783908,6940.56207823182,7.09375
"3463","May 2022",2022-05-21 10:15:00,6.20376014061401,6960.83524916102,7.10416666666667
"3464","May 2022",2022-05-21 10:30:00,6.54021709348764,6936.99037890938,7.11458333333333
"3465","May 2022",2022-05-21 10:45:00,6.24991675440239,6876.27637683778,7.125
"3466","May 2022",2022-05-21 11:00:00,5.95560094448116,6936.4286122824,7.13541666666667
"3467","May 2022",2022-05-21 11:15:00,6.06606744447264,7005.83853344627,7.14583333333333
"3468","May 2022",2022-05-21 11:30:00,6.28653352801615,7128.47169142024,7.15625
"3469","May 2022",2022-05-21 11:45:00,6.06198721483809,7062.1646919509,7.16666666666667
"3470","May 2022",2022-05-21 12:00:00,6.54757206759238,7077.3387538126,7.17708333333333
"3471","May 2022",2022-05-21 12:15:00,6.43376598876275,7007.50513488546,7.1875
"3472","May 2022",2022-05-21 12:30:00,6.35757206620456,7041.68363471228,7.19791666666667
"3473","May 2022",2022-05-21 12:45:00,6.12075189186332,7108.50238859152,7.20833333333333
"3474","May 2022",2022-05-21 13:00:00,6.44679586610858,7100.33397107944,7.21875
"3475","May 2022",2022-05-21 13:15:00,6.67985925311316,7178.70508470502,7.22916666666667
"3476","May 2022",2022-05-21 13:30:00,6.4671172422036,7096.5902875988,7.23958333333333
"3477","May 2022",2022-05-21 13:45:00,6.08378246758124,7137.19765063721,7.25
"3478","May 2022",2022-05-21 14:00:00,6.31343181432031,7145.43975651388,7.26041666666667
"3479","May 2022",2022-05-21 14:15:00,6.09471150443804,7224.72762172068,7.27083333333333
"3480","May 2022",2022-05-21 14:30:00,6.00382751684683,7267.917142808,7.28125
"3481","May 2022",2022-05-21 14:45:00,6.45259542971328,7318.47686755328,7.29166666666667
"3482","May 2022",2022-05-21 15:00:00,5.84210947375053,7307.15099014313,7.30208333333333
"3483","May 2022",2022-05-21 15:15:00,6.45114504802324,7370.2457173076,7.3125
"3484","May 2022",2022-05-21 15:30:00,5.83819414916364,7409.14359759903,7.32291666666667
"3485","May 2022",2022-05-21 15:45:00,5.3766986464689,7379.06394355401,7.33333333333333
"3486","May 2022",2022-05-21 16:00:00,5.90912053587512,7325.22789106609,7.34375
"3487","May 2022",2022-05-21 16:15:00,5.98502235105121,7368.43369550948,7.35416666666667
"3488","May 2022",2022-05-21 16:30:00,5.95693484562165,7310.97194868643,7.36458333333333
"3489","May 2022",2022-05-21 16:45:00,5.73231554317674,7313.72418930725,7.375
"3490","May 2022",2022-05-21 17:00:00,5.4748234432904,7279.04385484233,7.38541666666667
"3491","May 2022",2022-05-21 17:15:00,5.60741797618047,7335.26340777933,7.39583333333333
"3492","May 2022",2022-05-21 17:30:00,5.60617274422244,7376.03509360415,7.40625
"3493","May 2022",2022-05-21 17:45:00,5.39092095196002,7371.73172144308,7.41666666666667
"3494","May 2022",2022-05-21 18:00:00,5.2176668162572,7381.23315442204,7.42708333333333
"3495","May 2022",2022-05-21 18:15:00,5.0922177660037,7391.64883939128,7.4375
"3496","May 2022",2022-05-21 18:30:00,5.35427635431546,7523.93975171958,7.44791666666667
"3497","May 2022",2022-05-21 18:45:00,5.42787998164974,7571.32377276635,7.45833333333333
"3498","May 2022",2022-05-21 19:00:00,5.39329591690421,7650.99657301766,7.46875
"3499","May 2022",2022-05-21 19:15:00,5.26116238566032,7662.96563720653,7.47916666666667
"3500","May 2022",2022-05-21 19:30:00,4.96767915415512,7711.51830349631,7.48958333333333
"3501","May 2022",2022-05-21 19:45:00,4.80363049275082,7708.81558209127,7.5
"3502","May 2022",2022-05-21 20:00:00,4.93168782156751,7750.24071985396,7.51041666666667
"3503","May 2022",2022-05-21 20:15:00,4.96555154678234,7805.82211825295,7.52083333333333
"3504","May 2022",2022-05-21 20:30:00,5.05712903186334,7802.30289786097,7.53125
"3505","May 2022",2022-05-21 20:45:00,4.693265937949,7872.61054976032,7.54166666666667
"3506","May 2022",2022-05-21 21:00:00,4.73158329507281,7892.67951173008,7.55208333333333
"3507","May 2022",2022-05-21 21:15:00,4.73257233526045,7965.19874556697,7.5625
"3508","May 2022",2022-05-21 21:30:00,4.58693272261582,8010.06724975792,7.57291666666667
"3509","May 2022",2022-05-21 21:45:00,4.75640745752949,8046.18063429558,7.58333333333333
"3510","May 2022",2022-05-21 22:00:00,4.56260857328882,8090.40063978546,7.59375
"3511","May 2022",2022-05-21 22:15:00,4.80363049275082,8157.27366702689,7.60416666666667
"3512","May 2022",2022-05-21 22:30:00,4.54497310821323,8149.8558997635,7.61458333333333
"3513","May 2022",2022-05-21 22:45:00,5.04840919913706,8246.06845480016,7.625
"3514","May 2022",2022-05-21 23:00:00,4.37597793668833,8237.8734185975,7.63541666666667
"3515","May 2022",2022-05-21 23:15:00,4.54312361451202,8341.78079712446,7.64583333333333
"3516","May 2022",2022-05-21 23:30:00,4.58505378158468,8311.63643335637,7.65625
"3517","May 2022",2022-05-21 23:45:00,4.65448304872535,8348.95317062148,7.66666666666667
"3518","May 2022",2022-05-22,4.61432444061995,8402.0874017075,7.67708333333333
"3519","May 2022",2022-05-22 00:15:00,4.35963553658962,8432.01769515572,7.6875
"3520","May 2022",2022-05-22 00:30:00,4.68838944744746,8357.2308741563,7.69791666666667
"3521","May 2022",2022-05-22 00:45:00,4.6535201839421,8378.99910493554,7.70833333333333
"3522","May 2022",2022-05-22 01:00:00,4.45142607467834,8408.4048738442,7.71875
"3523","May 2022",2022-05-22 01:15:00,4.69228998546362,8363.05301024393,7.72916666666667
"3524","May 2022",2022-05-22 01:30:00,4.43986587071954,8406.52936564564,7.73958333333333
"3525","May 2022",2022-05-22 01:45:00,4.57474300018143,8360.4096440535,7.75
"3526","May 2022",2022-05-22 02:00:00,4.48011753998567,8388.71978119258,7.76041666666667
"3527","May 2022",2022-05-22 02:15:00,4.52653706586162,8394.5102527256,7.77083333333333
"3528","May 2022",2022-05-22 02:30:00,4.55145664273267,8362.93897351668,7.78125
"3529","May 2022",2022-05-22 02:45:00,4.47111546589605,8339.22040488731,7.79166666666667
"3530","May 2022",2022-05-22 03:00:00,4.32984031231953,8345.08620187123,7.80208333333333
"3531","May 2022",2022-05-22 03:15:00,4.7544139991042,8456.56628839946,7.8125
"3532","May 2022",2022-05-22 03:30:00,4.39678979975031,8350.67819730489,7.82291666666667
"3533","May 2022",2022-05-22 03:45:00,4.26570167322189,8349.07105773274,7.83333333333333
"3534","May 2022",2022-05-22 04:00:00,4.3281498342,8399.39698801234,7.84375
"3535","May 2022",2022-05-22 04:15:00,4.35449931810534,8382.0518897852,7.85416666666667
"3536","May 2022",2022-05-22 04:30:00,4.23718904376681,8408.80309360379,7.86458333333333
"3537","May 2022",2022-05-22 04:45:00,4.26898578046454,8406.35401358598,7.875
"3538","May 2022",2022-05-22 05:00:00,4.30294971483419,8404.38551464737,7.88541666666667
"3539","May 2022",2022-05-22 05:15:00,4.24529461025606,8453.95416473852,7.89583333333333
"3540","May 2022",2022-05-22 05:30:00,4.21786917875513,8436.31435310166,7.90625
"3541","May 2022",2022-05-22 05:45:00,4.36049271817758,8375.15505054909,7.91666666666667
"3542","May 2022",2022-05-22 06:00:00,4.22992200889001,8373.39473499646,7.92708333333333
"3543","May 2022",2022-05-22 06:15:00,4.39766105061812,8409.14187277702,7.9375
"3544","May 2022",2022-05-22 06:30:00,4.33153209920923,8362.96964490887,7.94791666666667
"3545","May 2022",2022-05-22 06:45:00,4.16961276854883,8405.81719305472,7.95833333333333
"3546","May 2022",2022-05-22 07:00:00,4.22187860898618,8368.47332352716,7.96875
"3547","May 2022",2022-05-22 07:15:00,4.23961727819177,8389.1741979913,7.97916666666667
"3548","May 2022",2022-05-22 07:30:00,4.32730508592913,8342.65249267943,7.98958333333333
"3549","May 2022",2022-05-22 07:45:00,4.15250754412954,8379.40823280678,8
"3550","May 2022",2022-05-22 08:00:00,4.31887559881055,8358.13695998701,8.01041666666667
"3551","May 2022",2022-05-22 08:15:00,4.35449931810534,8485.14704443164,8.02083333333333
"3552","May 2022",2022-05-22 08:30:00,4.18136621749605,8472.64432396113,8.03125
"3553","May 2022",2022-05-22 08:45:00,4.20032486192719,8529.04708130712,8.04166666666667
"3554","May 2022",2022-05-22 09:00:00,4.40202221284573,8523.70570013984,8.05208333333333
"3555","May 2022",2022-05-22 09:15:00,4.4532094754834,8498.24512891175,8.0625
"3556","May 2022",2022-05-22 09:30:00,4.40114932601507,8549.28934970683,8.07291666666667
"3557","May 2022",2022-05-22 09:45:00,4.46214611106198,8689.06777446746,8.08333333333333
"3558","May 2022",2022-05-22 10:00:00,4.56447180907726,8620.59271718744,8.09375
"3559","May 2022",2022-05-22 10:15:00,4.53942855342046,8678.55996597667,8.10416666666667
"3560","May 2022",2022-05-22 10:30:00,4.4345490419449,8685.5073809779,8.11458333333333
"3561","May 2022",2022-05-22 10:45:00,4.55981617355027,8639.1060839366,8.125
"3562","May 2022",2022-05-22 11:00:00,4.52011537073498,8620.97277609896,8.13541666666667
"3563","May 2022",2022-05-22 11:15:00,4.48463084675122,8699.32163671912,8.14583333333333
"3564","May 2022",2022-05-22 11:30:00,4.32814983420006,8742.15020163125,8.15625
"3565","May 2022",2022-05-22 11:45:00,4.38289428405213,8709.86058603661,8.16666666666667
"3566","May 2022",2022-05-22 12:00:00,4.55888602802258,8675.89277885865,8.17708333333333
"3567","May 2022",2022-05-22 12:15:00,4.39940453393155,8701.93107381318,8.1875
"3568","May 2022",2022-05-22 12:30:00,4.5064085822352,8773.86837757236,8.19791666666667
"3569","May 2022",2022-05-22 12:45:00,4.40202221284573,8808.6748416656,8.20833333333333
"3570","May 2022",2022-05-22 13:00:00,4.48915233333078,8897.28975780678,8.21875
"3571","May 2022",2022-05-22 13:15:00,4.49912839675038,8986.62071251648,8.22916666666667
"3572","May 2022",2022-05-22 13:30:00,4.73059458207779,9007.02607058266,8.23958333333333
"3573","May 2022",2022-05-22 13:45:00,4.62764651358102,8995.85658373798,8.25
