"","storm_name","DateTime","time_elapsed","Q_m3s","pCO2_ppm","time_elapsed_day","month_number","month","hyst_analysis"
"1","July 2019",2019-07-14 01:00:00,15,0.0117716348740773,4701.740621,0.0104166666666667,7,"July","no"
"2","July 2019",2019-07-14 01:15:00,30,0.0113746386855879,4672.41871,0.0208333333333333,7,"July","no"
"3","July 2019",2019-07-14 01:30:00,45,0.0113660596806877,4665.082465,0.03125,7,"July","no"
"4","July 2019",2019-07-14 01:45:00,60,0.0106239145251473,4682.793654,0.0416666666666667,7,"July","no"
"5","July 2019",2019-07-14 02:00:00,75,0.0112787343637337,4717.89251,0.0520833333333333,7,"July","no"
"6","July 2019",2019-07-14 02:15:00,90,0.0115418448806786,4709.509088,0.0625,7,"July","no"
"7","July 2019",2019-07-14 02:30:00,105,0.0106258158134073,4750.318784,0.0729166666666667,7,"July","no"
"8","July 2019",2019-07-14 02:45:00,120,0.010608728003782,4809.795442,0.0833333333333333,7,"July","no"
"9","July 2019",2019-07-14 03:00:00,135,0.0108310991219322,4764.11798,0.09375,7,"July","no"
"10","July 2019",2019-07-14 03:15:00,150,0.0112449574642957,4799.858427,0.104166666666667,7,"July","no"
"11","July 2019",2019-07-14 03:30:00,165,0.0117467598878156,4819.390707,0.114583333333333,7,"July","no"
"12","July 2019",2019-07-14 03:45:00,180,0.012453809362643,4771.847373,0.125,7,"July","no"
"13","July 2019",2019-07-14 04:00:00,195,0.0108212491236675,4769.063957,0.135416666666667,7,"July","no"
"14","July 2019",2019-07-14 04:15:00,210,0.0114220121688692,4742.812828,0.145833333333333,7,"July","no"
"15","July 2019",2019-07-14 04:30:00,225,0.0120669667265319,4656.726458,0.15625,7,"July","no"
"16","July 2019",2019-07-14 04:45:00,240,0.0112365396668952,4688.327227,0.166666666666667,7,"July","no"
"17","July 2019",2019-07-14 05:00:00,255,0.0117242156360207,4610.197735,0.177083333333333,7,"July","no"
"18","July 2019",2019-07-14 05:15:00,270,0.0110991721955362,4626.168327,0.1875,7,"July","no"
"19","July 2019",2019-07-14 05:30:00,285,0.0115374523111389,4601.026634,0.197916666666667,7,"July","no"
"20","July 2019",2019-07-14 05:45:00,300,0.011419851891512,4615.14425,0.208333333333333,7,"July","no"
"21","July 2019",2019-07-14 06:00:00,315,0.0114436512801961,4607.238604,0.21875,7,"July","no"
"22","July 2019",2019-07-14 06:15:00,330,0.0120716671759682,4649.15281,0.229166666666667,7,"July","no"
"23","July 2019",2019-07-14 06:30:00,345,0.0123585303671123,4601.265797,0.239583333333333,7,"July","no"
"24","July 2019",2019-07-14 06:45:00,360,0.0127634246049011,4591.449852,0.25,7,"July","no"
"25","July 2019",2019-07-14 07:00:00,375,0.0130335419050929,4604.094717,0.260416666666667,7,"July","no"
"26","July 2019",2019-07-14 07:15:00,390,0.0130963057449393,4588.296075,0.270833333333333,7,"July","no"
"27","July 2019",2019-07-14 07:30:00,405,0.0131911650460999,4528.020229,0.28125,7,"July","no"
"28","July 2019",2019-07-14 07:45:00,420,0.0143377504814671,4433.86058,0.291666666666667,7,"July","no"
"29","July 2019",2019-07-14 08:00:00,435,0.0154251177180592,4153.066197,0.302083333333333,7,"July","no"
"30","July 2019",2019-07-14 08:15:00,450,0.0166481174122578,3895.66799,0.3125,7,"July","no"
"31","July 2019",2019-07-14 08:30:00,465,0.0179448036451202,3766.03434,0.322916666666667,7,"July","no"
"32","July 2019",2019-07-14 08:45:00,480,0.0180984835191843,3668.596251,0.333333333333333,7,"July","no"
"33","July 2019",2019-07-14 09:00:00,495,0.0194049596904841,3531.360194,0.34375,7,"July","no"
"34","July 2019",2019-07-14 09:15:00,510,0.0193776698862152,3425.340354,0.354166666666667,7,"July","no"
"35","July 2019",2019-07-14 09:30:00,525,0.0208727820605522,3310.972193,0.364583333333333,7,"July","no"
"36","July 2019",2019-07-14 09:45:00,540,0.0220324926717754,3251.298694,0.375,7,"July","no"
"37","July 2019",2019-07-14 10:00:00,555,0.0257168976878076,3137.478101,0.385416666666667,7,"July","no"
"38","July 2019",2019-07-14 10:15:00,570,0.0289901586889389,3007.704845,0.395833333333333,7,"July","no"
"39","July 2019",2019-07-14 10:30:00,585,0.0334665523556294,2842.077218,0.40625,7,"July","no"
"40","July 2019",2019-07-14 10:45:00,600,0.0434560501695078,2800.471646,0.416666666666667,7,"July","no"
"41","July 2019",2019-07-14 11:00:00,615,0.0441795140101453,2756.546964,0.427083333333333,7,"July","no"
"42","July 2019",2019-07-14 11:15:00,630,0.0485412306147795,2599.739665,0.4375,7,"July","no"
"43","July 2019",2019-07-14 11:30:00,645,0.0775954865274738,2439.68061,0.447916666666667,7,"July","no"
"44","July 2019",2019-07-14 11:45:00,660,0.0783460853174657,2291.898038,0.458333333333333,7,"July","no"
"45","July 2019",2019-07-14 12:00:00,675,0.0948655793647178,2251.878922,0.46875,7,"July","no"
"46","July 2019",2019-07-14 12:15:00,690,0.0975990011002086,2216.193668,0.479166666666667,7,"July","no"
"47","July 2019",2019-07-14 12:30:00,705,0.108516927121037,2067.173502,0.489583333333333,7,"July","no"
"48","July 2019",2019-07-14 12:45:00,720,0.126319083652607,2012.323064,0.5,7,"July","no"
"49","July 2019",2019-07-14 13:00:00,735,0.117158746496205,1927.203461,0.510416666666667,7,"July","no"
"50","July 2019",2019-07-14 13:15:00,750,0.124772972534616,1822.920152,0.520833333333333,7,"July","no"
"51","July 2019",2019-07-14 13:30:00,765,0.148812884131669,1730.525874,0.53125,7,"July","no"
"52","July 2019",2019-07-14 13:45:00,780,0.173719830155942,1704.151711,0.541666666666667,7,"July","no"
"53","July 2019",2019-07-14 14:00:00,795,0.156572245618662,1729.33855,0.552083333333333,7,"July","no"
"54","July 2019",2019-07-14 14:15:00,810,0.165202052511333,1727.674827,0.5625,7,"July","no"
"55","July 2019",2019-07-14 14:30:00,825,0.157203662754146,1736.778167,0.572916666666667,7,"July","no"
"56","July 2019",2019-07-14 14:45:00,840,0.144466563018061,1732.422132,0.583333333333333,7,"July","no"
"57","July 2019",2019-07-14 15:00:00,855,0.128821576096428,1728.954662,0.59375,7,"July","no"
"58","July 2019",2019-07-14 15:15:00,870,0.120475949926185,1716.50316,0.604166666666667,7,"July","no"
"59","July 2019",2019-07-14 15:30:00,885,0.118544963084171,1702.028426,0.614583333333333,7,"July","no"
"60","July 2019",2019-07-14 15:45:00,900,0.0985925096665783,1728.004421,0.625,7,"July","no"
"61","July 2019",2019-07-14 16:00:00,915,0.100275246552968,1705.413928,0.635416666666667,7,"July","no"
"62","July 2019",2019-07-14 16:15:00,930,0.0920267659454419,1714.645238,0.645833333333333,7,"July","no"
"63","July 2019",2019-07-14 16:30:00,945,0.0815563064717859,1717.133527,0.65625,7,"July","no"
"64","July 2019",2019-07-14 16:45:00,960,0.0819218078908646,1746.29395,0.666666666666667,7,"July","no"
"65","July 2019",2019-07-14 17:00:00,975,0.0765247333536077,1769.366724,0.677083333333333,7,"July","no"
"66","July 2019",2019-07-14 17:15:00,990,0.082894263171605,1803.558036,0.6875,7,"July","no"
"67","July 2019",2019-07-14 17:30:00,1005,0.071671123404418,1791.390928,0.697916666666667,7,"July","no"
"68","July 2019",2019-07-14 17:45:00,1020,0.0750471381371774,1848.042686,0.708333333333333,7,"July","no"
"69","July 2019",2019-07-14 18:00:00,1035,0.0701744224744661,1855.582952,0.71875,7,"July","no"
"70","July 2019",2019-07-14 18:15:00,1050,0.0653108534000273,1892.92379,0.729166666666667,7,"July","no"
"71","July 2019",2019-07-14 18:30:00,1065,0.063762230970627,1973.855414,0.739583333333333,7,"July","no"
"72","July 2019",2019-07-14 18:45:00,1080,0.0656947616937485,2023.749536,0.75,7,"July","no"
"73","July 2019",2019-07-14 19:00:00,1095,0.0612310343986216,2105.595391,0.760416666666667,7,"July","no"
"74","July 2019",2019-07-14 19:15:00,1110,0.0543335273347059,2174.061573,0.770833333333333,7,"July","no"
"75","July 2019",2019-07-14 19:30:00,1125,0.0591528043649543,2178.118145,0.78125,7,"July","no"
"76","July 2019",2019-07-14 19:45:00,1140,0.0598879207687055,2243.324572,0.791666666666667,7,"July","no"
"77","July 2019",2019-07-14 20:00:00,1155,0.0569627483983023,2273.204158,0.802083333333333,7,"July","no"
"78","July 2019",2019-07-14 20:15:00,1170,0.0522654198816909,2304.349723,0.8125,7,"July","no"
"79","July 2019",2019-07-14 20:30:00,1185,0.0498562873297401,2356.270022,0.822916666666667,7,"July","no"
"80","July 2019",2019-07-14 20:45:00,1200,0.0485852174549963,2400.40488,0.833333333333333,7,"July","no"
"81","July 2019",2019-07-14 21:00:00,1215,0.0518757456276099,2456.641309,0.84375,7,"July","no"
"82","July 2019",2019-07-14 21:15:00,1230,0.0466937758996583,2451.127844,0.854166666666667,7,"July","no"
"83","July 2019",2019-07-14 21:30:00,1245,0.047081416058549,2501.738364,0.864583333333333,7,"July","no"
"84","July 2019",2019-07-14 21:45:00,1260,0.0488790708879971,2507.560879,0.875,7,"July","no"
"85","July 2019",2019-07-14 22:00:00,1275,0.0431618768057943,2480.567969,0.885416666666667,7,"July","no"
"86","July 2019",2019-07-14 22:15:00,1290,0.0451203849261076,2530.534681,0.895833333333333,7,"July","no"
"87","July 2019",2019-07-14 22:30:00,1305,0.0432575200606735,2560.4738,0.90625,7,"July","no"
"88","July 2019",2019-07-14 22:45:00,1320,0.0419705511365748,2531.040123,0.916666666666667,7,"July","no"
"89","July 2019",2019-07-14 23:00:00,1335,0.0488275702279347,2571.674059,0.927083333333333,7,"July","no"
"90","July 2019",2019-07-14 23:15:00,1350,0.0465078214556054,2550.611383,0.9375,7,"July","no"
"91","July 2019",2019-07-14 23:30:00,1365,0.0445892281884199,2617.730425,0.947916666666667,7,"July","no"
"92","July 2019",2019-07-14 23:45:00,1380,0.0415024169377574,2634.592707,0.958333333333333,7,"July","no"
"93","July 2019",2019-07-15,1395,0.0417962948072089,2641.932295,0.96875,7,"July","no"
"94","July 2019",2019-07-15 00:15:00,1410,0.0409779825264697,2656.806027,0.979166666666667,7,"July","no"
"95","July 2019",2019-07-15 00:30:00,1425,0.0436963954421243,2699.558637,0.989583333333333,7,"July","no"
"96","July 2019",2019-07-15 00:45:00,1440,0.0440826313074432,2655.098999,1,7,"July","no"
"97","July 2019",2019-07-15 01:00:00,1455,0.0432643566768841,2647.928786,1.01041666666667,7,"July","no"
"98","July 2019",2019-07-15 01:15:00,1470,0.0442280039219509,2610.381255,1.02083333333333,7,"July","no"
"99","July 2019",2019-07-15 01:30:00,1485,0.0413626079640363,2649.302169,1.03125,7,"July","no"
"100","July 2019",2019-07-15 01:45:00,1500,0.043257520060673,2707.682288,1.04166666666667,7,"July","no"
"101","July 2019",2019-07-15 02:00:00,1515,0.0425568872276575,2678.934497,1.05208333333333,7,"July","no"
"102","July 2019",2019-07-15 02:15:00,1530,0.0461728064451538,2654.525371,1.0625,7,"July","no"
"103","July 2019",2019-07-15 02:30:00,1545,0.0435864228931555,2655.915539,1.07291666666667,7,"July","no"
"104","July 2019",2019-07-15 02:45:00,1560,0.0422260368588613,2679.24774,1.08333333333333,7,"July","no"
"105","July 2019",2019-07-15 03:00:00,1575,0.0461088211276328,2728.987465,1.09375,7,"July","no"
"106","July 2019",2019-07-15 03:15:00,1590,0.0485558902521064,2645.919838,1.10416666666667,7,"July","no"
"107","July 2019",2019-07-15 03:30:00,1605,0.0451273992669798,2572.932497,1.11458333333333,7,"July","no"
"108","July 2019",2019-07-15 03:45:00,1620,0.051003374640399,2636.28826,1.125,7,"July","no"
"109","July 2019",2019-07-15 04:00:00,1635,0.043018654725755,2647.510785,1.13541666666667,7,"July","no"
"110","July 2019",2019-07-15 04:15:00,1650,0.0465078214556049,2638.064846,1.14583333333333,7,"July","no"
"111","July 2019",2019-07-15 04:30:00,1665,0.0505742207492194,2643.481314,1.15625,7,"July","no"
"112","July 2019",2019-07-15 04:45:00,1680,0.0492996384977784,2651.287118,1.16666666666667,7,"July","no"
"113","July 2019",2019-07-15 05:00:00,1695,0.0516777495119049,2641.845304,1.17708333333333,7,"July","no"
"114","July 2019",2019-07-15 05:15:00,1710,0.0493884525714048,2634.982567,1.1875,7,"July","no"
"115","July 2019",2019-07-15 05:30:00,1725,0.0551518282611095,2608.769509,1.19791666666667,7,"July","no"
"116","July 2019",2019-07-15 05:45:00,1740,0.0569546961189803,2570.208818,1.20833333333333,7,"July","no"
"117","July 2019",2019-07-15 06:00:00,1755,0.0513133916005473,2572.547951,1.21875,7,"July","no"
"118","July 2019",2019-07-15 06:15:00,1770,0.0575766547953306,2597.786353,1.22916666666667,7,"July","no"
"119","July 2019",2019-07-15 06:30:00,1785,0.0589636814270382,2589.014522,1.23958333333333,7,"July","no"
"120","July 2019",2019-07-15 06:45:00,1800,0.0598630563355301,2566.403217,1.25,7,"July","no"
"121","July 2019",2019-07-15 07:00:00,1815,0.0555001836943599,2524.487085,1.26041666666667,7,"July","no"
"122","July 2019",2019-07-15 07:15:00,1830,0.057625283618705,2479.663174,1.27083333333333,7,"July","no"
"123","July 2019",2019-07-15 07:30:00,1845,0.0600621382939274,2448.941277,1.28125,7,"July","no"
"124","July 2019",2019-07-15 07:45:00,1860,0.0590294236772988,2413.156004,1.29166666666667,7,"July","no"
"125","July 2019",2019-07-15 08:00:00,1875,0.0604031170042485,2353.768889,1.30208333333333,7,"July","no"
"126","July 2019",2019-07-15 08:15:00,1890,0.0647373892513412,2278.795063,1.3125,7,"July","no"
"127","July 2019",2019-07-15 08:30:00,1905,0.0646594125763873,2213.387264,1.32291666666667,7,"July","no"
"128","July 2019",2019-07-15 08:45:00,1920,0.059755379169828,2200.851752,1.33333333333333,7,"July","no"
"129","July 2019",2019-07-15 09:00:00,1935,0.0577631944491376,2114.972055,1.34375,7,"July","no"
"130","July 2019",2019-07-15 09:15:00,1950,0.0630171933639831,2113.744629,1.35416666666667,7,"July","no"
"131","July 2019",2019-07-15 09:30:00,1965,0.058651983178277,2064.790147,1.36458333333333,7,"July","no"
"132","July 2019",2019-07-15 09:45:00,1980,0.0607452063285298,1990.492188,1.375,7,"July","no"
"133","July 2019",2019-07-15 10:00:00,1995,0.0711032083524685,1914.009121,1.38541666666667,7,"July","no"
"134","July 2019",2019-07-15 10:15:00,2010,0.0676157206696584,1798.366988,1.39583333333333,7,"July","no"
"135","July 2019",2019-07-15 10:30:00,2025,0.0724630811497069,1716.796897,1.40625,7,"July","no"
"136","July 2019",2019-07-15 10:45:00,2040,0.0720112504988247,1665.453895,1.41666666666667,7,"July","no"
"137","July 2019",2019-07-15 11:00:00,2055,0.0673761001522053,1646.427955,1.42708333333333,7,"July","no"
"138","July 2019",2019-07-15 11:15:00,2070,0.078490892067432,1666.040911,1.4375,7,"July","no"
"139","July 2019",2019-07-15 11:30:00,2085,0.073492482785338,1660.665314,1.44791666666667,7,"July","no"
"140","July 2019",2019-07-15 11:45:00,2100,0.109314147437286,1601.277124,1.45833333333333,7,"July","no"
"141","July 2019",2019-07-15 12:00:00,2115,0.102330584771629,1568.516566,1.46875,7,"July","no"
"142","July 2019",2019-07-15 12:15:00,2130,0.111794974288626,1560.795643,1.47916666666667,7,"July","no"
"143","July 2019",2019-07-15 12:30:00,2145,0.111291735279531,1540.499462,1.48958333333333,7,"July","no"
"144","July 2019",2019-07-15 12:45:00,2160,0.103743381577644,1505.454216,1.5,7,"July","no"
"145","July 2019",2019-07-15 13:00:00,2175,0.100087512034251,1425.053947,1.51041666666667,7,"July","no"
"146","July 2019",2019-07-15 13:15:00,2190,0.120037282598332,1385.332671,1.52083333333333,7,"July","no"
"147","July 2019",2019-07-15 13:30:00,2205,0.12917578524762,1363.169063,1.53125,7,"July","no"
"148","July 2019",2019-07-15 13:45:00,2220,0.138645888754465,1355.732139,1.54166666666667,7,"July","no"
"149","July 2019",2019-07-15 14:00:00,2235,0.157822342021841,1340.108755,1.55208333333333,7,"July","no"
"150","July 2019",2019-07-15 14:15:00,2250,0.108655348177785,1369.53245,1.5625,7,"July","no"
"151","July 2019",2019-07-15 14:30:00,2265,0.123125935136354,1323.649806,1.57291666666667,7,"July","no"
"152","July 2019",2019-07-15 14:45:00,2280,0.119952085606786,1324.973062,1.58333333333333,7,"July","no"
"153","July 2019",2019-07-15 15:00:00,2295,0.100142708248574,1329.383307,1.59375,7,"July","no"
"154","July 2019",2019-07-15 15:15:00,2310,0.0771929828781584,1341.768416,1.60416666666667,7,"July","no"
"155","July 2019",2019-07-15 15:30:00,2325,0.0850095569777868,1325.605188,1.61458333333333,7,"July","no"
"156","July 2019",2019-07-15 15:45:00,2340,0.0772312663468742,1313.427104,1.625,7,"July","no"
"157","July 2019",2019-07-15 16:00:00,2355,0.07976185582855,1305.846172,1.63541666666667,7,"July","no"
"158","July 2019",2019-07-15 16:15:00,2370,0.081191709532487,1305.628084,1.64583333333333,7,"July","no"
"159","July 2019",2019-07-15 16:30:00,2385,0.0842342166333546,1319.621984,1.65625,7,"July","no"
"160","July 2019",2019-07-15 16:45:00,2400,0.0780954390967455,1306.26564,1.66666666666667,7,"July","no"
"161","July 2019",2019-07-15 17:00:00,2415,0.0754339229013406,1314.718717,1.67708333333333,7,"July","no"
"162","July 2019",2019-07-15 17:15:00,2430,0.0705014443594076,1345.491079,1.6875,7,"July","no"
"163","July 2019",2019-07-15 17:30:00,2445,0.0695409977338931,1396.367287,1.69791666666667,7,"July","no"
"164","July 2019",2019-07-15 17:45:00,2460,0.0651367724694969,1426.288945,1.70833333333333,7,"July","no"
"165","July 2019",2019-07-15 18:00:00,2475,0.0608790058744528,1463.895415,1.71875,7,"July","no"
"166","July 2019",2019-07-15 18:15:00,2490,0.0645382218969799,1484.088012,1.72916666666667,7,"July","no"
"167","July 2019",2019-07-15 18:30:00,2505,0.0534137241857819,1574.966113,1.73958333333333,7,"July","no"
"168","July 2019",2019-07-15 18:45:00,2520,0.0571884804580023,1654.037314,1.75,7,"July","no"
"169","July 2019",2019-07-15 19:00:00,2535,0.0535146075124847,1713.285957,1.76041666666667,7,"July","no"
"170","July 2019",2019-07-15 19:15:00,2550,0.0536700306570251,1786.442625,1.77083333333333,7,"July","no"
"171","July 2019",2019-07-15 19:30:00,2565,0.0553733609975899,1836.610389,1.78125,7,"July","no"
"172","July 2019",2019-07-15 19:45:00,2580,0.0497520974346492,1933.456529,1.79166666666667,7,"July","no"
"173","July 2019",2019-07-15 20:00:00,2595,0.0492922416194374,1976.800911,1.80208333333333,7,"July","no"
"174","July 2019",2019-07-15 20:15:00,2610,0.0448263792093488,2021.646908,1.8125,7,"July","no"
"175","July 2019",2019-07-15 20:30:00,2625,0.0436757627058068,2064.943827,1.82291666666667,7,"July","no"
"176","July 2019",2019-07-15 20:45:00,2640,0.040510173552805,2116.446033,1.83333333333333,7,"July","no"
"177","July 2019",2019-07-15 21:00:00,2655,0.0416091336237883,2166.292236,1.84375,7,"July","no"
"178","July 2019",2019-07-15 21:15:00,2670,0.0415557541388055,2194.967405,1.85416666666667,7,"July","no"
"179","July 2019",2019-07-15 21:30:00,2685,0.0415224134330021,2238.488039,1.86458333333333,7,"July","no"
"180","July 2019",2019-07-15 21:45:00,2700,0.0414824263886909,2273.848276,1.875,7,"July","no"
"181","July 2019",2019-07-15 22:00:00,2715,0.0395910190842817,2302.644829,1.88541666666667,7,"July","no"
"182","July 2019",2019-07-15 22:15:00,2730,0.0415357477332641,2351.626378,1.89583333333333,7,"July","no"
"183","July 2019",2019-07-15 22:30:00,2745,0.0422597244250638,2349.952845,1.90625,7,"July","no"
"184","July 2019",2019-07-15 22:45:00,2760,0.0401761971504374,2394.086903,1.91666666666667,7,"July","no"
"185","July 2019",2019-07-15 23:00:00,2775,0.0412230903530507,2415.254646,1.92708333333333,7,"July","no"
"186","July 2019",2019-07-15 23:15:00,2790,0.0399610104838858,2444.801462,1.9375,7,"July","no"
"187","July 2019",2019-07-15 23:30:00,2805,0.0391717186890534,2437.951745,1.94791666666667,7,"July","no"
"188","July 2019",2019-07-15 23:45:00,2820,0.0363454268440431,2498.764153,1.95833333333333,7,"July","no"
"189","July 2019",2019-07-16,2835,0.0387232861608536,2519.128527,1.96875,7,"July","no"
"190","July 2019",2019-07-16 00:15:00,2850,0.040944929219282,2547.10457,1.97916666666667,7,"July","no"
"191","July 2019",2019-07-16 00:30:00,2865,0.0362902656550528,2549.955697,1.98958333333333,7,"July","no"
"192","July 2019",2019-07-16 00:45:00,2880,0.0393004368863653,2562.528628,2,7,"July","no"
"193","July 2019",2019-07-16 01:00:00,2895,0.0392811123092633,2592.000411,2.01041666666667,7,"July","no"
"194","July 2019",2019-07-16 01:15:00,2910,0.0359238920161127,2579.421408,2.02083333333333,7,"July","no"
"195","July 2019",2019-07-16 01:30:00,2925,0.0384367176332587,2584.79189,2.03125,7,"July","no"
"196","July 2019",2019-07-16 01:45:00,2940,0.0343164615873672,2587.173378,2.04166666666667,7,"July","no"
"197","July 2019",2019-07-16 02:00:00,2955,0.0365358361206245,2614.237967,2.05208333333333,7,"July","no"
"198","July 2019",2019-07-16 02:15:00,2970,0.0360518522386313,2628.50475,2.0625,7,"July","no"
"199","July 2019",2019-07-16 02:30:00,2985,0.0369371427197673,2627.973462,2.07291666666667,7,"July","no"
"200","July 2019",2019-07-16 02:45:00,3000,0.0343815043291134,2658.487694,2.08333333333333,7,"July","no"
"201","July 2019",2019-07-16 03:00:00,3015,0.0347257790010429,2657.723907,2.09375,7,"July","no"
"202","July 2019",2019-07-16 03:15:00,3030,0.034529626051085,2687.056928,2.10416666666667,7,"July","no"
"203","July 2019",2019-07-16 03:30:00,3045,0.0320846751079586,2674.449103,2.11458333333333,7,"July","no"
"204","July 2019",2019-07-16 03:45:00,3060,0.034198406869726,2687.246441,2.125,7,"July","no"
"205","July 2019",2019-07-16 04:00:00,3075,0.0329460092471032,2687.972239,2.13541666666667,7,"July","no"
"206","July 2019",2019-07-16 04:15:00,3090,0.0319773623242694,2695.264995,2.14583333333333,7,"July","no"
"207","July 2019",2019-07-16 04:30:00,3105,0.0290906049581164,2711.498458,2.15625,7,"July","no"
"208","July 2019",2019-07-16 04:45:00,3120,0.0307137039882513,2709.403069,2.16666666666667,7,"July","no"
"209","July 2019",2019-07-16 05:00:00,3135,0.0301352861018804,2716.889926,2.17708333333333,7,"July","no"
"210","July 2019",2019-07-16 05:15:00,3150,0.0323739045368992,2723.114591,2.1875,7,"July","no"
"211","July 2019",2019-07-16 05:30:00,3165,0.0300702725977473,2710.132426,2.19791666666667,7,"July","no"
"212","July 2019",2019-07-16 05:45:00,3180,0.0307137039882517,2738.120552,2.20833333333333,7,"July","no"
"213","July 2019",2019-07-16 06:00:00,3195,0.0302003947448645,2716.031759,2.21875,7,"July","no"
"214","July 2019",2019-07-16 06:15:00,3210,0.0292709461919988,2753.476726,2.22916666666667,7,"July","no"
"215","July 2019",2019-07-16 06:30:00,3225,0.0293933748125502,2760.375419,2.23958333333333,7,"July","no"
"216","July 2019",2019-07-16 06:45:00,3240,0.0286169177342389,2767.416753,2.25,7,"July","no"
"217","July 2019",2019-07-16 07:00:00,3255,0.0289901586889386,2723.253721,2.26041666666667,7,"July","no"
"218","July 2019",2019-07-16 07:15:00,3270,0.0286850085485528,2686.667785,2.27083333333333,7,"July","no"
"219","July 2019",2019-07-16 07:30:00,3285,0.0279885055708599,2672.010442,2.28125,7,"July","no"
"220","July 2019",2019-07-16 07:45:00,3300,0.0285593896404331,2641.553773,2.29166666666667,7,"July","no"
"221","Aug. 2019 incomplete",2019-08-13 18:45:00,15,0.00843313559350573,3628.493007,0.0104166666666667,8,"August","no"
"222","Aug. 2019 incomplete",2019-08-13 19:00:00,30,0.00849947825564154,3619.596303,0.0208333333333333,8,"August","no"
"223","Aug. 2019 incomplete",2019-08-13 19:15:00,45,0.00846932691349191,3639.115703,0.03125,8,"August","no"
"224","Aug. 2019 incomplete",2019-08-13 19:30:00,60,0.00877466246887454,3554.338497,0.0416666666666667,8,"August","no"
"225","Aug. 2019 incomplete",2019-08-13 19:45:00,75,0.00899090522409474,3469.560132,0.0520833333333333,8,"August","no"
"226","Aug. 2019 incomplete",2019-08-13 20:00:00,90,0.00905205990387008,3384.377858,0.0625,8,"August","no"
"227","Aug. 2019 incomplete",2019-08-13 20:15:00,105,0.010324628870561,3190.073727,0.0729166666666667,8,"August","no"
"228","Aug. 2019 incomplete",2019-08-13 20:30:00,120,0.0100359399752599,3082.392499,0.0833333333333333,8,"August","no"
"229","Aug. 2019 incomplete",2019-08-13 20:45:00,135,0.0108845745291183,2999.122066,0.09375,8,"August","no"
"230","Aug. 2019 incomplete",2019-08-13 21:00:00,150,0.0114784112811061,3012.735834,0.104166666666667,8,"August","no"
"231","Aug. 2019 incomplete",2019-08-13 21:15:00,165,0.011701737452873,3011.63238,0.114583333333333,8,"August","no"
"232","Aug. 2019 incomplete",2019-08-13 21:30:00,180,0.0116413763712681,3010.046714,0.125,8,"August","no"
"233","Aug. 2019 incomplete",2019-08-13 21:45:00,195,0.0118581817439064,2970.520035,0.135416666666667,8,"August","no"
"234","Aug. 2019 incomplete",2019-08-13 22:00:00,210,0.0127203764595994,2969.53211,0.145833333333333,8,"August","no"
"235","Aug. 2019 incomplete",2019-08-13 22:15:00,225,0.0124219380414522,2961.654797,0.15625,8,"August","no"
"236","Aug. 2019 incomplete",2019-08-13 22:30:00,240,0.01403773959372,2936.293227,0.166666666666667,8,"August","no"
"237","Aug. 2019 incomplete",2019-08-13 22:45:00,255,0.0141580376230609,2890.671284,0.177083333333333,8,"August","no"
"238","Aug. 2019 incomplete",2019-08-13 23:00:00,270,0.0150389024861498,2911.735586,0.1875,8,"August","no"
"239","Aug. 2019 incomplete",2019-08-13 23:15:00,285,0.0158766250874353,2917.289926,0.197916666666667,8,"August","no"
"240","Aug. 2019 incomplete",2019-08-13 23:30:00,300,0.0179338711075956,2913.994332,0.208333333333333,8,"August","no"
"241","Aug. 2019 incomplete",2019-08-13 23:45:00,315,0.0182866616128032,2891.363971,0.21875,8,"August","no"
"242","Aug. 2019 incomplete",2019-08-14,330,0.0197785223458039,2911.793377,0.229166666666667,8,"August","no"
"243","Aug. 2019 incomplete",2019-08-14 00:15:00,345,0.0204374411153481,2911.173808,0.239583333333333,8,"August","no"
"244","Aug. 2019 incomplete",2019-08-14 00:30:00,360,0.021076533529838,2880.704804,0.25,8,"August","no"
"245","Aug. 2019 incomplete",2019-08-14 00:45:00,375,0.0260729683876359,2868.516385,0.260416666666667,8,"August","no"
"246","Aug. 2019 incomplete",2019-08-14 01:00:00,390,0.0268206717210174,2860.52152,0.270833333333333,8,"August","no"
"247","Aug. 2019 incomplete",2019-08-14 01:15:00,405,0.0297842676536113,2836.792564,0.28125,8,"August","no"
"248","Aug. 2019 incomplete",2019-08-14 01:30:00,420,0.0307411711913123,2858.449825,0.291666666666667,8,"August","no"
"249","Aug. 2019 incomplete",2019-08-14 01:45:00,435,0.0314778619124927,2843.374082,0.302083333333333,8,"August","no"
"250","Aug. 2019 incomplete",2019-08-14 02:00:00,450,0.0317690692693238,2858.491159,0.3125,8,"August","no"
"251","Aug. 2019 incomplete",2019-08-14 02:15:00,465,0.034304644223247,2836.068431,0.322916666666667,8,"August","no"
"252","Aug. 2019 incomplete",2019-08-14 02:30:00,480,0.0360701560551329,2849.309864,0.333333333333333,8,"August","no"
"253","Aug. 2019 incomplete",2019-08-14 02:45:00,495,0.0372228310455718,2819.695015,0.34375,8,"August","no"
"254","Aug. 2019 incomplete",2019-08-14 03:00:00,510,0.0370798121310972,2798.602708,0.354166666666667,8,"August","no"
"255","Aug. 2019 incomplete",2019-08-14 03:15:00,525,0.0446798133950717,2756.040805,0.364583333333333,8,"August","no"
"256","Aug. 2019 incomplete",2019-08-14 03:30:00,540,0.0459739167554683,2711.172144,0.375,8,"August","no"
"257","Aug. 2019 incomplete",2019-08-14 03:45:00,555,0.0448892823224268,2689.648703,0.385416666666667,8,"August","no"
"258","Aug. 2019 incomplete",2019-08-14 04:00:00,570,0.0460946094357345,2674.452504,0.395833333333333,8,"August","no"
"259","Aug. 2019 incomplete",2019-08-14 04:15:00,585,0.0466866155470752,2704.104486,0.40625,8,"August","no"
"260","Aug. 2019 incomplete",2019-08-14 04:30:00,600,0.0425298195725043,2692.603294,0.416666666666667,8,"August","no"
"261","Aug. 2019 incomplete",2019-08-14 04:45:00,615,0.041736079366702,2663.499389,0.427083333333333,8,"August","no"
"262","Aug. 2019 incomplete",2019-08-14 05:00:00,630,0.0407403673777672,2611.499751,0.4375,8,"August","no"
"263","Aug. 2019 incomplete",2019-08-14 05:15:00,645,0.0433053902485682,2595.429085,0.447916666666667,8,"August","no"
"264","Aug. 2019 incomplete",2019-08-14 05:30:00,660,0.0455988651492201,2616.117462,0.458333333333333,8,"August","no"
"265","Aug. 2019 incomplete",2019-08-14 05:45:00,675,0.0487908038627695,2576.164969,0.46875,8,"August","no"
"266","Aug. 2019 incomplete",2019-08-14 06:00:00,690,0.0580884437033244,2570.963949,0.479166666666667,8,"August","no"
"267","Aug. 2019 incomplete",2019-08-14 06:15:00,705,0.0476012664775772,2560.341065,0.489583333333333,8,"August","no"
"268","Aug. 2019 incomplete",2019-08-14 06:30:00,720,0.0481537131761642,2508.957932,0.5,8,"August","no"
"269","Aug. 2019 incomplete",2019-08-14 06:45:00,735,0.0478697441060732,2537.263164,0.510416666666667,8,"August","no"
"270","Aug. 2019 incomplete",2019-08-14 07:00:00,750,0.0459313649262699,2508.221609,0.520833333333333,8,"August","no"
"271","Aug. 2019 incomplete",2019-08-14 07:15:00,765,0.04302546821794,2471.866007,0.53125,8,"August","no"
"272","Aug. 2019 incomplete",2019-08-14 07:30:00,780,0.0407337791796698,2472.444484,0.541666666666667,8,"August","no"
"273","Aug. 2019 incomplete",2019-08-14 07:45:00,795,0.0413626079640363,2421.310271,0.552083333333333,8,"August","no"
"274","Aug. 2019 incomplete",2019-08-14 08:00:00,810,0.0392811123092629,2399.46219,0.5625,8,"August","no"
"275","Aug. 2019 incomplete",2019-08-14 08:15:00,825,0.0375474664951781,2400.041405,0.572916666666667,8,"August","no"
"276","Aug. 2019 incomplete",2019-08-14 08:30:00,840,0.037917966288549,2369.875177,0.583333333333333,8,"August","no"
"277","Aug. 2019 incomplete",2019-08-14 08:45:00,855,0.042044409417928,2346.016519,0.59375,8,"August","no"
"278","Aug. 2019 incomplete",2019-08-14 09:00:00,870,0.0391524337531407,2332.593257,0.604166666666667,8,"August","no"
"279","Aug. 2019 incomplete",2019-08-14 09:15:00,885,0.0382717545198182,2281.180488,0.614583333333333,8,"August","no"
"280","Aug. 2019 incomplete",2019-08-14 09:30:00,900,0.0374223952871966,2244.362839,0.625,8,"August","no"
"281","Aug. 2019 incomplete",2019-08-14 09:45:00,915,0.0359604223487989,2216.455341,0.635416666666667,8,"August","no"
"282","Aug. 2019 incomplete",2019-08-14 10:00:00,930,0.0350243513648038,2172.022704,0.645833333333333,8,"August","no"
"283","Aug. 2019 incomplete",2019-08-14 10:15:00,945,0.0352523710290448,2149.547392,0.65625,8,"August","no"
"284","Aug. 2019 incomplete",2019-08-14 10:30:00,960,0.0330900677472687,2114.376835,0.666666666666667,8,"August","no"
"285","Aug. 2019 incomplete",2019-08-14 10:45:00,975,0.0327335604742444,2085.059419,0.677083333333333,8,"August","no"
"286","Aug. 2019 incomplete",2019-08-14 11:00:00,990,0.0298327037149963,2056.402013,0.6875,8,"August","no"
"287","Aug. 2019 incomplete",2019-08-14 11:45:00,1035,0.0307246888874162,1954.64728,0.71875,8,"August","no"
"288","Aug. 2019 incomplete",2019-08-14 11:30:00,1020,0.0318702880483973,1974.968769,0.708333333333333,8,"August","no"
"289","Aug. 2019 incomplete",2019-08-14 11:15:00,1005,0.0317241518566841,2027.159786,0.697916666666667,8,"August","no"
"290","Aug. 2019",2019-08-01 15:15:00,90,0.00915592921389217,3247.203661,0.0625,8,"August","no"
"291","Aug. 2019",2019-08-01 21:15:00,450,0.00810362371455901,4495.46256,0.3125,8,"August","no"
"292","Aug. 2019",2019-08-01 21:30:00,465,0.00819661882957315,4510.335979,0.322916666666667,8,"August","no"
"293","Aug. 2019",2019-08-01 21:45:00,480,0.00815777379263619,4545.97838,0.333333333333333,8,"August","no"
"294","Aug. 2019",2019-08-01 22:00:00,495,0.00822264335922254,4590.373534,0.34375,8,"August","no"
"295","Aug. 2019",2019-08-01 22:15:00,510,0.00828289667362876,4572.893138,0.354166666666667,8,"August","no"
"296","Aug. 2019",2019-08-01 22:30:00,525,0.00816136034257667,4653.092444,0.364583333333333,8,"August","no"
"297","Aug. 2019",2019-08-01 22:45:00,540,0.00818650500525318,4667.160333,0.375,8,"August","no"
"298","Aug. 2019",2019-08-01 23:00:00,555,0.00815539597307201,4688.789754,0.385416666666667,8,"August","no"
"299","Aug. 2019",2019-08-01 23:15:00,570,0.00816076093253706,4719.069485,0.395833333333333,8,"August","no"
"300","Aug. 2019",2019-08-01 23:30:00,585,0.00829014277489054,4795.521394,0.40625,8,"August","no"
"301","Aug. 2019",2019-08-01 23:45:00,600,0.00828723640614813,4772.721759,0.416666666666667,8,"August","no"
"302","Aug. 2019",2019-08-02,615,0.00823672940697429,4802.959237,0.427083333333333,8,"August","no"
"303","Aug. 2019",2019-08-02 00:15:00,630,0.00824903506314199,4861.945049,0.4375,8,"August","no"
"304","Aug. 2019",2019-08-02 00:30:00,645,0.00838224934452013,4877.901105,0.447916666666667,8,"August","no"
"305","Aug. 2019",2019-08-02 00:45:00,660,0.00826789491442576,4891.828047,0.458333333333333,8,"August","no"
"306","Aug. 2019",2019-08-02 01:00:00,675,0.0082360520359309,4952.161805,0.46875,8,"August","no"
"307","Aug. 2019",2019-08-02 01:15:00,690,0.00826225659816977,4944.244572,0.479166666666667,8,"August","no"
"308","Aug. 2019",2019-08-02 01:30:00,705,0.0081378992764416,4973.559059,0.489583333333333,8,"August","no"
"309","Aug. 2019",2019-08-02 01:45:00,720,0.00823672940697429,4990.107317,0.5,8,"August","no"
"310","Aug. 2019",2019-08-02 02:00:00,735,0.00818713216412464,5034.907857,0.510416666666667,8,"August","no"
"311","Aug. 2019",2019-08-02 02:15:00,750,0.00815717834671542,5012.417469,0.520833333333333,8,"August","no"
"312","Aug. 2019",2019-08-02 02:30:00,765,0.00822530395259709,5072.89481,0.53125,8,"August","no"
"313","Aug. 2019",2019-08-02 02:45:00,780,0.00826436601161724,5126.831726,0.541666666666667,8,"August","no"
"314","Aug. 2019",2019-08-02 03:00:00,795,0.00830557464098729,5156.562441,0.552083333333333,8,"August","no"
"315","Aug. 2019",2019-08-02 03:15:00,810,0.00821735388542418,5147.913161,0.5625,8,"August","no"
"316","Aug. 2019",2019-08-02 03:30:00,825,0.00832965012764456,5187.475892,0.572916666666667,8,"August","no"
"317","Aug. 2019",2019-08-02 03:45:00,840,0.00822131702665412,5200.911931,0.583333333333333,8,"August","no"
"318","Aug. 2019",2019-08-02 04:00:00,855,0.00838144247892811,5201.788065,0.59375,8,"August","no"
"319","Aug. 2019",2019-08-02 04:15:00,870,0.00834348989780206,5245.756621,0.604166666666667,8,"August","no"
"320","Aug. 2019",2019-08-02 04:30:00,885,0.00840510981980523,5291.050448,0.614583333333333,8,"August","no"
"321","Aug. 2019",2019-08-02 04:45:00,900,0.00833423959965074,5281.193479,0.625,8,"August","no"
"322","Aug. 2019",2019-08-02 05:00:00,915,0.00840841788592314,5281.22734,0.635416666666667,8,"August","no"
"323","Aug. 2019",2019-08-02 05:15:00,930,0.00841506573110951,5334.566546,0.645833333333333,8,"August","no"
"324","Aug. 2019",2019-08-02 05:30:00,945,0.00847152385026363,5348.171919,0.65625,8,"August","no"
"325","Aug. 2019",2019-08-02 05:45:00,960,0.00843951862820276,5383.551645,0.666666666666667,8,"August","no"
"326","Aug. 2019",2019-08-02 06:00:00,975,0.00837421041949099,5375.373755,0.677083333333333,8,"August","no"
"327","Aug. 2019",2019-08-02 06:15:00,990,0.00852901957304884,5375.536581,0.6875,8,"August","no"
"328","Aug. 2019",2019-08-02 06:30:00,1005,0.00861739138681555,5420.573719,0.697916666666667,8,"August","no"
"329","Aug. 2019",2019-08-02 06:45:00,1020,0.00851985748101605,5440.579995,0.708333333333333,8,"August","no"
"330","Aug. 2019",2019-08-02 07:00:00,1035,0.00851257537681581,5416.751754,0.71875,8,"August","no"
"331","Aug. 2019",2019-08-02 07:15:00,1050,0.0085834625805636,5393.835919,0.729166666666667,8,"August","no"
"332","Aug. 2019",2019-08-02 07:30:00,1065,0.00859018359453959,5400.240451,0.739583333333333,8,"August","no"
"333","Aug. 2019",2019-08-02 07:45:00,1080,0.00851894490558833,5360.032287,0.75,8,"August","no"
"334","Aug. 2019",2019-08-02 08:00:00,1095,0.00857011767352295,5285.097076,0.760416666666667,8,"August","no"
"335","Aug. 2019",2019-08-02 08:15:00,1110,0.00852901957304884,5262.34772,0.770833333333333,8,"August","no"
"336","Aug. 2019",2019-08-02 08:30:00,1125,0.00844464722037065,5173.418828,0.78125,8,"August","no"
"337","Aug. 2019",2019-08-02 08:45:00,1140,0.00841007588310089,5113.207105,0.791666666666667,8,"August","no"
"338","Aug. 2019",2019-08-02 09:00:00,1155,0.00834271540584716,5047.024554,0.802083333333333,8,"August","no"
"339","Aug. 2019",2019-08-02 09:15:00,1170,0.00821801275724629,4971.86538,0.8125,8,"August","no"
"340","Aug. 2019",2019-08-02 09:30:00,1185,0.00825041557200122,4904.7211,0.822916666666667,8,"August","no"
"341","Aug. 2019",2019-08-02 09:45:00,1200,0.00806797787103448,4860.063496,0.833333333333333,8,"August","no"
"342","Aug. 2019",2019-08-02 10:00:00,1215,0.00809833324525654,4793.899336,0.84375,8,"August","no"
"343","Aug. 2019",2019-08-02 10:15:00,1230,0.00795216629616406,4749.290483,0.854166666666667,8,"August","no"
"344","Aug. 2019",2019-08-02 10:30:00,1245,0.00791537644902267,4698.864446,0.864583333333333,8,"August","no"
"345","Aug. 2019",2019-08-02 10:45:00,1260,0.00789130636528747,4626.036603,0.875,8,"August","no"
"346","Aug. 2019",2019-08-02 11:00:00,1275,0.00788948523857477,4621.606655,0.885416666666667,8,"August","no"
"347","Aug. 2019",2019-08-02 11:15:00,1290,0.00791327819523104,4566.694982,0.895833333333333,8,"August","no"
"348","Aug. 2019",2019-08-02 11:30:00,1305,0.00795144502517717,4578.422003,0.90625,8,"August","no"
"349","Aug. 2019",2019-08-02 11:45:00,1320,0.00798485570743708,4512.125264,0.916666666666667,8,"August","no"
"350","Aug. 2019",2019-08-02 12:00:00,1335,0.00794313530818164,4493.368236,0.927083333333333,8,"August","no"
"351","Aug. 2019",2019-08-02 12:15:00,1350,0.00796189122586805,4444.276592,0.9375,8,"August","no"
"352","Aug. 2019",2019-08-02 12:30:00,1365,0.00794804978423991,4408.867246,0.947916666666667,8,"August","no"
"353","Aug. 2019",2019-08-02 12:45:00,1380,0.00796470820768155,4367.792675,0.958333333333333,8,"August","no"
"354","Aug. 2019",2019-08-02 13:00:00,1395,0.00797414918732724,4345.688086,0.96875,8,"August","no"
"355","Aug. 2019",2019-08-02 13:15:00,1410,0.00789295171469999,4301.84669,0.979166666666667,8,"August","no"
"356","Aug. 2019",2019-08-02 13:30:00,1425,0.00791640898522165,4312.743629,0.989583333333333,8,"August","no"
"357","Aug. 2019",2019-08-02 14:00:00,1455,0.0079066648131262,4253.887262,1.01041666666667,8,"August","no"
"358","Aug. 2019",2019-08-02 14:15:00,1470,0.00789104786051906,4223.724099,1.02083333333333,8,"August","no"
"359","Aug. 2019",2019-08-02 14:45:00,1500,0.00816376458959978,4254.304009,1.04166666666667,8,"August","no"
"360","Aug. 2019",2019-08-02 15:00:00,1515,0.00830409238641128,4221.568938,1.05208333333333,8,"August","no"
"361","Aug. 2019",2019-08-02 15:15:00,1530,0.00821080150495868,4197.298674,1.0625,8,"August","no"
"362","Aug. 2019",2019-08-02 15:30:00,1545,0.00820884867420527,4189.756131,1.07291666666667,8,"August","no"
"363","Aug. 2019",2019-08-02 15:45:00,1560,0.00812712558479539,4197.295342,1.08333333333333,8,"August","no"
"364","Aug. 2019",2019-08-02 16:00:00,1575,0.0082728631271896,4150.668695,1.09375,8,"August","no"
"365","Aug. 2019",2019-08-02 16:15:00,1590,0.00826366221311493,4195.708377,1.10416666666667,8,"August","no"
"366","Aug. 2019",2019-08-02 16:30:00,1605,0.0082286445597609,4202.611208,1.11458333333333,8,"August","no"
"367","Aug. 2019",2019-08-02 16:45:00,1620,0.00829232948865533,4224.921051,1.125,8,"August","no"
"368","Aug. 2019",2019-08-02 17:00:00,1635,0.00835754373037668,4254.3214,1.13541666666667,8,"August","no"
"369","Aug. 2019",2019-08-02 17:15:00,1650,0.00844207995119756,4267.875812,1.14583333333333,8,"August","no"
"370","Aug. 2019",2019-08-02 17:30:00,1665,0.00838954086573979,4310.401141,1.15625,8,"August","no"
"371","Aug. 2019",2019-08-02 17:45:00,1680,0.00846802022094979,4369.039194,1.16666666666667,8,"August","no"
"372","Aug. 2019",2019-08-02 18:00:00,1695,0.00845757275890986,4449.98957,1.17708333333333,8,"August","no"
"373","Aug. 2019",2019-08-02 18:15:00,1710,0.00842343499937502,4531.089421,1.1875,8,"August","no"
"374","Aug. 2019",2019-08-02 18:30:00,1725,0.0084242755599772,4604.185469,1.19791666666667,8,"August","no"
"375","Aug. 2019",2019-08-02 18:45:00,1740,0.00834504086377119,4608.054417,1.20833333333333,8,"August","no"
"376","Aug. 2019",2019-08-02 19:00:00,1755,0.00837902584627079,4681.106976,1.21875,8,"August","no"
"377","Aug. 2019",2019-08-02 19:15:00,1770,0.00839934614052819,4740.676808,1.22916666666667,8,"August","no"
"378","Aug. 2019",2019-08-02 19:30:00,1785,0.00831527371266241,4767.841169,1.23958333333333,8,"August","no"
"379","Aug. 2019",2019-08-02 19:45:00,1800,0.00832432580487193,4825.47751,1.25,8,"August","no"
"380","Aug. 2019",2019-08-02 20:00:00,1815,0.00829525435661897,4800.284636,1.26041666666667,8,"August","no"
"381","Aug. 2019",2019-08-02 20:15:00,1830,0.00819407451701779,4797.409309,1.27083333333333,8,"August","no"
"382","Aug. 2019",2019-08-02 20:30:00,1845,0.00811331305229464,4839.483647,1.28125,8,"August","no"
"383","Aug. 2019",2019-08-02 20:45:00,1860,0.00807584007585531,4836.348472,1.29166666666667,8,"August","no"
"384","Aug. 2019",2019-08-02 21:00:00,1875,0.00807933297572544,4827.651908,1.30208333333333,8,"August","no"
"385","Aug. 2019",2019-08-02 21:15:00,1890,0.00812600538640647,4833.167178,1.3125,8,"August","no"
"386","Aug. 2019",2019-08-02 21:30:00,1905,0.00803733409374394,4807.554848,1.32291666666667,8,"August","no"
"387","Aug. 2019",2019-08-02 21:45:00,1920,0.00804449861364954,4797.79821,1.33333333333333,8,"August","no"
"388","Aug. 2019",2019-08-02 22:00:00,1935,0.0079886285117875,4803.14715,1.34375,8,"August","no"
"389","Aug. 2019",2019-08-02 22:15:00,1950,0.00795837167566872,4747.36506,1.35416666666667,8,"August","no"
"390","Aug. 2019",2019-08-02 22:30:00,1965,0.00793310268760165,4707.326193,1.36458333333333,8,"August","no"
"391","Aug. 2019",2019-08-02 22:45:00,1980,0.00793554559820654,4684.087524,1.375,8,"August","no"
"392","Aug. 2019",2019-08-02 23:00:00,1995,0.00789313141137526,4567.854318,1.38541666666667,8,"August","no"
"393","Aug. 2019",2019-08-02 23:15:00,2010,0.00789094908341702,4575.247726,1.39583333333333,8,"August","no"
"394","Aug. 2019",2019-08-02 23:30:00,2025,0.00788916722728009,4559.994943,1.40625,8,"August","no"
"395","Aug. 2019",2019-08-02 23:45:00,2040,0.00790743367582293,4542.922103,1.41666666666667,8,"August","no"
"396","Aug. 2019",2019-08-03,2055,0.00791239371240156,4550.494811,1.42708333333333,8,"August","no"
"397","Aug. 2019",2019-08-03 00:15:00,2070,0.00790266441917491,4579.742549,1.4375,8,"August","no"
"398","Aug. 2019",2019-08-03 00:30:00,2085,0.00791933001173153,4586.853683,1.44791666666667,8,"August","no"
"399","Aug. 2019",2019-08-03 00:45:00,2100,0.00790967436267469,4595.41214,1.45833333333333,8,"August","no"
"400","Aug. 2019",2019-08-03 01:00:00,2115,0.00791345707385634,4595.121605,1.46875,8,"August","no"
"401","Aug. 2019",2019-08-03 01:15:00,2130,0.00793591604973506,4601.28517,1.47916666666667,8,"August","no"
"402","Aug. 2019",2019-08-03 01:30:00,2145,0.00795882401129008,4533.436206,1.48958333333333,8,"August","no"
"403","Aug. 2019",2019-08-03 01:45:00,2160,0.00808462958418855,4494.323666,1.5,8,"August","no"
"404","Aug. 2019",2019-08-03 02:00:00,2175,0.00813703617440197,4425.355562,1.51041666666667,8,"August","no"
"405","Aug. 2019",2019-08-03 02:15:00,2190,0.00811521824709073,4409.700485,1.52083333333333,8,"August","no"
"406","Aug. 2019",2019-08-03 02:30:00,2205,0.0081381821306146,4357.483154,1.53125,8,"August","no"
"407","Aug. 2019",2019-08-03 02:45:00,2220,0.00844079276441871,4339.990243,1.54166666666667,8,"August","no"
"408","Aug. 2019",2019-08-03 03:00:00,2235,0.00842216971368602,4316.06645,1.55208333333333,8,"August","no"
"409","Aug. 2019",2019-08-03 03:15:00,2250,0.00838669342387222,4309.263742,1.5625,8,"August","no"
"410","Aug. 2019",2019-08-03 03:30:00,2265,0.00832850131593316,4285.433624,1.57291666666667,8,"August","no"
"411","Aug. 2019",2019-08-03 03:45:00,2280,0.00833308481491479,4224.574609,1.58333333333333,8,"August","no"
"412","Aug. 2019",2019-08-03 04:00:00,2295,0.00832091500588159,4284.312638,1.59375,8,"August","no"
"413","Aug. 2019",2019-08-03 04:15:00,2310,0.008473713034627,4266.59514,1.60416666666667,8,"August","no"
"414","Aug. 2019",2019-08-03 04:30:00,2325,0.00857629096582241,4174.046228,1.61458333333333,8,"August","no"
"415","Aug. 2019",2019-08-03 04:45:00,2340,0.00882178666120316,4028.855758,1.625,8,"August","no"
"416","Aug. 2019",2019-08-03 05:00:00,2355,0.00917801906290504,3830.588339,1.63541666666667,8,"August","no"
"417","Aug. 2019",2019-08-03 05:15:00,2370,0.009843404471664,3835.082108,1.64583333333333,8,"August","no"
"418","Aug. 2019",2019-08-03 05:30:00,2385,0.00992293829514727,3878.974446,1.65625,8,"August","no"
"419","Aug. 2019",2019-08-03 05:45:00,2400,0.00956634451322504,3916.108761,1.66666666666667,8,"August","no"
"420","Aug. 2019",2019-08-03 06:00:00,2415,0.0100816556198233,3884.912166,1.67708333333333,8,"August","no"
"421","Aug. 2019",2019-08-03 06:15:00,2430,0.0100157765116439,3898.567687,1.6875,8,"August","no"
"422","Aug. 2019",2019-08-03 06:30:00,2445,0.00992293829514727,3957.323724,1.69791666666667,8,"August","no"
"423","Aug. 2019",2019-08-03 06:45:00,2460,0.0101901985032887,3940.553277,1.70833333333333,8,"August","no"
"424","Aug. 2019",2019-08-03 07:00:00,2475,0.0101450852373795,3932.355663,1.71875,8,"August","no"
"425","Aug. 2019",2019-08-03 07:15:00,2490,0.0104151510640503,3893.586893,1.72916666666667,8,"August","no"
"426","Aug. 2019",2019-08-03 07:30:00,2505,0.0107159216159588,3824.796165,1.73958333333333,8,"August","no"
"427","Aug. 2019",2019-08-03 07:45:00,2520,0.0104647198321228,3824.628547,1.75,8,"August","no"
"428","Aug. 2019",2019-08-03 08:00:00,2535,0.0112302332560523,3710.88954,1.76041666666667,8,"August","no"
"429","Aug. 2019",2019-08-03 08:15:00,2550,0.011247063565362,3576.079237,1.77083333333333,8,"August","no"
"430","Aug. 2019",2019-08-03 08:30:00,2565,0.0121235465409933,3515.327817,1.78125,8,"August","no"
"431","Aug. 2019",2019-08-03 08:45:00,2580,0.0116927646788355,3434.491268,1.79166666666667,8,"August","no"
"432","Aug. 2019",2019-08-03 09:00:00,2595,0.0114762338259006,3397.680355,1.80208333333333,8,"August","no"
"433","Aug. 2019",2019-08-03 09:15:00,2610,0.0115462400929642,3264.203555,1.8125,8,"August","no"
"434","Aug. 2019",2019-08-03 09:30:00,2625,0.0117625801749168,3206.121923,1.82291666666667,8,"August","no"
"435","Aug. 2019",2019-08-03 09:45:00,2640,0.0125451311810194,3094.617181,1.83333333333333,8,"August","no"
"436","Aug. 2019",2019-08-03 10:00:00,2655,0.0140348895596852,2991.116745,1.84375,8,"August","no"
"437","Aug. 2019",2019-08-03 10:15:00,2670,0.0140234960304113,2902.775517,1.85416666666667,8,"August","no"
"438","Aug. 2019",2019-08-03 10:30:00,2685,0.0142911298369983,2836.806187,1.86458333333333,8,"August","no"
"439","Aug. 2019",2019-08-03 10:45:00,2700,0.0145407394738196,2786.445972,1.875,8,"August","no"
"440","Aug. 2019",2019-08-03 11:00:00,2715,0.0147951225704065,2719.238627,1.88541666666667,8,"August","no"
"441","Aug. 2019",2019-08-03 11:15:00,2730,0.0147107985578433,2705.726365,1.89583333333333,8,"August","no"
"442","Aug. 2019",2019-08-03 11:30:00,2745,0.01413503385935,2646.951239,1.90625,8,"August","no"
"443","Aug. 2019",2019-08-03 11:45:00,2760,0.0152556785164072,2609.464085,1.91666666666667,8,"August","no"
"444","Aug. 2019",2019-08-03 12:00:00,2775,0.0150051320172189,2566.249934,1.92708333333333,8,"August","no"
"445","Aug. 2019",2019-08-03 12:15:00,2790,0.0149408831126414,2531.098817,1.9375,8,"August","no"
"446","Aug. 2019",2019-08-03 12:30:00,2805,0.0149959357637446,2486.979135,1.94791666666667,8,"August","no"
"447","Aug. 2019",2019-08-03 12:45:00,2820,0.0154693608867301,2443.788608,1.95833333333333,8,"August","no"
"448","Aug. 2019",2019-08-03 13:00:00,2835,0.0148617405292663,2418.994059,1.96875,8,"August","no"
"449","Aug. 2019",2019-08-03 13:15:00,2850,0.0158344470572693,2344.26744,1.97916666666667,8,"August","no"
"450","Aug. 2019",2019-08-03 13:30:00,2865,0.0155709743946501,2330.217259,1.98958333333333,8,"August","no"
"451","Aug. 2019",2019-08-03 13:45:00,2880,0.0162413074200794,2293.156161,2,8,"August","no"
"452","Aug. 2019",2019-08-03 14:00:00,2895,0.0176194141069179,2279.135629,2.01041666666667,8,"August","no"
"453","Aug. 2019",2019-08-03 14:15:00,2910,0.0166311154829252,2287.502496,2.02083333333333,8,"August","no"
"454","Aug. 2019",2019-08-03 14:30:00,2925,0.0163680240274521,2265.821933,2.03125,8,"August","no"
"455","Aug. 2019",2019-08-03 14:45:00,2940,0.0153778580223627,2237.866955,2.04166666666667,8,"August","no"
"456","Aug. 2019",2019-08-03 15:00:00,2955,0.0170715657977481,2223.824482,2.05208333333333,8,"August","no"
"457","Aug. 2019",2019-08-03 15:15:00,2970,0.0135135467420198,2238.728312,2.0625,8,"August","no"
"458","Aug. 2019",2019-08-03 15:30:00,2985,0.0134944798415911,2216.346741,2.07291666666667,8,"August","no"
"459","Aug. 2019",2019-08-03 15:45:00,3000,0.0144462085248874,2209.195018,2.08333333333333,8,"August","no"
"460","Aug. 2019",2019-08-03 16:00:00,3015,0.0144050639757741,2172.614806,2.09375,8,"August","no"
"461","Aug. 2019",2019-08-03 16:15:00,3030,0.0144138697635427,2180.952829,2.10416666666667,8,"August","no"
"462","Aug. 2019",2019-08-03 16:30:00,3045,0.0143435899543822,2181.961882,2.11458333333333,8,"August","no"
"463","Aug. 2019",2019-08-03 16:45:00,3060,0.01365343988615,2167.01032,2.125,8,"August","no"
"464","Aug. 2019",2019-08-03 17:00:00,3075,0.0130179104069136,2173.963746,2.13541666666667,8,"August","no"
"465","Aug. 2019",2019-08-03 17:15:00,3090,0.0126649505295879,2173.491026,2.14583333333333,8,"August","no"
"466","Aug. 2019",2019-08-03 17:30:00,3105,0.0115837060982574,2203.583177,2.15625,8,"August","no"
"467","Aug. 2019",2019-08-03 17:45:00,3120,0.0109646826744527,2225.145753,2.16666666666667,8,"August","no"
"468","Aug. 2019",2019-08-03 18:00:00,3135,0.0102534003514204,2255.062904,2.17708333333333,8,"August","no"
"469","Aug. 2019",2019-08-03 18:15:00,3150,0.01038237279669,2328.859529,2.1875,8,"August","no"
"470","Aug. 2019",2019-08-03 18:30:00,3165,0.0102339978312123,2371.853113,2.19791666666667,8,"August","no"
"471","Aug. 2019",2019-08-03 18:45:00,3180,0.0100292082497376,2505.646262,2.20833333333333,8,"August","no"
"472","Aug. 2019",2019-08-03 19:00:00,3195,0.00992950088493255,2556.528697,2.21875,8,"August","no"
"473","Aug. 2019",2019-08-03 19:15:00,3210,0.0101814881891893,2621.269756,2.22916666666667,8,"August","no"
"474","Aug. 2019",2019-08-03 19:30:00,3225,0.0102164285485574,2702.188982,2.23958333333333,8,"August","no"
"475","Aug. 2019",2019-08-03 19:45:00,3240,0.00979390640599281,2783.987521,2.25,8,"August","no"
"476","Aug. 2019",2019-08-03 20:00:00,3255,0.0101158295828829,2803.926547,2.26041666666667,8,"August","no"
"477","Aug. 2019",2019-08-03 20:15:00,3270,0.0100970011992199,2817.251085,2.27083333333333,8,"August","no"
"478","Aug. 2019",2019-08-03 20:30:00,3285,0.00962187826674511,2875.316539,2.28125,8,"August","no"
"479","Aug. 2019",2019-08-03 20:45:00,3300,0.00982576796639763,2919.158788,2.29166666666667,8,"August","no"
"480","Aug. 2019",2019-08-03 21:00:00,3315,0.00951025132567113,2948.617118,2.30208333333333,8,"August","no"
"481","Aug. 2019",2019-08-03 21:15:00,3330,0.00968139298213237,2978.530123,2.3125,8,"August","no"
"482","Aug. 2019",2019-08-03 21:30:00,3345,0.00939668990355377,3029.96796,2.32291666666667,8,"August","no"
"483","Aug. 2019",2019-08-03 21:45:00,3360,0.00910851133300339,3081.993719,2.33333333333333,8,"August","no"
"484","Aug. 2019",2019-08-03 22:00:00,3375,0.00909332680264627,3125.331957,2.34375,8,"August","no"
"485","Aug. 2019",2019-08-03 22:15:00,3390,0.00916240640771349,3154.73247,2.35416666666667,8,"August","no"
"486","Aug. 2019",2019-08-03 22:30:00,3405,0.00941793506938556,3138.072809,2.36458333333333,8,"August","no"
"487","Aug. 2019",2019-08-03 22:45:00,3420,0.00928997153710373,3144.786996,2.375,8,"August","no"
"488","Aug. 2019",2019-08-03 23:00:00,3435,0.00915981354812563,3182.894347,2.38541666666667,8,"August","no"
"489","Aug. 2019",2019-08-03 23:15:00,3450,0.00967370673206591,3196.139242,2.39583333333333,8,"August","no"
"490","Aug. 2019",2019-08-03 23:30:00,3465,0.00932970433083892,3217.901215,2.40625,8,"August","no"
"491","Aug. 2019",2019-08-03 23:45:00,3480,0.00914817838396016,3187.033051,2.41666666666667,8,"August","no"
"492","Aug. 2019",2019-08-04,3495,0.00984661969790941,3178.266721,2.42708333333333,8,"August","no"
"493","Aug. 2019",2019-08-04 00:15:00,3510,0.00943646779137795,3177.330705,2.4375,8,"August","no"
"494","Aug. 2019",2019-08-04 00:30:00,3525,0.010022487095199,3168.136911,2.44791666666667,8,"August","no"
"495","Aug. 2019",2019-08-04 00:45:00,3540,0.00960075912462072,3152.559141,2.45833333333333,8,"August","no"
"496","Aug. 2019",2019-08-04 01:00:00,3555,0.00965991310519408,3159.709549,2.46875,8,"August","no"
"497","Aug. 2019",2019-08-04 01:15:00,3570,0.010178008688355,3151.034902,2.47916666666667,8,"August","no"
"498","Aug. 2019",2019-08-04 01:30:00,3585,0.0103174584492208,3151.006934,2.48958333333333,8,"August","no"
"499","Aug. 2019",2019-08-04 01:45:00,3600,0.0105784818128541,3172.586638,2.5,8,"August","no"
"500","Aug. 2019",2019-08-04 02:00:00,3615,0.0109405392355249,3203.076764,2.51041666666667,8,"August","no"
"501","Aug. 2019",2019-08-04 02:15:00,3630,0.0108350437460433,3172.685979,2.52083333333333,8,"August","no"
"502","Aug. 2019",2019-08-04 02:30:00,3645,0.0105916937097612,3202.89898,2.53125,8,"August","no"
"503","Aug. 2019",2019-08-04 02:45:00,3660,0.0105954744836271,3209.563344,2.54166666666667,8,"August","no"
"504","Aug. 2019",2019-08-04 03:00:00,3675,0.0109285031931306,3223.807367,2.55208333333333,8,"August","no"
"505","Aug. 2019",2019-08-04 03:15:00,3690,0.0109929702648063,3246.938427,2.5625,8,"August","no"
"506","Aug. 2019",2019-08-04 03:30:00,3705,0.0108607482196975,3283.31475,2.57291666666667,8,"August","no"
"507","Aug. 2019",2019-08-04 03:45:00,3720,0.0110663044006844,3276.122862,2.58333333333333,8,"August","no"
"508","Aug. 2019",2019-08-04 04:00:00,3735,0.0107352813589547,3305.97047,2.59375,8,"August","no"
"509","Aug. 2019",2019-08-04 04:15:00,3750,0.011363916581179,3348.439226,2.60416666666667,8,"August","no"
"510","Aug. 2019",2019-08-04 04:30:00,3765,0.0107702953893388,3303.895154,2.61458333333333,8,"August","no"
"511","Aug. 2019",2019-08-04 04:45:00,3780,0.010906498889593,3354.040067,2.625,8,"August","no"
"512","Aug. 2019",2019-08-04 05:00:00,3795,0.0110991721955361,3345.8068,2.63541666666667,8,"August","no"
"513","Aug. 2019",2019-08-04 05:15:00,3810,0.0113660596806879,3359.211047,2.64583333333333,8,"August","no"
"514","Aug. 2019",2019-08-04 05:30:00,3825,0.0110376838243484,3390.058913,2.65625,8,"August","no"
"515","Aug. 2019",2019-08-04 05:45:00,3840,0.0115594415862963,3373.630967,2.66666666666667,8,"August","no"
"516","Aug. 2019",2019-08-04 06:00:00,3855,0.0110540225829222,3373.742414,2.67708333333333,8,"August","no"
"517","Aug. 2019",2019-08-04 06:15:00,3870,0.0115264824493025,3365.116618,2.6875,8,"August","no"
"518","Aug. 2019",2019-08-04 06:30:00,3885,0.011247063565362,3372.517241,2.69791666666667,8,"August","no"
"519","Aug. 2019",2019-08-04 06:45:00,3900,0.0111570978193939,3297.745962,2.70833333333333,8,"August","no"
"520","Aug. 2019",2019-08-04 07:00:00,3915,0.0117039822980989,3303.097185,2.71875,8,"August","no"
"521","Aug. 2019",2019-08-04 07:15:00,3930,0.0116525180115871,3213.136169,2.72916666666667,8,"August","no"
"522","Aug. 2019",2019-08-04 07:30:00,3945,0.0118193454748687,3130.742168,2.73958333333333,8,"August","no"
"523","Aug. 2019",2019-08-04 07:45:00,3960,0.0121306457756034,3077.905222,2.75,8,"August","no"
"524","Aug. 2019",2019-08-04 08:00:00,3975,0.0123804286349457,3040.393779,2.76041666666667,8,"August","no"
"525","Aug. 2019",2019-08-04 08:15:00,3990,0.012773581329098,2958.71817,2.77083333333333,8,"August","no"
"526","Aug. 2019",2019-08-04 08:30:00,4005,0.0128066636885932,2891.547051,2.78125,8,"August","no"
"527","Aug. 2019",2019-08-04 08:45:00,4020,0.0127913810328718,2839.48928,2.79166666666667,8,"August","no"
"528","Aug. 2019",2019-08-04 09:00:00,4035,0.0130570337486984,2757.909324,2.80208333333333,8,"August","no"
"529","Aug. 2019",2019-08-04 09:15:00,4050,0.0139553568454224,2756.279235,2.8125,8,"August","no"
"530","Aug. 2019",2019-08-04 09:30:00,4065,0.0135709416851285,2704.422077,2.82291666666667,8,"August","no"
"531","Aug. 2019",2019-08-04 09:45:00,4080,0.0153276115305313,2650.695491,2.83333333333333,8,"August","no"
"532","Aug. 2019",2019-08-04 10:00:00,4095,0.0146001648738683,2600.015356,2.84375,8,"August","no"
"533","Aug. 2019",2019-08-04 10:15:00,4110,0.0150665923316032,2584.443861,2.85416666666667,8,"August","no"
"534","Aug. 2019",2019-08-04 10:30:00,4125,0.0156092538813489,2568.533001,2.86458333333333,8,"August","no"
"535","Aug. 2019",2019-08-04 10:45:00,4140,0.0154093479689984,2524.083638,2.875,8,"August","no"
"536","Aug. 2019",2019-08-04 11:00:00,4155,0.0167333748163472,2457.584066,2.88541666666667,8,"August","no"
"537","Aug. 2019",2019-08-04 11:15:00,4170,0.0174800739305192,2338.598066,2.89583333333333,8,"August","no"
"538","Aug. 2019",2019-08-04 11:30:00,4185,0.0189760348479747,2294.401694,2.90625,8,"August","no"
"539","Aug. 2019",2019-08-04 11:45:00,4200,0.0224242415593017,2258.343894,2.91666666666667,8,"August","no"
"540","Aug. 2019",2019-08-04 12:00:00,4215,0.0248255630104377,2246.749709,2.92708333333333,8,"August","no"
"541","Aug. 2019",2019-08-04 12:15:00,4230,0.0268506929705731,2206.073053,2.9375,8,"August","no"
"542","Aug. 2019",2019-08-04 12:30:00,4245,0.0287479607108902,2162.115235,2.94791666666667,8,"August","no"
"543","Aug. 2019",2019-08-04 12:45:00,4260,0.0277009445516204,2112.078697,2.95833333333333,8,"August","no"
"544","Aug. 2019",2019-08-04 13:00:00,4275,0.0281951748169157,2097.074422,2.96875,8,"August","no"
"545","Aug. 2019",2019-08-04 13:15:00,4290,0.0269559546486333,2053.200504,2.97916666666667,8,"August","no"
"546","Aug. 2019",2019-08-04 13:30:00,4305,0.0295482394917144,2015.812006,2.98958333333333,8,"August","no"
"547","Aug. 2019",2019-08-04 13:45:00,4320,0.0256974887102461,2010.788974,3,8,"August","no"
"548","Aug. 2019",2019-08-04 14:00:00,4335,0.0289004878813138,1971.93572,3.01041666666667,8,"August","no"
"549","Aug. 2019",2019-08-04 14:15:00,4350,0.0281278913614715,1922.391653,3.02083333333333,8,"August","no"
"550","Aug. 2019",2019-08-04 14:30:00,4365,0.0260190886045334,1886.985655,3.03125,8,"August","no"
"551","Aug. 2019",2019-08-04 14:45:00,4380,0.0260190886045338,1848.732081,3.04166666666667,8,"August","no"
"552","Aug. 2019",2019-08-04 15:00:00,4395,0.0247169321661838,1849.167305,3.05208333333333,8,"August","no"
"553","Aug. 2019",2019-08-04 15:15:00,4410,0.0246462742590544,1899.66111,3.0625,8,"August","no"
"554","Aug. 2019",2019-08-04 15:30:00,4425,0.0217828679439328,1885.078244,3.07291666666667,8,"August","no"
"555","Aug. 2019",2019-08-04 15:45:00,4440,0.0228524519007117,1906.024059,3.08333333333333,8,"August","no"
"556","Aug. 2019",2019-08-04 16:00:00,4455,0.02124823841966,1928.18056,3.09375,8,"August","no"
"557","Aug. 2019",2019-08-04 16:15:00,4470,0.0196835857174796,1950.834574,3.10416666666667,8,"August","no"
"558","Aug. 2019",2019-08-04 16:30:00,4485,0.0181720740372085,1958.018876,3.11458333333333,8,"August","no"
"559","Aug. 2019",2019-08-04 16:45:00,4500,0.0178067641929777,2009.549957,3.125,8,"August","no"
"560","Aug. 2019",2019-08-04 17:00:00,4515,0.0169916246028876,2054.64399,3.13541666666667,8,"August","no"
"561","Aug. 2019",2019-08-04 17:15:00,4530,0.0163178903455992,2106.500342,3.14583333333333,8,"August","no"
"562","Aug. 2019",2019-08-04 17:30:00,4545,0.0157536492868712,2128.401888,3.15625,8,"August","no"
"563","Aug. 2019",2019-08-04 17:45:00,4560,0.0154440632195858,2149.820418,3.16666666666667,8,"August","no"
"564","Aug. 2019",2019-08-04 18:00:00,4575,0.0146449073541035,2186.952042,3.17708333333333,8,"August","no"
"565","Aug. 2019",2019-08-04 18:15:00,4590,0.0136121164584108,2261.122074,3.1875,8,"August","no"
"566","Aug. 2019",2019-08-04 18:30:00,4605,0.0135217281810719,2328.054981,3.19791666666667,8,"August","no"
"567","Aug. 2019",2019-08-04 18:45:00,4620,0.0131647293509806,2372.156388,3.20833333333333,8,"August","no"
"568","Aug. 2019",2019-08-04 19:00:00,4635,0.0133216549744811,2452.643926,3.21875,8,"August","no"
"569","Aug. 2019",2019-08-04 19:15:00,4650,0.0132044076694023,2504.815895,3.22916666666667,8,"August","no"
"570","Aug. 2019",2019-08-04 19:30:00,4665,0.013067491745927,2556.514676,3.23958333333333,8,"August","no"
"571","Aug. 2019",2019-08-04 19:45:00,4680,0.0124415379484557,2571.39157,3.25,8,"August","no"
"572","Aug. 2019",2019-08-04 20:00:00,4695,0.0127001845775165,2614.723627,3.26041666666667,8,"August","no"
"573","Aug. 2019",2019-08-04 20:15:00,4710,0.0128475337180031,2665.956523,3.27083333333333,8,"August","no"
"574","Aug. 2019",2019-08-04 20:30:00,4725,0.0123366856148833,2687.022986,3.28125,8,"August","no"
"575","Aug. 2019",2019-08-04 20:45:00,4740,0.012547611891316,2723.140007,3.29166666666667,8,"August","no"
"576","Aug. 2019",2019-08-04 21:00:00,4755,0.0123901783762753,2752.220924,3.30208333333333,8,"August","no"
"577","Aug. 2019",2019-08-04 21:15:00,4770,0.0126298459762085,2773.10334,3.3125,8,"August","no"
"578","Aug. 2019",2019-08-04 21:30:00,4785,0.01179886239746,2795.683547,3.32291666666667,8,"August","no"
"579","Aug. 2019",2019-08-04 21:45:00,4800,0.0119433677670105,2816.72906,3.33333333333333,8,"August","no"
"580","Aug. 2019",2019-08-04 22:00:00,4815,0.0124097095718854,2845.816328,3.34375,8,"August","no"
"581","Aug. 2019",2019-08-04 22:15:00,4830,0.0119156407646543,2867.626814,3.35416666666667,8,"August","no"
"582","Aug. 2019",2019-08-04 22:30:00,4845,0.0116905231370419,2897.428997,3.36458333333333,8,"August","no"
"583","Aug. 2019",2019-08-04 22:45:00,4860,0.0118765237038655,2895.844691,3.375,8,"August","no"
"584","Aug. 2019",2019-08-04 23:00:00,4875,0.0121164532525619,2896.281913,3.38541666666667,8,"August","no"
"585","Aug. 2019",2019-08-04 23:15:00,4890,0.0117332254085008,2911.206423,3.39583333333333,8,"August","no"
"586","Aug. 2019",2019-08-04 23:30:00,4905,0.0116458310453361,2933.291309,3.40625,8,"August","no"
"587","Aug. 2019",2019-08-04 23:45:00,4920,0.0112092548311983,2970.111476,3.41666666666667,8,"August","no"
"588","Aug. 2019",2019-08-05,4935,0.0115660512522301,2984.662232,3.42708333333333,8,"August","no"
"589","Aug. 2019",2019-08-05 00:15:00,4950,0.0114371526095901,2992.893841,3.4375,8,"August","no"
"590","Aug. 2019",2019-08-05 00:30:00,4965,0.0117062278040107,2991.858399,3.44791666666667,8,"August","no"
"591","Aug. 2019",2019-08-05 00:45:00,4980,0.0113660596806877,3014.766687,3.45833333333333,8,"August","no"
"592","Aug. 2019",2019-08-05 01:00:00,4995,0.0114566664599432,3014.26299,3.46875,8,"August","no"
"593","Aug. 2019",2019-08-05 01:15:00,5010,0.0112639361586057,3037.232522,3.47916666666667,8,"August","no"
"594","Aug. 2019",2019-08-05 01:30:00,5025,0.0118261850596946,3073.738545,3.48958333333333,8,"August","no"
"595","Aug. 2019",2019-08-05 01:45:00,5040,0.0116994932683341,3081.463018,3.5,8,"August","no"
"596","Aug. 2019",2019-08-05 02:00:00,5055,0.0113339825601351,3097.597869,3.51041666666667,8,"August","no"
"597","Aug. 2019",2019-08-05 02:15:00,5070,0.0112956862393544,3127.383792,3.52083333333333,8,"August","no"
"598","Aug. 2019",2019-08-05 02:30:00,5085,0.0117784328356558,3142.059517,3.53125,8,"August","no"
"599","Aug. 2019",2019-08-05 02:45:00,5100,0.0113532109939319,3135.107603,3.54166666666667,8,"August","no"
"600","Aug. 2019",2019-08-05 03:00:00,5115,0.0110173198379138,3172.76621,3.55208333333333,8,"August","no"
"601","Aug. 2019",2019-08-05 03:15:00,5130,0.0110478905933084,3187.483986,3.5625,8,"August","no"
"602","Aug. 2019",2019-08-05 03:30:00,5145,0.011221833957873,3194.189233,3.57291666666667,8,"August","no"
"603","Aug. 2019",2019-08-05 03:45:00,5160,0.0110601605187142,3216.262544,3.58333333333333,8,"August","no"
"604","Aug. 2019",2019-08-05 04:00:00,5175,0.0111987903945136,3238.061928,3.59375,8,"August","no"
"605","Aug. 2019",2019-08-05 04:15:00,5190,0.0107722468897706,3246.404202,3.60416666666667,8,"August","no"
"606","Aug. 2019",2019-08-05 04:30:00,5205,0.0108607482196973,3260.438811,3.61458333333333,8,"August","no"
"607","Aug. 2019",2019-08-05 04:45:00,5220,0.0105521551399516,3283.217343,3.625,8,"August","no"
"608","Aug. 2019",2019-08-05 05:00:00,5235,0.0111280702601907,3296.690641,3.63541666666667,8,"August","no"
"609","Aug. 2019",2019-08-05 05:15:00,5250,0.0107527616163447,3304.091398,3.64583333333333,8,"August","no"
"610","Aug. 2019",2019-08-05 05:30:00,5265,0.0105954744836273,3326.626308,3.65625,8,"August","no"
"611","Aug. 2019",2019-08-05 05:45:00,5280,0.0107663943705349,3325.51194,3.66666666666667,8,"August","no"
"612","Aug. 2019",2019-08-05 06:00:00,5295,0.0103480057457715,3348.238567,3.67708333333333,8,"August","no"
"613","Aug. 2019",2019-08-05 06:15:00,5310,0.0103013636513643,3370.115068,3.6875,8,"August","no"
"614","Aug. 2019",2019-08-05 06:30:00,5325,0.0105073249737216,3398.568111,3.69791666666667,8,"August","no"
"615","Aug. 2019",2019-08-05 06:45:00,5340,0.010413324433362,3375.865059,3.70833333333333,8,"August","no"
"616","Aug. 2019",2019-08-05 07:00:00,5355,0.00998404559975173,3375.883504,3.71875,8,"August","no"
"617","Aug. 2019",2019-08-05 07:15:00,5370,0.0102657890329822,3367.184822,3.72916666666667,8,"August","no"
"618","Aug. 2019",2019-08-05 07:30:00,5385,0.0104628753628997,3358.6396,3.73958333333333,8,"August","no"
"619","Aug. 2019",2019-08-05 07:45:00,5400,0.0101468121044103,3329.712304,3.75,8,"August","no"
"620","Aug. 2019",2019-08-05 08:00:00,5415,0.0102164285485574,3277.140706,3.76041666666667,8,"August","no"
"621","Aug. 2019",2019-08-05 08:15:00,5430,0.0101623836385806,3195.40984,3.77083333333333,8,"August","no"
"622","Aug. 2019",2019-08-05 08:30:00,5445,0.0101055496451331,3173.24491,3.78125,8,"August","no"
"623","Aug. 2019",2019-08-05 08:45:00,5460,0.0102410440434955,3136.660403,3.79166666666667,8,"August","no"
"624","Aug. 2019",2019-08-05 09:00:00,5475,0.0102322379298578,3070.247574,3.80208333333333,8,"August","no"
"625","Aug. 2019",2019-08-05 09:15:00,5490,0.0104169783554252,3048.313179,3.8125,8,"August","no"
"626","Aug. 2019",2019-08-05 09:30:00,5505,0.0104188063074865,2982.468012,3.82291666666667,8,"August","no"
"627","Aug. 2019",2019-08-05 09:45:00,5520,0.0104739520885359,2931.359394,3.83333333333333,8,"August","no"
"628","Aug. 2019",2019-08-05 10:00:00,5535,0.0111301393628145,2893.862963,3.84375,8,"August","no"
"629","Aug. 2019",2019-08-05 10:15:00,5550,0.0113403860918893,2844.348643,3.85416666666667,8,"August","no"
"630","Aug. 2019",2019-08-05 10:30:00,5565,0.0115396482655656,2801.473049,3.86458333333333,8,"August","no"
"631","Aug. 2019",2019-08-05 10:45:00,5580,0.0122979826371042,2772.269777,3.875,8,"August","no"
"632","Aug. 2019",2019-08-05 11:00:00,5595,0.0129789357195855,2699.894135,3.88541666666667,8,"August","no"
"633","Aug. 2019",2019-08-05 11:15:00,5610,0.0127532784516875,2650.448931,3.89583333333333,8,"August","no"
"634","Aug. 2019",2019-08-05 11:30:00,5625,0.0128808651562987,2655.288119,3.90625,8,"August","no"
"635","Aug. 2019",2019-08-05 11:45:00,5640,0.0132548802744671,2630.182909,3.91666666666667,8,"August","no"
"636","Aug. 2019",2019-08-05 12:00:00,5655,0.0133431100890998,2589.247453,3.92708333333333,8,"August","no"
"637","Aug. 2019",2019-08-05 12:15:00,5670,0.0135135467420196,2559.730095,3.9375,8,"August","no"
"638","Aug. 2019",2019-08-05 12:30:00,5685,0.0134455993235165,2526.936038,3.94791666666667,8,"August","no"
"639","Aug. 2019",2019-08-05 12:45:00,5700,0.0132575433342302,2527.890422,3.95833333333333,8,"August","no"
"640","Aug. 2019",2019-08-05 13:00:00,5715,0.0131700112045126,2502.625411,3.96875,8,"August","no"
"641","Aug. 2019",2019-08-05 13:15:00,5730,0.0133404258873701,2466.199142,3.97916666666667,8,"August","no"
"642","Aug. 2019",2019-08-05 13:30:00,5745,0.0132362573553483,2437.505557,3.98958333333333,8,"August","no"
"643","Aug. 2019",2019-08-05 13:45:00,5760,0.0139186070153169,2392.02565,4,8,"August","no"
"644","Aug. 2019",2019-08-05 14:00:00,5775,0.0128962865561792,2362.842699,4.01041666666667,8,"August","no"
"645","Aug. 2019",2019-08-05 14:15:00,5790,0.0133565410080472,2380.870049,4.02083333333333,8,"August","no"
"646","Aug. 2019",2019-08-05 14:30:00,5805,0.0132123611716213,2347.980797,4.03125,8,"August","no"
"647","Aug. 2019",2019-08-05 14:45:00,5820,0.0129841237556383,2347.730516,4.04166666666667,8,"August","no"
"648","Aug. 2019",2019-08-05 15:00:00,5835,0.0125401717424861,2316.729346,4.05208333333333,8,"August","no"
"649","Aug. 2019",2019-08-05 15:15:00,5850,0.0134591557728937,2315.501341,4.0625,8,"August","no"
"650","Aug. 2019",2019-08-05 15:30:00,5865,0.0127812058094536,2279.458162,4.07291666666667,8,"August","no"
"651","Aug. 2019",2019-08-05 15:45:00,5880,0.0101658512470582,2254.53009,4.08333333333333,8,"August","no"
"652","Aug. 2019",2019-08-05 21:15:00,6210,0.00891154751382588,3308.522308,4.3125,8,"August","no"
"653","Aug. 2019",2019-08-05 21:30:00,6225,0.00862673360099732,3308.800345,4.32291666666667,8,"August","no"
"654","Aug. 2019",2019-08-05 21:45:00,6240,0.00856395944706351,3375.295522,4.33333333333333,8,"August","no"
"655","Aug. 2019",2019-08-05 22:00:00,6255,0.00880410936973298,3373.220417,4.34375,8,"August","no"
"656","Aug. 2019",2019-08-05 22:15:00,6270,0.00867284511942309,3403.159169,4.35416666666667,8,"August","no"
"657","Aug. 2019",2019-08-05 22:30:00,6285,0.00878116460137315,3447.010343,4.36458333333333,8,"August","no"
"658","Aug. 2019",2019-08-05 22:45:00,6300,0.00872665461286318,3438.98676,4.375,8,"August","no"
"659","Aug. 2019",2019-08-05 23:00:00,6315,0.00865061736329498,3468.955653,4.38541666666667,8,"August","no"
"660","Aug. 2019",2019-08-05 23:15:00,6330,0.00856490406131079,3482.315587,4.39583333333333,8,"August","no"
"661","Aug. 2019",2019-08-05 23:30:00,6345,0.00870782607968863,3526.839027,4.40625,8,"August","no"
"662","Aug. 2019",2019-08-05 23:45:00,6360,0.00851939493048799,3542.071687,4.41666666666667,8,"August","no"
"663","Aug. 2019",2019-08-06,6375,0.00864461074565104,3571.092868,4.42708333333333,8,"August","no"
"664","Aug. 2019",2019-08-06 00:15:00,6390,0.00860225935240178,3549.631686,4.4375,8,"August","no"
"665","Aug. 2019",2019-08-06 00:30:00,6405,0.0084510855721316,3571.467882,4.44791666666667,8,"August","no"
"666","Aug. 2019",2019-08-06 00:45:00,6420,0.00850849164847425,3630.952676,4.45833333333333,8,"August","no"
"667","Aug. 2019",2019-08-06 01:00:00,6435,0.00840634350725246,3631.200156,4.46875,8,"August","no"
"668","Aug. 2019",2019-08-06 01:15:00,6450,0.00846321409273462,3630.418587,4.47916666666667,8,"August","no"
"669","Aug. 2019",2019-08-06 01:30:00,6465,0.00854706936799994,3667.266249,4.48958333333333,8,"August","no"
"670","Aug. 2019",2019-08-06 01:45:00,6480,0.00845886761278788,3659.743169,4.5,8,"August","no"
"671","Aug. 2019",2019-08-06 02:00:00,6495,0.00831489352726639,3705.818414,4.51041666666667,8,"August","no"
"672","Aug. 2019",2019-08-06 02:15:00,6510,0.00830816990633941,3720.101078,4.52083333333333,8,"August","no"
"673","Aug. 2019",2019-08-06 02:30:00,6525,0.00832926358071399,3727.24471,4.53125,8,"August","no"
"674","Aug. 2019",2019-08-06 02:45:00,6540,0.00831714662659856,3741.733196,4.54166666666667,8,"August","no"
"675","Aug. 2019",2019-08-06 03:00:00,6555,0.00833002650618125,3733.865758,4.55208333333333,8,"August","no"
"676","Aug. 2019",2019-08-06 03:15:00,6570,0.00825075643083173,3748.688605,4.5625,8,"August","no"
"677","Aug. 2019",2019-08-06 03:30:00,6585,0.00819884944225684,3793.435084,4.57291666666667,8,"August","no"
"678","Aug. 2019",2019-08-06 03:45:00,6600,0.00830445768540658,3799.490309,4.58333333333333,8,"August","no"
"679","Aug. 2019",2019-08-06 04:00:00,6615,0.0082189978327489,3813.982782,4.59375,8,"August","no"
"680","Aug. 2019",2019-08-06 04:15:00,6630,0.00819248540217989,3798.545475,4.60416666666667,8,"August","no"
"681","Aug. 2019",2019-08-06 04:30:00,6645,0.00814686103973451,3813.182804,4.61458333333333,8,"August","no"
"682","Aug. 2019",2019-08-06 04:45:00,6660,0.00810655800460079,3834.219911,4.625,8,"August","no"
"683","Aug. 2019",2019-08-06 05:00:00,6675,0.0081336141622394,3826.271099,4.63541666666667,8,"August","no"
"684","Aug. 2019",2019-08-06 05:15:00,6690,0.00822629988020838,3839.302916,4.64583333333333,8,"August","no"
"685","Aug. 2019",2019-08-06 05:30:00,6705,0.00812965187595095,3890.95088,4.65625,8,"August","no"
"686","Aug. 2019",2019-08-06 05:45:00,6720,0.00807857838363077,3867.49779,4.66666666666667,8,"August","no"
"687","Aug. 2019",2019-08-06 06:00:00,6735,0.00809232737389647,3889.100823,4.67708333333333,8,"August","no"
"688","Aug. 2019",2019-08-06 06:15:00,6750,0.00809336497752756,3873.025802,4.6875,8,"August","no"
"689","Aug. 2019",2019-08-06 06:30:00,6765,0.0081550954742671,3902.165075,4.69791666666667,8,"August","no"
"690","Aug. 2019",2019-08-06 06:45:00,6780,0.00805909482903666,3901.701758,4.70833333333333,8,"August","no"
"691","Aug. 2019",2019-08-06 07:00:00,6795,0.00809544811302744,3915.374245,4.71875,8,"August","no"
"692","Aug. 2019",2019-08-06 07:15:00,6810,0.00802968864540944,3877.640082,4.72916666666667,8,"August","no"
"693","Aug. 2019",2019-08-06 07:30:00,6825,0.00800037414769059,3854.529744,4.73958333333333,8,"August","no"
"694","Aug. 2019",2019-08-06 07:45:00,6840,0.00801746947914583,3867.881602,4.75,8,"August","no"
"695","Aug. 2019",2019-08-06 08:00:00,6855,0.00806338646305739,3801.003257,4.76041666666667,8,"August","no"
"696","Aug. 2019",2019-08-06 08:15:00,6870,0.00802245829585538,3749.050265,4.77083333333333,8,"August","no"
"697","Aug. 2019",2019-08-06 08:30:00,6885,0.00799358067930386,3689.982645,4.78125,8,"August","no"
"698","Aug. 2019",2019-08-06 08:45:00,6900,0.00802078478596864,3637.928759,4.79166666666667,8,"August","no"
"699","Aug. 2019",2019-08-06 09:00:00,6915,0.00815509547426714,3600.813192,4.80208333333333,8,"August","no"
"700","Aug. 2019",2019-08-06 09:15:00,6930,0.00830519880822024,3557.645513,4.8125,8,"August","no"
"701","Aug. 2019",2019-08-06 09:30:00,6945,0.00856490406131064,3484.82756,4.82291666666667,8,"August","no"
"702","Aug. 2019",2019-08-06 09:45:00,6960,0.00863366038748904,3479.661472,4.83333333333333,8,"August","no"
"703","Aug. 2019",2019-08-06 10:00:00,6975,0.00896332871769209,3422.056558,4.84375,8,"August","no"
"704","Aug. 2019",2019-08-06 10:15:00,6990,0.00897647387631667,3372.191182,4.85416666666667,8,"August","no"
"705","Aug. 2019",2019-08-06 10:30:00,7005,0.00911868720815938,3323.050749,4.86458333333333,8,"August","no"
"706","Aug. 2019",2019-08-06 10:45:00,7020,0.00900057897753144,3289.01973,4.875,8,"August","no"
"707","Aug. 2019",2019-08-06 11:00:00,7035,0.00932006278363053,3270.63556,4.88541666666667,8,"August","no"
"708","Aug. 2019",2019-08-06 11:15:00,7050,0.00945799044552824,3237.910441,4.89583333333333,8,"August","no"
"709","Aug. 2019",2019-08-06 11:30:00,7065,0.00963552323916068,3219.019479,4.90625,8,"August","no"
"710","Aug. 2019",2019-08-06 12:00:00,7095,0.00939245870892232,3169.786756,4.92708333333333,8,"August","no"
"711","Aug. 2019",2019-08-06 12:15:00,7110,0.00951317981398722,3120.801946,4.9375,8,"August","no"
"712","Aug. 2019",2019-08-06 12:30:00,7125,0.00854520590627798,3100.955041,4.94791666666667,8,"August","no"
"713","Aug. 2019",2019-08-06 12:45:00,7140,0.00894435119524355,3088.184177,4.95833333333333,8,"August","no"
"714","Aug. 2019",2019-08-06 13:00:00,7155,0.00927504582843514,3059.301485,4.96875,8,"August","no"
"715","Aug. 2019",2019-08-06 13:15:00,7170,0.00925885441189346,3029.232875,4.97916666666667,8,"August","no"
"716","Aug. 2019",2019-08-06 13:30:00,7185,0.00898488060050727,3014.156537,4.98958333333333,8,"August","no"
"717","Aug. 2019",2019-08-06 13:45:00,7200,0.0092267569953664,2992.007585,5,8,"August","no"
"718","Aug. 2019",2019-08-06 14:00:00,7215,0.00915205082583699,3001.054574,5.01041666666667,8,"August","no"
"719","Aug. 2019",2019-08-06 14:15:00,7230,0.00907949122665769,2955.063543,5.02083333333333,8,"August","no"
"720","Aug. 2019",2019-08-06 14:30:00,7245,0.00884412112267101,2939.917426,5.03125,8,"August","no"
"721","Aug. 2019",2019-08-06 14:45:00,7260,0.00880191160065583,2939.900456,5.04166666666667,8,"August","no"
"722","Aug. 2019",2019-08-06 15:00:00,7275,0.00872770691900551,2932.471243,5.05208333333333,8,"August","no"
"723","Aug. 2019",2019-08-06 15:15:00,7290,0.00864661030878645,2925.177774,5.0625,8,"August","no"
"724","Aug. 2019",2019-08-06 15:30:00,7305,0.00876710670886086,2887.678348,5.07291666666667,8,"August","no"
"725","Aug. 2019",2019-08-06 15:45:00,7320,0.00869642513335214,2910.760586,5.08333333333333,8,"August","no"
"726","Aug. 2019",2019-08-06 16:00:00,7335,0.00865664776565199,2926.312762,5.09375,8,"August","no"
"727","Aug. 2019",2019-08-06 16:15:00,7350,0.00857629096582249,2941.408291,5.10416666666667,8,"August","no"
"728","Aug. 2019",2019-08-06 16:30:00,7365,0.00831189864443418,2955.550586,5.11458333333333,8,"August","no"
"729","Aug. 2019",2019-08-06 16:45:00,7380,0.00822563275427973,2962.150037,5.125,8,"August","no"
"730","Aug. 2019",2019-08-06 17:00:00,7395,0.00818932815788416,2991.513884,5.13541666666667,8,"August","no"
"731","Aug. 2019",2019-08-06 17:15:00,7410,0.00810229130925723,3020.394726,5.14583333333333,8,"August","no"
"732","Aug. 2019",2019-08-06 17:30:00,7425,0.00807262232192511,3049.976732,5.15625,8,"August","no"
"733","Aug. 2019",2019-08-06 17:45:00,7440,0.00799136375926765,3042.083984,5.16666666666667,8,"August","no"
"734","Aug. 2019",2019-08-06 18:00:00,7455,0.00795612000686341,3093.618818,5.17708333333333,8,"August","no"
"735","Aug. 2019",2019-08-06 18:15:00,7470,0.00790821905568148,3145.724573,5.1875,8,"August","no"
"736","Aug. 2019",2019-08-06 18:30:00,7485,0.00790576398054373,3233.718108,5.19791666666667,8,"August","no"
"737","Aug. 2019",2019-08-06 18:45:00,7500,0.00789641213354801,3306.889023,5.20833333333333,8,"August","no"
"738","Aug. 2019",2019-08-06 19:00:00,7515,0.00790417422832772,3387.681938,5.21875,8,"August","no"
"739","Aug. 2019",2019-08-06 19:15:00,7530,0.00789309474884699,3438.530194,5.22916666666667,8,"August","no"
"740","Aug. 2019",2019-08-06 19:30:00,7545,0.00788919779521538,3496.625337,5.23958333333333,8,"August","no"
"741","Aug. 2019",2019-08-06 19:45:00,7560,0.00789369331289382,3561.59055,5.25,8,"August","no"
"742","Aug. 2019",2019-08-06 20:00:00,7575,0.00788945437794822,3642.384382,5.26041666666667,8,"August","no"
"743","Aug. 2019",2019-08-06 20:15:00,7590,0.00789082900960175,3670.721245,5.27083333333333,8,"August","no"
"744","Aug. 2019",2019-08-06 20:30:00,7605,0.00788967421280347,3691.813154,5.28125,8,"August","no"
"745","Aug. 2019",2019-08-06 20:45:00,7620,0.00788915267428018,3719.826728,5.29166666666667,8,"August","no"
"746","Aug. 2019",2019-08-06 21:00:00,7635,0.0078935783791972,3786.155316,5.30208333333333,8,"August","no"
"747","Aug. 2019",2019-08-06 21:15:00,7650,0.00791427143747386,3830.222932,5.3125,8,"August","no"
"748","Aug. 2019",2019-08-06 21:30:00,7665,0.00789071370267516,3850.323531,5.32291666666667,8,"August","no"
"749","Aug. 2019",2019-08-06 21:45:00,7680,0.00788990547096644,3864.272992,5.33333333333333,8,"August","no"
"750","Aug. 2019",2019-08-06 22:00:00,7695,0.0078933519221971,3900.766608,5.34375,8,"August","no"
"751","Aug. 2019",2019-08-06 22:15:00,7710,0.00789737312591532,3944.388417,5.35416666666667,8,"August","no"
"752","Aug. 2019",2019-08-06 22:30:00,7725,0.0078957900853316,3981.345238,5.36458333333333,8,"August","no"
"753","Aug. 2019",2019-08-06 22:45:00,7740,0.0078947998568715,4041.026346,5.375,8,"August","no"
"754","Aug. 2019",2019-08-06 23:00:00,7755,0.00789747768178685,4070.264775,5.38541666666667,8,"August","no"
"755","Aug. 2019",2019-08-06 23:15:00,7770,0.00790092157714167,4099.717907,5.39583333333333,8,"August","no"
"756","Aug. 2019",2019-08-06 23:30:00,7785,0.0079030014539529,4098.990642,5.40625,8,"August","no"
"757","Aug. 2019",2019-08-06 23:45:00,7800,0.00790018522864466,4114.291527,5.41666666666667,8,"August","no"
"758","Aug. 2019",2019-08-07,7815,0.0079086190257006,4144.23827,5.42708333333333,8,"August","no"
"759","Aug. 2019",2019-08-07 00:15:00,7830,0.00790286650650368,4158.953395,5.4375,8,"August","no"
"760","Aug. 2019",2019-08-07 00:30:00,7845,0.00791843942730534,4188.917495,5.44791666666667,8,"August","no"
"761","Aug. 2019",2019-08-07 00:45:00,7860,0.00791178557329948,4209.632789,5.45833333333333,8,"August","no"
"762","Aug. 2019",2019-08-07 01:00:00,7875,0.00790246562827476,4224.557181,5.46875,8,"August","no"
"763","Aug. 2019",2019-08-07 01:15:00,7890,0.00792728446142123,4231.505623,5.47916666666667,8,"August","no"
"764","Aug. 2019",2019-08-07 01:30:00,7905,0.00793654126166972,4284.313852,5.48958333333333,8,"August","no"
"765","Aug. 2019",2019-08-07 01:45:00,7920,0.00792399173165483,4283.974929,5.5,8,"August","no"
"766","Aug. 2019",2019-08-07 02:00:00,7935,0.00793882015462058,4335.775815,5.51041666666667,8,"August","no"
"767","Aug. 2019",2019-08-07 02:15:00,7950,0.00794875118094011,4283.473026,5.52083333333333,8,"August","no"
"768","Aug. 2019",2019-08-07 02:30:00,7965,0.00795897785998187,4328.830173,5.53125,8,"August","no"
"769","Aug. 2019",2019-08-07 02:45:00,7980,0.00796392247333895,4313.374071,5.54166666666667,8,"August","no"
"770","Aug. 2019",2019-08-07 03:00:00,7995,0.00796871165796613,4365.048079,5.55208333333333,8,"August","no"
"771","Aug. 2019",2019-08-07 03:15:00,8010,0.0079617383933713,4363.814921,5.5625,8,"August","no"
"772","Aug. 2019",2019-08-07 03:30:00,8025,0.00802990711389991,4387.276303,5.57291666666667,8,"August","no"
"773","Aug. 2019",2019-08-07 03:45:00,8040,0.00798826628819159,4378.555274,5.58333333333333,8,"August","no"
"774","Aug. 2019",2019-08-07 04:00:00,8055,0.00799752008403036,4393.233807,5.59375,8,"August","no"
"775","Aug. 2019",2019-08-07 04:15:00,8070,0.00801440253649613,4437.302955,5.60416666666667,8,"August","no"
"776","Aug. 2019",2019-08-07 04:30:00,8085,0.00804179209809074,4436.242763,5.61458333333333,8,"August","no"
"777","Aug. 2019",2019-08-07 04:45:00,8100,0.00805697226948757,4472.729266,5.625,8,"August","no"
"778","Aug. 2019",2019-08-07 05:00:00,8115,0.00797132667292282,4449.35753,5.63541666666667,8,"August","no"
"779","Aug. 2019",2019-08-07 05:15:00,8130,0.00809052142001647,4485.725361,5.64583333333333,8,"August","no"
"780","Aug. 2019",2019-08-07 05:30:00,8145,0.008091554407791,4514.971125,5.65625,8,"August","no"
"781","Aug. 2019",2019-08-07 05:45:00,8160,0.00803910936724503,4506.767838,5.66666666666667,8,"August","no"
"782","Aug. 2019",2019-08-07 06:00:00,8175,0.0080838714164131,4498.538331,5.67708333333333,8,"August","no"
"783","Aug. 2019",2019-08-07 06:15:00,8190,0.00806171436901769,4556.916699,5.6875,8,"August","no"
"784","Aug. 2019",2019-08-07 06:30:00,8205,0.00803337837852527,4533.616648,5.69791666666667,8,"August","no"
"785","Aug. 2019",2019-08-07 06:45:00,8220,0.00801521749773471,4563.306949,5.70833333333333,8,"August","no"
"786","Aug. 2019",2019-08-07 07:00:00,8235,0.00809991344883933,4562.608718,5.71875,8,"August","no"
"787","Aug. 2019",2019-08-07 07:15:00,8250,0.00810097022132694,4577.434701,5.72916666666667,8,"August","no"
"788","Aug. 2019",2019-08-07 07:30:00,8265,0.00806846430368728,4546.35579,5.73958333333333,8,"August","no"
"789","Aug. 2019",2019-08-07 07:45:00,8280,0.00813789927644155,4524.281804,5.75,8,"August","no"
"790","Aug. 2019",2019-08-07 08:00:00,8295,0.00812377291786627,4501.092957,5.76041666666667,8,"August","no"
"791","Aug. 2019",2019-08-07 08:15:00,8310,0.00815184906431986,4456.071351,5.77083333333333,8,"August","no"
"792","Aug. 2019",2019-08-07 08:30:00,8325,0.00802225136912744,4410.516536,5.78125,8,"August","no"
"793","Aug. 2019",2019-08-07 08:45:00,8340,0.00807139677401969,4344.517855,5.79166666666667,8,"August","no"
"794","Aug. 2019",2019-08-07 09:00:00,8355,0.00800797798544005,4306.724372,5.80208333333333,8,"August","no"
"795","Aug. 2019",2019-08-07 09:15:00,8370,0.00804179209809078,4291.80164,5.8125,8,"August","no"
"796","Aug. 2019",2019-08-07 09:30:00,8385,0.00796019815684577,4225.143188,5.82291666666667,8,"August","no"
"797","Aug. 2019",2019-08-07 09:45:00,8400,0.0079879047252822,4150.406136,5.83333333333333,8,"August","no"
"798","Aug. 2019",2019-08-07 10:00:00,8415,0.00795686777689918,4106.768144,5.84375,8,"August","no"
"799","Aug. 2019",2019-08-07 10:15:00,8430,0.00790396458531888,4100.24879,5.85416666666667,8,"August","no"
"800","Aug. 2019",2019-08-07 10:30:00,8445,0.00789080587291247,4034.668886,5.86458333333333,8,"August","no"
"801","Aug. 2019",2019-08-07 10:45:00,8460,0.00791659909551698,3968.526806,5.875,8,"August","no"
"802","Aug. 2019",2019-08-07 11:00:00,8475,0.00791933001173152,3939.838588,5.88541666666667,8,"August","no"
"803","Aug. 2019",2019-08-07 11:15:00,8490,0.00793843489454055,3865.708536,5.89583333333333,8,"August","no"
"804","Aug. 2019",2019-08-07 11:30:00,8505,0.00794154471892158,3851.342045,5.90625,8,"August","no"
"805","Aug. 2019",2019-08-07 11:45:00,8520,0.00796790095268932,3830.776476,5.91666666666667,8,"August","no"
"806","Aug. 2019",2019-08-07 12:00:00,8535,0.00804201368891749,3809.301656,5.92708333333333,8,"August","no"
"807","Aug. 2019",2019-08-07 12:15:00,8550,0.0080653110338038,3765.778191,5.9375,8,"August","no"
"808","Aug. 2019",2019-08-07 12:30:00,8565,0.00818181816159451,3746.183077,5.94791666666667,8,"August","no"
"809","Aug. 2019",2019-08-07 12:45:00,8580,0.00823031651019639,3718.474609,5.95833333333333,8,"August","no"
"810","Aug. 2019",2019-08-07 13:00:00,8595,0.00824114380431692,3689.982299,5.96875,8,"August","no"
"811","Aug. 2019",2019-08-07 13:15:00,8610,0.00823706374842757,3671.089115,5.97916666666667,8,"August","no"
"812","Aug. 2019",2019-08-07 13:30:00,8625,0.00819629589798843,3601.568658,5.98958333333333,8,"August","no"
"813","Aug. 2019",2019-08-07 13:45:00,8640,0.00832469990232655,3597.416701,6,8,"August","no"
"814","Aug. 2019",2019-08-07 14:00:00,8655,0.00836901515479548,3562.85624,6.01041666666667,8,"August","no"
"815","Aug. 2019",2019-08-07 14:15:00,8670,0.00832242698240017,3555.383995,6.02083333333333,8,"August","no"
"816","Aug. 2019",2019-08-07 14:30:00,8685,0.00828904672489553,3510.72118,6.03125,8,"August","no"
"817","Aug. 2019",2019-08-07 14:45:00,8700,0.00829342012557886,3523.034406,6.04166666666667,8,"August","no"
"818","Aug. 2019",2019-08-07 15:00:00,8715,0.00827965261819449,3494.259736,6.05208333333333,8,"August","no"
"819","Aug. 2019",2019-08-07 15:15:00,8730,0.00836424930634737,3503.625148,6.0625,8,"August","no"
"820","Aug. 2019",2019-08-07 15:30:00,8745,0.00816285768538053,3511.189964,6.07291666666667,8,"August","no"
"821","Aug. 2019",2019-08-07 15:45:00,8760,0.00830742614077992,3495.394018,6.08333333333333,8,"August","no"
"822","Aug. 2019",2019-08-07 16:00:00,8775,0.00834077683480201,3480.934482,6.09375,8,"August","no"
"823","Aug. 2019",2019-08-07 16:15:00,8790,0.00841131548988006,3429.334875,6.10416666666667,8,"August","no"
"824","Aug. 2019",2019-08-07 16:30:00,8805,0.00828181057867453,3451.5895,6.11458333333333,8,"August","no"
"825","Aug. 2019",2019-08-07 16:45:00,8820,0.00817933597146513,3420.436198,6.125,8,"August","no"
"826","Aug. 2019",2019-08-07 17:00:00,8835,0.00808666779300826,3464.300131,6.13541666666667,8,"August","no"
"827","Aug. 2019",2019-08-07 17:15:00,8850,0.00811412646716889,3477.924454,6.14583333333333,8,"August","no"
"828","Aug. 2019",2019-08-07 17:30:00,8865,0.0080907759235984,3528.557193,6.15625,8,"August","no"
"829","Aug. 2019",2019-08-07 17:45:00,8880,0.00802668831862535,3550.412442,6.16666666666667,8,"August","no"
"830","Aug. 2019",2019-08-07 18:00:00,8895,0.0079141791952223,3624.581522,6.17708333333333,8,"August","no"
"831","Aug. 2019",2019-08-07 18:15:00,8910,0.00792852749709139,3629.996239,6.1875,8,"August","no"
"832","Aug. 2019",2019-08-07 18:30:00,8925,0.00789492958889815,3726.919437,6.19791666666667,8,"August","no"
"833","Aug. 2019",2019-08-07 18:45:00,8940,0.00788925042008318,3718.355207,6.20833333333333,8,"August","no"
"834","Aug. 2019",2019-08-07 19:00:00,8955,0.00791265851648754,3799.658006,6.21875,8,"August","no"
"835","Aug. 2019",2019-08-07 19:15:00,8970,0.00791556293001676,3880.544239,6.22916666666667,8,"August","no"
"836","Aug. 2019",2019-08-07 19:30:00,8985,0.00793310268760165,3917.110045,6.23958333333333,8,"August","no"
"837","Aug. 2019",2019-08-07 19:45:00,9000,0.00796486841790786,3960.157221,6.25,8,"August","no"
"838","Aug. 2019",2019-08-07 20:00:00,9015,0.00794247146973284,4018.131617,6.26041666666667,8,"August","no"
"839","Aug. 2019",2019-08-07 20:15:00,9030,0.00796936144758648,4069.530433,6.27083333333333,8,"August","no"
"840","Aug. 2019",2019-08-07 20:30:00,9045,0.00803120388298587,4121.055402,6.28125,8,"August","no"
"841","Aug. 2019",2019-08-07 20:45:00,9060,0.00809623555675679,4157.644511,6.29166666666667,8,"August","no"
"842","Aug. 2019",2019-08-07 21:00:00,9075,0.00819598176040463,4187.027567,6.30208333333333,8,"August","no"
"843","Aug. 2019",2019-08-07 21:15:00,9090,0.00831752781644748,4223.475262,6.3125,8,"August","no"
"844","Aug. 2019",2019-08-07 21:30:00,9105,0.00821735388542412,4267.793614,6.32291666666667,8,"August","no"
"845","Aug. 2019",2019-08-07 21:45:00,9120,0.00823469927590352,4266.577229,6.33333333333333,8,"August","no"
"846","Aug. 2019",2019-08-07 22:00:00,9135,0.00828578718589572,4349.282547,6.34375,8,"August","no"
"847","Aug. 2019",2019-08-07 22:15:00,9150,0.00829087101879229,4363.263651,6.35416666666667,8,"August","no"
"848","Aug. 2019",2019-08-07 22:30:00,9165,0.00821999333683154,4422.033691,6.36458333333333,8,"August","no"
"849","Aug. 2019",2019-08-07 22:45:00,9180,0.00825596403489685,4413.667232,6.375,8,"August","no"
"850","Aug. 2019",2019-08-07 23:00:00,9195,0.00832584373651749,4450.632425,6.38541666666667,8,"August","no"
"851","Aug. 2019",2019-08-07 23:15:00,9210,0.00823469927590352,4457.196862,6.39583333333333,8,"August","no"
"852","Aug. 2019",2019-08-07 23:30:00,9225,0.00827002018434857,4509.761711,6.40625,8,"August","no"
"853","Aug. 2019",2019-08-07 23:45:00,9240,0.00831602441990431,4539.935757,6.41666666666667,8,"August","no"
"854","Aug. 2019",2019-08-08,9255,0.00828796200730401,4583.992731,6.42708333333333,8,"August","no"
"855","Aug. 2019",2019-08-08 00:15:00,9270,0.0083212978698185,4598.884467,6.4375,8,"August","no"
"856","Aug. 2019",2019-08-08 00:30:00,9285,0.00833270713290278,4591.945574,6.44791666666667,8,"August","no"
"857","Aug. 2019",2019-08-08 00:45:00,9300,0.00833117730890069,4621.457577,6.45833333333333,8,"August","no"
"858","Aug. 2019",2019-08-08 01:00:00,9315,0.00830483318335612,4628.839722,6.46875,8,"August","no"
"859","Aug. 2019",2019-08-08 01:15:00,9330,0.00824972498722835,4689.009297,6.47916666666667,8,"August","no"
"860","Aug. 2019",2019-08-08 01:30:00,9345,0.00828361831066579,4681.428408,6.48958333333333,8,"August","no"
"861","Aug. 2019",2019-08-08 01:45:00,9360,0.00827215140044961,4674.305302,6.5,8,"August","no"
"862","Aug. 2019",2019-08-08 02:00:00,9375,0.00842175586023013,4726.210503,6.51041666666667,8,"August","no"
"863","Aug. 2019",2019-08-08 02:15:00,9390,0.00830113580549693,4748.904836,6.52083333333333,8,"August","no"
"864","Aug. 2019",2019-08-08 02:30:00,9405,0.00833577470914455,4740.895145,6.53125,8,"August","no"
"865","Aug. 2019",2019-08-08 02:45:00,9420,0.0083599068474297,4755.73897,6.54166666666667,8,"August","no"
"866","Aug. 2019",2019-08-08 03:00:00,9435,0.00832508444035152,4717.663422,6.55208333333333,8,"August","no"
"867","Aug. 2019",2019-08-08 03:15:00,9450,0.00846191430607993,4717.697797,6.5625,8,"August","no"
"868","Aug. 2019",2019-08-08 03:30:00,9465,0.00839279871968576,4678.945376,6.57291666666667,8,"August","no"
"869","Aug. 2019",2019-08-08 03:45:00,9480,0.00844893921605526,4693.804626,6.58333333333333,8,"August","no"
"870","Aug. 2019",2019-08-08 04:00:00,9495,0.00834271540584716,4685.49282,6.59375,8,"August","no"
"871","Aug. 2019",2019-08-08 04:15:00,9510,0.00827858072582231,4624.604525,6.60416666666667,8,"August","no"
"872","Aug. 2019",2019-08-08 04:30:00,9525,0.00843102382950742,4571.335228,6.61458333333333,8,"August","no"
"873","Aug. 2019",2019-08-08 04:45:00,9540,0.0083319418905585,4593.597521,6.625,8,"August","no"
"874","Aug. 2019",2019-08-08 05:00:00,9555,0.00833117730890069,4593.100289,6.63541666666667,8,"August","no"
"875","Aug. 2019",2019-08-08 05:15:00,9570,0.00841007588310083,4546.706047,6.64583333333333,8,"August","no"
"876","Aug. 2019",2019-08-08 05:30:00,9585,0.0083952490473531,4545.943905,6.65625,8,"August","no"
"877","Aug. 2019",2019-08-08 05:45:00,9600,0.00851803299084715,4553.075232,6.66666666666667,8,"August","no"
"878","Aug. 2019",2019-08-08 06:00:00,9615,0.00834892984070743,4581.898309,6.67708333333333,8,"August","no"
"879","Aug. 2019",2019-08-02 13:45:00,1440,0.0079141791952223,4276.405027,1,8,"August","no"
"880","June 2021",2021-06-19 01:00:00,15,0.0123790355332164,8589.738784,0.0104166666666667,6,"June","yes"
"881","June 2021",2021-06-19 01:15:00,30,0.0124894307423973,8605.480774,0.0208333333333333,6,"June","yes"
"882","June 2021",2021-06-19 01:30:00,45,0.0123131164388713,8617.25862266666,0.03125,6,"June","yes"
"883","June 2021",2021-06-19 01:45:00,60,0.012782058123938,8630.32374266667,0.0416666666666667,6,"June","yes"
"884","June 2021",2021-06-19 02:00:00,75,0.0127570825093194,8566.81972266667,0.0520833333333333,6,"June","yes"
"885","June 2021",2021-06-19 02:15:00,90,0.0125806964877182,8471.150792,0.0625,6,"June","yes"
"886","June 2021",2021-06-19 02:30:00,105,0.0132295413758757,8393.8946,0.0729166666666667,6,"June","yes"
"887","June 2021",2021-06-19 02:45:00,120,0.0128045641520583,8340.109376,0.0833333333333333,6,"June","yes"
"888","June 2021",2021-06-19 03:00:00,135,0.0134248267064953,8266.508768,0.09375,6,"June","yes"
"889","June 2021",2021-06-19 03:15:00,150,0.0134713553002278,8244.44664266667,0.104166666666667,6,"June","yes"
"890","June 2021",2021-06-19 03:30:00,165,0.0134532482501962,8234.67125333333,0.114583333333333,6,"June","yes"
"891","June 2021",2021-06-19 03:45:00,180,0.0136167888681465,8204.737032,0.125,6,"June","yes"
"892","June 2021",2021-06-19 04:00:00,195,0.0137921379409719,8128.96356666667,0.135416666666667,6,"June","yes"
"893","June 2021",2021-06-19 04:15:00,210,0.014080545759092,8064.226016,0.145833333333333,6,"June","yes"
"894","June 2021",2021-06-19 04:30:00,225,0.0145272405145512,7946.646864,0.15625,6,"June","yes"
"895","June 2021",2021-06-19 04:45:00,240,0.0155184485565709,7712.71259333333,0.166666666666667,6,"June","yes"
"896","June 2021",2021-06-19 05:00:00,255,0.0168899773987356,7365.70485333333,0.177083333333333,6,"June","yes"
"897","June 2021",2021-06-19 05:15:00,270,0.0175830386226793,7105.57470733333,0.1875,6,"June","yes"
"898","June 2021",2021-06-19 05:30:00,285,0.018624641981642,6846.38567266667,0.197916666666667,6,"June","yes"
"899","June 2021",2021-06-19 05:45:00,300,0.020365788764558,6674.38812533333,0.208333333333333,6,"June","yes"
"900","June 2021",2021-06-19 06:00:00,315,0.0203590935491191,6575.40361733333,0.21875,6,"June","yes"
"901","June 2021",2021-06-19 06:15:00,330,0.0207732841020075,6569.61892666667,0.229166666666667,6,"June","yes"
"902","June 2021",2021-06-19 06:30:00,345,0.0208954470303839,6573.83254933333,0.239583333333333,6,"June","yes"
"903","June 2021",2021-06-19 06:45:00,360,0.0203590935491191,6582.32979333333,0.25,6,"June","yes"
"904","June 2021",2021-06-19 07:00:00,375,0.0213573346318604,6560.46106,0.260416666666667,6,"June","yes"
"905","June 2021",2021-06-19 07:15:00,390,0.0218216978351124,6543.011776,0.270833333333333,6,"June","yes"
"906","June 2021",2021-06-19 07:30:00,405,0.0213814469740437,6533.40961333333,0.28125,6,"June","yes"
"907","June 2021",2021-06-19 07:45:00,420,0.0216303901721312,6508.84186866667,0.291666666666667,6,"June","yes"
"908","June 2021",2021-06-19 08:00:00,435,0.0222742843840734,6479.35493866667,0.302083333333333,6,"June","yes"
"909","June 2021",2021-06-19 08:15:00,450,0.022753752041523,6445.36088933333,0.3125,6,"June","yes"
"910","June 2021",2021-06-19 08:30:00,465,0.0222848744367798,6372.53602133333,0.322916666666667,6,"June","yes"
"911","June 2021",2021-06-19 08:45:00,480,0.0230011160698656,6321.62406533333,0.333333333333333,6,"June","yes"
"912","June 2021",2021-06-19 09:00:00,495,0.0233514939311713,6255.91345866667,0.34375,6,"June","yes"
"913","June 2021",2021-06-19 09:15:00,510,0.0239140875882885,6195.21998666667,0.354166666666667,6,"June","yes"
"914","June 2021",2021-06-19 09:30:00,525,0.0241021114712195,6118.615204,0.364583333333333,6,"June","yes"
"915","June 2021",2021-06-19 09:45:00,540,0.0247650202015381,6047.22404266667,0.375,6,"June","yes"
"916","June 2021",2021-06-19 10:00:00,555,0.0237928785646846,6009.68078666667,0.385416666666667,6,"June","yes"
"917","June 2021",2021-06-19 10:15:00,570,0.0238589484065643,5943.78442666667,0.395833333333333,6,"June","yes"
"918","June 2021",2021-06-19 10:30:00,585,0.0246263710848048,5883.28541666667,0.40625,6,"June","yes"
"919","June 2021",2021-06-19 10:45:00,600,0.0245105504695758,5846.35648666667,0.416666666666667,6,"June","yes"
"920","June 2021",2021-06-19 11:00:00,615,0.0245814999983131,5768.03084266667,0.427083333333333,6,"June","yes"
"921","June 2021",2021-06-19 11:15:00,630,0.0244807123205871,5758.814286,0.4375,6,"June","yes"
"922","June 2021",2021-06-19 11:30:00,645,0.0249078828410872,5704.96172666667,0.447916666666667,6,"June","yes"
"923","June 2021",2021-06-19 11:45:00,660,0.025187444919841,5651.50665533333,0.458333333333333,6,"June","yes"
"924","June 2021",2021-06-19 12:00:00,675,0.026420883073081,5541.48888,0.46875,6,"June","yes"
"925","June 2021",2021-06-19 12:15:00,690,0.0263586049399081,5473.87973333333,0.479166666666667,6,"June","yes"
"926","June 2021",2021-06-19 12:30:00,705,0.0291410132509136,5339.609288,0.489583333333333,6,"June","yes"
"927","June 2021",2021-06-19 12:45:00,720,0.029908287786084,5073.99190133333,0.5,6,"June","yes"
"928","June 2021",2021-06-19 13:00:00,735,0.0293638171865186,4987.56578,0.510416666666667,6,"June","yes"
"929","June 2021",2021-06-19 13:15:00,750,0.0292977017390619,4987.158764,0.520833333333333,6,"June","yes"
"930","June 2021",2021-06-19 13:30:00,765,0.027980909445123,4999.64666666667,0.53125,6,"June","yes"
"931","June 2021",2021-06-19 13:45:00,780,0.0296249609795515,4969.86999666667,0.541666666666667,6,"June","yes"
"932","June 2021",2021-06-19 14:00:00,795,0.0306825224241869,4887.44184533333,0.552083333333333,6,"June","yes"
"933","June 2021",2021-06-19 14:15:00,810,0.031825703981766,4764.713268,0.5625,6,"June","yes"
"934","June 2021",2021-06-19 14:30:00,825,0.0319989760987466,4578.24018133333,0.572916666666667,6,"June","yes"
"935","June 2021",2021-06-19 14:45:00,840,0.0327368291771044,4561.54876733333,0.583333333333333,6,"June","yes"
"936","June 2021",2021-06-19 15:00:00,855,0.0318084055630131,4600.91756533333,0.59375,6,"June","yes"
"937","June 2021",2021-06-19 15:15:00,870,0.0332752885068186,4615.23429266667,0.604166666666667,6,"June","yes"
"938","June 2021",2021-06-19 15:30:00,885,0.0332841562808218,4600.423312,0.614583333333333,6,"June","yes"
"939","June 2021",2021-06-19 15:45:00,900,0.0337381481842993,4604.361568,0.625,6,"June","yes"
"940","June 2021",2021-06-19 16:00:00,915,0.0337873114456316,4625.24676866667,0.635416666666667,6,"June","yes"
"941","June 2021",2021-06-19 16:15:00,930,0.0337873114456316,4628.71993666667,0.645833333333333,6,"June","yes"
"942","June 2021",2021-06-19 16:30:00,945,0.0339529693261924,4623.41982666667,0.65625,6,"June","yes"
"943","June 2021",2021-06-19 16:45:00,960,0.034443591959003,4600.82648666667,0.666666666666667,6,"June","yes"
"944","June 2021",2021-06-19 17:00:00,975,0.0358786744162669,4597.48962666667,0.677083333333333,6,"June","yes"
"945","June 2021",2021-06-19 17:15:00,990,0.0353585117824542,4645.31783333333,0.6875,6,"June","yes"
"946","June 2021",2021-06-19 17:30:00,1005,0.0363145593326184,4688.16285933333,0.697916666666667,6,"June","yes"
"947","June 2021",2021-06-19 17:45:00,1020,0.0374311095676914,4730.70031466667,0.708333333333333,6,"June","yes"
"948","June 2021",2021-06-19 18:00:00,1035,0.0353814394862088,4775.25329666667,0.71875,6,"June","yes"
"949","June 2021",2021-06-19 18:15:00,1050,0.0371902885853347,4825.44347133333,0.729166666666667,6,"June","yes"
"950","June 2021",2021-06-19 18:30:00,1065,0.0351022803452924,4900.32212266667,0.739583333333333,6,"June","yes"
"951","June 2021",2021-06-19 18:45:00,1080,0.0345611954338004,4997.78694666667,0.75,6,"June","yes"
"952","June 2021",2021-06-19 19:00:00,1095,0.0360730742122817,5031.464296,0.760416666666667,6,"June","yes"
"953","June 2021",2021-06-19 19:15:00,1110,0.0378438859686178,4899.01273333333,0.770833333333333,6,"June","yes"
"954","June 2021",2021-06-19 19:30:00,1125,0.0391988743558177,4755.92524266667,0.78125,6,"June","yes"
"955","June 2021",2021-06-19 19:45:00,1140,0.0389664005212039,4769.67599866667,0.791666666666667,6,"June","yes"
"956","June 2021",2021-06-19 20:00:00,1155,0.0408919612433792,4847.75158266667,0.802083333333333,6,"June","yes"
"957","June 2021",2021-06-19 20:15:00,1170,0.0393494143546223,4929.88274,0.8125,6,"June","yes"
"958","June 2021",2021-06-19 20:30:00,1185,0.0410111900094079,4992.70213866667,0.822916666666667,6,"June","yes"
"959","June 2021",2021-06-19 20:45:00,1200,0.0391697739002288,5051.82667733333,0.833333333333333,6,"June","yes"
"960","June 2021",2021-06-19 21:00:00,1215,0.0375399935496181,5103.028,0.84375,6,"June","yes"
"961","June 2021",2021-06-19 21:15:00,1230,0.0376917722365298,5139.22558,0.854166666666667,6,"June","yes"
"962","June 2021",2021-06-19 21:30:00,1245,0.0366878024790578,5194.20493933333,0.864583333333333,6,"June","yes"
"963","June 2021",2021-06-19 21:45:00,1260,0.0361101681833672,5218.35257066667,0.875,6,"June","yes"
"964","June 2021",2021-06-19 22:00:00,1275,0.0356479986305537,5236.17133533333,0.885416666666667,6,"June","yes"
"965","June 2021",2021-06-19 22:15:00,1290,0.035230267804392,5278.380016,0.895833333333333,6,"June","yes"
"966","June 2021",2021-06-19 22:30:00,1305,0.0346019558617502,5307.74235333333,0.90625,6,"June","yes"
"967","June 2021",2021-06-19 22:45:00,1320,0.0342225558574367,5347.15216733333,0.916666666666667,6,"June","yes"
"968","June 2021",2021-06-19 23:00:00,1335,0.0335507980790716,5358.646904,0.927083333333333,6,"June","yes"
"969","June 2021",2021-06-19 23:15:00,1350,0.0333107674554529,5375.61119666667,0.9375,6,"June","yes"
"970","June 2021",2021-06-19 23:30:00,1365,0.0346019558617502,5403.15517466667,0.947916666666667,6,"June","yes"
"971","June 2021",2021-06-19 23:45:00,1380,0.0326227050679357,5413.57249066667,0.958333333333333,6,"June","yes"
"972","June 2021",2021-06-20,1395,0.0334484461693104,5413.94185,0.96875,6,"June","yes"
"973","June 2021",2021-06-20 00:15:00,1410,0.0334440000125878,5426.39436466667,0.979166666666667,6,"June","yes"
"974","June 2021",2021-06-20 00:30:00,1425,0.0322860196113213,5465.19170666667,0.989583333333333,6,"June","yes"
"975","June 2021",2021-06-20 00:45:00,1440,0.0311720443310013,5485.91102333333,1,6,"June","yes"
"976","June 2021",2021-06-20 01:00:00,1455,0.0327851790377453,5497.97954466667,1.01041666666667,6,"June","yes"
"977","June 2021",2021-06-20 01:15:00,1470,0.0313176013256702,5542.17118533333,1.02083333333333,6,"June","yes"
"978","June 2021",2021-06-20 01:30:00,1485,0.0313991067406134,5560.80891333333,1.03125,6,"June","yes"
"979","June 2021",2021-06-20 01:45:00,1500,0.030462594058136,5579.11118133333,1.04166666666667,6,"June","yes"
"980","June 2021",2021-06-20 02:00:00,1515,0.0294175976633734,5601.96890533333,1.05208333333333,6,"June","yes"
"981","June 2021",2021-06-20 02:15:00,1530,0.0302813985077714,5614.43905,1.0625,6,"June","yes"
"982","June 2021",2021-06-20 02:30:00,1545,0.0302561635050259,5627.32583466667,1.07291666666667,6,"June","yes"
"983","June 2021",2021-06-20 02:45:00,1560,0.0316012328742829,5633.45553333333,1.08333333333333,6,"June","yes"
"984","June 2021",2021-06-20 03:00:00,1575,0.0307461277132685,5621.34717533333,1.09375,6,"June","yes"
"985","June 2021",2021-06-20 03:15:00,1590,0.0309033355189068,5607.44835933333,1.10416666666667,6,"June","yes"
"986","June 2021",2021-06-20 03:30:00,1605,0.0310865992534107,5563.09221533333,1.11458333333333,6,"June","yes"
"987","June 2021",2021-06-20 03:45:00,1620,0.0311079482530873,5461.77580333333,1.125,6,"June","yes"
"988","June 2021",2021-06-20 04:00:00,1635,0.0310012850528421,5414.37306666667,1.13541666666667,6,"June","yes"
"989","June 2021",2021-06-20 04:15:00,1650,0.0309671960181812,5380.939148,1.14583333333333,6,"June","yes"
"990","June 2021",2021-06-20 04:30:00,1665,0.0306782846891218,5327.022674,1.15625,6,"June","yes"
"991","June 2021",2021-06-20 04:45:00,1680,0.0327060816971003,5282.10181466667,1.16666666666667,6,"June","yes"
"992","June 2021",2021-06-20 05:00:00,1695,0.0332221093469737,5252.07322666667,1.17708333333333,6,"June","yes"
"993","June 2021",2021-06-20 05:15:00,1710,0.0320119926114401,5164.17060466667,1.1875,6,"June","yes"
"994","June 2021",2021-06-20 05:30:00,1725,0.0339664206777913,5116.453276,1.19791666666667,6,"June","yes"
"995","June 2021",2021-06-20 05:45:00,1740,0.0353447590865126,5055.34702133333,1.20833333333333,6,"June","yes"
"996","June 2021",2021-06-20 06:00:00,1755,0.0337024179517832,5085.14819933333,1.21875,6,"June","yes"
"997","June 2021",2021-06-20 06:15:00,1770,0.035326426739286,5101.50752533333,1.22916666666667,6,"June","yes"
"998","June 2021",2021-06-20 06:30:00,1785,0.0363564446485716,5080.25734533333,1.23958333333333,6,"June","yes"
"999","June 2021",2021-06-20 06:45:00,1800,0.036903365492284,4949.03848533333,1.25,6,"June","yes"
"1000","June 2021",2021-06-20 07:00:00,1815,0.0387105863930241,4833.75966666667,1.26041666666667,6,"June","yes"
"1001","June 2021",2021-06-20 07:15:00,1830,0.0393834507741877,4803.51392933333,1.27083333333333,6,"June","yes"
"1002","June 2021",2021-06-20 07:30:00,1845,0.0396856160695018,4835.44894466667,1.28125,6,"June","yes"
"1003","June 2021",2021-06-20 07:45:00,1860,0.0414749815688642,4856.09334,1.29166666666667,6,"June","yes"
"1004","June 2021",2021-06-20 08:00:00,1875,0.041986910112419,4874.742312,1.30208333333333,6,"June","yes"
"1005","June 2021",2021-06-20 08:15:00,1890,0.0413250621914295,4899.78817066667,1.3125,6,"June","yes"
"1006","June 2021",2021-06-20 08:30:00,1905,0.0441824645314395,4887.83725733333,1.32291666666667,6,"June","yes"
"1007","June 2021",2021-06-20 08:45:00,1920,0.0436921937315223,4836.46693933333,1.33333333333333,6,"June","yes"
"1008","June 2021",2021-06-20 09:00:00,1935,0.0448164065012886,4805.078544,1.34375,6,"June","yes"
"1009","June 2021",2021-06-20 09:15:00,1950,0.0465449218865137,4796.29046666667,1.35416666666667,6,"June","yes"
"1010","June 2021",2021-06-20 09:30:00,1965,0.0458873204216409,4741.236896,1.36458333333333,6,"June","yes"
"1011","June 2021",2021-06-20 09:45:00,1980,0.0481946624044776,4672.19359133333,1.375,6,"June","yes"
"1012","June 2021",2021-06-20 10:00:00,1995,0.048673238801247,4616.51841,1.38541666666667,6,"June","yes"
"1013","June 2021",2021-06-20 10:15:00,2010,0.0528662321428988,4560.776164,1.39583333333333,6,"June","yes"
"1014","June 2021",2021-06-20 10:30:00,2025,0.0520829114186142,4486.58655333333,1.40625,6,"June","yes"
"1015","June 2021",2021-06-20 10:45:00,2040,0.0506574361411107,4323.91648333333,1.41666666666667,6,"June","yes"
"1016","June 2021",2021-06-20 11:00:00,2055,0.05585037835744,4167.124216,1.42708333333333,6,"June","yes"
"1017","June 2021",2021-06-20 11:15:00,2070,0.0536787624037053,4000.30551666667,1.4375,6,"June","yes"
"1018","June 2021",2021-06-20 11:30:00,2085,0.0551719329148049,3941.78898133333,1.44791666666667,6,"June","yes"
"1019","June 2021",2021-06-20 11:45:00,2100,0.0556920712101442,3904.06565266667,1.45833333333333,6,"June","yes"
"1020","June 2021",2021-06-20 12:00:00,2115,0.0536213260157177,3875.58599466667,1.46875,6,"June","yes"
"1021","June 2021",2021-06-20 12:15:00,2130,0.0565627585885684,3837.22013333333,1.47916666666667,6,"June","yes"
"1022","June 2021",2021-06-20 12:30:00,2145,0.0598794887997388,3757.93094133333,1.48958333333333,6,"June","yes"
"1023","June 2021",2021-06-20 12:45:00,2160,0.0593025888630292,3760.42746733333,1.5,6,"June","yes"
"1024","June 2021",2021-06-20 13:00:00,2175,0.0573275143190567,3785.589184,1.51041666666667,6,"June","yes"
"1025","June 2021",2021-06-20 13:15:00,2190,0.060202621487314,3730.21099266667,1.52083333333333,6,"June","yes"
"1026","June 2021",2021-06-20 13:30:00,2205,0.0592359806762485,3621.722664,1.53125,6,"June","yes"
"1027","June 2021",2021-06-20 13:45:00,2220,0.0606369376534287,3614.81648666667,1.54166666666667,6,"June","yes"
"1028","June 2021",2021-06-20 14:00:00,2235,0.0633715303172921,3609.55414866667,1.55208333333333,6,"June","yes"
"1029","June 2021",2021-06-20 14:15:00,2250,0.0589699438321172,3616.01345066667,1.5625,6,"June","yes"
"1030","June 2021",2021-06-20 14:30:00,2265,0.0637547942765483,3592.32206666667,1.57291666666667,6,"June","yes"
"1031","June 2021",2021-06-20 14:45:00,2280,0.0646516983358661,3501.590408,1.58333333333333,6,"June","yes"
"1032","June 2021",2021-06-20 15:00:00,2295,0.0628020387499789,3489.359932,1.59375,6,"June","yes"
"1033","June 2021",2021-06-20 15:15:00,2310,0.062278759091584,3479.55184866667,1.60416666666667,6,"June","yes"
"1034","June 2021",2021-06-20 15:30:00,2325,0.0638555240787711,3493.32169666667,1.61458333333333,6,"June","yes"
"1035","June 2021",2021-06-20 15:45:00,2340,0.0645693130499013,3476.955064,1.625,6,"June","yes"
"1036","June 2021",2021-06-20 16:00:00,2355,0.0608884911806429,3489.05422866667,1.63541666666667,6,"June","yes"
"1037","June 2021",2021-06-20 16:15:00,2370,0.0637925581366049,3463.27936866667,1.64583333333333,6,"June","yes"
"1038","June 2021",2021-06-20 16:30:00,2385,0.0611159750391808,3464.77580133333,1.65625,6,"June","yes"
"1039","June 2021",2021-06-20 16:45:00,2400,0.0601537878473598,3486.08784333333,1.66666666666667,6,"June","yes"
"1040","June 2021",2021-06-20 17:00:00,2415,0.0592420343299928,3510.80157333333,1.67708333333333,6,"June","yes"
"1041","June 2021",2021-06-20 17:15:00,2430,0.0578224450958249,3525.76128333333,1.6875,6,"June","yes"
"1042","June 2021",2021-06-20 17:30:00,2445,0.0562972642925987,3563.68972266667,1.69791666666667,6,"June","yes"
"1043","June 2021",2021-06-20 17:45:00,2460,0.0569474200627959,3572.61402666667,1.70833333333333,6,"June","yes"
"1044","June 2021",2021-06-20 18:00:00,2475,0.0549215587153701,3623.524854,1.71875,6,"June","yes"
"1045","June 2021",2021-06-20 18:15:00,2490,0.05071873202957,3716.5065,1.72916666666667,6,"June","yes"
"1046","June 2021",2021-06-20 18:30:00,2505,0.048411883025429,3805.13309866667,1.73958333333333,6,"June","yes"
"1047","June 2021",2021-06-20 18:45:00,2520,0.0499249735229284,3869.18555333333,1.75,6,"June","yes"
"1048","June 2021",2021-06-20 19:00:00,2535,0.0507466068847543,3854.214314,1.76041666666667,6,"June","yes"
"1049","June 2021",2021-06-20 19:15:00,2550,0.0493738730336996,3867.38932666667,1.77083333333333,6,"June","yes"
"1050","June 2021",2021-06-20 19:30:00,2565,0.048798738929881,3923.366506,1.78125,6,"June","yes"
"1051","June 2021",2021-06-20 19:45:00,2580,0.0517950002293748,3874.99674666667,1.79166666666667,6,"June","yes"
"1052","June 2021",2021-06-20 20:00:00,2595,0.0537362315109491,3794.09581333333,1.80208333333333,6,"June","yes"
"1053","June 2021",2021-06-20 20:15:00,2610,0.0534377494475524,3803.58478133333,1.8125,6,"June","yes"
"1054","June 2021",2021-06-20 20:30:00,2625,0.0543358498237477,3872.31781333333,1.82291666666667,6,"June","yes"
"1055","June 2021",2021-06-20 20:45:00,2640,0.0512833903337896,3946.07247066667,1.83333333333333,6,"June","yes"
"1056","June 2021",2021-06-20 21:00:00,2655,0.0559795457231343,4031.53308133333,1.84375,6,"June","yes"
"1057","June 2021",2021-06-20 21:15:00,2670,0.0543358498237473,3993.011048,1.85416666666667,6,"June","yes"
"1058","June 2021",2021-06-20 21:30:00,2685,0.0564682847079949,3966.90610933333,1.86458333333333,6,"June","yes"
"1059","June 2021",2021-06-20 21:45:00,2700,0.0532602291506731,4032.52549333333,1.875,6,"June","yes"
"1060","June 2021",2021-06-20 22:00:00,2715,0.0567874697544899,4021.92674666667,1.88541666666667,6,"June","yes"
"1061","June 2021",2021-06-20 22:15:00,2730,0.058656353325307,4012.981298,1.89583333333333,6,"June","yes"
"1062","June 2021",2021-06-20 22:30:00,2745,0.0587768603570778,4004.28126333333,1.90625,6,"June","yes"
"1063","June 2021",2021-06-20 22:45:00,2760,0.058541992869966,4006.78156666667,1.91666666666667,6,"June","yes"
"1064","June 2021",2021-06-20 23:00:00,2775,0.0601904111141705,3989.079216,1.92708333333333,6,"June","yes"
"1065","June 2021",2021-06-20 23:15:00,2790,0.0616650005108051,3960.81389066667,1.9375,6,"June","yes"
"1066","June 2021",2021-06-20 23:30:00,2805,0.0623969179252941,3948.76725666667,1.94791666666667,6,"June","yes"
"1067","June 2021",2021-06-20 23:45:00,2820,0.0637547942765488,3951.37796666667,1.95833333333333,6,"June","yes"
"1068","June 2021",2021-06-21,2835,0.066497464972072,3873.64692866667,1.96875,6,"June","yes"
"1069","June 2021",2021-06-21 00:15:00,2850,0.0691629116930455,3813.14197866667,1.97916666666667,6,"June","yes"
"1070","June 2021",2021-06-21 00:30:00,2865,0.0651981015478811,3829.85658,1.98958333333333,6,"June","yes"
"1071","June 2021",2021-06-21 00:45:00,2880,0.0709748707933353,3875.122176,2,6,"June","yes"
"1072","June 2021",2021-06-21 01:00:00,2895,0.0672913238761746,3904.14383333333,2.01041666666667,6,"June","yes"
"1073","June 2021",2021-06-21 01:15:00,2910,0.0648293313757023,3939.28020866667,2.02083333333333,6,"June","yes"
"1074","June 2021",2021-06-21 01:30:00,2925,0.0702444906806073,3957.04183333333,2.03125,6,"June","yes"
"1075","June 2021",2021-06-21 01:45:00,2940,0.0675051526050575,3987.88407466667,2.04166666666667,6,"June","yes"
"1076","June 2021",2021-06-21 02:00:00,2955,0.0688938919728663,4037.53591466667,2.05208333333333,6,"June","yes"
"1077","June 2021",2021-06-21 02:15:00,2970,0.0680315155876146,4071.72153266667,2.0625,6,"June","yes"
"1078","June 2021",2021-06-21 02:30:00,2985,0.0667550873297001,4104.02820666667,2.07291666666667,6,"June","yes"
"1079","June 2021",2021-06-21 02:45:00,3000,0.069841168181773,4124.07640333333,2.08333333333333,6,"June","yes"
"1080","June 2021",2021-06-21 03:00:00,3015,0.0730072082875022,4175.926912,2.09375,6,"June","yes"
"1081","June 2021",2021-06-21 03:15:00,3030,0.075963641933129,4167.57074933333,2.10416666666667,6,"June","yes"
"1082","June 2021",2021-06-21 03:30:00,3045,0.0723667741004859,4184.07514,2.11458333333333,6,"June","yes"
"1083","June 2021",2021-06-21 03:45:00,3060,0.0745767943550941,4206.73288933333,2.125,6,"June","yes"
"1084","June 2021",2021-06-21 04:00:00,3075,0.0788758528494329,4240.18186666667,2.13541666666667,6,"June","yes"
"1085","June 2021",2021-06-21 04:15:00,3090,0.074351498835933,4227.801796,2.14583333333333,6,"June","yes"
"1086","June 2021",2021-06-21 04:30:00,3105,0.0848644710935321,4191.20112266667,2.15625,6,"June","yes"
"1087","June 2021",2021-06-21 04:45:00,3120,0.0796163729739658,4157.33552133333,2.16666666666667,6,"June","yes"
"1088","June 2021",2021-06-21 05:00:00,3135,0.100606443427514,4186.53786466667,2.17708333333333,6,"June","yes"
"1089","June 2021",2021-06-21 05:15:00,3150,0.0886344088875746,4197.86361066667,2.1875,6,"June","yes"
"1090","June 2021",2021-06-21 05:30:00,3165,0.095106755841031,4199.869672,2.19791666666667,6,"June","yes"
"1091","June 2021",2021-06-21 05:45:00,3180,0.0979586086272397,4224.95028,2.20833333333333,6,"June","yes"
"1092","June 2021",2021-06-21 06:00:00,3195,0.0946421298278246,4242.93648266667,2.21875,6,"June","yes"
"1093","June 2021",2021-06-21 06:15:00,3210,0.0919095767704366,4245.58898266667,2.22916666666667,6,"June","yes"
"1094","June 2021",2021-06-21 06:30:00,3225,0.0986685044722235,4267.60897,2.23958333333333,6,"June","yes"
"1095","June 2021",2021-06-21 06:45:00,3240,0.0901134252868844,4267.13386933333,2.25,6,"June","yes"
"1096","June 2021",2021-06-21 07:00:00,3255,0.0867905544030626,4205.07585666667,2.26041666666667,6,"June","yes"
"1097","June 2021",2021-06-21 07:15:00,3270,0.0885297843865593,4134.74889666667,2.27083333333333,6,"June","yes"
"1098","June 2021",2021-06-21 07:30:00,3285,0.0852303101236651,4084.91275866667,2.28125,6,"June","yes"
"1099","June 2021",2021-06-21 07:45:00,3300,0.0888663056423424,4021.62242733333,2.29166666666667,6,"June","yes"
"1100","June 2021",2021-06-21 08:00:00,3315,0.084922950370004,3964.50287333333,2.30208333333333,6,"June","yes"
"1101","June 2021",2021-06-21 08:15:00,3330,0.0811010968197189,3900.31884,2.3125,6,"June","yes"
"1102","June 2021",2021-06-21 08:30:00,3345,0.0809370062923929,3816.8681,2.32291666666667,6,"June","yes"
"1103","June 2021",2021-06-21 08:45:00,3360,0.0834237817658136,3728.344978,2.33333333333333,6,"June","yes"
"1104","June 2021",2021-06-21 09:00:00,3375,0.0809013573421055,3643.00136933333,2.34375,6,"June","yes"
"1105","June 2021",2021-06-21 09:15:00,3390,0.0788266131006127,3555.90202,2.35416666666667,6,"June","yes"
"1106","June 2021",2021-06-21 09:30:00,3405,0.0768909956892348,3500.280072,2.36458333333333,6,"June","yes"
"1107","June 2021",2021-06-21 09:45:00,3420,0.0780619483803094,3434.495948,2.375,6,"June","yes"
"1108","June 2021",2021-06-21 10:00:00,3435,0.0742901164428268,3387.148544,2.38541666666667,6,"June","yes"
"1109","June 2021",2021-06-21 10:15:00,3450,0.0704300300013387,3327.142428,2.39583333333333,6,"June","yes"
"1110","June 2021",2021-06-21 10:30:00,3465,0.0707354014814136,3290.31083933333,2.40625,6,"June","yes"
"1111","June 2021",2021-06-21 10:45:00,3480,0.071829751448777,3227.847938,2.41666666666667,6,"June","yes"
"1112","June 2021",2021-06-21 11:00:00,3495,0.0733454649852586,3155.12635733333,2.42708333333333,6,"June","yes"
"1113","June 2021",2021-06-21 11:15:00,3510,0.0697619693611946,3087.76827333333,2.4375,6,"June","yes"
"1114","June 2021",2021-06-21 11:30:00,3525,0.0720308895487519,3019.61946933333,2.44791666666667,6,"June","yes"
"1115","June 2021",2021-06-21 11:45:00,3540,0.06647816439917,3002.98148,2.45833333333333,6,"June","yes"
"1116","June 2021",2021-06-21 12:00:00,3555,0.0691563436926039,2972.084766,2.46875,6,"June","yes"
"1117","June 2021",2021-06-21 12:15:00,3570,0.06799245211873,2945.63496266667,2.47916666666667,6,"June","yes"
"1118","June 2021",2021-06-21 12:30:00,3585,0.0690841172824639,2926.95333733333,2.48958333333333,6,"June","yes"
"1119","June 2021",2021-06-21 12:45:00,3600,0.0674208745101623,2894.11556,2.5,6,"June","yes"
"1120","June 2021",2021-06-21 13:00:00,3615,0.0662211048127362,2870.533744,2.51041666666667,6,"June","yes"
"1121","June 2021",2021-06-21 13:15:00,3630,0.0639941643233142,2839.906188,2.52083333333333,6,"June","yes"
"1122","June 2021",2021-06-21 13:30:00,3645,0.064581984110162,2806.25664,2.53125,6,"June","yes"
"1123","June 2021",2021-06-21 13:45:00,3660,0.0636981705719611,2773.70494866667,2.54166666666667,6,"June","yes"
"1124","June 2021",2021-06-21 14:00:00,3675,0.065007220934502,2733.44294666667,2.55208333333333,6,"June","yes"
"1125","June 2021",2021-06-21 14:15:00,3690,0.0663752777436263,2720.028176,2.5625,6,"June","yes"
"1126","June 2021",2021-06-21 14:30:00,3705,0.0638114444837333,2713.38197,2.57291666666667,6,"June","yes"
"1127","June 2021",2021-06-21 14:45:00,3720,0.0621234668978693,2712.02454333333,2.58333333333333,6,"June","yes"
"1128","June 2021",2021-06-21 15:00:00,3735,0.061683552139949,2708.61677466667,2.59375,6,"June","yes"
"1129","June 2021",2021-06-21 15:15:00,3750,0.0609130624355059,2709.88505333333,2.60416666666667,6,"June","yes"
"1130","June 2021",2021-06-21 15:30:00,3765,0.0605144282032211,2707.48833333333,2.61458333333333,6,"June","yes"
"1131","June 2021",2021-06-21 15:45:00,3780,0.0592844190675964,2710.480128,2.625,6,"June","yes"
"1132","June 2021",2021-06-21 16:00:00,3795,0.0588793942361418,2704.58902933333,2.63541666666667,6,"June","yes"
"1133","June 2021",2021-06-21 16:15:00,3810,0.0572739825841126,2728.01506133333,2.64583333333333,6,"June","yes"
"1134","June 2021",2021-06-21 16:30:00,3825,0.0578224450958253,2753.23098133333,2.65625,6,"June","yes"
"1135","June 2021",2021-06-21 16:45:00,3840,0.0561794795028845,2771.05169333333,2.66666666666667,6,"June","yes"
"1136","June 2021",2021-06-21 17:00:00,3855,0.0558386437222714,2812.41354666667,2.67708333333333,6,"June","yes"
"1137","June 2021",2021-06-21 17:15:00,3870,0.0545848030259167,2871.92787466667,2.6875,6,"June","yes"
"1138","June 2021",2021-06-21 17:30:00,3885,0.0561677082221488,2926.85092266667,2.69791666666667,6,"June","yes"
"1139","June 2021",2021-06-21 17:45:00,3900,0.0529574550382471,2981.65747733333,2.70833333333333,6,"June","yes"
"1140","June 2021",2021-06-21 18:00:00,3915,0.0522753250046822,3055.14550466667,2.71875,6,"June","yes"
"1141","June 2021",2021-06-21 18:15:00,3930,0.0515810314494143,3157.69021066667,2.72916666666667,6,"June","yes"
"1142","June 2021",2021-06-21 18:30:00,3945,0.0507689126583666,3244.09436,2.73958333333333,6,"June","yes"
"1143","June 2021",2021-06-21 18:45:00,3960,0.0510817431724424,3340.59036133333,2.75,6,"June","yes"
"1144","June 2021",2021-06-21 19:00:00,3975,0.0495003364172148,3438.28122866667,2.76041666666667,6,"June","yes"
"1145","June 2021",2021-06-21 19:15:00,3990,0.0482272121239796,3514.75172333333,2.77083333333333,6,"June","yes"
"1146","June 2021",2021-06-21 19:30:00,4005,0.050301590779477,3587.33551733333,2.78125,6,"June","yes"
"1147","June 2021",2021-06-21 19:45:00,4020,0.0509922583239461,3658.93201333333,2.79166666666667,6,"June","yes"
"1148","June 2021",2021-06-21 20:00:00,4035,0.0486405281030079,3716.40318,2.80208333333333,6,"June","yes"
"1149","June 2021",2021-06-21 20:15:00,4050,0.0504293184350243,3776.21172133333,2.8125,6,"June","yes"
"1150","June 2021",2021-06-21 20:30:00,4065,0.0466141553405427,3830.51951666667,2.82291666666667,6,"June","yes"
"1151","June 2021",2021-06-21 20:45:00,4080,0.0490831163766217,3876.99148266667,2.83333333333333,6,"June","yes"
"1152","June 2021",2021-06-21 21:00:00,4095,0.0479617341120692,3928.56529066667,2.84375,6,"June","yes"
"1153","June 2021",2021-06-21 21:15:00,4110,0.0476269490278037,3987.570878,2.85416666666667,6,"June","yes"
"1154","June 2021",2021-06-21 21:30:00,4125,0.0495829057867764,4032.92261866667,2.86458333333333,6,"June","yes"
"1155","June 2021",2021-06-21 21:45:00,4140,0.047025364136612,4072.75214,2.875,6,"June","yes"
"1156","June 2021",2021-06-21 22:00:00,4155,0.0465076652378224,4125.07445866667,2.88541666666667,6,"June","yes"
"1157","June 2021",2021-06-21 22:15:00,4170,0.047664684359202,4163.63638666667,2.89583333333333,6,"June","yes"
"1158","June 2021",2021-06-21 22:30:00,4185,0.0456868044907667,4197.21634533333,2.90625,6,"June","yes"
"1159","June 2021",2021-06-21 22:45:00,4200,0.0473095311356342,4230.94822666667,2.91666666666667,6,"June","yes"
"1160","June 2021",2021-06-21 23:00:00,4215,0.0456920751727273,4255.50726,2.92708333333333,6,"June","yes"
"1161","June 2021",2021-06-21 23:15:00,4230,0.0448999076523413,4270.78294666667,2.9375,6,"June","yes"
"1162","June 2021",2021-06-21 23:30:00,4245,0.0449260189396537,4313.56212,2.94791666666667,6,"June","yes"
"1163","June 2021",2021-06-21 23:45:00,4260,0.0441307180219809,4334.41405866667,2.95833333333333,6,"June","yes"
"1164","June 2021",2021-06-22,4275,0.0456183153998001,4349.44079733333,2.96875,6,"June","yes"
"1165","June 2021",2021-06-22 00:15:00,4290,0.042944481221845,4395.47005333333,2.97916666666667,6,"June","yes"
"1166","June 2021",2021-06-22 00:30:00,4305,0.0437745588700237,4405.10523733333,2.98958333333333,6,"June","yes"
"1167","June 2021",2021-06-22 00:45:00,4320,0.0428476890435453,4444.35408133333,3,6,"June","yes"
"1168","June 2021",2021-06-22 01:00:00,4335,0.0425275916959746,4462.20018733333,3.01041666666667,6,"June","yes"
"1169","June 2021",2021-06-22 01:15:00,4350,0.0425022427673147,4505.10784,3.02083333333333,6,"June","yes"
"1170","June 2021",2021-06-22 01:30:00,4365,0.0430873376194084,4516.279888,3.03125,6,"June","yes"
"1171","June 2021",2021-06-22 01:45:00,4380,0.0430771250840047,4552.34277866667,3.04166666666667,6,"June","yes"
"1172","June 2021",2021-06-22 02:00:00,4395,0.0438724762635193,4585.20335466667,3.05208333333333,6,"June","yes"
"1173","June 2021",2021-06-22 02:15:00,4410,0.0432713870563849,4612.858814,3.0625,6,"June","yes"
"1174","June 2021",2021-06-22 02:30:00,4425,0.0425225212558573,4649.36984,3.07291666666667,6,"June","yes"
"1175","June 2021",2021-06-22 02:45:00,4440,0.0443119739518294,4667.05821133333,3.08333333333333,6,"June","yes"
"1176","June 2021",2021-06-22 03:00:00,4455,0.0432304505359349,4662.31750933333,3.09375,6,"June","yes"
"1177","June 2021",2021-06-22 03:15:00,4470,0.0429342870092247,4694.90217,3.10416666666667,6,"June","yes"
"1178","June 2021",2021-06-22 03:30:00,4485,0.0441203726463998,4690.958702,3.11458333333333,6,"June","yes"
"1179","June 2021",2021-06-22 03:45:00,4500,0.0442756907009889,4697.85054333333,3.125,6,"June","yes"
"1180","June 2021",2021-06-22 04:00:00,4515,0.0433840704611645,4720.916184,3.13541666666667,6,"June","yes"
"1181","June 2021",2021-06-22 04:15:00,4530,0.0423149149238443,4737.9993,3.14583333333333,6,"June","yes"
"1182","June 2021",2021-06-22 04:30:00,4545,0.0423806817727548,4756.46091066667,3.15625,6,"June","yes"
"1183","June 2021",2021-06-22 04:45:00,4560,0.0421229904150765,4749.02982866667,3.16666666666667,6,"June","yes"
"1184","June 2021",2021-06-22 05:00:00,4575,0.0434763837634858,4769.291072,3.17708333333333,6,"June","yes"
"1185","June 2021",2021-06-22 05:15:00,4590,0.0418158890299736,4788.16890933333,3.1875,6,"June","yes"
"1186","June 2021",2021-06-22 05:30:00,4605,0.0420423214427784,4808.41508666667,3.19791666666667,6,"June","yes"
"1187","June 2021",2021-06-22 05:45:00,4620,0.0422037431486675,4813.46185333333,3.20833333333333,6,"June","yes"
"1188","June 2021",2021-06-22 06:00:00,4635,0.0418108647240065,4838.83988,3.21875,6,"June","yes"
"1189","June 2021",2021-06-22 06:15:00,4650,0.0408770708989247,4855.71118666667,3.22916666666667,6,"June","yes"
"1190","June 2021",2021-06-22 06:30:00,4665,0.0407431903118136,4852.39405,3.23958333333333,6,"June","yes"
"1191","June 2021",2021-06-22 06:45:00,4680,0.0410559493847628,4847.83738733333,3.25,6,"June","yes"
"1192","June 2021",2021-06-22 07:00:00,4695,0.0409316832250655,4828.27174666667,3.26041666666667,6,"June","yes"
"1193","June 2021",2021-06-22 07:15:00,4710,0.0394369689684254,4785.67822533333,3.27083333333333,6,"June","yes"
"1194","June 2021",2021-06-22 07:30:00,4725,0.0397344701967753,4751.577666,3.28125,6,"June","yes"
"1195","June 2021",2021-06-22 07:45:00,4740,0.0410062183814422,4691.594096,3.29166666666667,6,"June","yes"
"1196","June 2021",2021-06-22 08:00:00,4755,0.0398224900783918,4643.99535866667,3.30208333333333,6,"June","yes"
"1197","June 2021",2021-06-22 08:15:00,4770,0.0402691021913729,4564.197328,3.3125,6,"June","yes"
"1198","June 2021",2021-06-22 08:30:00,4785,0.0406639662218383,4491.75671466667,3.32291666666667,6,"June","yes"
"1199","June 2021",2021-06-22 08:45:00,4800,0.0402494139581982,4443.14012266667,3.33333333333333,6,"June","yes"
"1200","June 2021",2021-06-22 09:00:00,4815,0.0420221672874063,4384.16409733333,3.34375,6,"June","yes"
"1201","June 2021",2021-06-22 09:15:00,4830,0.0401363082107362,4337.38756266667,3.35416666666667,6,"June","yes"
"1202","June 2021",2021-06-22 09:30:00,4845,0.0404218635004322,4311.39072,3.36458333333333,6,"June","yes"
"1203","June 2021",2021-06-22 09:45:00,4860,0.0404860182716252,4267.39476266667,3.375,6,"June","yes"
"1204","June 2021",2021-06-22 10:00:00,4875,0.0411106912791561,4223.18981733333,3.38541666666667,6,"June","yes"
"1205","June 2021",2021-06-22 10:15:00,4890,0.0407877906715868,4176.74101466667,3.39583333333333,6,"June","yes"
"1206","June 2021",2021-06-22 10:30:00,4905,0.0420776038115939,4130.66014933333,3.40625,6,"June","yes"
"1207","June 2021",2021-06-22 10:45:00,4920,0.040018469358681,4081.07257333333,3.41666666666667,6,"June","yes"
"1208","June 2021",2021-06-22 11:00:00,4935,0.0402248110285634,4018.765758,3.42708333333333,6,"June","yes"
"1209","June 2021",2021-06-22 11:15:00,4950,0.0404021346953818,3993.84391466667,3.4375,6,"June","yes"
"1210","June 2021",2021-06-22 11:30:00,4965,0.0406441732870467,3948.90044,3.44791666666667,6,"June","yes"
"1211","June 2021",2021-06-22 11:45:00,4980,0.0404613368157768,3899.486976,3.45833333333333,6,"June","yes"
"1212","June 2021",2021-06-22 12:00:00,4995,0.0417505985734234,3861.74028,3.46875,6,"June","yes"
"1213","June 2021",2021-06-22 12:15:00,5010,0.041645246182122,3847.28362266667,3.47916666666667,6,"June","yes"
"1214","June 2021",2021-06-22 12:30:00,5025,0.040584825893157,3807.867492,3.48958333333333,6,"June","yes"
"1215","June 2021",2021-06-22 12:45:00,5040,0.0413750025979859,3743.665284,3.5,6,"June","yes"
"1216","June 2021",2021-06-22 13:00:00,5055,0.0413450344277419,3694.821712,3.51041666666667,6,"June","yes"
"1217","June 2021",2021-06-22 13:15:00,5070,0.0419365705309456,3659.60674,3.52083333333333,6,"June","yes"
"1218","June 2021",2021-06-22 13:30:00,5085,0.0406540691000567,3626.00290266667,3.53125,6,"June","yes"
"1219","June 2021",2021-06-22 13:45:00,5100,0.0420574404948299,3593.42158933333,3.54166666666667,6,"June","yes"
"1220","June 2021",2021-06-22 14:00:00,5115,0.0432867436502305,3573.42017133333,3.55208333333333,6,"June","yes"
"1221","June 2021",2021-06-22 14:15:00,5130,0.0405107079072874,3544.19334133333,3.5625,6,"June","yes"
"1222","June 2021",2021-06-22 14:30:00,5145,0.0412252795360846,3495.63424,3.57291666666667,6,"June","yes"
"1223","June 2021",2021-06-22 14:45:00,5160,0.0411854031195127,3464.6289,3.58333333333333,6,"June","yes"
"1224","June 2021",2021-06-22 15:00:00,5175,0.0419315383723575,3422.23168933333,3.59375,6,"June","yes"
"1225","June 2021",2021-06-22 15:15:00,5190,0.0418209136631329,3404.77206666667,3.60416666666667,6,"June","yes"
"1226","June 2021",2021-06-22 15:30:00,5205,0.0415300257891775,3412.79726666667,3.61458333333333,6,"June","yes"
"1227","June 2021",2021-06-22 15:45:00,5220,0.0413300547597191,3388.79599933333,3.625,6,"June","yes"
"1228","June 2021",2021-06-22 16:00:00,5235,0.0417656606939699,3385.04525666667,3.63541666666667,6,"June","yes"
"1229","June 2021",2021-06-22 16:15:00,5250,0.0413849946056078,3394.55398333333,3.64583333333333,6,"June","yes"
"1230","June 2021",2021-06-22 16:30:00,5265,0.0416201835469476,3410.42515,3.65625,6,"June","yes"
"1231","June 2021",2021-06-22 16:45:00,5280,0.0432304505359352,3394.72882,3.66666666666667,6,"June","yes"
"1232","June 2021",2021-06-22 17:00:00,5295,0.0403922722560117,3423.582616,3.67708333333333,6,"June","yes"
"1233","June 2021",2021-06-22 17:15:00,5310,0.0396123962271954,3442.918574,3.6875,6,"June","yes"
"1234","June 2021",2021-06-22 17:30:00,5325,0.040097007653061,3457.646848,3.69791666666667,6,"June","yes"
"1235","June 2021",2021-06-22 17:45:00,5340,0.0388263128899454,3503.12666,3.70833333333333,6,"June","yes"
"1236","June 2021",2021-06-22 18:00:00,5355,0.0388601019519394,3552.40753333333,3.71875,6,"June","yes"
"1237","June 2021",2021-06-22 18:15:00,5370,0.0384029037754684,3633.41977266667,3.72916666666667,6,"June","yes"
"1238","June 2021",2021-06-22 18:30:00,5385,0.0385085185122932,3702.75238266667,3.73958333333333,6,"June","yes"
"1239","June 2021",2021-06-22 18:45:00,5400,0.0375352558643291,3784.11497933333,3.75,6,"June","yes"
"1240","June 2021",2021-06-22 19:00:00,5415,0.0371337485035662,3872.22901333333,3.76041666666667,6,"June","yes"
"1241","June 2021",2021-06-22 19:15:00,5430,0.0366223337654701,3941.395632,3.77083333333333,6,"June","yes"
"1242","June 2021",2021-06-22 19:30:00,5445,0.0362122845773942,4001.48347733333,3.78125,6,"June","yes"
"1243","June 2021",2021-06-22 19:45:00,5460,0.0368329971330933,4068.15873333333,3.79166666666667,6,"June","yes"
"1244","June 2021",2021-06-22 20:00:00,5475,0.0366129863271817,4121.31135866667,3.80208333333333,6,"June","yes"
"1245","June 2021",2021-06-22 20:15:00,5490,0.0361797758198671,4182.49348,3.8125,6,"June","yes"
"1246","June 2021",2021-06-22 20:30:00,5505,0.03661765988273,4225.78302666667,3.82291666666667,6,"June","yes"
"1247","June 2021",2021-06-22 20:45:00,5520,0.0350977141089022,4284.83185,3.83333333333333,6,"June","yes"
"1248","June 2021",2021-06-22 21:00:00,5535,0.0349289933788355,4329.72262666667,3.84375,6,"June","yes"
"1249","June 2021",2021-06-22 21:15:00,5550,0.0361240838212008,4359.46048666667,3.85416666666667,6,"June","yes"
"1250","June 2021",2021-06-22 21:30:00,5565,0.0352348435293657,4405.09228666667,3.86458333333333,6,"June","yes"
"1251","June 2021",2021-06-22 21:45:00,5580,0.0346472763094307,4448.66706133333,3.875,6,"June","yes"
"1252","June 2021",2021-06-22 22:00:00,5595,0.0362587534709433,4488.35756933333,3.88541666666667,6,"June","yes"
"1253","June 2021",2021-06-22 22:15:00,5610,0.0358140027437432,4528.56357066667,3.89583333333333,6,"June","yes"
"1254","June 2021",2021-06-22 22:30:00,5625,0.0353493429913005,4554.239952,3.90625,6,"June","yes"
"1255","June 2021",2021-06-22 22:45:00,5640,0.0352028203255903,4592.945558,3.91666666666667,6,"June","yes"
"1256","June 2021",2021-06-22 23:00:00,5655,0.0351388220153449,4613.26773333333,3.92708333333333,6,"June","yes"
"1257","June 2021",2021-06-22 23:15:00,5670,0.0358463305637875,4646.276304,3.9375,6,"June","yes"
"1258","June 2021",2021-06-22 23:30:00,5685,0.0359665456895575,4687.54190933333,3.94791666666667,6,"June","yes"
"1259","June 2021",2021-06-22 23:45:00,5700,0.0347334753015734,4699.306672,3.95833333333333,6,"June","yes"
"1260","June 2021",2021-06-23,5715,0.0353080996271403,4742.75563466667,3.96875,6,"June","yes"
"1261","June 2021",2021-06-23 00:15:00,5730,0.033324077459868,4769.10586666667,3.97916666666667,6,"June","yes"
"1262","June 2021",2021-06-23 00:30:00,5745,0.0351433911964682,4794.71345333333,3.98958333333333,6,"June","yes"
"1263","June 2021",2021-06-23 00:45:00,5760,0.0339978186165939,4818.05182666667,4,6,"June","yes"
"1264","June 2021",2021-06-23 01:00:00,5775,0.0334617866026331,4850.79142333333,4.01041666666667,6,"June","yes"
"1265","June 2021",2021-06-23 01:15:00,5790,0.0346926294763674,4865.28397333333,4.02083333333333,6,"June","yes"
"1266","June 2021",2021-06-23 01:30:00,5805,0.0346200801145119,4898.17060533333,4.03125,6,"June","yes"
"1267","June 2021",2021-06-23 01:45:00,5820,0.0339933322151874,4926.81947733333,4.04166666666667,6,"June","yes"
"1268","June 2021",2021-06-23 02:00:00,5835,0.0334929257321255,4948.630688,4.05208333333333,6,"June","yes"
"1269","July 2021",2021-06-29 23:00:00,15,0.0164364893080622,7678.70443995271,0.0104166666666667,6,"June","yes"
"1270","July 2021",2021-06-29 23:15:00,30,0.0164041807168092,7642.3527194541,0.0208333333333333,6,"June","yes"
"1271","July 2021",2021-06-29 23:30:00,45,0.0169019360349932,7568.14500877387,0.03125,6,"June","yes"
"1272","July 2021",2021-06-29 23:45:00,60,0.0172389032930431,7574.45512720641,0.0416666666666667,6,"June","yes"
"1273","July 2021",2021-06-30,75,0.0167766314539469,7501.24938518697,0.0520833333333333,6,"June","yes"
"1274","July 2021",2021-06-30 00:15:00,90,0.0175554764880084,7485.58910881736,0.0625,6,"June","yes"
"1275","July 2021",2021-06-30 00:30:00,105,0.0175707855131223,7462.65760576107,0.0729166666666667,6,"June","yes"
"1276","July 2021",2021-06-30 00:45:00,120,0.0171693697781137,7343.49711493915,0.0833333333333333,6,"June","yes"
"1277","July 2021",2021-06-30 01:00:00,135,0.0175218254257029,7230.16079035328,0.09375,6,"June","yes"
"1278","July 2021",2021-06-30 01:15:00,150,0.0175095984915503,7096.52392365392,0.104166666666667,6,"June","yes"
"1279","July 2021",2021-06-30 01:30:00,165,0.0182556154028241,6897.63164997218,0.114583333333333,6,"June","yes"
"1280","July 2021",2021-06-30 01:45:00,180,0.0181992396219601,6881.99376743823,0.125,6,"June","yes"
"1281","July 2021",2021-06-30 02:00:00,195,0.0172904088756333,6815.56572101779,0.135416666666667,6,"June","yes"
"1282","July 2021",2021-06-30 02:15:00,210,0.0185675771332574,6755.53588405488,0.145833333333333,6,"June","yes"
"1283","July 2021",2021-06-30 02:30:00,225,0.0191526762147642,6769.33231925235,0.15625,6,"June","yes"
"1284","July 2021",2021-06-30 02:45:00,240,0.0196764961322103,6664.33483356177,0.166666666666667,6,"June","yes"
"1285","July 2021",2021-06-30 03:00:00,255,0.0201355601375074,6538.85057856798,0.177083333333333,6,"June","yes"
"1286","July 2021",2021-06-30 03:15:00,270,0.0200193729910474,6471.3016022052,0.1875,6,"June","yes"
"1287","July 2021",2021-06-30 03:30:00,285,0.020039262321831,6359.3458779277,0.197916666666667,6,"June","yes"
"1288","July 2021",2021-06-30 03:45:00,300,0.0203356706016484,6239.23402242282,0.208333333333333,6,"June","yes"
"1289","July 2021",2021-06-30 04:00:00,315,0.0212885305676107,6193.06569808804,0.21875,6,"June","yes"
"1290","July 2021",2021-06-30 04:15:00,330,0.0218635692202607,6005.71455497948,0.229166666666667,6,"June","yes"
"1291","July 2021",2021-06-30 04:30:00,345,0.0223555500424432,5892.28127974805,0.239583333333333,6,"June","yes"
"1292","July 2021",2021-06-30 04:45:00,360,0.0237159310678424,5840.0092111977,0.25,6,"June","yes"
"1293","July 2021",2021-06-30 05:00:00,375,0.0236683692126856,5786.4382548847,0.260416666666667,6,"June","yes"
"1294","July 2021",2021-06-30 05:15:00,390,0.024701260930575,5792.03054721204,0.270833333333333,6,"June","yes"
"1295","July 2021",2021-06-30 05:30:00,405,0.024618889298464,5671.25637868405,0.28125,6,"June","yes"
"1296","July 2021",2021-06-30 05:45:00,420,0.0259596946571796,5512.33546922822,0.291666666666667,6,"June","yes"
"1297","July 2021",2021-06-30 06:00:00,435,0.0270522187912523,5354.66892903931,0.302083333333333,6,"June","yes"
"1298","July 2021",2021-06-30 06:15:00,450,0.0271075183602337,5291.99513547724,0.3125,6,"June","yes"
"1299","July 2021",2021-06-30 06:30:00,465,0.0274167899257321,5252.44489017326,0.322916666666667,6,"June","yes"
"1300","July 2021",2021-06-30 06:45:00,480,0.0280131112331279,5130.84375980727,0.333333333333333,6,"June","yes"
"1301","July 2021",2021-06-30 07:00:00,495,0.0286330002958207,5002.32855872014,0.34375,6,"June","yes"
"1302","July 2021",2021-06-30 07:15:00,510,0.0300547075246145,4901.7673938051,0.354166666666667,6,"June","yes"
"1303","July 2021",2021-06-30 07:30:00,525,0.0312062590076033,4795.11403043233,0.364583333333333,6,"June","yes"
"1304","July 2021",2021-06-30 07:45:00,540,0.0335196291750573,4702.9411764479,0.375,6,"June","yes"
"1305","July 2021",2021-06-30 08:00:00,555,0.0358694316795954,4553.34400278882,0.385416666666667,6,"June","yes"
"1306","July 2021",2021-06-30 08:15:00,570,0.0355145814739116,4476.81444070229,0.395833333333333,6,"June","yes"
"1307","July 2021",2021-06-30 08:30:00,585,0.0377915590824721,4409.37134234197,0.40625,6,"June","yes"
"1308","July 2021",2021-06-30 08:45:00,600,0.0390583312725229,4310.81198814866,0.416666666666667,6,"June","yes"
"1309","July 2021",2021-06-30 09:00:00,615,0.0405304655052827,4243.19948993918,0.427083333333333,6,"June","yes"
"1310","July 2021",2021-06-30 09:15:00,630,0.0444157287247906,4117.85898731589,0.4375,6,"June","yes"
"1311","July 2021",2021-06-30 09:30:00,645,0.0467848117291006,4051.72576696043,0.447916666666667,6,"June","yes"
"1312","July 2021",2021-06-30 09:45:00,660,0.0435328496354503,3919.772883793,0.458333333333333,6,"June","yes"
"1313","July 2021",2021-06-30 10:00:00,675,0.043584216601546,3863.15895982593,0.46875,6,"June","yes"
"1314","July 2021",2021-06-30 10:15:00,690,0.0460671298961095,3835.65060059506,0.479166666666667,6,"June","yes"
"1315","July 2021",2021-06-30 10:30:00,705,0.0485315775122745,3741.57816228361,0.489583333333333,6,"June","yes"
"1316","July 2021",2021-06-30 10:45:00,720,0.0502239282537549,3683.68435399652,0.5,6,"June","yes"
"1317","July 2021",2021-06-30 11:00:00,735,0.0527580137461981,3551.40322411517,0.510416666666667,6,"June","yes"
"1318","July 2021",2021-06-30 11:15:00,750,0.0528320451518526,3515.92256756736,0.520833333333333,6,"June","yes"
"1319","July 2021",2021-06-30 11:30:00,765,0.0548692313762205,3509.10915379948,0.53125,6,"June","yes"
"1320","July 2021",2021-06-30 11:45:00,780,0.056994858553696,3516.98085296026,0.541666666666667,6,"June","yes"
"1321","July 2021",2021-06-30 12:00:00,795,0.056840760021328,3495.36418816063,0.552083333333333,6,"June","yes"
"1322","July 2021",2021-06-30 12:15:00,810,0.0603492480491179,3446.05732852076,0.5625,6,"June","yes"
"1323","July 2021",2021-06-30 12:30:00,825,0.0598673131090062,3410.33253517688,0.572916666666667,6,"June","yes"
"1324","July 2021",2021-06-30 12:45:00,840,0.0637736747342103,3404.20646573623,0.583333333333333,6,"June","yes"
"1325","July 2021",2021-06-30 13:00:00,855,0.0623409332277666,3339.62893164498,0.59375,6,"June","yes"
"1326","July 2021",2021-06-30 13:15:00,870,0.0633213564966332,3363.8461337871,0.604166666666667,6,"June","yes"
"1327","July 2021",2021-06-30 13:30:00,885,0.0676414109507071,3291.55687659824,0.614583333333333,6,"June","yes"
"1328","July 2021",2021-06-30 13:45:00,900,0.0667035209775277,3271.26203531005,0.625,6,"June","yes"
"1329","July 2021",2021-06-30 14:00:00,915,0.0667421937785021,3250.36986477864,0.635416666666667,6,"June","yes"
"1330","July 2021",2021-06-30 14:15:00,930,0.0659069202627212,3199.62754795492,0.645833333333333,6,"June","yes"
"1331","July 2021",2021-06-30 14:30:00,945,0.0634907770662476,3201.1521250404,0.65625,6,"June","yes"
"1332","July 2021",2021-06-30 14:45:00,960,0.0648737797167499,3179.36825324531,0.666666666666667,6,"June","yes"
"1333","July 2021",2021-06-30 15:00:00,975,0.0657213443593293,3144.52586798512,0.677083333333333,6,"June","yes"
"1334","July 2021",2021-06-30 15:15:00,990,0.0674403183934033,3077.80742028595,0.6875,6,"June","yes"
"1335","July 2021",2021-06-30 15:30:00,1005,0.0654211677783546,2974.666001706,0.697916666666667,6,"June","yes"
"1336","July 2021",2021-06-30 15:45:00,1020,0.0625463400202869,2933.56292976049,0.708333333333333,6,"June","yes"
"1337","July 2021",2021-06-30 16:00:00,1035,0.064740482790914,2958.59551675638,0.71875,6,"June","yes"
"1338","July 2021",2021-06-30 16:15:00,1050,0.0636227135254394,2892.64749941388,0.729166666666667,6,"June","yes"
"1339","July 2021",2021-06-30 16:30:00,1065,0.0611282842244762,2893.44661929444,0.739583333333333,6,"June","yes"
"1340","July 2021",2021-06-30 16:45:00,1080,0.0612637716415605,2833.6317410093,0.75,6,"June","yes"
"1341","July 2021",2021-06-30 17:00:00,1095,0.0601659942941935,2824.6296130464,0.760416666666667,6,"June","yes"
"1342","July 2021",2021-06-30 17:15:00,1110,0.0586683981390185,2794.6035959587,0.770833333333333,6,"June","yes"
"1343","July 2021",2021-06-30 17:30:00,1125,0.0607473080584685,2817.3926019586,0.78125,6,"June","yes"
"1344","July 2021",2021-06-30 17:45:00,1140,0.0592480883109301,2816.14698707566,0.791666666666667,6,"June","yes"
"1345","July 2021",2021-06-30 18:00:00,1155,0.0598794887997388,2851.6913609312,0.802083333333333,6,"June","yes"
"1346","July 2021",2021-06-30 18:15:00,1170,0.0598003702042419,2960.96389103762,0.8125,6,"June","yes"
"1347","July 2021",2021-06-30 18:30:00,1185,0.0582836132502914,3018.15362831034,0.822916666666667,6,"June","yes"
"1348","July 2021",2021-06-30 18:45:00,1200,0.0583736769653225,3082.305204426,0.833333333333333,6,"June","yes"
"1349","July 2021",2021-06-30 19:00:00,1215,0.0539318712156082,3138.9437789332,0.84375,6,"June","yes"
"1350","July 2021",2021-06-30 19:15:00,1230,0.058548008896567,3212.86499018254,0.854166666666667,6,"June","yes"
"1351","July 2021",2021-06-30 19:30:00,1245,0.0589518280234564,3217.39400107786,0.864583333333333,6,"June","yes"
"1352","July 2021",2021-06-30 19:45:00,1260,0.0597395473733106,3161.30473445472,0.875,6,"June","yes"
"1353","July 2021",2021-06-30 20:00:00,1275,0.0633903508987157,3225.14026015473,0.885416666666667,6,"June","yes"
"1354","July 2021",2021-06-30 20:15:00,1290,0.0633088163133936,3258.70440604732,0.895833333333333,6,"June","yes"
"1355","July 2021",2021-06-30 20:30:00,1305,0.0657469246760315,3278.74094288322,0.90625,6,"June","yes"
"1356","July 2021",2021-06-30 20:45:00,1320,0.0646009931544985,3281.98919889939,0.916666666666667,6,"June","yes"
"1357","July 2021",2021-06-30 21:00:00,1335,0.0664074208256877,3322.46487704193,0.927083333333333,6,"June","yes"
"1358","July 2021",2021-06-30 21:15:00,1350,0.0694851445255249,3297.18385521382,0.9375,6,"June","yes"
"1359","July 2021",2021-06-30 21:30:00,1365,0.07152191162807,3268.77525556406,0.947916666666667,6,"June","yes"
"1360","July 2021",2021-06-30 21:45:00,1380,0.0720912884010377,3318.05143984333,0.958333333333333,6,"June","yes"
"1361","July 2021",2021-06-30 22:00:00,1395,0.0747682336119754,3346.74990644287,0.96875,6,"June","yes"
"1362","July 2021",2021-06-30 22:15:00,1410,0.075124444220984,3387.92728894002,0.979166666666667,6,"June","yes"
"1363","July 2021",2021-06-30 22:30:00,1425,0.0766204880986984,3412.70875632518,0.989583333333333,6,"June","yes"
"1364","July 2021",2021-06-30 22:45:00,1440,0.0916507718886733,3350.681201491,1,6,"June","yes"
"1365","July 2021",2021-06-30 23:00:00,1455,0.0916811998902691,3406.03779617156,1.01041666666667,6,"June","yes"
"1366","July 2021",2021-06-30 23:15:00,1470,0.0921687598867938,3397.82514196716,1.02083333333333,6,"June","yes"
"1367","July 2021",2021-06-30 23:30:00,1485,0.0946653331535212,3426.86314427332,1.03125,6,"June","yes"
"1368","July 2021",2021-06-30 23:45:00,1500,0.0913240014996001,3433.69696981608,1.04166666666667,6,"June","yes"
"1369","July 2021",2021-07-01,1515,0.0952696532229205,3401.4496505002,1.05208333333333,7,"July","yes"
"1370","July 2021",2021-07-01 00:15:00,1530,0.102991614298555,3326.04653808806,1.0625,7,"July","yes"
"1371","July 2021",2021-07-01 00:30:00,1545,0.0983053376992549,3325.23042676468,1.07291666666667,7,"July","yes"
"1372","July 2021",2021-07-01 00:45:00,1560,0.0997780546978847,3388.91981779638,1.08333333333333,7,"July","yes"
"1373","July 2021",2021-07-01 01:00:00,1575,0.105332069965237,3403.24512827995,1.09375,7,"July","yes"
"1374","July 2021",2021-07-01 01:15:00,1590,0.102636434497233,3380.58175762732,1.10416666666667,7,"July","yes"
"1375","July 2021",2021-07-01 01:30:00,1605,0.101141991258574,3367.25445313088,1.11458333333333,7,"July","yes"
"1376","July 2021",2021-07-01 01:45:00,1620,0.0999927770398771,3372.98956803844,1.125,7,"July","yes"
"1377","July 2021",2021-07-01 02:00:00,1635,0.099627096773703,3407.37815075949,1.13541666666667,7,"July","yes"
"1378","July 2021",2021-07-01 02:15:00,1650,0.103072425322663,3332.85421250737,1.14583333333333,7,"July","yes"
"1379","July 2021",2021-07-01 02:30:00,1665,0.104353582003166,3375.92649381727,1.15625,7,"July","yes"
"1380","July 2021",2021-07-01 02:45:00,1680,0.10363091315232,3374.74814363642,1.16666666666667,7,"July","yes"
"1381","July 2021",2021-07-01 03:00:00,1695,0.097384750851749,3360.95232212941,1.17708333333333,7,"July","yes"
"1382","July 2021",2021-07-01 03:15:00,1710,0.102289938977796,3390.25434800245,1.1875,7,"July","yes"
"1383","July 2021",2021-07-01 03:30:00,1725,0.0980846186350227,3398.00245977724,1.19791666666667,7,"July","yes"
"1384","July 2021",2021-07-01 03:45:00,1740,0.0994365819113586,3405.57997801385,1.20833333333333,7,"July","yes"
"1385","July 2021",2021-07-01 04:00:00,1755,0.101638881276612,3434.26301643769,1.21875,7,"July","yes"
"1386","July 2021",2021-07-01 04:15:00,1770,0.0987317345845917,3435.2320960617,1.22916666666667,7,"July","yes"
"1387","July 2021",2021-07-01 04:30:00,1785,0.0981555360735622,3389.74352697257,1.23958333333333,7,"July","yes"
"1388","July 2021",2021-07-01 04:45:00,1800,0.0961954639009465,3411.2932800015,1.25,7,"July","yes"
"1389","July 2021",2021-07-01 05:00:00,1815,0.0997542113835514,3381.4682127124,1.26041666666667,7,"July","yes"
"1390","July 2021",2021-07-01 05:15:00,1830,0.0980688628033542,3301.66402884094,1.27083333333333,7,"July","yes"
"1391","July 2021",2021-07-01 05:30:00,1845,0.0963046874205132,3323.00930860226,1.28125,7,"July","yes"
"1392","July 2021",2021-07-01 05:45:00,1860,0.0904530532359756,3323.84676751121,1.29166666666667,7,"July","yes"
"1393","July 2021",2021-07-01 06:00:00,1875,0.0950912493300887,3323.20981620707,1.30208333333333,7,"July","yes"
"1394","July 2021",2021-07-01 06:15:00,1890,0.0947117486391138,3270.18322436,1.3125,7,"July","yes"
"1395","July 2021",2021-07-01 06:30:00,1905,0.0912556842602947,3203.55027200111,1.32291666666667,7,"July","yes"
"1396","July 2021",2021-07-01 06:45:00,1920,0.0886119839529655,3187.46081665556,1.33333333333333,7,"July","yes"
"1397","July 2021",2021-07-01 07:00:00,1935,0.0918867258311221,3150.37215466142,1.34375,7,"July","yes"
"1398","July 2021",2021-07-01 07:15:00,1950,0.0909599491421982,3129.68837976406,1.35416666666667,7,"July","yes"
"1399","July 2021",2021-07-01 07:30:00,1965,0.0895864320938882,3107.86196549003,1.36458333333333,7,"July","yes"
"1400","July 2021",2021-07-01 07:45:00,1980,0.0913088176005186,3042.99647334488,1.375,7,"July","yes"
"1401","July 2021",2021-07-01 08:00:00,1995,0.089624021296026,3042.66675402092,1.38541666666667,7,"July","yes"
"1402","July 2021",2021-07-01 08:15:00,2010,0.0872199756047529,2964.38923426114,1.39583333333333,7,"July","yes"
"1403","July 2021",2021-07-01 08:30:00,2025,0.090120965376406,2979.9254931467,1.40625,7,"July","yes"
"1404","July 2021",2021-07-01 08:45:00,2040,0.0881491945973808,2901.9152983168,1.41666666666667,7,"July","yes"
"1405","July 2021",2021-07-01 09:00:00,2055,0.0894436677256658,2871.815076182,1.42708333333333,7,"July","yes"
"1406","July 2021",2021-07-01 09:15:00,2070,0.0920848651357613,2828.35187032987,1.4375,7,"July","yes"
"1407","July 2021",2021-07-01 09:30:00,2085,0.0940321686944917,2800.5033682158,1.44791666666667,7,"July","yes"
"1408","July 2021",2021-07-01 09:45:00,2100,0.097416149960846,2750.17651415373,1.45833333333333,7,"July","yes"
"1409","July 2021",2021-07-01 10:00:00,2115,0.0922374304940595,2736.4279980989,1.46875,7,"July","yes"
"1410","July 2021",2021-07-01 10:15:00,2130,0.0973141219970412,2686.7151549177,1.47916666666667,7,"July","yes"
"1411","July 2021",2021-07-01 10:30:00,2145,0.0970083698788781,2680.05636722409,1.48958333333333,7,"July","yes"
"1412","July 2021",2021-07-01 10:45:00,2160,0.0965077012398348,2622.75666045205,1.5,7,"July","yes"
"1413","July 2021",2021-07-01 11:00:00,2175,0.0979349910757687,2615.83560234815,1.51041666666667,7,"July","yes"
"1414","July 2021",2021-07-01 11:15:00,2190,0.0990402812543665,2566.64213169168,1.52083333333333,7,"July","yes"
"1415","July 2021",2021-07-01 11:30:00,2205,0.102886608882502,2530.77015747046,1.53125,7,"July","yes"
"1416","July 2021",2021-07-01 11:45:00,2220,0.100446863060839,2539.63034076465,1.54166666666667,7,"July","yes"
"1417","July 2021",2021-07-01 12:00:00,2235,0.0978798949074087,2512.32890925261,1.55208333333333,7,"July","yes"
"1418","July 2021",2021-07-01 12:15:00,2250,0.104304781283848,2479.11233738859,1.5625,7,"July","yes"
"1419","July 2021",2021-07-01 12:30:00,2265,0.0982974504584326,2452.68987024626,1.57291666666667,7,"July","yes"
"1420","July 2021",2021-07-01 12:45:00,2280,0.101302140940293,2427.0852540115,1.58333333333333,7,"July","yes"
"1421","July 2021",2021-07-01 13:00:00,2295,0.100151984407039,2395.1590785619,1.59375,7,"July","yes"
"1422","July 2021",2021-07-01 13:15:00,2310,0.101037964148259,2377.62020966204,1.60416666666667,7,"July","yes"
"1423","July 2021",2021-07-01 13:30:00,2325,0.0990719552052102,2344.97781838398,1.61458333333333,7,"July","yes"
"1424","July 2021",2021-07-01 13:45:00,2340,0.0970632118186241,2318.75690313662,1.625,7,"July","yes"
"1425","July 2021",2021-07-01 14:00:00,2355,0.0975967964314499,2313.90736591742,1.63541666666667,7,"July","yes"
"1426","July 2021",2021-07-01 14:15:00,2370,0.095308459581363,2272.8125640047,1.64583333333333,7,"July","yes"
"1427","July 2021",2021-07-01 14:30:00,2385,0.0906949695454453,2245.27520720331,1.65625,7,"July","yes"
"1428","July 2021",2021-07-01 14:45:00,2400,0.0871680905041264,2297.37183436355,1.66666666666667,7,"July","yes"
"1429","July 2021",2021-07-01 15:00:00,2415,0.087791769852371,2232.4514217467,1.67708333333333,7,"July","yes"
"1430","July 2021",2021-07-01 15:15:00,2430,0.0832138486670584,2219.83904969042,1.6875,7,"July","yes"
"1431","July 2021",2021-07-01 15:30:00,2445,0.0838226865610132,2221.7147105737,1.69791666666667,7,"July","yes"
"1432","July 2021",2021-07-01 15:45:00,2460,0.0802965766987367,2216.36818410866,1.70833333333333,7,"July","yes"
"1433","July 2021",2021-07-01 16:00:00,2475,0.0782720188370314,2218.67760206608,1.71875,7,"July","yes"
"1434","July 2021",2021-07-01 16:15:00,2490,0.0789391846557812,2192.0220016884,1.72916666666667,7,"July","yes"
"1435","July 2021",2021-07-01 16:30:00,2505,0.0756535349323022,2186.86820850613,1.73958333333333,7,"July","yes"
"1436","July 2021",2021-07-01 16:45:00,2520,0.07592225605149,2188.31551404928,1.75,7,"July","yes"
"1437","July 2021",2021-07-01 17:00:00,2535,0.0748503575339949,2225.22153647282,1.76041666666667,7,"July","yes"
"1438","July 2021",2021-07-01 17:15:00,2550,0.0712080947166741,2240.28466114638,1.77083333333333,7,"July","yes"
"1439","July 2021",2021-07-01 17:30:00,2565,0.0688873373873199,2262.11823410325,1.78125,7,"July","yes"
"1440","July 2021",2021-07-01 17:45:00,2580,0.067686862464127,2283.60174070755,1.79166666666667,7,"July","yes"
"1441","July 2021",2021-07-01 18:00:00,2595,0.0680836185355771,2334.13759002515,1.80208333333333,7,"July","yes"
"1442","July 2021",2021-07-01 18:15:00,2610,0.0661890091735952,2421.59741427398,1.8125,7,"July","yes"
"1443","July 2021",2021-07-01 18:30:00,2625,0.0650771763011186,2493.85748099301,1.82291666666667,7,"July","yes"
"1444","July 2021",2021-07-01 18:45:00,2640,0.0651471712580348,2558.76933792611,1.83333333333333,7,"July","yes"
"1445","July 2021",2021-07-01 19:00:00,2655,0.0609622206504744,2639.586017772,1.84375,7,"July","yes"
"1446","July 2021",2021-07-01 19:15:00,2670,0.0619435841449317,2719.53396049216,1.85416666666667,7,"July","yes"
"1447","July 2021",2021-07-01 19:30:00,2685,0.0606185528924877,2777.03070820965,1.86458333333333,7,"July","yes"
"1448","July 2021",2021-07-01 19:45:00,2700,0.0593631761153201,2827.34131062663,1.875,7,"July","yes"
"1449","July 2021",2021-07-01 20:00:00,2715,0.0584157318928303,2870.58504494188,1.88541666666667,7,"July","yes"
"1450","July 2021",2021-07-01 20:15:00,2730,0.0583076230427298,2942.986078182,1.89583333333333,7,"July","yes"
"1451","July 2021",2021-07-01 20:30:00,2745,0.0580917233736917,2963.6164516275,1.90625,7,"July","yes"
"1452","July 2021",2021-07-01 20:45:00,2760,0.0592480883109306,3005.80335890004,1.91666666666667,7,"July","yes"
"1453","July 2021",2021-07-01 21:00:00,2775,0.0589156052403333,3004.83833889193,1.92708333333333,7,"July","yes"
"1454","July 2021",2021-07-01 21:15:00,2790,0.0561559382501843,3033.4086396935,1.9375,7,"July","yes"
"1455","July 2021",2021-07-01 21:30:00,2805,0.0574346572967352,3083.73673889632,1.94791666666667,7,"July","yes"
"1456","July 2021",2021-07-01 21:45:00,2820,0.056562758588568,3105.32983282225,1.95833333333333,7,"July","yes"
"1457","July 2021",2021-07-01 22:00:00,2835,0.0559443025545209,3126.16411927414,1.96875,7,"July","yes"
"1458","July 2021",2021-07-01 22:15:00,2850,0.0557389521649308,3154.9564807992,1.97916666666667,7,"July","yes"
"1459","July 2021",2021-07-01 22:30:00,2865,0.05347787819249,3176.27471515965,1.98958333333333,7,"July","yes"
"1460","July 2021",2021-07-01 22:45:00,2880,0.0558445108762594,3206.26320773098,2,7,"July","yes"
"1461","July 2021",2021-07-01 23:00:00,2895,0.0524737928988796,3242.39522861884,2.01041666666667,7,"July","yes"
"1462","July 2021",2021-07-01 23:15:00,2910,0.0538455129562607,3271.05201438478,2.02083333333333,7,"July","yes"
"1463","July 2021",2021-07-01 23:30:00,2925,0.0551078261151067,3299.00229017282,2.03125,7,"July","yes"
"1464","July 2021",2021-07-01 23:45:00,2940,0.0514629882404873,3349.6624299985,2.04166666666667,7,"July","yes"
"1465","July 2021",2021-07-02,2955,0.053185878732278,3341.64907266529,2.05208333333333,7,"July","yes"
"1466","July 2021",2021-07-02 00:15:00,2970,0.0532602291506726,3363.5154615743,2.0625,7,"July","yes"
"1467","July 2021",2021-07-02 00:30:00,2985,0.0520433438089085,3400.31529843538,2.07291666666667,7,"July","yes"
"1468","July 2021",2021-07-02 00:45:00,3000,0.0546659881066846,3414.75473785133,2.08333333333333,7,"July","yes"
"1469","July 2021",2021-07-02 01:00:00,3015,0.051761184274685,3392.78004540188,2.09375,7,"July","yes"
"1470","July 2021",2021-07-02 01:15:00,3030,0.0522017104423434,3399.36522289944,2.10416666666667,7,"July","yes"
"1471","July 2021",2021-07-02 01:30:00,3045,0.0521847303190397,3419.89983807673,2.11458333333333,7,"July","yes"
"1472","July 2021",2021-07-02 01:45:00,3060,0.0518119126238188,3440.75950736328,2.125,7,"July","yes"
"1473","July 2021",2021-07-02 02:00:00,3075,0.0493079608483887,3432.51608917518,2.13541666666667,7,"July","yes"
"1474","July 2021",2021-07-02 02:15:00,3090,0.0507800675083292,3431.70844427997,2.14583333333333,7,"July","yes"
"1475","July 2021",2021-07-02 02:30:00,3105,0.0500300525070651,3452.502287536,2.15625,7,"July","yes"
"1476","July 2021",2021-07-02 02:45:00,3120,0.0493189429406816,3466.30090219108,2.16666666666667,7,"July","yes"
"1477","July 2021",2021-07-02 03:00:00,3135,0.0499415570888547,3465.62828702475,2.17708333333333,7,"July","yes"
"1478","July 2021",2021-07-02 03:15:00,3150,0.0490995497611653,3472.48716910658,2.1875,7,"July","yes"
"1479","July 2021",2021-07-02 03:30:00,3165,0.0477995842769335,3472.22219104506,2.19791666666667,7,"July","yes"
"1480","July 2021",2021-07-02 03:45:00,3180,0.048935348428711,3522.98165723138,2.20833333333333,7,"July","yes"
"1481","July 2021",2021-07-02 04:00:00,3195,0.0480754142082761,3522.22061689699,2.21875,7,"July","yes"
"1482","July 2021",2021-07-02 04:15:00,3210,0.0467101083328448,3492.18862727926,2.22916666666667,7,"July","yes"
"1483","July 2021",2021-07-02 04:30:00,3225,0.0478698130507148,3520.41429156552,2.23958333333333,7,"July","yes"
"1484","July 2021",2021-07-02 04:45:00,3240,0.0462685410258139,3482.47038942157,2.25,7,"July","yes"
"1485","July 2021",2021-07-02 05:00:00,3255,0.0464225673871019,3524.90165410751,2.26041666666667,7,"July","yes"
"1486","July 2021",2021-07-02 05:15:00,3270,0.0469611520438159,3502.54698028552,2.27083333333333,7,"July","yes"
"1487","July 2021",2021-07-02 05:30:00,3285,0.0470628429490473,3515.90267563531,2.28125,7,"July","yes"
"1488","July 2021",2021-07-02 05:45:00,3300,0.045834507264453,3522.39140771919,2.29166666666667,7,"July","yes"
"1489","July 2021",2021-07-02 06:00:00,3315,0.0469772006499155,3507.68232040912,2.30208333333333,7,"July","yes"
"1490","July 2021",2021-07-02 06:15:00,3330,0.0462048864691317,3536.43074560608,2.3125,7,"July","yes"
"1491","July 2021",2021-07-02 06:30:00,3345,0.0463322426982232,3572.42989293717,2.32291666666667,7,"July","yes"
"1492","July 2021",2021-07-02 06:45:00,3360,0.0467954888779327,3550.42652992,2.33333333333333,7,"July","yes"
"1493","July 2021",2021-07-02 07:00:00,3375,0.0455656691108147,3572.14605807962,2.34375,7,"July","yes"
"1494","July 2021",2021-07-02 07:15:00,3390,0.0460512491397907,3536.06667450011,2.35416666666667,7,"July","yes"
"1495","July 2021",2021-07-02 07:30:00,3405,0.044110028579589,3499.73733169914,2.36458333333333,7,"July","yes"
"1496","July 2021",2021-07-02 07:45:00,3420,0.0456499188784334,3471.06437228498,2.375,7,"July","yes"
"1497","July 2021",2021-07-02 08:00:00,3435,0.0458926035369181,3428.02520163293,2.38541666666667,7,"July","yes"
"1498","July 2021",2021-07-02 08:15:00,3450,0.0450933248764501,3392.03650665632,2.39583333333333,7,"July","yes"
"1499","July 2021",2021-07-02 08:30:00,3465,0.0452609658584219,3327.95163679874,2.40625,7,"July","yes"
"1500","July 2021",2021-07-02 08:45:00,3480,0.0450985585856519,3314.23752397692,2.41666666666667,7,"July","yes"
"1501","July 2021",2021-07-02 09:00:00,3495,0.0458926035369181,3315.06438381955,2.42708333333333,7,"July","yes"
"1502","July 2021",2021-07-02 09:15:00,3510,0.0464917030105577,3243.79121061301,2.4375,7,"July","yes"
"1503","July 2021",2021-07-02 09:30:00,3525,0.0463906772877908,3210.28166369292,2.44791666666667,7,"July","yes"
"1504","July 2021",2021-07-02 10:00:00,3555,0.0468702655653209,3203.44690282393,2.46875,7,"July","yes"
"1505","July 2021",2021-07-02 10:15:00,3570,0.0473256435442816,3147.02056671605,2.47916666666667,7,"July","yes"
"1506","July 2021",2021-07-02 10:30:00,3585,0.051626038245247,3131.20261873191,2.48958333333333,7,"July","yes"
"1507","July 2021",2021-07-02 10:45:00,3600,0.0412552005906011,3150.7691069712,2.5,7,"July","yes"
"1508","July 2021",2021-07-02 11:00:00,3615,0.0377060186660371,3087.9173926272,2.51041666666667,7,"July","yes"
"1509","July 2021",2021-07-02 11:15:00,3630,0.0376822762528209,3033.34719553145,2.52083333333333,7,"July","yes"
"1510","July 2021",2021-07-02 11:30:00,3645,0.0381921493854103,3030.14236057397,2.53125,7,"July","yes"
"1511","July 2021",2021-07-02 11:45:00,3660,0.0391067633214002,3020.38398109797,2.54166666666667,7,"July","yes"
"1512","July 2021",2021-07-02 12:00:00,3675,0.0403183456777867,2981.77445954102,2.55208333333333,7,"July","yes"
"1513","July 2021",2021-07-02 12:15:00,3690,0.0406243855873357,2950.95693227608,2.5625,7,"July","yes"
"1514","July 2021",2021-07-02 12:30:00,3705,0.0399400148255947,2921.17242849663,2.57291666666667,7,"July","yes"
"1515","July 2021",2021-07-02 12:45:00,3720,0.0399155149616143,2933.08430808229,2.58333333333333,7,"July","yes"
"1516","July 2021",2021-07-02 13:00:00,3735,0.0406738646523894,2883.66127594776,2.59375,7,"July","yes"
"1517","July 2021",2021-07-02 13:15:00,3750,0.0407332827198706,2845.60062718924,2.60416666666667,7,"July","yes"
"1518","July 2021",2021-07-02 13:30:00,3765,0.0396612012755857,2814.5567529324,2.61458333333333,7,"July","yes"
"1519","July 2021",2021-07-02 13:45:00,3780,0.0398665397730951,2776.87338837749,2.625,7,"July","yes"
"1520","July 2021",2021-07-02 14:00:00,3795,0.038532543947069,2738.8220562694,2.63541666666667,7,"July","yes"
"1521","July 2021",2021-07-02 14:15:00,3810,0.0392522557835671,2737.32317054452,2.64583333333333,7,"July","yes"
"1522","July 2021",2021-07-02 14:30:00,3825,0.038110891202227,2729.74166228937,2.65625,7,"July","yes"
"1523","July 2021",2021-07-02 14:45:00,3840,0.037091374361936,2744.03135767124,2.66666666666667,7,"July","yes"
"1524","July 2021",2021-07-02 15:00:00,3855,0.038657608066502,2728.15206116997,2.67708333333333,7,"July","yes"
"1525","July 2021",2021-07-02 15:15:00,3870,0.0380011041688484,2735.38457173228,2.6875,7,"July","yes"
"1526","July 2021",2021-07-02 15:30:00,3885,0.0370866677599398,2712.37645432,2.69791666666667,7,"July","yes"
"1527","July 2021",2021-07-02 15:45:00,3900,0.036240161987213,2755.84054189927,2.70833333333333,7,"July","yes"
"1528","July 2021",2021-07-02 16:00:00,3915,0.0361008927274403,2724.0240554735,2.71875,7,"July","yes"
"1529","July 2021",2021-07-02 16:15:00,3930,0.0369926044304537,2775.2828133184,2.72916666666667,7,"July","yes"
"1530","July 2021",2021-07-02 16:30:00,3945,0.0369973044885989,2773.67682228489,2.73958333333333,7,"July","yes"
"1531","July 2021",2021-07-02 16:45:00,3960,0.0345068894227962,2786.32646924924,2.75,7,"July","yes"
"1532","July 2021",2021-07-02 17:00:00,3975,0.0352806187746981,2815.249018582,2.76041666666667,7,"July","yes"
"1533","July 2021",2021-07-02 17:15:00,3990,0.0358278555606066,2857.6554660808,2.77083333333333,7,"July","yes"
"1534","July 2021",2021-07-02 17:30:00,4005,0.0356019616311777,2922.67158193075,2.78125,7,"July","yes"
"1535","July 2021",2021-07-02 17:45:00,4020,0.0355927581576128,2935.89324919625,2.79166666666667,7,"July","yes"
"1536","July 2021",2021-07-02 18:00:00,4035,0.0363145593326184,2999.50564889612,2.80208333333333,7,"July","yes"
"1537","July 2021",2021-07-02 18:15:00,4050,0.0352485726674436,3034.80342599041,2.8125,7,"July","yes"
"1538","July 2021",2021-07-02 18:30:00,4065,0.0360684389382627,3107.73118445231,2.82291666666667,7,"July","yes"
"1539","July 2021",2021-07-02 18:45:00,4080,0.0367111997041276,3172.3229973137,2.83333333333333,7,"July","yes"
"1540","July 2021",2021-07-02 19:00:00,4095,0.0353080996271403,3170.8355618849,2.84375,7,"July","yes"
"1541","July 2021",2021-07-02 19:15:00,4110,0.0352989380342225,3229.81008475934,2.85416666666667,7,"July","yes"
"1542","July 2021",2021-07-02 19:30:00,4125,0.0357263366201842,3272.90135170796,2.86458333333333,7,"July","yes"
"1543","July 2021",2021-07-02 19:45:00,4140,0.0351799564243847,3308.19053061034,2.875,7,"July","yes"
"1544","July 2021",2021-07-02 20:00:00,4155,0.0359202829273186,3328.95662112047,2.88541666666667,7,"July","yes"
"1545","July 2021",2021-07-02 20:15:00,4170,0.0357863059442148,3334.33526948493,2.89583333333333,7,"July","yes"
"1546","July 2021",2021-07-02 20:30:00,4185,0.0364589425491182,3369.66733366694,2.90625,7,"July","yes"
"1547","July 2021",2021-07-02 20:45:00,4200,0.0347017040360653,3405.43001439264,2.91666666666667,7,"July","yes"
"1548","July 2021",2021-07-02 21:00:00,4215,0.0348425270703752,3426.08913699019,2.92708333333333,7,"July","yes"
"1549","July 2021",2021-07-02 21:15:00,4230,0.0354227299660965,3454.02885880612,2.9375,7,"July","yes"
"1550","July 2021",2021-07-02 21:30:00,4245,0.0347516375086714,3467.63191606774,2.94791666666667,7,"July","yes"
"1551","July 2021",2021-07-02 21:45:00,4260,0.034947211863053,3488.51004723461,2.95833333333333,7,"July","yes"
"1552","July 2021",2021-07-02 22:00:00,4275,0.0347879776281105,3487.63172998522,2.96875,7,"July","yes"
"1553","July 2021",2021-07-02 22:15:00,4290,0.0345159371527049,3494.03435693479,2.97916666666667,7,"July","yes"
"1554","July 2021",2021-07-02 22:30:00,4305,0.0350429447932403,3537.31701494383,2.98958333333333,7,"July","yes"
"1555","July 2021",2021-07-02 22:45:00,4320,0.0338409892469304,3551.19134900746,3,7,"July","yes"
"1556","July 2021",2021-07-02 23:00:00,4335,0.0343487660065775,3602.0235833405,3.01041666666667,7,"July","yes"
"1557","July 2021",2021-07-02 23:15:00,4350,0.0352851980987905,3594.46034175661,3.02083333333333,7,"July","yes"
"1558","July 2021",2021-07-02 23:30:00,4365,0.0342360661036948,3638.220014976,3.03125,7,"July","yes"
"1559","July 2021",2021-07-02 23:45:00,4380,0.0334128860769224,3667.54358839426,3.04166666666667,7,"July","yes"
"1560","July 2021",2021-07-03,4395,0.0341100849893417,3681.92852552347,3.05208333333333,7,"July","yes"
"1561","July 2021",2021-07-03 00:15:00,4410,0.0322467933892619,3703.93642360055,3.0625,7,"July","yes"
"1562","July 2021",2021-07-03 00:30:00,4425,0.0335018255709991,3717.89492252464,3.07291666666667,7,"July","yes"
"1563","July 2021",2021-07-03 00:45:00,4440,0.0340516809544937,3725.09263912724,3.08333333333333,7,"July","yes"
"1564","July 2021",2021-07-03 01:00:00,4455,0.0335864393152134,3761.68406073251,3.09375,7,"July","yes"
"1565","July 2021",2021-07-03 01:15:00,4470,0.0321684204529334,3761.71078613315,3.10416666666667,7,"July","yes"
"1566","July 2021",2021-07-03 01:30:00,4485,0.033107049467098,3785.25722430579,3.11458333333333,7,"July","yes"
"1567","July 2021",2021-07-03 01:45:00,4500,0.0325569648474341,3806.99225347679,3.125,7,"July","yes"
"1568","July 2021",2021-07-03 02:00:00,4515,0.0315452533362668,3814.22996489048,3.13541666666667,7,"July","yes"
"1569","July 2021",2021-07-03 02:15:00,4530,0.0326490217692676,3813.81993913239,3.14583333333333,7,"July","yes"
"1570","July 2021",2021-07-03 02:30:00,4545,0.0316788342905669,3842.76963030326,3.15625,7,"July","yes"
"1571","July 2021",2021-07-03 02:45:00,4560,0.0322555080371492,3849.42019286408,3.16666666666667,7,"July","yes"
"1572","July 2021",2021-07-03 03:00:00,4575,0.0319166065682662,3863.81739407786,3.17708333333333,7,"July","yes"
"1573","July 2021",2021-07-03 03:15:00,4590,0.0308268000959668,3893.17436365689,3.1875,7,"July","yes"
"1574","July 2021",2021-07-03 03:30:00,4605,0.0320858084727696,3885.80055998831,3.19791666666667,7,"July","yes"
"1575","July 2021",2021-07-03 03:45:00,4620,0.0313047428469813,3914.611623722,3.20833333333333,7,"July","yes"
"1576","July 2021",2021-07-03 04:00:00,4635,0.0320858084727696,3913.88875577581,3.21875,7,"July","yes"
"1577","July 2021",2021-07-03 04:15:00,4650,0.0321466690064143,3898.77825912913,3.22916666666667,7,"July","yes"
"1578","July 2021",2021-07-03 04:30:00,4665,0.0306359253340625,3912.68775016703,3.23958333333333,7,"July","yes"
"1579","July 2021",2021-07-03 04:45:00,4680,0.0305217185080839,3904.99246549297,3.25,7,"July","yes"
"1580","July 2021",2021-07-03 05:00:00,4695,0.0306952375925373,3903.69232093121,3.26041666666667,7,"July","yes"
"1581","July 2021",2021-07-03 05:15:00,4710,0.031304742846981,3917.85625989602,3.27083333333333,7,"July","yes"
"1582","July 2021",2021-07-03 05:30:00,4725,0.0312404946245293,3932.03345675874,3.28125,7,"July","yes"
"1583","July 2021",2021-07-03 05:45:00,4740,0.0300798482959042,3960.57374131989,3.29166666666667,7,"July","yes"
"1584","July 2021",2021-07-03 06:00:00,4755,0.0304204015712792,3952.96682489223,3.30208333333333,7,"July","yes"
"1585","July 2021",2021-07-03 06:15:00,4770,0.0307418850703148,3967.58707676011,3.3125,7,"July","yes"
"1586","July 2021",2021-07-03 06:30:00,4785,0.031189149051762,3995.99808705121,3.32291666666667,7,"July","yes"
"1587","July 2021",2021-07-03 06:45:00,4800,0.031713357836941,3995.36746935373,3.33333333333333,7,"July","yes"
"1588","July 2021",2021-07-03 07:00:00,4815,0.0312747511817789,3936.10489387159,3.34375,7,"July","yes"
"1589","July 2021",2021-07-03 07:15:00,4830,0.0297747690612746,3950.05041617732,3.35416666666667,7,"July","yes"
"1590","July 2021",2021-07-03 07:30:00,4845,0.0303276932719745,3913.08602966538,3.36458333333333,7,"July","yes"
"1591","July 2021",2021-07-03 07:45:00,4860,0.0301050008461256,3912.70846923815,3.375,7,"July","yes"
"1592","July 2021",2021-07-03 08:00:00,4875,0.0291204315177782,3861.87981196914,3.38541666666667,7,"July","yes"
"1593","July 2021",2021-07-03 08:15:00,4890,0.0304372746397116,3826.03179171928,3.39583333333333,7,"July","yes"
"1594","July 2021",2021-07-03 08:30:00,4905,0.0307546139807525,3775.43046689942,3.40625,7,"July","yes"
"1595","July 2021",2021-07-03 08:45:00,4920,0.0306486297050586,3752.63852398499,3.41666666666667,7,"July","yes"
"1596","July 2021",2021-07-03 09:00:00,4935,0.029600034192193,3709.41407439226,3.42708333333333,7,"July","yes"
"1597","July 2021",2021-07-03 09:15:00,4950,0.0302561635050256,3709.54802065386,3.4375,7,"July","yes"
"1598","July 2021",2021-07-03 09:30:00,4965,0.0305597609474798,3637.35016434185,3.44791666666667,7,"July","yes"
"1599","July 2021",2021-07-03 09:45:00,4980,0.0294714334357706,3601.89217201965,3.45833333333333,7,"July","yes"
"1600","July 2021",2021-07-03 10:00:00,4995,0.0313218881396188,3567.15002206311,3.46875,7,"July","yes"
"1601","July 2021",2021-07-03 10:15:00,5010,0.0298373142464782,3531.45891448245,3.47916666666667,7,"July","yes"
"1602","July 2021",2021-07-03 10:30:00,5025,0.0303445375474618,3467.89265500933,3.48958333333333,7,"July","yes"
"1603","July 2021",2021-07-03 10:45:00,5040,0.0303993175975723,3485.16836445452,3.5,7,"July","yes"
"1604","July 2021",2021-07-03 11:00:00,5055,0.0310567243959507,3437.35999539519,3.51041666666667,7,"July","yes"
"1605","July 2021",2021-07-03 11:15:00,5070,0.0316055412829395,3403.63829970208,3.52083333333333,7,"July","yes"
"1606","July 2021",2021-07-03 11:30:00,5085,0.0320250120688662,3362.01226048997,3.53125,7,"July","yes"
"1607","July 2021",2021-07-03 11:45:00,5100,0.0317608619048272,3398.90488718324,3.54166666666667,7,"July","yes"
"1608","July 2021",2021-07-03 12:00:00,5115,0.0321771233218893,3382.07139764068,3.55208333333333,7,"July","yes"
"1609","July 2021",2021-07-03 12:15:00,5130,0.0335953528961743,3332.95820423117,3.5625,7,"July","yes"
"1610","July 2021",2021-07-03 12:30:00,5145,0.0325569648474344,3339.70855432944,3.57291666666667,7,"July","yes"
"1611","July 2021",2021-07-03 12:45:00,5160,0.0344435919590037,3294.96413733669,3.58333333333333,7,"July","yes"
"1612","July 2021",2021-07-03 13:00:00,5175,0.0335908959420974,3281.52500492742,3.59375,7,"July","yes"
"1613","July 2021",2021-07-03 13:15:00,5190,0.0346699488029918,3229.93121139444,3.60416666666667,7,"July","yes"
"1614","July 2021",2021-07-03 13:30:00,5205,0.034024743896078,3184.3615236263,3.61458333333333,7,"July","yes"
"1615","July 2021",2021-07-03 13:45:00,5220,0.0337381481842993,3186.8368108304,3.625,7,"July","yes"
"1616","July 2021",2021-07-03 14:00:00,5235,0.0326227050679363,3150.67825283781,3.63541666666667,7,"July","yes"
"1617","July 2021",2021-07-03 14:15:00,5250,0.0326753502495316,3167.19724026577,3.64583333333333,7,"July","yes"
"1618","July 2021",2021-07-03 14:30:00,5265,0.0335285329402416,3139.32320685587,3.65625,7,"July","yes"
"1619","July 2021",2021-07-03 14:45:00,5280,0.0325613452384528,3124.51827496893,3.66666666666667,7,"July","yes"
"1620","July 2021",2021-07-03 15:00:00,5295,0.0332221093469734,3102.90206201938,3.67708333333333,7,"July","yes"
"1621","July 2021",2021-07-03 15:15:00,5310,0.0329525104453183,3095.13062847345,3.6875,7,"July","yes"
"1622","July 2021",2021-07-03 15:30:00,5325,0.0323689175577778,3123.3172984266,3.69791666666667,7,"July","yes"
"1623","July 2021",2021-07-03 15:45:00,5340,0.0332930253635953,3114.4504648908,3.70833333333333,7,"July","yes"
"1624","July 2021",2021-07-03 16:00:00,5355,0.0313948140371994,3128.9702619531,3.71875,7,"July","yes"
"1625","July 2021",2021-07-03 16:15:00,5370,0.0325088021409349,3097.12185206996,3.72916666666667,7,"July","yes"
"1626","July 2021",2021-07-03 16:30:00,5385,0.0319426052384346,3116.8412676506,3.73958333333333,7,"July","yes"
"1627","July 2021",2021-07-03 16:45:00,5400,0.0308013118461841,3130.33681606752,3.75,7,"July","yes"
"1628","July 2021",2021-07-03 17:00:00,5415,0.0312362140272398,3129.64582821712,3.76041666666667,7,"July","yes"
"1629","July 2021",2021-07-03 17:15:00,5430,0.0315409495083052,3120.72777104564,3.77083333333333,7,"July","yes"
"1630","July 2021",2021-07-03 17:30:00,5445,0.0306189907534304,3163.7003364694,3.78125,7,"July","yes"
"1631","July 2021",2021-07-03 17:45:00,5460,0.0309288708844177,3222.49803688238,3.79166666666667,7,"July","yes"
"1632","July 2021",2021-07-03 18:00:00,5475,0.0297831041657985,3220.39025763139,3.80208333333333,7,"July","yes"
"1633","July 2021",2021-07-03 18:15:00,5490,0.0302435504207526,3285.17568607683,3.8125,7,"July","yes"
"1634","July 2021",2021-07-03 18:30:00,5505,0.0296956508432121,3312.02543039858,3.82291666666667,7,"July","yes"
"1635","July 2021",2021-07-03 18:45:00,5520,0.030580907087773,3339.33978438514,3.83333333333333,7,"July","yes"
"1636","July 2021",2021-07-03 19:00:00,5535,0.0299584436867221,3313.44795480675,3.84375,7,"July","yes"
"1637","July 2021",2021-07-03 19:15:00,5550,0.0307418850703154,3318.89219212438,3.85416666666667,7,"July","yes"
"1638","July 2021",2021-07-03 19:30:00,5565,0.0307928183804636,3332.4452933726,3.86458333333333,7,"July","yes"
"1639","July 2021",2021-07-03 19:45:00,5580,0.0319772884547754,3351.84393837842,3.875,7,"July","yes"
"1640","July 2021",2021-07-03 20:00:00,5595,0.0315624719200365,3387.86715633632,3.88541666666667,7,"July","yes"
"1641","July 2021",2021-07-03 20:15:00,5610,0.0313261752807594,3387.78152381036,3.89583333333333,7,"July","yes"
"1642","July 2021",2021-07-03 20:30:00,5625,0.0297997783011576,3423.79892370348,3.90625,7,"July","yes"
"1643","July 2021",2021-07-03 20:45:00,5640,0.0299751727904299,3459.53399981332,3.91666666666667,7,"July","yes"
"1644","July 2021",2021-07-03 21:00:00,5655,0.0305470771896149,3420.88246660246,3.92708333333333,7,"July","yes"
"1645","July 2021",2021-07-03 21:15:00,5670,0.0310396602470662,3449.10251983623,3.9375,7,"July","yes"
"1646","July 2021",2021-07-03 21:30:00,5685,0.0300630864729407,3463.83060843331,3.94791666666667,7,"July","yes"
"1647","July 2021",2021-07-03 21:45:00,5700,0.0315840025115811,3477.38507063008,3.95833333333333,7,"July","yes"
"1648","July 2021",2021-07-03 22:00:00,5715,0.029708135340811,3469.44980586659,3.96875,7,"July","yes"
"1649","July 2021",2021-07-03 22:15:00,5730,0.0294465792851592,3505.30162811673,3.97916666666667,7,"July","yes"
"1650","Aug. 2021",2021-08-01 23:15:00,15,0.00791613497287318,7224.46697173527,0.0104166666666667,8,"August","yes"
"1651","Aug. 2021",2021-08-01 23:30:00,30,0.00790858560369013,7165.68372650155,0.0208333333333333,8,"August","yes"
"1652","Aug. 2021",2021-08-01 23:45:00,45,0.00784814007341327,7165.95903802241,0.03125,8,"August","yes"
"1653","Aug. 2021",2021-08-02,60,0.00788955522091178,7121.97297131001,0.0416666666666667,8,"August","yes"
"1654","Aug. 2021",2021-08-02 00:15:00,75,0.00794287698282832,7056.6232102634,0.0520833333333333,8,"August","yes"
"1655","Aug. 2021",2021-08-02 00:30:00,90,0.0082398239412385,7071.4422432584,0.0625,8,"August","yes"
"1656","Aug. 2021",2021-08-02 00:45:00,105,0.00827225277055896,7012.64313259098,0.0729166666666667,8,"August","yes"
"1657","Aug. 2021",2021-08-02 01:00:00,120,0.00808018176910209,7005.61319067165,0.0833333333333333,8,"August","yes"
"1658","Aug. 2021",2021-08-02 01:15:00,135,0.00800449204676773,7012.21888430619,0.09375,8,"August","yes"
"1659","Aug. 2021",2021-08-02 01:30:00,150,0.00871332883918711,6871.49147265402,0.104166666666667,8,"August","yes"
"1660","Aug. 2021",2021-08-02 01:45:00,165,0.00919254496428506,6760.48859672547,0.114583333333333,8,"August","yes"
"1661","Aug. 2021",2021-08-02 02:00:00,180,0.0095404571906488,6624.97151423065,0.125,8,"August","yes"
"1662","Aug. 2021",2021-08-02 02:15:00,195,0.0101710797312833,6407.71442657161,0.135416666666667,8,"August","yes"
"1663","Aug. 2021",2021-08-02 02:30:00,210,0.0102802537525245,6199.39455655542,0.145833333333333,8,"August","yes"
"1664","Aug. 2021",2021-08-02 02:45:00,225,0.011028020057547,6129.20519875614,0.15625,8,"August","yes"
"1665","Aug. 2021",2021-08-02 03:00:00,240,0.01088123781343,6083.04235066578,0.166666666666667,8,"August","yes"
"1666","Aug. 2021",2021-08-02 03:15:00,255,0.0113390913621285,5918.46156869597,0.177083333333333,8,"August","yes"
"1667","Aug. 2021",2021-08-02 03:30:00,270,0.0115564874493829,5575.6130397485,0.1875,8,"August","yes"
"1668","Aug. 2021",2021-08-02 03:45:00,285,0.0122800147546181,5520.8587403739,0.197916666666667,8,"August","yes"
"1669","Aug. 2021",2021-08-02 04:00:00,300,0.0124710112906841,5494.39155416988,0.208333333333333,8,"August","yes"
"1670","Aug. 2021",2021-08-02 04:15:00,315,0.012999491481833,5508.41771366156,0.21875,8,"August","yes"
"1671","Aug. 2021",2021-08-02 04:30:00,330,0.0135640085579148,5449.45876131742,0.229166666666667,8,"August","yes"
"1672","Aug. 2021",2021-08-02 04:45:00,345,0.013023050078726,5316.5856850663,0.239583333333333,8,"August","yes"
"1673","Aug. 2021",2021-08-02 05:00:00,360,0.0143448327911663,5307.45925086208,0.25,8,"August","yes"
"1674","Aug. 2021",2021-08-02 05:15:00,375,0.0138195064135812,5320.6539974632,0.260416666666667,8,"August","yes"
"1675","Aug. 2021",2021-08-02 05:30:00,390,0.0141456579769171,5335.80981656852,0.270833333333333,8,"August","yes"
"1676","Aug. 2021",2021-08-02 05:45:00,405,0.015627723984696,5327.92309591475,0.28125,8,"August","yes"
"1677","Aug. 2021",2021-08-02 06:00:00,420,0.015212679401556,5239.65669443516,0.291666666666667,8,"August","yes"
"1678","Aug. 2021",2021-08-02 06:15:00,435,0.0163802129171904,5224.15830470824,0.302083333333333,8,"August","yes"
"1679","Aug. 2021",2021-08-02 06:30:00,450,0.017028259984226,5186.77694715292,0.3125,8,"August","yes"
"1680","Aug. 2021",2021-08-02 06:45:00,465,0.017178082809736,5207.98725457804,0.322916666666667,8,"August","yes"
"1681","Aug. 2021",2021-08-02 07:00:00,480,0.0160605143126812,5163.88539903373,0.333333333333333,8,"August","yes"
"1682","Aug. 2021",2021-08-02 07:15:00,495,0.0168159547549547,5111.26553370216,0.34375,8,"August","yes"
"1683","Aug. 2021",2021-08-02 07:30:00,510,0.0177456997008717,5051.78096353361,0.354166666666667,8,"August","yes"
"1684","Aug. 2021",2021-08-02 07:45:00,525,0.0168828740565985,4999.12245895587,0.364583333333333,8,"August","yes"
"1685","Aug. 2021",2021-08-02 08:00:00,540,0.0170727329629804,4984.71764852058,0.375,8,"August","yes"
"1686","Aug. 2021",2021-08-02 08:15:00,555,0.0178829001836096,4925.87412739059,0.385416666666667,8,"August","yes"
"1687","Aug. 2021",2021-08-02 08:30:00,570,0.0183898717891025,4852.80669234826,0.395833333333333,8,"August","yes"
"1688","Aug. 2021",2021-08-02 08:45:00,585,0.0177890364389257,4823.67684902635,0.40625,8,"August","yes"
"1689","Aug. 2021",2021-08-02 09:00:00,600,0.0187179579899681,4758.38053729925,0.416666666666667,8,"August","yes"
"1690","Aug. 2021",2021-08-02 09:15:00,615,0.019135337445916,4702.34837373084,0.427083333333333,8,"August","yes"
"1691","Aug. 2021",2021-08-02 09:30:00,630,0.0195825357759383,4622.32030387088,0.4375,8,"August","yes"
"1692","Aug. 2021",2021-08-02 09:45:00,645,0.0201231223933973,4647.10647710987,0.447916666666667,8,"August","yes"
"1693","Aug. 2021",2021-08-02 10:00:00,660,0.0200129052657491,4568.71286201919,0.458333333333333,8,"August","yes"
"1694","Aug. 2021",2021-08-02 10:15:00,675,0.0192961663666836,4527.9971509145,0.46875,8,"August","yes"
"1695","Aug. 2021",2021-08-02 10:30:00,690,0.0201294214180229,4455.72262712158,0.479166666666667,8,"August","yes"
"1696","Aug. 2021",2021-08-02 10:45:00,705,0.0208264407194915,4407.41298168922,0.489583333333333,8,"August","yes"
"1697","Aug. 2021",2021-08-02 11:00:00,720,0.0215583235393813,4333.417656196,0.5,8,"August","yes"
"1698","Aug. 2021",2021-08-02 11:15:00,735,0.0217076980949692,4276.39816861712,0.510416666666667,8,"August","yes"
"1699","Aug. 2021",2021-08-02 11:30:00,750,0.0222722318078094,4235.09257584908,0.520833333333333,8,"August","yes"
"1700","Aug. 2021",2021-08-02 11:45:00,765,0.0231663124607989,4105.51996469359,0.53125,8,"August","yes"
"1701","Aug. 2021",2021-08-02 12:00:00,780,0.0242765263132473,4102.41171820436,0.541666666666667,8,"August","yes"
"1702","Aug. 2021",2021-08-02 12:15:00,795,0.022472065485231,4059.84322622404,0.552083333333333,8,"August","yes"
"1703","Aug. 2021",2021-08-02 12:30:00,810,0.0205831911764342,4016.50703637727,0.5625,8,"August","yes"
"1704","Aug. 2021",2021-08-02 12:45:00,825,0.0253286902093262,4012.18720232103,0.572916666666667,8,"August","yes"
"1705","Aug. 2021",2021-08-02 13:00:00,840,0.0235908747609845,3977.66023977831,0.583333333333333,8,"August","yes"
"1706","Aug. 2021",2021-08-02 13:15:00,855,0.0233751656866596,3942.58708936678,0.59375,8,"August","yes"
"1707","Aug. 2021",2021-08-02 13:30:00,870,0.0240102120398193,3914.18848261405,0.604166666666667,8,"August","yes"
"1708","Aug. 2021",2021-08-02 13:45:00,885,0.023060008730234,3915.17833381584,0.614583333333333,8,"August","yes"
"1709","Aug. 2021",2021-08-02 14:00:00,900,0.0224606660614726,3887.69046453642,0.625,8,"August","yes"
"1710","Aug. 2021",2021-08-02 14:15:00,915,0.0236962656585788,3850.21292383736,0.635416666666667,8,"August","yes"
"1711","Aug. 2021",2021-08-02 14:30:00,930,0.0228937324410085,3805.65630624062,0.645833333333333,8,"August","yes"
"1712","Aug. 2021",2021-08-02 14:45:00,945,0.0239999220333357,3790.42981389108,0.65625,8,"August","yes"
"1713","Aug. 2021",2021-08-02 15:00:00,960,0.0240016652655459,3785.27983319299,0.666666666666667,8,"August","yes"
"1714","Aug. 2021",2021-08-02 15:15:00,975,0.0240750673316717,3710.73453274275,0.677083333333333,8,"August","yes"
"1715","Aug. 2021",2021-08-02 15:30:00,990,0.0243916942384923,3695.80230826888,0.6875,8,"August","yes"
"1716","Aug. 2021",2021-08-02 15:45:00,1005,0.0244618579559924,3651.11059267539,0.697916666666667,8,"August","yes"
"1717","Aug. 2021",2021-08-02 16:00:00,1020,0.0245443181700116,3627.77429385566,0.708333333333333,8,"August","yes"
"1718","Aug. 2021",2021-08-02 16:15:00,1035,0.0231626838749081,3633.78355052252,0.71875,8,"August","yes"
"1719","Aug. 2021",2021-08-02 16:30:00,1050,0.0248421079482175,3632.30015343002,0.729166666666667,8,"August","yes"
"1720","Aug. 2021",2021-08-02 16:45:00,1065,0.024233372069148,3608.73065369648,0.739583333333333,8,"August","yes"
"1721","Aug. 2021",2021-08-02 17:00:00,1080,0.0245966267590329,3651.42444006967,0.75,8,"August","yes"
"1722","Aug. 2021",2021-08-02 17:15:00,1095,0.0231324785202837,3643.05289936582,0.760416666666667,8,"August","yes"
"1723","Aug. 2021",2021-08-02 17:30:00,1110,0.0222900505136258,3686.49717496628,0.770833333333333,8,"August","yes"
"1724","Aug. 2021",2021-08-02 17:45:00,1125,0.0231566040872491,3699.34356827709,0.78125,8,"August","yes"
"1725","Aug. 2021",2021-08-02 18:00:00,1140,0.0228288486386744,3734.26026521488,0.791666666666667,8,"August","yes"
"1726","Aug. 2021",2021-08-02 18:15:00,1155,0.0220492258751438,3739.7106824884,0.802083333333333,8,"August","yes"
"1727","Aug. 2021",2021-08-02 18:30:00,1170,0.0222566195316256,3805.53685235082,0.8125,8,"August","yes"
"1728","Aug. 2021",2021-08-02 18:45:00,1185,0.021948721852202,3847.48376028195,0.822916666666667,8,"August","yes"
"1729","Aug. 2021",2021-08-02 19:00:00,1200,0.0217694053586728,3882.4690518657,0.833333333333333,8,"August","yes"
"1730","Aug. 2021",2021-08-02 19:15:00,1215,0.0215033198182099,3896.38914404789,0.84375,8,"August","yes"
"1731","Aug. 2021",2021-08-02 19:30:00,1230,0.0209875070051666,3939.13105787322,0.854166666666667,8,"August","yes"
"1732","Aug. 2021",2021-08-02 19:45:00,1245,0.0223402668072767,3990.60934499041,0.864583333333333,8,"August","yes"
"1733","Aug. 2021",2021-08-02 20:00:00,1260,0.0196573153573795,4026.31546371329,0.875,8,"August","yes"
"1734","Aug. 2021",2021-08-02 20:15:00,1275,0.0207239130651583,4010.44365728653,0.885416666666667,8,"August","yes"
"1735","Aug. 2021",2021-08-02 20:30:00,1290,0.0212436775035208,4083.5878637992,0.895833333333333,8,"August","yes"
"1736","Aug. 2021",2021-08-02 20:45:00,1305,0.0215018705390222,4103.57812855035,0.90625,8,"August","yes"
"1737","Aug. 2021",2021-08-02 21:00:00,1320,0.0205335771410959,4058.84617722789,0.916666666666667,8,"August","yes"
"1738","Aug. 2021",2021-08-02 21:15:00,1335,0.0195101425279112,4124.15333071027,0.927083333333333,8,"August","yes"
"1739","Aug. 2021",2021-08-02 21:30:00,1350,0.0201103493626907,4086.6857175176,0.9375,8,"August","yes"
"1740","Aug. 2021",2021-08-02 21:45:00,1365,0.020247917148882,4107.1734819633,0.947916666666667,8,"August","yes"
"1741","Aug. 2021",2021-08-02 22:00:00,1380,0.0209794415035211,4091.54405834432,0.958333333333333,8,"August","yes"
"1742","Aug. 2021",2021-08-02 22:15:00,1395,0.0208829107188988,4053.06582861,0.96875,8,"August","yes"
"1743","Aug. 2021",2021-08-02 22:30:00,1410,0.0206881495531964,4103.73695185342,0.979166666666667,8,"August","yes"
"1744","Aug. 2021",2021-08-02 22:45:00,1425,0.0220545934358239,4059.57564384511,0.989583333333333,8,"August","yes"
"1745","Aug. 2021",2021-08-02 23:00:00,1440,0.0198924455059453,4110.60379423589,1,8,"August","yes"
"1746","Aug. 2021",2021-08-02 23:15:00,1455,0.0218369190523775,4074.90693430818,1.01041666666667,8,"August","yes"
"1747","Aug. 2021",2021-08-02 23:30:00,1470,0.0209262162385688,4088.0700901898,1.02083333333333,8,"August","yes"
"1748","Aug. 2021",2021-08-02 23:45:00,1485,0.0200586189131689,4088.31472073049,1.03125,8,"August","yes"
"1749","Aug. 2021",2021-08-03,1500,0.0203184010337728,4095.72812422881,1.04166666666667,8,"August","yes"
"1750","Aug. 2021",2021-08-03 00:15:00,1515,0.0207253356094745,4095.64172075925,1.05208333333333,8,"August","yes"
"1751","Aug. 2021",2021-08-03 00:30:00,1530,0.0212444000167638,4080.75135664646,1.0625,8,"August","yes"
"1752","Aug. 2021",2021-08-03 00:45:00,1545,0.0201775658027396,4074.03012815219,1.07291666666667,8,"August","yes"
"1753","Aug. 2021",2021-08-03 01:00:00,1560,0.0207196368499904,4109.64948849508,1.08333333333333,8,"August","yes"
"1754","Aug. 2021",2021-08-03 01:15:00,1575,0.0197997822223365,4102.27148807753,1.09375,8,"August","yes"
"1755","Aug. 2021",2021-08-03 01:30:00,1590,0.0198153812248935,4108.99824908324,1.10416666666667,8,"August","yes"
"1756","Aug. 2021",2021-08-03 01:45:00,1605,0.0208471508321051,4101.86280912035,1.11458333333333,8,"August","yes"
"1757","Aug. 2021",2021-08-03 02:00:00,1620,0.0217593198632637,4102.16209489852,1.125,8,"August","yes"
"1758","Aug. 2021",2021-08-03 02:15:00,1635,0.0203650579851201,4085.83500414222,1.13541666666667,8,"August","yes"
"1759","Aug. 2021",2021-08-03 02:30:00,1650,0.020105266673907,4122.46976801738,1.14583333333333,8,"August","yes"
"1760","Aug. 2021",2021-08-03 02:45:00,1665,0.0204091362900807,4055.34793902084,1.15625,8,"August","yes"
"1761","Aug. 2021",2021-08-03 03:00:00,1680,0.0201863253557283,4076.27113676081,1.16666666666667,8,"August","yes"
"1762","Aug. 2021",2021-08-03 03:15:00,1695,0.0203212085854401,4030.78885084033,1.17708333333333,8,"August","yes"
"1763","Aug. 2021",2021-08-03 03:30:00,1710,0.0210765831490697,4007.92999096315,1.1875,8,"August","yes"
"1764","Aug. 2021",2021-08-03 03:45:00,1725,0.0201094641598329,3977.59346714154,1.19791666666667,8,"August","yes"
"1765","Aug. 2021",2021-08-03 04:00:00,1740,0.0205018879190235,4018.94130049782,1.20833333333333,8,"August","yes"
"1766","Aug. 2021",2021-08-03 04:15:00,1755,0.0203437450229688,3988.76057191023,1.21875,8,"August","yes"
"1767","Aug. 2021",2021-08-03 04:30:00,1770,0.0200731101122894,3965.8768401824,1.22916666666667,8,"August","yes"
"1768","Aug. 2021",2021-08-03 04:45:00,1785,0.0211154517045207,3926.98578929236,1.23958333333333,8,"August","yes"
"1769","Aug. 2021",2021-08-03 05:00:00,1800,0.0205195865317247,3903.68853596183,1.25,8,"August","yes"
"1770","Aug. 2021",2021-08-03 05:15:00,1815,0.0202677606061558,3887.71662902731,1.26041666666667,8,"August","yes"
"1771","Aug. 2021",2021-08-03 05:30:00,1830,0.0203507938350299,3812.93102647686,1.27083333333333,8,"August","yes"
"1772","Aug. 2021",2021-08-03 05:45:00,1845,0.0206764080826915,3789.83569318037,1.28125,8,"August","yes"
"1773","Aug. 2021",2021-08-03 06:00:00,1860,0.0207374481845879,3736.03022978911,1.29166666666667,8,"August","yes"
"1774","Aug. 2021",2021-08-03 06:15:00,1875,0.0200989809243524,3766.00791781919,1.30208333333333,8,"August","yes"
"1775","Aug. 2021",2021-08-03 06:30:00,1890,0.0212677186645092,3758.46467271444,1.3125,8,"August","yes"
"1776","Aug. 2021",2021-08-03 06:45:00,1905,0.0207934215356984,3750.59847885582,1.32291666666667,8,"August","yes"
"1777","Aug. 2021",2021-08-03 07:00:00,1920,0.0217849943670175,3764.81776561314,1.33333333333333,8,"August","yes"
"1778","Aug. 2021",2021-08-03 07:15:00,1935,0.0196097421458122,3749.71885913936,1.34375,8,"August","yes"
"1779","Aug. 2021",2021-08-03 07:30:00,1950,0.0214995110197875,3749.80373001098,1.35416666666667,8,"August","yes"
"1780","Aug. 2021",2021-08-03 07:45:00,1965,0.020087628005756,3756.66127498615,1.36458333333333,8,"August","yes"
"1781","Aug. 2021",2021-08-03 08:00:00,1980,0.0194243898600009,3719.3381502984,1.375,8,"August","yes"
"1782","Aug. 2021",2021-08-03 08:15:00,1995,0.0193745826293624,3712.46151340193,1.38541666666667,8,"August","yes"
"1783","Aug. 2021",2021-08-03 08:30:00,2010,0.0199656890776264,3698.85818669159,1.39583333333333,8,"August","yes"
"1784","Aug. 2021",2021-08-03 08:45:00,2025,0.020127155208335,3685.10336048722,1.40625,8,"August","yes"
"1785","Aug. 2021",2021-08-03 09:00:00,2040,0.0201824922066071,3693.8995376553,1.41666666666667,8,"August","yes"
"1786","Aug. 2021",2021-08-03 09:15:00,2055,0.0197689726468486,3659.19812352874,1.42708333333333,8,"August","yes"
"1787","Aug. 2021",2021-08-03 09:30:00,2070,0.0197158714060872,3675.44751155149,1.4375,8,"August","yes"
"1788","Aug. 2021",2021-08-03 09:45:00,2085,0.0189454462815581,3714.18860433968,1.44791666666667,8,"August","yes"
"1789","Aug. 2021",2021-08-03 10:00:00,2100,0.0187684294659375,3694.750329489,1.45833333333333,8,"August","yes"
"1790","Aug. 2021",2021-08-03 10:15:00,2115,0.0188191447871791,3719.61639448475,1.46875,8,"August","yes"
"1791","Aug. 2021",2021-08-03 10:30:00,2130,0.0195251028370038,3715.61940033542,1.47916666666667,8,"August","yes"
"1792","Aug. 2021",2021-08-03 10:45:00,2145,0.0185079445968853,3745.04648256461,1.48958333333333,8,"August","yes"
"1793","Aug. 2021",2021-08-03 11:00:00,2160,0.0190157219744743,3766.04654596522,1.5,8,"August","yes"
"1794","Aug. 2021",2021-08-03 11:15:00,2175,0.019871091688527,3797.01519330106,1.51041666666667,8,"August","yes"
"1795","Aug. 2021",2021-08-03 11:30:00,2190,0.020878628560615,3765.31347189719,1.52083333333333,8,"August","yes"
"1796","Aug. 2021",2021-08-03 11:45:00,2205,0.0191898843263075,3730.89109235142,1.53125,8,"August","yes"
"1797","Aug. 2021",2021-08-03 12:00:00,2220,0.02014710389604,3708.61690408698,1.54166666666667,8,"August","yes"
"1798","Aug. 2021",2021-08-03 12:15:00,2235,0.018173379752028,3700.69324363844,1.55208333333333,8,"August","yes"
"1799","Aug. 2021",2021-08-03 12:30:00,2250,0.0195276733345411,3684.64307263689,1.5625,8,"August","yes"
"1800","Aug. 2021",2021-08-03 12:45:00,2265,0.0181587359500358,3697.98745528552,1.57291666666667,8,"August","yes"
"1801","Aug. 2021",2021-08-03 13:00:00,2280,0.0177236576456521,3718.93121364273,1.58333333333333,8,"August","yes"
"1802","Aug. 2021",2021-08-03 13:15:00,2295,0.0178840398272289,3710.59194784415,1.59375,8,"August","yes"
"1803","Aug. 2021",2021-08-03 13:30:00,2310,0.0176708748915426,3761.91753367226,1.60416666666667,8,"August","yes"
"1804","Aug. 2021",2021-08-03 13:45:00,2325,0.0179252917190828,3740.38776738026,1.61458333333333,8,"August","yes"
"1805","Aug. 2021",2021-08-03 14:00:00,2340,0.0167426290704239,3711.8816376082,1.625,8,"August","yes"
"1806","Aug. 2021",2021-08-03 14:15:00,2355,0.0166121412120458,3733.5971299858,1.63541666666667,8,"August","yes"
"1807","Aug. 2021",2021-08-03 14:30:00,2370,0.017575433481524,3719.52874396694,1.64583333333333,8,"August","yes"
"1808","Aug. 2021",2021-08-03 14:45:00,2385,0.0167976043951414,3727.22295872104,1.65625,8,"August","yes"
"1809","Aug. 2021",2021-08-03 15:00:00,2400,0.0166379979924408,3691.54348784631,1.66666666666667,8,"August","yes"
"1810","Aug. 2021",2021-08-03 15:15:00,2415,0.0165140654171777,3736.54893545459,1.67708333333333,8,"August","yes"
"1811","Aug. 2021",2021-08-03 15:30:00,2430,0.0167610928544194,3714.46318867779,1.6875,8,"August","yes"
"1812","Aug. 2021",2021-08-03 15:45:00,2445,0.0159394375533076,3728.99597134319,1.69791666666667,8,"August","yes"
"1813","Aug. 2021",2021-08-03 16:00:00,2460,0.0158538490946194,3750.43493529986,1.70833333333333,8,"August","yes"
"1814","Aug. 2021",2021-08-03 16:15:00,2475,0.0151216505750159,3757.57591665728,1.71875,8,"August","yes"
"1815","Aug. 2021",2021-08-03 16:30:00,2490,0.0155397579607649,3757.36687344699,1.72916666666667,8,"August","yes"
"1816","Aug. 2021",2021-08-03 16:45:00,2505,0.0158547550196716,3779.45322906696,1.73958333333333,8,"August","yes"
"1817","Aug. 2021",2021-08-03 17:00:00,2520,0.015261347551655,3771.73405095744,1.75,8,"August","yes"
"1818","Aug. 2021",2021-08-03 17:15:00,2535,0.0147568210945104,3823.94706244023,1.76041666666667,8,"August","yes"
"1819","Aug. 2021",2021-08-03 17:30:00,2550,0.0150630137457539,3829.88651689391,1.77083333333333,8,"August","yes"
"1820","Aug. 2021",2021-08-03 17:45:00,2565,0.0151774929558084,3872.36093080077,1.78125,8,"August","yes"
"1821","Aug. 2021",2021-08-03 18:00:00,2580,0.0157257835681243,3907.80079707202,1.79166666666667,8,"August","yes"
"1822","Aug. 2021",2021-08-03 18:15:00,2595,0.0143682595030464,3950.15922752796,1.80208333333333,8,"August","yes"
"1823","Aug. 2021",2021-08-03 18:30:00,2610,0.0148515242735186,3956.28550632515,1.8125,8,"August","yes"
"1824","Aug. 2021",2021-08-03 18:45:00,2625,0.0145459544794028,3991.64269372111,1.82291666666667,8,"August","yes"
"1825","Aug. 2021",2021-08-03 19:00:00,2640,0.0143337700187786,4042.13514126688,1.83333333333333,8,"August","yes"
"1826","Aug. 2021",2021-08-03 19:15:00,2655,0.0146238340345019,4121.61541652019,1.84375,8,"August","yes"
"1827","Aug. 2021",2021-08-03 19:30:00,2670,0.014401099310612,4091.18573754721,1.85416666666667,8,"August","yes"
"1828","Aug. 2021",2021-08-03 19:45:00,2685,0.0136391253862012,4097.81001662912,1.86458333333333,8,"August","yes"
"1829","Aug. 2021",2021-08-03 20:00:00,2700,0.0136086623801704,4170.03530920343,1.875,8,"August","yes"
"1830","Aug. 2021",2021-08-03 20:15:00,2715,0.0138733185306391,4198.33231098971,1.88541666666667,8,"August","yes"
"1831","Aug. 2021",2021-08-03 20:30:00,2730,0.0139333881462908,4248.77648633005,1.89583333333333,8,"August","yes"
"1832","Aug. 2021",2021-08-03 20:45:00,2745,0.0137385067796277,4277.22129158527,1.90625,8,"August","yes"
"1833","Aug. 2021",2021-08-03 21:00:00,2760,0.0129979022524435,4261.46801275044,1.91666666666667,8,"August","yes"
"1834","Aug. 2021",2021-08-03 21:15:00,2775,0.0140925768923078,4268.73240370304,1.92708333333333,8,"August","yes"
"1835","Aug. 2021",2021-08-03 21:30:00,2790,0.0133794594191581,4297.31905128864,1.9375,8,"August","yes"
"1836","Aug. 2021",2021-08-03 21:45:00,2805,0.0132541550995885,4333.86024008461,1.94791666666667,8,"August","yes"
"1837","Aug. 2021",2021-08-03 22:00:00,2820,0.012832868068605,4311.4293790694,1.95833333333333,8,"August","yes"
"1838","Aug. 2021",2021-08-03 22:15:00,2835,0.0130991239108657,4363.66705376478,1.96875,8,"August","yes"
"1839","Aug. 2021",2021-08-03 22:30:00,2850,0.0130129405073177,4377.74990223542,1.97916666666667,8,"August","yes"
"1840","Aug. 2021",2021-08-03 22:45:00,2865,0.012502224908751,4414.62288742221,1.98958333333333,8,"August","yes"
"1841","Aug. 2021",2021-08-03 23:00:00,2880,0.0131270877568768,4406.67101130291,2,8,"August","yes"
"1842","Aug. 2021",2021-08-03 23:15:00,2895,0.0128600565261827,4443.0879609887,2.01041666666667,8,"August","yes"
"1843","Aug. 2021",2021-08-03 23:30:00,2910,0.0129128258227596,4472.3641191152,2.02083333333333,8,"August","yes"
"1844","Aug. 2021",2021-08-03 23:45:00,2925,0.0124540783589435,4479.55424704893,2.03125,8,"August","yes"
"1845","Aug. 2021",2021-08-04,2940,0.0125572530524221,4487.2297686214,2.04166666666667,8,"August","yes"
"1846","Aug. 2021",2021-08-04 00:15:00,2955,0.012399095183159,4531.09626950712,2.05208333333333,8,"August","yes"
"1847","Aug. 2021",2021-08-04 00:30:00,2970,0.0127626997690972,4523.78189064827,2.0625,8,"August","yes"
"1848","Aug. 2021",2021-08-04 00:45:00,2985,0.0127339422868687,4538.67041741335,2.07291666666667,8,"August","yes"
"1849","Aug. 2021",2021-08-04 01:00:00,3000,0.0120565936868729,4538.49060849579,2.08333333333333,8,"August","yes"
"1850","Aug. 2021",2021-08-04 01:15:00,3015,0.011695462712385,4575.33172854394,2.09375,8,"August","yes"
"1851","Aug. 2021",2021-08-04 01:30:00,3030,0.0118490757959289,4575.36804747244,2.10416666666667,8,"August","yes"
"1852","Aug. 2021",2021-08-04 01:45:00,3045,0.0114722143430012,4597.30155047347,2.11458333333333,8,"August","yes"
"1853","Aug. 2021",2021-08-04 02:00:00,3060,0.0124432177149496,4589.84055737467,2.125,8,"August","yes"
"1854","Aug. 2021",2021-08-04 02:15:00,3075,0.0117551254082525,4604.26916272556,2.13541666666667,8,"August","yes"
"1855","Aug. 2021",2021-08-04 02:30:00,3090,0.0118095132813772,4655.41657603103,2.14583333333333,8,"August","yes"
"1856","Aug. 2021",2021-08-04 02:45:00,3105,0.0117874625943299,4633.45269874828,2.15625,8,"August","yes"
"1857","Aug. 2021",2021-08-04 03:00:00,3120,0.011179194382332,4662.42044352393,2.16666666666667,8,"August","yes"
"1858","Aug. 2021",2021-08-04 03:15:00,3135,0.0115460512643082,4654.86818969435,2.17708333333333,8,"August","yes"
"1859","Aug. 2021",2021-08-04 03:30:00,3150,0.011379739473108,4713.19845018793,2.1875,8,"August","yes"
"1860","Aug. 2021",2021-08-04 03:45:00,3165,0.0116176303155996,4727.60670042226,2.19791666666667,8,"August","yes"
"1861","Aug. 2021",2021-08-04 04:00:00,3180,0.0107139528051157,4682.37634398628,2.20833333333333,8,"August","yes"
"1862","Aug. 2021",2021-08-04 04:15:00,3195,0.011895239054849,4659.61663237867,2.21875,8,"August","yes"
"1863","Aug. 2021",2021-08-04 04:30:00,3210,0.0114380382701413,4636.54702001938,2.22916666666667,8,"August","yes"
"1864","Aug. 2021",2021-08-04 04:45:00,3225,0.0107388872757689,4678.94623552239,2.23958333333333,8,"August","yes"
"1865","Aug. 2021",2021-08-04 05:00:00,3240,0.011020772759051,4670.22590609284,2.25,8,"August","yes"
"1866","Aug. 2021",2021-08-04 05:15:00,3255,0.010973096105547,4690.85350815818,2.26041666666667,8,"August","yes"
"1867","Aug. 2021",2021-08-04 05:30:00,3270,0.0111793168490599,4711.52745191451,2.27083333333333,8,"August","yes"
"1868","Aug. 2021",2021-08-04 05:45:00,3285,0.0109190742923149,4717.90336130963,2.28125,8,"August","yes"
"1869","Aug. 2021",2021-08-04 06:00:00,3300,0.0107328270099874,4694.93260699882,2.29166666666667,8,"August","yes"
"1870","Aug. 2021",2021-08-04 06:15:00,3315,0.0104375051894332,4730.56065236896,2.30208333333333,8,"August","yes"
"1871","Aug. 2021",2021-08-04 06:30:00,3330,0.0103775384768845,4722.26968433708,2.3125,8,"August","yes"
"1872","Aug. 2021",2021-08-04 06:45:00,3345,0.0106350021829464,4706.53810115843,2.32291666666667,8,"August","yes"
"1873","Aug. 2021",2021-08-04 07:00:00,3360,0.0104839655981674,4691.08130919296,2.33333333333333,8,"August","yes"
"1874","Aug. 2021",2021-08-04 07:15:00,3375,0.0100324301867544,4741.58844004882,2.34375,8,"August","yes"
"1875","Aug. 2021",2021-08-04 07:30:00,3390,0.0101287728387068,4711.26130041129,2.35416666666667,8,"August","yes"
"1876","Aug. 2021",2021-08-04 07:45:00,3405,0.00943307277956494,4696.229829899,2.36458333333333,8,"August","yes"
"1877","Aug. 2021",2021-08-04 08:00:00,3420,0.00948692080722102,4740.66758538968,2.375,8,"August","yes"
"1878","Aug. 2021",2021-08-04 08:15:00,3435,0.0102723578090634,4756.10525634218,2.38541666666667,8,"August","yes"
"1879","Aug. 2021",2021-08-04 08:30:00,3450,0.0101188344491058,4749.87712513529,2.39583333333333,8,"August","yes"
"1880","Aug. 2021",2021-08-04 08:45:00,3465,0.0102819620393419,4759.44011678291,2.40625,8,"August","yes"
"1881","Aug. 2021",2021-08-04 09:00:00,3480,0.0104793895147319,4769.26665699848,2.41666666666667,8,"August","yes"
"1882","Aug. 2021",2021-08-04 09:15:00,3495,0.0102922502308628,4757.68777128217,2.42708333333333,8,"August","yes"
"1883","Aug. 2021",2021-08-04 09:30:00,3510,0.0106945372166622,4775.88035060314,2.4375,8,"August","yes"
"1884","Aug. 2021",2021-08-04 09:45:00,3525,0.0112965041751148,4773.67492316472,2.44791666666667,8,"August","yes"
"1885","Aug. 2021",2021-08-04 10:00:00,3540,0.0112278775592344,4830.21438096856,2.45833333333333,8,"August","yes"
"1886","Aug. 2021",2021-08-04 10:15:00,3555,0.0110950838802233,4819.61483380061,2.46875,8,"August","yes"
"1887","Aug. 2021",2021-08-04 10:30:00,3570,0.0110004891227045,4743.02802337492,2.47916666666667,8,"August","yes"
"1888","Aug. 2021",2021-08-04 10:45:00,3585,0.0111834090389491,4738.17048524507,2.48958333333333,8,"August","yes"
"1889","Aug. 2021",2021-08-04 11:00:00,3600,0.011496681169407,4733.96059914781,2.5,8,"August","yes"
"1890","Aug. 2021",2021-08-04 11:15:00,3615,0.0106401078476432,4750.98648056606,2.51041666666667,8,"August","yes"
"1891","Aug. 2021",2021-08-04 11:30:00,3630,0.0112428079289847,4746.55421285411,2.52083333333333,8,"August","yes"
"1892","Aug. 2021",2021-08-04 11:45:00,3645,0.0106292222673966,4743.65431074648,2.53125,8,"August","yes"
"1893","Sept. 2021",2021-09-05 00:45:00,15,0.00566521514339149,8572.1667893631,0.0104166666666667,9,"September","yes"
"1894","Sept. 2021",2021-09-05 01:00:00,30,0.00559899852236663,8558.16997488941,0.0208333333333333,9,"September","yes"
"1895","Sept. 2021",2021-09-05 01:15:00,45,0.00550616608759004,8559.137894048,0.03125,9,"September","yes"
"1896","Sept. 2021",2021-09-05 01:30:00,60,0.00521056672973237,8597.29032388464,0.0416666666666667,9,"September","yes"
"1897","Sept. 2021",2021-09-05 01:45:00,75,0.00550956479266258,8583.24535380736,0.0520833333333333,9,"September","yes"
"1898","Sept. 2021",2021-09-05 02:00:00,90,0.00537522771980881,8599.60766253219,0.0625,9,"September","yes"
"1899","Sept. 2021",2021-09-05 02:15:00,105,0.00528719198984891,8673.29638719269,0.0729166666666667,9,"September","yes"
"1900","Sept. 2021",2021-09-05 02:30:00,120,0.00539456934181417,8725.3650868189,0.0833333333333333,9,"September","yes"
"1901","Sept. 2021",2021-09-05 02:45:00,135,0.00510792744928601,8746.92326305504,0.09375,9,"September","yes"
"1902","Sept. 2021",2021-09-05 03:00:00,150,0.00511900794432304,8665.48309939778,0.104166666666667,9,"September","yes"
"1903","Sept. 2021",2021-09-05 03:15:00,165,0.00533791353720791,8665.45929700494,0.114583333333333,9,"September","yes"
"1904","Sept. 2021",2021-09-05 03:30:00,180,0.00524950985803969,8672.51684423087,0.125,9,"September","yes"
"1905","Sept. 2021",2021-09-05 03:45:00,195,0.00536142807288642,8738.77511234682,0.135416666666667,9,"September","yes"
"1906","Sept. 2021",2021-09-05 04:00:00,210,0.00531219871092201,8685.82427785086,0.145833333333333,9,"September","yes"
"1907","Sept. 2021",2021-09-05 04:15:00,225,0.00519063766525207,8753.04045433537,0.15625,9,"September","yes"
"1908","Sept. 2021",2021-09-05 04:30:00,240,0.00547675661490454,8700.2689571029,0.166666666666667,9,"September","yes"
"1909","Sept. 2021",2021-09-05 04:45:00,255,0.00538569736337981,8757.54743287587,0.177083333333333,9,"September","yes"
"1910","Sept. 2021",2021-09-05 05:00:00,270,0.00526566756237302,8742.54950709136,0.1875,9,"September","yes"
"1911","Sept. 2021",2021-09-05 05:15:00,285,0.00530527401768187,8741.374084606,0.197916666666667,9,"September","yes"
"1912","Sept. 2021",2021-09-05 05:30:00,300,0.00511941597559171,8808.08786586925,0.208333333333333,9,"September","yes"
"1913","Sept. 2021",2021-09-05 05:45:00,315,0.00530704984340001,8747.88887128046,0.21875,9,"September","yes"
"1914","Sept. 2021",2021-09-05 06:00:00,330,0.00496909844230146,8723.31456975585,0.229166666666667,9,"September","yes"
"1915","Sept. 2021",2021-09-05 06:15:00,345,0.00514532326102259,8767.32998993775,0.239583333333333,9,"September","yes"
"1916","Sept. 2021",2021-09-05 06:30:00,360,0.0051327586728058,8743.41529647465,0.25,9,"September","yes"
"1917","Sept. 2021",2021-09-05 06:45:00,375,0.00514438309226623,8808.68831393136,0.260416666666667,9,"September","yes"
"1918","Sept. 2021",2021-09-05 07:00:00,390,0.00521044664091883,8849.963338413,0.270833333333333,9,"September","yes"
"1919","Sept. 2021",2021-09-05 07:15:00,405,0.0052328783018858,8855.33671189688,0.28125,9,"September","yes"
"1920","Sept. 2021",2021-09-05 07:30:00,420,0.00512134775500828,8892.03041571411,0.291666666666667,9,"September","yes"
"1921","Sept. 2021",2021-09-05 07:45:00,435,0.00514550285661181,8898.4215452348,0.302083333333333,9,"September","yes"
"1922","Sept. 2021",2021-09-05 08:00:00,450,0.00500220423671135,8920.2632709575,0.3125,9,"September","yes"
"1923","Sept. 2021",2021-09-05 08:15:00,465,0.00510502052635989,8928.02201500342,0.322916666666667,9,"September","yes"
"1924","Sept. 2021",2021-09-05 08:30:00,480,0.00536521906465488,8964.02945816144,0.333333333333333,9,"September","yes"
"1925","Sept. 2021",2021-09-05 08:45:00,495,0.00522320797295514,8978.99665336107,0.34375,9,"September","yes"
"1926","Sept. 2021",2021-09-05 09:00:00,510,0.00512158342839919,8946.7036131067,0.354166666666667,9,"September","yes"
"1927","Sept. 2021",2021-09-05 09:15:00,525,0.00501580717074748,8969.9061321721,0.364583333333333,9,"September","yes"
"1928","Sept. 2021",2021-09-05 09:30:00,540,0.00503927817051589,8939.64304070584,0.375,9,"September","yes"
"1929","Sept. 2021",2021-09-05 09:45:00,555,0.0050496952776502,8940.607541435,0.385416666666667,9,"September","yes"
"1930","Sept. 2021",2021-09-05 10:00:00,570,0.00519934221653915,9075.30256172409,0.395833333333333,9,"September","yes"
"1931","Sept. 2021",2021-09-05 10:15:00,585,0.00527897594853552,9053.06284705856,0.40625,9,"September","yes"
"1932","Sept. 2021",2021-09-05 10:30:00,600,0.00523330251961677,9046.7098389488,0.416666666666667,9,"September","yes"
"1933","Sept. 2021",2021-09-05 10:45:00,615,0.00519743418150777,9032.06602298,0.427083333333333,9,"September","yes"
"1934","Sept. 2021",2021-09-05 11:00:00,630,0.00533144549423707,9064.54833390606,0.4375,9,"September","yes"
"1935","Sept. 2021",2021-09-05 11:15:00,645,0.00519564571240463,9155.30869502917,0.447916666666667,9,"September","yes"
"1936","Sept. 2021",2021-09-05 11:30:00,660,0.00512035680889631,9172.0029931782,0.458333333333333,9,"September","yes"
"1937","Sept. 2021",2021-09-05 11:45:00,675,0.00527095267376096,9209.73146545082,0.46875,9,"September","yes"
"1938","Sept. 2021",2021-09-05 12:00:00,690,0.00550655295477636,9164.50007188972,0.479166666666667,9,"September","yes"
"1939","Sept. 2021",2021-09-05 12:15:00,705,0.00544527193282002,9190.10114484537,0.489583333333333,9,"September","yes"
"1940","Sept. 2021",2021-09-05 12:30:00,720,0.00541613962620399,9178.45542515,0.5,9,"September","yes"
"1941","Sept. 2021",2021-09-05 12:45:00,735,0.00540289867114299,9283.24613896991,0.510416666666667,9,"September","yes"
"1942","Sept. 2021",2021-09-05 13:00:00,750,0.00531392052487978,9220.13269516843,0.520833333333333,9,"September","yes"
"1943","Sept. 2021",2021-09-05 13:15:00,765,0.00519183267487251,9287.86379091993,0.53125,9,"September","yes"
"1944","Sept. 2021",2021-09-05 13:30:00,780,0.00521733113803226,9245.94399842387,0.541666666666667,9,"September","yes"
"1945","Sept. 2021",2021-09-05 13:45:00,795,0.0051776898031167,9374.85193431924,0.552083333333333,9,"September","yes"
"1946","Sept. 2021",2021-09-05 14:00:00,810,0.00537317454984343,9302.55716803639,0.5625,9,"September","yes"
"1947","Sept. 2021",2021-09-05 14:15:00,825,0.00543698822578194,9251.68243137666,0.572916666666667,9,"September","yes"
"1948","Sept. 2021",2021-09-05 14:30:00,840,0.00531066686773085,9247.29908047864,0.583333333333333,9,"September","yes"
"1949","Sept. 2021",2021-09-05 14:45:00,855,0.00555509967933972,9346.13871312022,0.59375,9,"September","yes"
"1950","Sept. 2021",2021-09-05 15:00:00,870,0.00526724461009632,9349.14617075494,0.604166666666667,9,"September","yes"
"1951","Sept. 2021",2021-09-05 15:15:00,885,0.00554609696412545,9381.96078991142,0.614583333333333,9,"September","yes"
"1952","Sept. 2021",2021-09-05 15:30:00,900,0.00572709590676847,9472.45856299454,0.625,9,"September","yes"
"1953","Sept. 2021",2021-09-05 15:45:00,915,0.00556671517603882,9577.0192934338,0.635416666666667,9,"September","yes"
"1954","Sept. 2021",2021-09-05 16:00:00,930,0.00555334782594933,9541.9958663107,0.645833333333333,9,"September","yes"
"1955","Sept. 2021",2021-09-05 16:15:00,945,0.00546841559728402,9464.28919206247,0.65625,9,"September","yes"
"1956","Sept. 2021",2021-09-05 16:30:00,960,0.00542941145000145,9503.80982307745,0.666666666666667,9,"September","yes"
"1957","Sept. 2021",2021-09-05 16:45:00,975,0.00555250385506941,9556.03607514631,0.677083333333333,9,"September","yes"
"1958","Sept. 2021",2021-09-05 17:00:00,990,0.00560376892811741,9579.35004236838,0.6875,9,"September","yes"
"1959","Sept. 2021",2021-09-05 17:15:00,1005,0.00554072818050312,9572.0143527165,0.697916666666667,9,"September","yes"
"1960","Sept. 2021",2021-09-05 17:30:00,1020,0.00543029545401946,9503.08076760337,0.708333333333333,9,"September","yes"
"1961","Sept. 2021",2021-09-05 17:45:00,1035,0.00522092312277581,9560.66758672152,0.71875,9,"September","yes"
"1962","Sept. 2021",2021-09-05 18:00:00,1050,0.00525113975703601,9501.36935912224,0.729166666666667,9,"September","yes"
"1963","Sept. 2021",2021-09-05 18:15:00,1065,0.0051915309027199,9550.04136019934,0.739583333333333,9,"September","yes"
"1964","Sept. 2021",2021-09-05 18:30:00,1080,0.0052461298607576,9510.78418923186,0.75,9,"September","yes"
"1965","Sept. 2021",2021-09-05 18:45:00,1095,0.00528975248749905,9472.67795344416,0.760416666666667,9,"September","yes"
"1966","Sept. 2021",2021-09-05 19:00:00,1110,0.00513264195543549,9558.83349571152,0.770833333333333,9,"September","yes"
"1967","Sept. 2021",2021-09-05 19:15:00,1125,0.00521553261160157,9616.525821952,0.78125,9,"September","yes"
"1968","Sept. 2021",2021-09-05 19:30:00,1140,0.0052431154150247,9636.73245676696,0.791666666666667,9,"September","yes"
"1969","Sept. 2021",2021-09-05 19:45:00,1155,0.00528914473967535,9597.37931545501,0.802083333333333,9,"September","yes"
"1970","Sept. 2021",2021-09-05 20:00:00,1170,0.00551084936108947,9648.32987321201,0.8125,9,"September","yes"
"1971","Sept. 2021",2021-09-05 20:15:00,1185,0.00527344100186563,9660.27316341425,0.822916666666667,9,"September","yes"
"1972","Sept. 2021",2021-09-05 20:30:00,1200,0.00520423301616179,9690.77224963739,0.833333333333333,9,"September","yes"
"1973","Sept. 2021",2021-09-05 20:45:00,1215,0.00512041400081238,9710.27972119521,0.84375,9,"September","yes"
"1974","Sept. 2021",2021-09-05 21:00:00,1230,0.00511486759088392,9716.94230809139,0.854166666666667,9,"September","yes"
"1975","Sept. 2021",2021-09-05 21:15:00,1245,0.00528414891746267,9797.34533159213,0.864583333333333,9,"September","yes"
"1976","Sept. 2021",2021-09-05 21:30:00,1260,0.00508940225688874,9773.22793118748,0.875,9,"September","yes"
"1977","Sept. 2021",2021-09-05 21:45:00,1275,0.00517336639763319,9786.24058252156,0.885416666666667,9,"September","yes"
"1978","Sept. 2021",2021-09-05 22:00:00,1290,0.00509206947233768,9821.68533298573,0.895833333333333,9,"September","yes"
"1979","Sept. 2021",2021-09-05 22:15:00,1305,0.00517259674449001,9820.61540646754,0.90625,9,"September","yes"
"1980","Sept. 2021",2021-09-05 22:30:00,1320,0.00509206947233768,9842.46328610106,0.916666666666667,9,"September","yes"
"1981","Sept. 2021",2021-09-05 22:45:00,1335,0.00501825069067667,9847.7949077338,0.927083333333333,9,"September","yes"
"1982","Sept. 2021",2021-09-05 23:00:00,1350,0.00515410292034863,9891.28085590176,0.9375,9,"September","yes"
"1983","Sept. 2021",2021-09-05 23:15:00,1365,0.00525048366882916,9935.81541943984,0.947916666666667,9,"September","yes"
"1984","Sept. 2021",2021-09-05 23:30:00,1380,0.00510973877670705,9997.03654887318,0.958333333333333,9,"September","yes"
"1985","Sept. 2021",2021-09-05 23:45:00,1395,0.00546804315876853,9959.90159144893,0.96875,9,"September","yes"
"1986","Sept. 2021",2021-09-06,1410,0.00513898174069365,9885.58679175049,0.979166666666667,9,"September","yes"
"1987","Sept. 2021",2021-09-06 00:15:00,1425,0.00552609310231517,9793.37945756134,0.989583333333333,9,"September","yes"
"1988","Sept. 2021",2021-09-06 00:30:00,1440,0.00561321983499287,9585.40177206758,1,9,"September","yes"
"1989","Sept. 2021",2021-09-06 00:45:00,1455,0.00574945819482637,9554.77733369738,1.01041666666667,9,"September","yes"
"1990","Sept. 2021",2021-09-06 01:00:00,1470,0.00578888639843186,9383.76701662727,1.02083333333333,9,"September","yes"
"1991","Sept. 2021",2021-09-06 01:15:00,1485,0.00613555339905392,9242.95285515316,1.03125,9,"September","yes"
"1992","Sept. 2021",2021-09-06 01:30:00,1500,0.00691165741837546,8877.94608974428,1.04166666666667,9,"September","yes"
"1993","Sept. 2021",2021-09-06 01:45:00,1515,0.00750330594850568,8530.65727715754,1.05208333333333,9,"September","yes"
"1994","Sept. 2021",2021-09-06 02:00:00,1530,0.008698886181989,8173.24740836422,1.0625,9,"September","yes"
"1995","Sept. 2021",2021-09-06 02:15:00,1545,0.00994259851308965,7741.1488596567,1.07291666666667,9,"September","yes"
"1996","Sept. 2021",2021-09-06 02:30:00,1560,0.0108253048478211,7344.95468171162,1.08333333333333,9,"September","yes"
"1997","Sept. 2021",2021-09-06 02:45:00,1575,0.0117354956088689,6776.42001790772,1.09375,9,"September","yes"
"1998","Sept. 2021",2021-09-06 03:00:00,1590,0.0121284193073764,6178.06729255225,1.10416666666667,9,"September","yes"
"1999","Sept. 2021",2021-09-06 03:15:00,1605,0.014272291443474,5598.00927334792,1.11458333333333,9,"September","yes"
"2000","Sept. 2021",2021-09-06 03:30:00,1620,0.0148049849848978,5239.73466954089,1.125,9,"September","yes"
"2001","Sept. 2021",2021-09-06 03:45:00,1635,0.0144916023508337,5029.56111613229,1.13541666666667,9,"September","yes"
"2002","Sept. 2021",2021-09-06 04:00:00,1650,0.0159003107087668,4977.73952999294,1.14583333333333,9,"September","yes"
"2003","Sept. 2021",2021-09-06 04:15:00,1665,0.0159186500886276,4955.0752531905,1.15625,9,"September","yes"
"2004","Sept. 2021",2021-09-06 04:30:00,1680,0.015909858514209,4900.30740093541,1.16666666666667,9,"September","yes"
"2005","Sept. 2021",2021-09-06 04:45:00,1695,0.0164847538997753,4891.90802504596,1.17708333333333,9,"September","yes"
"2006","Sept. 2021",2021-09-06 05:00:00,1710,0.0171728285727651,4883.88063689772,1.1875,9,"September","yes"
"2007","Sept. 2021",2021-09-06 05:15:00,1725,0.0177846356067845,4896.07176976904,1.19791666666667,9,"September","yes"
"2008","Sept. 2021",2021-09-06 05:30:00,1740,0.0179670801092714,4894.99839265919,1.20833333333333,9,"September","yes"
"2009","Sept. 2021",2021-09-06 05:45:00,1755,0.0179639756007517,4886.49683319858,1.21875,9,"September","yes"
"2010","Sept. 2021",2021-09-06 06:00:00,1770,0.0191283646749866,4946.03202638165,1.22916666666667,9,"September","yes"
"2011","Sept. 2021",2021-09-06 06:15:00,1785,0.0186864667627356,4944.77297854091,1.23958333333333,9,"September","yes"
"2012","Sept. 2021",2021-09-06 06:30:00,1800,0.0183669977760496,4896.63305646275,1.25,9,"September","yes"
"2013","Sept. 2021",2021-09-06 06:45:00,1815,0.0195549937529289,4812.28851069506,1.26041666666667,9,"September","yes"
"2014","Sept. 2021",2021-09-06 07:00:00,1830,0.0202524761716238,4728.7693151379,1.27083333333333,9,"September","yes"
"2015","Sept. 2021",2021-09-06 07:15:00,1845,0.0195243984440347,4675.45257679752,1.28125,9,"September","yes"
"2016","Sept. 2021",2021-09-06 07:30:00,1860,0.0199696812105672,4673.06056429254,1.29166666666667,9,"September","yes"
"2017","Sept. 2021",2021-09-06 07:45:00,1875,0.0204315607642713,4649.77362134813,1.30208333333333,9,"September","yes"
"2018","Sept. 2021",2021-09-06 08:00:00,1890,0.0195763366880223,4567.65747347223,1.3125,9,"September","yes"
"2019","Sept. 2021",2021-09-06 08:15:00,1905,0.0206245367622985,4493.3086231962,1.32291666666667,9,"September","yes"
"2020","Sept. 2021",2021-09-06 08:30:00,1920,0.0202983559412663,4425.27905678309,1.33333333333333,9,"September","yes"
"2021","Sept. 2021",2021-09-06 08:45:00,1935,0.0205130508207382,4320.59151802964,1.34375,9,"September","yes"
"2022","Sept. 2021",2021-09-06 09:00:00,1950,0.0198512992716781,4215.12335281008,1.35416666666667,9,"September","yes"
"2023","Sept. 2021",2021-09-06 09:15:00,1965,0.0201682955095449,4147.93339498818,1.36458333333333,9,"September","yes"
"2024","Sept. 2021",2021-09-06 09:30:00,1980,0.0207258837773981,4102.8501654906,1.375,9,"September","yes"
"2025","Sept. 2021",2021-09-06 09:45:00,1995,0.0209645682766333,4108.76471791625,1.38541666666667,9,"September","yes"
"2026","Sept. 2021",2021-09-06 10:00:00,2010,0.021775653048697,4087.71749327701,1.39583333333333,9,"September","yes"
"2027","Sept. 2021",2021-09-06 10:15:00,2025,0.0229604414376934,4072.98541876024,1.40625,9,"September","yes"
"2028","Sept. 2021",2021-09-06 10:30:00,2040,0.023653170162143,4031.4748047604,1.41666666666667,9,"September","yes"
"2029","Sept. 2021",2021-09-06 10:45:00,2055,0.0244624716906619,4018.44425578319,1.42708333333333,9,"September","yes"
"2030","Sept. 2021",2021-09-06 11:00:00,2070,0.0259647790860884,3952.44162824062,1.4375,9,"September","yes"
"2031","Sept. 2021",2021-09-06 11:15:00,2085,0.0257117684425576,3835.13157126592,1.44791666666667,9,"September","yes"
"2032","Sept. 2021",2021-09-06 11:30:00,2100,0.0263567710295032,3784.2261216443,1.45833333333333,9,"September","yes"
"2033","Sept. 2021",2021-09-06 11:45:00,2115,0.027667001124059,3748.60242727569,1.46875,9,"September","yes"
"2034","Sept. 2021",2021-09-06 12:00:00,2130,0.0268213321948933,3721.01318319573,1.47916666666667,9,"September","yes"
"2035","Sept. 2021",2021-09-06 12:15:00,2145,0.0301317302822436,3731.67166832583,1.48958333333333,9,"September","yes"
"2036","Sept. 2021",2021-09-06 12:30:00,2160,0.0315115331743379,3773.18476271644,1.5,9,"September","yes"
"2037","Sept. 2021",2021-09-06 12:45:00,2175,0.0327433286107741,3761.44623939713,1.51041666666667,9,"September","yes"
"2038","Sept. 2021",2021-09-06 13:00:00,2190,0.0363841742668272,3748.52944594128,1.52083333333333,9,"September","yes"
"2039","Sept. 2021",2021-09-06 13:15:00,2205,0.0364530878937938,3710.74346034544,1.53125,9,"September","yes"
"2040","Sept. 2021",2021-09-06 13:30:00,2220,0.038348429780456,3681.59223908699,1.54166666666667,9,"September","yes"
"2041","Sept. 2021",2021-09-06 13:45:00,2235,0.0376128800637265,3630.9576254016,1.55208333333333,9,"September","yes"
"2042","Sept. 2021",2021-09-06 14:00:00,2250,0.0417723166793016,3520.75786698159,1.5625,9,"September","yes"
"2043","Sept. 2021",2021-09-06 14:15:00,2265,0.0429166359714848,3504.84199182639,1.57291666666667,9,"September","yes"
"2044","Sept. 2021",2021-09-06 14:30:00,2280,0.0443267644928387,3416.10576704131,1.58333333333333,9,"September","yes"
"2045","Sept. 2021",2021-09-06 14:45:00,2295,0.0533332185795155,3369.74727732322,1.59375,9,"September","yes"
"2046","Sept. 2021",2021-09-06 15:00:00,2310,0.0541610918793717,3331.48745379092,1.60416666666667,9,"September","yes"
"2047","Sept. 2021",2021-09-06 15:15:00,2325,0.0571577212159723,3301.83657166881,1.61458333333333,9,"September","yes"
"2048","Sept. 2021",2021-09-06 15:30:00,2340,0.0601638583156585,3256.60694560566,1.625,9,"September","yes"
"2049","Sept. 2021",2021-09-06 15:45:00,2355,0.061741947144689,3276.65820001358,1.63541666666667,9,"September","yes"
"2050","Sept. 2021",2021-09-06 16:00:00,2370,0.0672607985302911,3244.25568036542,1.64583333333333,9,"September","yes"
"2051","Sept. 2021",2021-09-06 16:15:00,2385,0.0670266300082931,3205.7344765896,1.65625,9,"September","yes"
"2052","Sept. 2021",2021-09-06 16:30:00,2400,0.0691889851526836,3162.10145585278,1.66666666666667,9,"September","yes"
"2053","Sept. 2021",2021-09-06 16:45:00,2415,0.0859007792550528,3096.00859385776,1.67708333333333,9,"September","yes"
"2054","Sept. 2021",2021-09-06 17:00:00,2430,0.0875482706890678,3045.77831403872,1.6875,9,"September","yes"
"2055","Sept. 2021",2021-09-06 17:15:00,2445,0.0846636331101769,3002.33487622741,1.69791666666667,9,"September","yes"
"2056","Sept. 2021",2021-09-06 17:30:00,2460,0.0875041055592276,2950.91490915204,1.70833333333333,9,"September","yes"
"2057","Sept. 2021",2021-09-06 17:45:00,2475,0.0843178499675622,2994.5384321418,1.71875,9,"September","yes"
"2058","Sept. 2021",2021-09-06 18:00:00,2490,0.0838343718214472,2987.49068371259,1.72916666666667,9,"September","yes"
"2059","Sept. 2021",2021-09-06 18:15:00,2505,0.0832788090457282,2987.17819022277,1.73958333333333,9,"September","yes"
"2060","Sept. 2021",2021-09-06 18:30:00,2520,0.0770842404740573,3060.6193588455,1.75,9,"September","yes"
"2061","Sept. 2021",2021-09-06 18:45:00,2535,0.0728715973115649,3118.9006884565,1.76041666666667,9,"September","yes"
"2062","Sept. 2021",2021-09-06 19:00:00,2550,0.0709557671414188,3164.24108410143,1.77083333333333,9,"September","yes"
"2063","Sept. 2021",2021-09-06 19:15:00,2565,0.0660038376424312,3186.54826504975,1.78125,9,"September","yes"
"2064","Sept. 2021",2021-09-06 19:30:00,2580,0.0651004257614056,3245.22685622477,1.79166666666667,9,"September","yes"
"2065","Sept. 2021",2021-09-06 19:45:00,2595,0.0621771969690086,3252.74320351868,1.80208333333333,9,"September","yes"
"2066","Sept. 2021",2021-09-06 20:00:00,2610,0.0596948770700459,3319.35185808617,1.8125,9,"September","yes"
"2067","Sept. 2021",2021-09-06 20:15:00,2625,0.0632350684119372,3348.82175990016,1.82291666666667,9,"September","yes"
"2068","Sept. 2021",2021-09-06 20:30:00,2640,0.0619098043516362,3378.50060389695,1.83333333333333,9,"September","yes"
"2069","Sept. 2021",2021-09-06 20:45:00,2655,0.0587884144531724,3422.53515771197,1.84375,9,"September","yes"
"2070","Sept. 2021",2021-09-06 21:00:00,2670,0.0582051164263232,3452.39543557659,1.85416666666667,9,"September","yes"
"2071","Sept. 2021",2021-09-06 21:15:00,2685,0.0565249606384229,3496.99425024895,1.86458333333333,9,"September","yes"
"2072","Sept. 2021",2021-09-06 21:30:00,2700,0.05182240768121,3518.65558880906,1.875,9,"September","yes"
"2073","Sept. 2021",2021-09-06 21:45:00,2715,0.0495131811357519,3584.37028546209,1.88541666666667,9,"September","yes"
"2074","Sept. 2021",2021-09-06 22:00:00,2730,0.0449387458296906,3570.51056518474,1.89583333333333,9,"September","yes"
"2075","Sept. 2021",2021-09-06 22:15:00,2745,0.0437946964953739,3614.62209721951,1.90625,9,"September","yes"
"2076","Sept. 2021",2021-09-06 22:30:00,2760,0.0436024126661472,3645.08936864492,1.91666666666667,9,"September","yes"
"2077","Sept. 2021",2021-09-06 22:45:00,2775,0.0429241642280811,3682.57092196677,1.92708333333333,9,"September","yes"
"2078","Sept. 2021",2021-09-06 23:00:00,2790,0.0411408901043468,3661.39526437734,1.9375,9,"September","yes"
"2079","Sept. 2021",2021-09-06 23:15:00,2805,0.0399803182252932,3750.90922202937,1.94791666666667,9,"September","yes"
"2080","Sept. 2021",2021-09-06 23:30:00,2820,0.0385482738882239,3759.63677206868,1.95833333333333,9,"September","yes"
"2081","Sept. 2021",2021-09-06 23:45:00,2835,0.0378504393219271,3782.01068969975,1.96875,9,"September","yes"
"2082","Sept. 2021",2021-09-07,2850,0.0356024768803108,3797.4245052737,1.97916666666667,9,"September","yes"
"2083","Sept. 2021",2021-09-07 00:15:00,2865,0.0343825219516745,3812.33019890672,1.98958333333333,9,"September","yes"
"2084","Sept. 2021",2021-09-07 00:30:00,2880,0.0350804398926764,3842.38820857754,2,9,"September","yes"
"2085","Sept. 2021",2021-09-07 00:45:00,2895,0.0315939889366183,3887.2025458317,2.01041666666667,9,"September","yes"
"2086","Sept. 2021",2021-09-07 01:00:00,2910,0.0324169790757227,3829.22404825895,2.02083333333333,9,"September","yes"
"2087","Sept. 2021",2021-09-07 01:15:00,2925,0.0322149395953279,3844.46010694175,2.03125,9,"September","yes"
"2088","Sept. 2021",2021-09-07 01:30:00,2940,0.0314241989836618,3860.18066964894,2.04166666666667,9,"September","yes"
"2089","Sept. 2021",2021-09-07 01:45:00,2955,0.0306876549289149,3897.56387976964,2.05208333333333,9,"September","yes"
"2090","Sept. 2021",2021-09-07 02:00:00,2970,0.0299974113603737,3919.86061968822,2.0625,9,"September","yes"
"2091","Sept. 2021",2021-09-07 02:15:00,2985,0.0294374206850263,3948.54981249839,2.07291666666667,9,"September","yes"
"2092","Sept. 2021",2021-09-07 02:30:00,3000,0.0276930772116421,3956.33791362696,2.08333333333333,9,"September","yes"
"2093","Sept. 2021",2021-09-07 02:45:00,3015,0.0277446873917188,3993.82906649917,2.09375,9,"September","yes"
"2094","Sept. 2021",2021-09-07 03:00:00,3030,0.0270073453662757,4009.43810927786,2.10416666666667,9,"September","yes"
"2095","Sept. 2021",2021-09-07 03:15:00,3045,0.0258398892719679,4068.59741465949,2.11458333333333,9,"September","yes"
"2096","Sept. 2021",2021-09-07 03:30:00,3060,0.024932443152419,4076.35726522281,2.125,9,"September","yes"
"2097","Sept. 2021",2021-09-07 03:45:00,3075,0.0240018567999608,4068.82366948746,2.13541666666667,9,"September","yes"
"2098","Sept. 2021",2021-09-07 04:00:00,3090,0.0238032791454757,4112.38885171372,2.14583333333333,9,"September","yes"
"2099","Sept. 2021",2021-09-07 04:15:00,3105,0.0245903303433703,4112.52495163344,2.15625,9,"September","yes"
"2100","Sept. 2021",2021-09-07 04:30:00,3120,0.0228518429063405,4119.35564652518,2.16666666666667,9,"September","yes"
"2101","Sept. 2021",2021-09-07 04:45:00,3135,0.0244671522870249,4126.72656215198,2.17708333333333,9,"September","yes"
"2102","Sept. 2021",2021-09-07 05:00:00,3150,0.0225776947054628,4141.61348425434,2.1875,9,"September","yes"
"2103","Sept. 2021",2021-09-07 05:15:00,3165,0.0229800860532207,4163.00134681749,2.19791666666667,9,"September","yes"
"2104","Sept. 2021",2021-09-07 05:30:00,3180,0.0212411382494757,4170.48499660455,2.20833333333333,9,"September","yes"
"2105","Sept. 2021",2021-09-07 05:45:00,3195,0.0230484379556621,4229.4064718476,2.21875,9,"September","yes"
"2106","Sept. 2021",2021-09-07 06:00:00,3210,0.0217367869032284,4228.9191111342,2.22916666666667,9,"September","yes"
"2107","Sept. 2021",2021-09-07 06:15:00,3225,0.0213163716392586,4228.67997682435,2.23958333333333,9,"September","yes"
"2108","Sept. 2021",2021-09-07 06:30:00,3240,0.0214518556254001,4258.20145771059,2.25,9,"September","yes"
"2109","Sept. 2021",2021-09-07 06:45:00,3255,0.0215120532187679,4265.24347705618,2.26041666666667,9,"September","yes"
"2110","Sept. 2021",2021-09-07 07:00:00,3270,0.0205844269896742,4207.80271669389,2.27083333333333,9,"September","yes"
"2111","Sept. 2021",2021-09-07 07:15:00,3285,0.0207383348200985,4230.82187850564,2.28125,9,"September","yes"
"2112","Sept. 2021",2021-09-07 07:30:00,3300,0.0206730300910471,4165.37529121577,2.29166666666667,9,"September","yes"
"2113","Sept. 2021",2021-09-07 07:45:00,3315,0.0202911399484748,4120.75364527849,2.30208333333333,9,"September","yes"
"2114","Sept. 2021",2021-09-07 08:00:00,3330,0.0205174690256147,4127.38648093176,2.3125,9,"September","yes"
"2115","Sept. 2021",2021-09-07 08:15:00,3345,0.020742796629619,4120.39579815107,2.32291666666667,9,"September","yes"
"2116","Oct. 2021",2021-10-20 07:45:00,15,0.00437268449155688,18513.7794291649,0.0104166666666667,10,"October","yes"
"2117","Oct. 2021",2021-10-20 08:00:00,30,0.00446570478591713,18515.3378722413,0.0208333333333333,10,"October","yes"
"2118","Oct. 2021",2021-10-20 08:15:00,45,0.00432177650305031,18514.1594834744,0.03125,10,"October","yes"
"2119","Oct. 2021",2021-10-20 08:30:00,60,0.00454713997343776,18516.1309415082,0.0416666666666667,10,"October","yes"
"2120","Oct. 2021",2021-10-20 08:45:00,75,0.00461230176118207,18517.1208796421,0.0520833333333333,10,"October","yes"
"2121","Oct. 2021",2021-10-20 09:00:00,90,0.0045601346189235,18519.5963148677,0.0625,10,"October","yes"
"2122","Oct. 2021",2021-10-20 09:15:00,105,0.00440623030326483,18528.5574307155,0.0729166666666667,10,"October","yes"
"2123","Oct. 2021",2021-10-20 09:30:00,120,0.00456224170739488,18521.8581379426,0.0833333333333333,10,"October","yes"
"2124","Oct. 2021",2021-10-20 09:45:00,135,0.00447672625595328,18526.8483366077,0.09375,10,"October","yes"
"2125","Oct. 2021",2021-10-20 10:00:00,150,0.00462280676699418,18530.1620930704,0.104166666666667,10,"October","yes"
"2126","Oct. 2021",2021-10-20 10:15:00,165,0.00459428908023631,18531.8177855236,0.114583333333333,10,"October","yes"
"2127","Oct. 2021",2021-10-20 10:30:00,180,0.00465197643214139,18535.5233931034,0.125,10,"October","yes"
"2128","Oct. 2021",2021-10-20 10:45:00,195,0.00458933369445913,18539.0701995061,0.135416666666667,10,"October","yes"
"2129","Oct. 2021",2021-10-20 11:00:00,210,0.00468949343147676,18543.4986526811,0.145833333333333,10,"October","yes"
"2130","Oct. 2021",2021-10-20 11:15:00,225,0.00474956806735113,18544.6516183854,0.15625,10,"October","yes"
"2131","Oct. 2021",2021-10-20 11:45:00,255,0.00473718403194865,18571.9896216585,0.177083333333333,10,"October","yes"
"2132","Oct. 2021",2021-10-20 12:00:00,270,0.00472505815233868,18565.162621137,0.1875,10,"October","yes"
"2133","Oct. 2021",2021-10-20 12:15:00,285,0.00379189774822942,18566.2289048534,0.197916666666667,10,"October","yes"
"2134","Oct. 2021",2021-10-20 12:30:00,300,0.00382057485505514,18570.0799822917,0.208333333333333,10,"October","yes"
"2135","Oct. 2021",2021-10-20 12:45:00,315,0.00381073129195661,18572.0986951443,0.21875,10,"October","yes"
"2136","Oct. 2021",2021-10-20 13:00:00,330,0.00376453065748756,18574.7914127889,0.229166666666667,10,"October","yes"
"2137","Oct. 2021",2021-10-20 13:15:00,345,0.00381564260334412,18579.3858861616,0.239583333333333,10,"October","yes"
"2138","Oct. 2021",2021-10-20 13:30:00,360,0.00378648883987166,18583.0610894064,0.25,10,"October","yes"
"2139","Oct. 2021",2021-10-20 13:45:00,375,0.00383612310858104,18588.1801131331,0.260416666666667,10,"October","yes"
"2140","Oct. 2021",2021-10-20 14:00:00,390,0.00389313473896398,18593.8480895426,0.270833333333333,10,"October","yes"
"2141","Oct. 2021",2021-10-20 14:15:00,405,0.00387556521564568,18596.3183272405,0.28125,10,"October","yes"
"2142","Oct. 2021",2021-10-20 14:30:00,420,0.00386719088559371,18598.5852829348,0.291666666666667,10,"October","yes"
"2143","Oct. 2021",2021-10-20 14:45:00,435,0.00378708852091898,18599.6465667344,0.302083333333333,10,"October","yes"
"2144","Oct. 2021",2021-10-20 15:00:00,450,0.00378588948601694,18600.3694024358,0.3125,10,"October","yes"
"2145","Oct. 2021",2021-10-20 15:15:00,465,0.00368171634445199,18599.9826322959,0.322916666666667,10,"October","yes"
"2146","Oct. 2021",2021-10-20 15:30:00,480,0.00387233777562078,18600.9480922684,0.333333333333333,10,"October","yes"
"2147","Oct. 2021",2021-10-20 15:45:00,495,0.00381564260334417,18599.3723031443,0.34375,10,"October","yes"
"2148","Oct. 2021",2021-10-20 16:00:00,510,0.00376570613452566,18592.1704017802,0.354166666666667,10,"October","yes"
"2149","Oct. 2021",2021-10-20 16:15:00,525,0.00389313473896398,18590.3016646277,0.364583333333333,10,"October","yes"
"2150","Oct. 2021",2021-10-20 16:30:00,540,0.00380340358798189,18595.6875973912,0.375,10,"October","yes"
"2151","Oct. 2021",2021-10-20 16:45:00,555,0.00386976171306678,18586.6079651681,0.385416666666667,10,"October","yes"
"2152","Oct. 2021",2021-10-20 17:00:00,570,0.0037698306107245,18591.2934747057,0.395833333333333,10,"October","yes"
"2153","Oct. 2021",2021-10-20 17:15:00,585,0.00377337863654741,18581.5041383678,0.40625,10,"October","yes"
"2154","Oct. 2021",2021-10-20 17:30:00,600,0.00381810611165919,18577.5761522513,0.416666666666667,10,"October","yes"
"2155","Oct. 2021",2021-10-20 17:45:00,615,0.00384618130999556,18575.1214460535,0.427083333333333,10,"October","yes"
"2156","Oct. 2021",2021-10-20 18:00:00,630,0.00384051326513439,18572.643255405,0.4375,10,"October","yes"
"2157","Oct. 2021",2021-10-20 18:15:00,645,0.00380645107210165,18570.1315894945,0.447916666666667,10,"October","yes"
"2158","Oct. 2021",2021-10-20 18:30:00,660,0.00387362777005304,18567.7884957239,0.458333333333333,10,"October","yes"
"2159","Oct. 2021",2021-10-20 18:45:00,675,0.00398736006840471,18563.7874986616,0.46875,10,"October","yes"
"2160","Oct. 2021",2021-10-20 19:00:00,690,0.00400497781484015,18558.3787237937,0.479166666666667,10,"October","yes"
"2161","Oct. 2021",2021-10-20 19:15:00,705,0.00406788165456291,18552.0541033905,0.489583333333333,10,"October","yes"
"2162","Oct. 2021",2021-10-20 19:30:00,720,0.00391426674748347,18547.876305917,0.5,10,"October","yes"
"2163","Oct. 2021",2021-10-20 19:45:00,735,0.00402065059025419,18545.0788530719,0.510416666666667,10,"October","yes"
"2164","Oct. 2021",2021-10-20 20:00:00,750,0.00392495839368424,18541.0155937859,0.520833333333333,10,"October","yes"
"2165","Oct. 2021",2021-10-20 20:15:00,765,0.00394319048192617,18539.0128646489,0.53125,10,"October","yes"
"2166","Oct. 2021",2021-10-20 20:30:00,780,0.00381625798963408,18543.3804440081,0.541666666666667,10,"October","yes"
"2167","Oct. 2021",2021-10-20 20:45:00,795,0.00368171634445195,18532.9703791636,0.552083333333333,10,"October","yes"
"2168","Oct. 2021",2021-10-20 21:00:00,810,0.0037355690818564,18530.580750496,0.5625,10,"October","yes"
"2169","Oct. 2021",2021-10-20 21:15:00,825,0.00378469175988511,18527.7634017953,0.572916666666667,10,"October","yes"
"2170","Oct. 2021",2021-10-20 21:30:00,840,0.0037828976246315,18526.1989506434,0.583333333333333,10,"October","yes"
"2171","Oct. 2021",2021-10-20 21:45:00,855,0.00382057485505518,18524.3284510257,0.59375,10,"October","yes"
"2172","Oct. 2021",2021-10-20 22:00:00,870,0.00384051326513443,18521.5052650584,0.604166666666667,10,"October","yes"
"2173","Oct. 2021",2021-10-20 22:15:00,885,0.00395137019531379,18520.1407181646,0.614583333333333,10,"October","yes"
"2174","Oct. 2021",2021-10-20 22:30:00,900,0.00390101997905222,18471.9323038509,0.625,10,"October","yes"
"2175","Oct. 2021",2021-10-20 22:45:00,915,0.00389182511297843,18367.9410414764,0.635416666666667,10,"October","yes"
"2176","Oct. 2021",2021-10-20 23:00:00,930,0.00399861186825943,18242.9351594031,0.645833333333333,10,"October","yes"
"2177","Oct. 2021",2021-10-20 23:15:00,945,0.00389379004274563,18109.2092173686,0.65625,10,"October","yes"
"2178","Oct. 2021",2021-10-20 23:30:00,960,0.00401921924863823,18042.9655215798,0.666666666666667,10,"October","yes"
"2179","Oct. 2021",2021-10-20 23:45:00,975,0.00414864207862258,17915.4452405509,0.677083333333333,10,"October","yes"
"2180","Oct. 2021",2021-10-21,990,0.00407231113712871,17709.2241842015,0.6875,10,"October","yes"
"2181","Oct. 2021",2021-10-21 00:15:00,1005,0.0040760113703954,17584.3853881038,0.697916666666667,10,"October","yes"
"2182","Oct. 2021",2021-10-21 00:30:00,1020,0.00420748294168323,17428.7158577262,0.708333333333333,10,"October","yes"
"2183","Oct. 2021",2021-10-21 00:45:00,1035,0.00424529461025606,17415.1512100914,0.71875,10,"October","yes"
"2184","Oct. 2021",2021-10-21 01:00:00,1050,0.00441339951616635,17117.5657449121,0.729166666666667,10,"October","yes"
"2185","Oct. 2021",2021-10-21 01:15:00,1065,0.00444341696708702,16768.4560890725,0.739583333333333,10,"October","yes"
"2186","Oct. 2021",2021-10-21 01:30:00,1080,0.00442483211502876,16470.6457628684,0.75,10,"October","yes"
"2187","Oct. 2021",2021-10-21 01:45:00,1095,0.00456167744618339,16232.7573427032,0.760416666666667,10,"October","yes"
"2188","Oct. 2021",2021-10-21 02:00:00,1110,0.00463911647530044,16098.224646066,0.770833333333333,10,"October","yes"
"2189","Oct. 2021",2021-10-21 02:15:00,1125,0.00475740467753101,15928.9821216043,0.78125,10,"October","yes"
"2190","Oct. 2021",2021-10-21 02:30:00,1140,0.00490755521836033,15758.2765503109,0.791666666666667,10,"October","yes"
"2191","Oct. 2021",2021-10-21 02:45:00,1155,0.00493274099149591,15437.1396761566,0.802083333333333,10,"October","yes"
"2192","Oct. 2021",2021-10-21 03:00:00,1170,0.0051510704831534,15109.8733541386,0.8125,10,"October","yes"
"2193","Oct. 2021",2021-10-21 03:15:00,1185,0.00527499598639625,14907.9423398575,0.822916666666667,10,"October","yes"
"2194","Oct. 2021",2021-10-21 03:30:00,1200,0.00556032917813969,14728.1414258253,0.833333333333333,10,"October","yes"
"2195","Oct. 2021",2021-10-21 03:45:00,1215,0.00561863978746814,14430.1858702693,0.84375,10,"October","yes"
"2196","Oct. 2021",2021-10-21 04:00:00,1230,0.00579273294536596,14399.2626272868,0.854166666666667,10,"October","yes"
"2197","Oct. 2021",2021-10-21 04:15:00,1245,0.00587485169603517,14321.9170756114,0.864583333333333,10,"October","yes"
"2198","Oct. 2021",2021-10-21 04:30:00,1260,0.00609334422965705,14305.8074535661,0.875,10,"October","yes"
"2199","Oct. 2021",2021-10-21 04:45:00,1275,0.00594494151428957,14133.6020806992,0.885416666666667,10,"October","yes"
"2200","Oct. 2021",2021-10-21 05:00:00,1290,0.00593297468555445,14057.3657933483,0.895833333333333,10,"October","yes"
"2201","Oct. 2021",2021-10-21 05:15:00,1305,0.00597698262583495,13988.4429471328,0.90625,10,"October","yes"
"2202","Oct. 2021",2021-10-21 05:30:00,1320,0.00556279575699933,13904.5923302345,0.916666666666667,10,"October","yes"
"2203","Oct. 2021",2021-10-21 05:45:00,1335,0.00562363576615796,13799.3321194662,0.927083333333333,10,"October","yes"
"2204","Oct. 2021",2021-10-21 06:00:00,1350,0.0057157319519229,13721.2302945672,0.9375,10,"October","yes"
"2205","Oct. 2021",2021-10-21 06:15:00,1365,0.00585125668285921,13644.7012171573,0.947916666666667,10,"October","yes"
"2206","Oct. 2021",2021-10-21 06:30:00,1380,0.00568905988148565,13627.8607872187,0.958333333333333,10,"October","yes"
"2207","Oct. 2021",2021-10-21 06:45:00,1395,0.00584210947375044,13535.5954223831,0.96875,10,"October","yes"
"2208","Oct. 2021",2021-10-21 07:00:00,1410,0.00567514638286058,13637.2272763824,0.979166666666667,10,"October","yes"
"2209","Oct. 2021",2021-10-21 07:15:00,1425,0.00582646584380102,13515.4023244942,0.989583333333333,10,"October","yes"
"2210","Oct. 2021",2021-10-21 07:30:00,1440,0.00572848365269134,13476.1778059491,1,10,"October","yes"
"2211","Oct. 2021",2021-10-21 07:45:00,1455,0.00556773284102927,13437.3776709779,1.01041666666667,10,"October","yes"
"2212","Oct. 2021",2021-10-21 08:00:00,1470,0.00553696195388785,13494.9507290378,1.02083333333333,10,"October","yes"
"2213","Oct. 2021",2021-10-21 08:15:00,1485,0.00568526136464085,13470.5829696942,1.03125,10,"October","yes"
"2214","Oct. 2021",2021-10-21 08:30:00,1500,0.00549301113382923,13491.5020202185,1.04166666666667,10,"October","yes"
"2215","Oct. 2021",2021-10-21 08:45:00,1515,0.00554309977168827,13506.0566092297,1.05208333333333,10,"October","yes"
"2216","Oct. 2021",2021-10-21 09:00:00,1530,0.00572848365269134,13572.4459618882,1.0625,10,"October","yes"
"2217","Oct. 2021",2021-10-21 09:15:00,1545,0.0053660628370471,13506.545633404,1.07291666666667,10,"October","yes"
"2218","Oct. 2021",2021-10-21 09:30:00,1560,0.0054398693237654,13648.5773202326,1.08333333333333,10,"October","yes"
"2219","Oct. 2021",2021-10-21 09:45:00,1575,0.00524737590065238,13687.7667980805,1.09375,10,"October","yes"
"2220","Oct. 2021",2021-10-21 10:00:00,1590,0.00552960736988142,13570.239704515,1.10416666666667,10,"October","yes"
"2221","Oct. 2021",2021-10-21 10:15:00,1605,0.00540995731708036,13646.5677366179,1.11458333333333,10,"October","yes"
"2222","Oct. 2021",2021-10-21 10:30:00,1620,0.00525886136623345,13618.2679930677,1.125,10,"October","yes"
"2223","Oct. 2021",2021-10-21 10:45:00,1635,0.00512875393710094,13605.8273234076,1.13541666666667,10,"October","yes"
"2224","Oct. 2021",2021-10-21 11:00:00,1650,0.00511321022669233,13609.4411391481,1.14583333333333,10,"October","yes"
"2225","Oct. 2021",2021-10-21 11:15:00,1665,0.00502886613856079,13598.0198375981,1.15625,10,"October","yes"
"2226","Oct. 2021",2021-10-21 11:30:00,1680,0.00482802315113337,13623.8709100128,1.16666666666667,10,"October","yes"
"2227","Oct. 2021",2021-10-21 11:45:00,1695,0.0049581152275431,13471.3438264053,1.17708333333333,10,"October","yes"
"2228","Oct. 2021",2021-10-21 12:00:00,1710,0.00542070208162303,12641.3719463808,1.1875,10,"October","yes"
"2229","Oct. 2021",2021-10-21 12:15:00,1725,0.00568779338201155,12434.2427533305,1.19791666666667,10,"October","yes"
"2230","Oct. 2021",2021-10-21 12:30:00,1740,0.00641499184335401,12010.2777428377,1.20833333333333,10,"October","yes"
"2231","Oct. 2021",2021-10-21 12:45:00,1755,0.00715766599580754,11206.1499728806,1.21875,10,"October","yes"
"2232","Oct. 2021",2021-10-21 13:00:00,1770,0.00748621880658189,10962.2507621226,1.22916666666667,10,"October","yes"
"2233","Oct. 2021",2021-10-21 13:15:00,1785,0.0074895544088674,10858.5100714554,1.23958333333333,10,"October","yes"
"2234","Oct. 2021",2021-10-21 13:30:00,1800,0.00700698016878309,10891.732917856,1.25,10,"October","yes"
"2235","Oct. 2021",2021-10-21 13:45:00,1815,0.00712729259737803,10998.3060720417,1.26041666666667,10,"October","yes"
"2236","Oct. 2021",2021-10-21 14:00:00,1830,0.00774002081534615,10948.3386553615,1.27083333333333,10,"October","yes"
"2237","Oct. 2021",2021-10-21 14:15:00,1845,0.00747122479232915,10890.0417931992,1.28125,10,"October","yes"
"2238","Oct. 2021",2021-10-21 14:30:00,1860,0.0094617531056296,10091.3365474135,1.29166666666667,10,"October","yes"
"2239","Oct. 2021",2021-10-21 14:45:00,1875,0.0129426768494675,8656.70147463728,1.30208333333333,10,"October","yes"
"2240","Oct. 2021",2021-10-21 15:00:00,1890,0.0143108403912182,7823.04752475064,1.3125,10,"October","yes"
"2241","Oct. 2021",2021-10-21 15:15:00,1905,0.0151722312753808,7399.06857211313,1.32291666666667,10,"October","yes"
"2242","Oct. 2021",2021-10-21 15:30:00,1920,0.0153771126979672,7240.97893748206,1.33333333333333,10,"October","yes"
"2243","Oct. 2021",2021-10-21 15:45:00,1935,0.0159098999821771,7276.90076385093,1.34375,10,"October","yes"
"2244","Oct. 2021",2021-10-21 16:00:00,1950,0.0170849538971618,7231.38930215285,1.35416666666667,10,"October","yes"
"2245","Oct. 2021",2021-10-21 16:15:00,1965,0.0184758623036972,7111.18480019545,1.36458333333333,10,"October","yes"
"2246","Oct. 2021",2021-10-21 16:30:00,1980,0.0189628408427104,6961.74577024897,1.375,10,"October","yes"
"2247","Oct. 2021",2021-10-21 16:45:00,1995,0.0203691368630664,6864.07756349096,1.38541666666667,10,"October","yes"
"2248","Oct. 2021",2021-10-21 17:00:00,2010,0.0204663740485675,6862.21928744274,1.39583333333333,10,"October","yes"
"2249","Oct. 2021",2021-10-21 17:15:00,2025,0.0220841669847009,6941.32952075537,1.40625,10,"October","yes"
"2250","Oct. 2021",2021-10-21 17:30:00,2040,0.0231127577817836,6967.46190685004,1.41666666666667,10,"October","yes"
"2251","Oct. 2021",2021-10-21 17:45:00,2055,0.0241205909921901,6925.82340300573,1.42708333333333,10,"October","yes"
"2252","Oct. 2021",2021-10-21 18:00:00,2070,0.0247087571133879,6929.99760241286,1.4375,10,"October","yes"
"2253","Oct. 2021",2021-10-21 18:15:00,2085,0.0269615087197859,6978.89970930142,1.44791666666667,10,"October","yes"
"2254","Oct. 2021",2021-10-21 18:30:00,2100,0.0294465792851589,7085.27015966496,1.45833333333333,10,"October","yes"
"2255","Oct. 2021",2021-10-21 18:45:00,2115,0.0295585157219998,7191.17821828961,1.46875,10,"October","yes"
"2256","Oct. 2021",2021-10-21 19:00:00,2130,0.0298540053958498,7321.17136438818,1.47916666666667,10,"October","yes"
"2257","Oct. 2021",2021-10-21 19:15:00,2145,0.0308480493019141,7421.46158668321,1.48958333333333,10,"October","yes"
"2258","Oct. 2021",2021-10-21 19:30:00,2160,0.0315710831750761,7537.83206146683,1.5,10,"October","yes"
"2259","Oct. 2021",2021-10-21 19:45:00,2175,0.0335998101774441,7564.95334846706,1.51041666666667,10,"October","yes"
"2260","Oct. 2021",2021-10-21 20:00:00,2190,0.0316012328742829,7577.63340630239,1.52083333333333,10,"October","yes"
"2261","Oct. 2021",2021-10-21 20:15:00,2205,0.0314979292242851,7606.26310149915,1.53125,10,"October","yes"
"2262","Oct. 2021",2021-10-21 20:30:00,2220,0.0326095511343698,7597.059798779,1.54166666666667,10,"October","yes"
"2263","Oct. 2021",2021-10-21 20:45:00,2235,0.0321162307233745,7668.82057346579,1.55208333333333,10,"October","yes"
"2264","Oct. 2021",2021-10-21 21:00:00,2250,0.0289642776622646,7564.28548947633,1.5625,10,"October","yes"
"2265","Oct. 2021",2021-10-21 21:15:00,2265,0.0299542622287762,7570.70649514436,1.57291666666667,10,"October","yes"
"2266","Oct. 2021",2021-10-21 21:30:00,2280,0.0270482712759833,7628.68194829418,1.58333333333333,10,"October","yes"
"2267","Oct. 2021",2021-10-21 21:45:00,2295,0.0267609864084511,7635.47163765707,1.59375,10,"October","yes"
"2268","Oct. 2021",2021-10-21 22:00:00,2310,0.0260871229568666,7635.86983176379,1.60416666666667,10,"October","yes"
"2269","Oct. 2021",2021-10-21 22:15:00,2325,0.0243206910364114,7680.64316042995,1.61458333333333,10,"October","yes"
"2270","Oct. 2021",2021-10-21 22:30:00,2340,0.0240799468434092,7600.07877980792,1.625,10,"October","yes"
"2271","Oct. 2021",2021-10-21 22:45:00,2355,0.0228503611431304,7673.55330887872,1.63541666666667,10,"October","yes"
"2272","Oct. 2021",2021-10-21 23:00:00,2370,0.023748890898091,7673.96740379633,1.64583333333333,10,"October","yes"
"2273","Oct. 2021",2021-10-21 23:15:00,2385,0.0224476239909531,7644.83975108703,1.65625,10,"October","yes"
"2274","Oct. 2021",2021-10-21 23:30:00,2400,0.0220175007336993,7682.58811760412,1.66666666666667,10,"October","yes"
"2275","Oct. 2021",2021-10-21 23:45:00,2415,0.021588781849797,7713.40377080008,1.67708333333333,10,"October","yes"
"2276","Oct. 2021",2021-10-22,2430,0.0205942048077605,7751.38742173668,1.6875,10,"October","yes"
"2277","Oct. 2021",2021-10-22 00:15:00,2445,0.0192011210368151,7759.83102581356,1.69791666666667,10,"October","yes"
"2278","Oct. 2021",2021-10-22 00:30:00,2460,0.0195684382861569,7805.40238008066,1.70833333333333,10,"October","yes"
"2279","Oct. 2021",2021-10-22 00:45:00,2475,0.0179779022512073,7763.32786301491,1.71875,10,"October","yes"
"2280","Oct. 2021",2021-10-22 01:00:00,2490,0.017857024396711,7824.11507320674,1.72916666666667,10,"October","yes"
"2281","Oct. 2021",2021-10-22 01:15:00,2505,0.0166607940007589,7811.49707121616,1.73958333333333,10,"October","yes"
"2282","Oct. 2021",2021-10-22 01:30:00,2520,0.0167112260645767,7827.52527997186,1.75,10,"October","yes"
"2283","Oct. 2021",2021-10-22 01:45:00,2535,0.0168869885576525,7851.43477401725,1.76041666666667,10,"October","yes"
"2284","Oct. 2021",2021-10-22 02:00:00,2550,0.0155581691792446,7867.28717859272,1.77083333333333,10,"October","yes"
"2285","Oct. 2021",2021-10-22 02:15:00,2565,0.0154957798508453,7899.20103438747,1.78125,10,"October","yes"
"2286","Oct. 2021",2021-10-22 02:30:00,2580,0.0147896847852542,7854.54900797794,1.79166666666667,10,"October","yes"
"2287","Oct. 2021",2021-10-22 02:45:00,2595,0.013275622370193,7930.88410144717,1.80208333333333,10,"October","yes"
"2288","Oct. 2021",2021-10-22 03:00:00,2610,0.0134299913151625,7954.028113229,1.8125,10,"October","yes"
"2289","Oct. 2021",2021-10-22 03:15:00,2625,0.0132525686217359,7954.82698108339,1.82291666666667,10,"October","yes"
"2290","Oct. 2021",2021-10-22 03:30:00,2640,0.0126898117825299,7985.31723408537,1.83333333333333,10,"October","yes"
"2291","Oct. 2021",2021-10-22 03:45:00,2655,0.0117400108512622,7963.53826044611,1.84375,10,"October","yes"
"2292","Oct. 2021",2021-10-22 04:00:00,2670,0.011242712897203,7963.64367244955,1.85416666666667,10,"October","yes"
"2293","Oct. 2021",2021-10-22 04:15:00,2685,0.010500859346151,7941.41637881715,1.86458333333333,10,"October","yes"
"2294","Oct. 2021",2021-10-22 04:30:00,2700,0.0108806909440083,7963.49256968093,1.875,10,"October","yes"
"2295","Oct. 2021",2021-10-22 04:45:00,2715,0.0108851645219996,7970.29040701377,1.88541666666667,10,"October","yes"
"2296","Oct. 2021",2021-10-22 05:00:00,2730,0.0101753816176435,7961.58362840065,1.89583333333333,10,"October","yes"
"2297","Oct. 2021",2021-10-22 05:15:00,2745,0.00951231096252744,7908.79502599342,1.90625,10,"October","yes"
"2298","Oct. 2021",2021-10-22 05:30:00,2760,0.00993669259582289,7974.11584508112,1.91666666666667,10,"October","yes"
"2299","Oct. 2021",2021-10-22 05:45:00,2775,0.00977850828338603,7980.04261365248,1.92708333333333,10,"October","yes"
"2300","Oct. 2021",2021-10-22 06:00:00,2790,0.00952041919679924,7964.320658371,1.9375,10,"October","yes"
"2301","Oct. 2021",2021-10-22 06:15:00,2805,0.00881546511290357,7955.60837890968,1.94791666666667,10,"October","yes"
"2302","Oct. 2021",2021-10-22 06:30:00,2820,0.0094738683413094,7984.20756383987,1.95833333333333,10,"October","yes"
"2303","Oct. 2021",2021-10-22 06:45:00,2835,0.00862041116991374,7952.6636611024,1.96875,10,"October","yes"
"2304","Oct. 2021",2021-10-22 07:00:00,2850,0.00882884717524999,7980.81364940172,1.97916666666667,10,"October","yes"
"2305","Oct. 2021",2021-10-22 07:15:00,2865,0.00797649787743283,7920.75522626149,1.98958333333333,10,"October","yes"
"2306","Oct. 2021",2021-10-22 07:30:00,2880,0.00752465724986608,8022.82117684595,2,10,"October","yes"
"2307","Oct. 2021",2021-10-22 07:45:00,2895,0.00849910534714355,8023.09127014528,2.01041666666667,10,"October","yes"
"2308","Oct. 2021",2021-10-22 08:00:00,2910,0.00772629886284092,8111.682935151,2.02083333333333,10,"October","yes"
"2309","Oct. 2021",2021-10-22 08:15:00,2925,0.00768525864726607,8245.40213246334,2.03125,10,"October","yes"
"2310","Oct. 2021",2021-10-22 08:30:00,2940,0.00809700581603692,8292.07827069158,2.04166666666667,10,"October","yes"
"2311","Oct. 2021",2021-10-22 08:45:00,2955,0.00770746536976804,8346.95544862502,2.05208333333333,10,"October","yes"
"2312","Oct. 2021",2021-10-22 09:00:00,2970,0.00817039612607662,8515.30488518614,2.0625,10,"October","yes"
"2313","Oct. 2021",2021-10-22 09:15:00,2985,0.00758348263356761,8557.1799582721,2.07291666666667,10,"October","yes"
"2314","Oct. 2021",2021-10-22 09:30:00,3000,0.00734238683314324,8697.18065588848,2.08333333333333,10,"October","yes"
"2315","Oct. 2021",2021-10-22 09:45:00,3015,0.00770917586953921,8667.89457246312,2.09375,10,"October","yes"
"2316","Oct. 2021",2021-10-22 10:00:00,3030,0.00767162045605502,8718.07574662538,2.10416666666667,10,"October","yes"
"2317","Oct. 2021",2021-10-22 10:15:00,3045,0.00741647348450924,8916.95879842611,2.11458333333333,10,"October","yes"
"2318","Oct. 2021",2021-10-22 10:30:00,3060,0.00746290623615029,8975.91257988906,2.125,10,"October","yes"
"2319","Oct. 2021",2021-10-22 10:45:00,3075,0.00735386790674596,9118.03452948306,2.13541666666667,10,"October","yes"
"2320","Oct. 2021",2021-10-22 11:00:00,3090,0.00724463528786977,9027.78899063456,2.14583333333333,10,"October","yes"
"2321","Oct. 2021",2021-10-22 11:15:00,3105,0.0071002165197051,9064.27963419726,2.15625,10,"October","yes"
"2322","Oct. 2021",2021-10-22 11:30:00,3120,0.00722361103926125,9294.07502099366,2.16666666666667,10,"October","yes"
"2323","Oct. 2021",2021-10-22 11:45:00,3135,0.0068684903939995,9351.44803109454,2.17708333333333,10,"October","yes"
"2324","Oct. 2021",2021-10-22 12:00:00,3150,0.00664094558776416,9379.53074486148,2.1875,10,"October","yes"
"2325","Oct. 2021",2021-10-22 12:15:00,3165,0.00684079631249604,9392.54073740759,2.19791666666667,10,"October","yes"
"2326","Oct. 2021",2021-10-22 12:30:00,3180,0.00626538147293013,9487.40952020635,2.20833333333333,10,"October","yes"
"2327","Oct. 2021",2021-10-22 12:45:00,3195,0.00677658905160713,9566.1384174687,2.21875,10,"October","yes"
"2328","Oct. 2021",2021-10-22 13:00:00,3210,0.0064569485379385,9629.99807918166,2.22916666666667,10,"October","yes"
"2329","Oct. 2021",2021-10-22 13:15:00,3225,0.00638621651626826,9700.69541482925,2.23958333333333,10,"October","yes"
"2330","Oct. 2021",2021-10-22 13:30:00,3240,0.00615381384417991,9711.56694568214,2.25,10,"October","yes"
"2331","Oct. 2021",2021-10-22 13:45:00,3255,0.0061995817532131,9685.23979719893,2.26041666666667,10,"October","yes"
"2332","Oct. 2021",2021-10-22 14:00:00,3270,0.00560617274422244,9809.13092119852,2.27083333333333,10,"October","yes"
"2333","Oct. 2021",2021-10-22 14:15:00,3285,0.00571827967453606,9909.49079406289,2.28125,10,"October","yes"
"2334","Oct. 2021",2021-10-22 14:30:00,3300,0.00570809663670438,9957.84238765269,2.29166666666667,10,"October","yes"
"2335","Oct. 2021",2021-10-22 14:45:00,3315,0.00582516433472355,10034.4147920167,2.30208333333333,10,"October","yes"
"2336","Oct. 2021",2021-10-22 15:00:00,3330,0.00581346547669078,9923.29258356079,2.3125,10,"October","yes"
"2337","Oct. 2021",2021-10-22 15:15:00,3345,0.0054386689171873,10021.3810383599,2.32291666666667,10,"October","yes"
"2338","Oct. 2021",2021-10-22 15:30:00,3360,0.00535663103332133,10118.3797444862,2.33333333333333,10,"October","yes"
"2339","Oct. 2021",2021-10-22 15:45:00,3375,0.00530396731448601,10118.8390694991,2.34375,10,"October","yes"
"2340","Nov. 2021",2021-11-18 22:30:00,15,0.00440202221284573,17524.1510317298,0.0104166666666667,11,"November","yes"
"2341","Nov. 2021",2021-11-18 22:45:00,30,0.00423557185677969,17563.1177967264,0.0208333333333333,11,"November","yes"
"2342","Nov. 2021",2021-11-18 23:00:00,45,0.00431215556697974,17413.1725882523,0.03125,11,"November","yes"
"2343","Nov. 2021",2021-11-18 23:15:00,60,0.00433068604216807,17419.7286153027,0.0416666666666667,11,"November","yes"
"2344","Nov. 2021",2021-11-18 23:30:00,75,0.00428963005803265,17336.4256292549,0.0520833333333333,11,"November","yes"
"2345","Nov. 2021",2021-11-18 23:45:00,90,0.00441866922921309,17322.8396594335,0.0625,11,"November","yes"
"2346","Nov. 2021",2021-11-19,105,0.00423395597856267,17458.8332548103,0.0729166666666667,11,"November","yes"
"2347","Nov. 2021",2021-11-19 00:15:00,120,0.00433831233447019,17414.9074438055,0.0833333333333333,11,"November","yes"
"2348","Nov. 2021",2021-11-19 00:30:00,135,0.00438029819984651,17430.8108760362,0.09375,11,"November","yes"
"2349","Nov. 2021",2021-11-19 00:45:00,150,0.00439591887607504,17252.5398881511,0.104166666666667,11,"November","yes"
"2350","Nov. 2021",2021-11-19 01:00:00,165,0.00436049271817764,17053.1652809687,0.114583333333333,11,"November","yes"
"2351","Nov. 2021",2021-11-19 01:15:00,180,0.00503862441755042,16737.3851701392,0.125,11,"November","yes"
"2352","Nov. 2021",2021-11-19 01:30:00,195,0.00527268711434806,16444.622837975,0.135416666666667,11,"November","yes"
"2353","Nov. 2021",2021-11-19 01:45:00,210,0.00531444705305914,16243.9916929046,0.145833333333333,11,"November","yes"
"2354","Nov. 2021",2021-11-19 02:00:00,225,0.00551615455837362,16004.842489078,0.15625,11,"November","yes"
"2355","Nov. 2021",2021-11-19 02:15:00,240,0.00576050605135525,15767.4078757728,0.166666666666667,11,"November","yes"
"2356","Nov. 2021",2021-11-19 02:30:00,255,0.00618984363435021,15468.960727062,0.177083333333333,11,"November","yes"
"2357","Nov. 2021",2021-11-19 02:45:00,270,0.00669638931059958,15117.8393856644,0.1875,11,"November","yes"
"2358","Nov. 2021",2021-11-19 03:00:00,285,0.00797297642977639,14696.2615393061,0.197916666666667,11,"November","yes"
"2359","Nov. 2021",2021-11-19 03:15:00,300,0.00968162952445872,13563.5387065494,0.208333333333333,11,"November","yes"
"2360","Nov. 2021",2021-11-19 03:30:00,315,0.00958139782204074,12093.249715044,0.21875,11,"November","yes"
"2361","Nov. 2021",2021-11-19 03:45:00,330,0.0112175557536221,10689.7249619454,0.229166666666667,11,"November","yes"
"2362","Nov. 2021",2021-11-19 04:00:00,345,0.0117235070447495,9770.51518240186,0.239583333333333,11,"November","yes"
"2363","Nov. 2021",2021-11-19 04:15:00,360,0.0134713553002278,9341.66369452146,0.25,11,"November","yes"
"2364","Nov. 2021",2021-11-19 04:30:00,375,0.0137343986731625,9253.20395710289,0.260416666666667,11,"November","yes"
"2365","Nov. 2021",2021-11-19 04:45:00,390,0.014538115489067,9187.73971491384,0.270833333333333,11,"November","yes"
"2366","Nov. 2021",2021-11-19 05:00:00,405,0.0144919330021519,9176.87008497197,0.28125,11,"November","yes"
"2367","Nov. 2021",2021-11-19 05:15:00,420,0.0146498858129863,9151.42595094473,0.291666666666667,11,"November","yes"
"2368","Nov. 2021",2021-11-19 05:30:00,435,0.0153799313989216,9064.62605477326,0.302083333333333,11,"November","yes"
"2369","Nov. 2021",2021-11-19 05:45:00,450,0.016057191336759,8994.44029959325,0.3125,11,"November","yes"
"2370","Nov. 2021",2021-11-19 06:00:00,465,0.0161762191187382,9006.7081928642,0.322916666666667,11,"November","yes"
"2371","Nov. 2021",2021-11-19 06:15:00,480,0.0165779355563682,9017.73886566481,0.333333333333333,11,"November","yes"
"2372","Nov. 2021",2021-11-19 06:30:00,495,0.0167855626404001,8962.70916000148,0.34375,11,"November","yes"
"2373","Nov. 2021",2021-11-19 06:45:00,510,0.0178168423696294,8949.59276188221,0.354166666666667,11,"November","yes"
"2374","Nov. 2021",2021-11-19 07:00:00,525,0.0173602434077133,8869.18187191647,0.364583333333333,11,"November","yes"
"2375","Nov. 2021",2021-11-19 07:15:00,540,0.0169917926751283,8865.71113553953,0.375,11,"November","yes"
"2376","Nov. 2021",2021-11-19 07:30:00,555,0.019097861079481,8812.26562493992,0.385416666666667,11,"November","yes"
"2377","Nov. 2021",2021-11-19 07:45:00,570,0.0189468054501247,8788.5866480877,0.395833333333333,11,"November","yes"
"2378","Nov. 2021",2021-11-19 08:00:00,585,0.0193761319559289,8736.80956995026,0.40625,11,"November","yes"
"2379","Nov. 2021",2021-11-19 08:15:00,600,0.0198474921972945,8738.24947768671,0.416666666666667,11,"November","yes"
"2380","Nov. 2021",2021-11-19 08:30:00,615,0.019470513077619,8703.0860611816,0.427083333333333,11,"November","yes"
"2381","Nov. 2021",2021-11-19 08:45:00,630,0.0192075859086956,8744.7011115866,0.4375,11,"November","yes"
"2382","Nov. 2021",2021-11-19 09:00:00,645,0.0209498777773206,8690.95694382604,0.447916666666667,11,"November","yes"
"2383","Nov. 2021",2021-11-19 09:15:00,660,0.020122261320545,8608.88653578761,0.458333333333333,11,"November","yes"
"2384","Nov. 2021",2021-11-19 09:30:00,675,0.0195161748627038,8586.24330112703,0.46875,11,"November","yes"
"2385","Nov. 2021",2021-11-19 09:45:00,690,0.0192885072346859,8571.46641014029,0.479166666666667,11,"November","yes"
"2386","Nov. 2021",2021-11-19 10:00:00,705,0.0189403935834386,8443.99492288394,0.489583333333333,11,"November","yes"
"2387","Nov. 2021",2021-11-19 10:15:00,720,0.0197717502036363,8451.088455592,0.5,11,"November","yes"
"2388","Nov. 2021",2021-11-19 10:30:00,735,0.0190463567427554,8424.15402754607,0.510416666666667,11,"November","yes"
"2389","Nov. 2021",2021-11-19 10:45:00,750,0.0186119517428317,8321.75271098002,0.520833333333333,11,"November","yes"
"2390","Nov. 2021",2021-11-19 11:00:00,765,0.0172086500625143,8195.22669762139,0.53125,11,"November","yes"
"2391","Nov. 2021",2021-11-19 11:15:00,780,0.016495333630941,8132.21451849503,0.541666666666667,11,"November","yes"
"2392","Nov. 2021",2021-11-19 11:30:00,795,0.0166519040405676,8030.25290864312,0.552083333333333,11,"November","yes"
"2393","Nov. 2021",2021-11-19 11:45:00,810,0.0165986261188133,7994.05647997426,0.5625,11,"November","yes"
"2394","Nov. 2021",2021-11-19 12:00:00,825,0.0157405658412268,8219.80004707467,0.572916666666667,11,"November","yes"
"2395","Nov. 2021",2021-11-19 12:15:00,840,0.0152674385709352,8554.32246097021,0.583333333333333,11,"November","yes"
"2396","Nov. 2021",2021-11-19 12:30:00,855,0.0142329124743429,8536.95577802275,0.59375,11,"November","yes"
"2397","Nov. 2021",2021-11-19 12:45:00,870,0.0130995542539436,8386.16140653134,0.604166666666667,11,"November","yes"
"2398","Nov. 2021",2021-11-19 13:00:00,885,0.0125757517524477,8303.46392498266,0.614583333333333,11,"November","yes"
"2399","Nov. 2021",2021-11-19 13:15:00,900,0.0129805157248523,8328.26394515513,0.625,11,"November","yes"
"2400","Nov. 2021",2021-11-19 13:30:00,915,0.0119059307003237,8319.86166712126,0.635416666666667,11,"November","yes"
"2401","Nov. 2021",2021-11-19 13:45:00,930,0.0111901567495613,8356.37001817457,0.645833333333333,11,"November","yes"
"2402","Nov. 2021",2021-11-19 14:00:00,945,0.0109659127255498,8452.82223175702,0.65625,11,"November","yes"
"2403","Nov. 2021",2021-11-19 14:15:00,960,0.0106652934264843,8482.4933797258,0.666666666666667,11,"November","yes"
"2404","Nov. 2021",2021-11-19 14:30:00,975,0.00969806848393963,8686.65301436912,0.677083333333333,11,"November","yes"
"2405","Nov. 2021",2021-11-19 14:45:00,990,0.00900233045806453,8650.81806868611,0.6875,11,"November","yes"
"2406","Nov. 2021",2021-11-19 15:00:00,1005,0.0101498358322131,8741.73632035181,0.697916666666667,11,"November","yes"
"2407","Nov. 2021",2021-11-19 15:15:00,1020,0.00960587172466132,8779.15367286797,0.708333333333333,11,"November","yes"
"2408","Nov. 2021",2021-11-19 15:30:00,1035,0.00932926292266189,8845.85622941179,0.71875,11,"November","yes"
"2409","Nov. 2021",2021-11-19 15:45:00,1050,0.00862604327383596,8843.5413303419,0.729166666666667,11,"November","yes"
"2410","Nov. 2021",2021-11-19 16:00:00,1065,0.00850281722086718,8856.35939914298,0.739583333333333,11,"November","yes"
"2411","Nov. 2021",2021-11-19 16:15:00,1080,0.00830606998083635,8959.67093168191,0.75,11,"November","yes"
"2412","Nov. 2021",2021-11-19 16:30:00,1095,0.00809522267951857,9062.91102873318,0.760416666666667,11,"November","yes"
"2413","Nov. 2021",2021-11-19 16:45:00,1110,0.00801532018048962,9076.96369423372,0.770833333333333,11,"November","yes"
"2414","Nov. 2021",2021-11-19 17:00:00,1125,0.00775720270330762,9189.59010368288,0.78125,11,"November","yes"
"2415","Nov. 2021",2021-11-19 17:15:00,1140,0.00765800320516723,9066.48997988839,0.791666666666667,11,"November","yes"
"2416","Nov. 2021",2021-11-19 17:30:00,1155,0.00765120243234472,9208.65769064445,0.802083333333333,11,"November","yes"
"2417","Nov. 2021",2021-11-19 17:45:00,1170,0.00747955152832176,9258.42794273011,0.8125,11,"November","yes"
"2418","Nov. 2021",2021-11-19 18:00:00,1185,0.00729336382385681,9374.8907467065,0.822916666666667,11,"November","yes"
"2419","Nov. 2021",2021-11-19 18:15:00,1200,0.00721392618987896,9462.33017743023,0.833333333333333,11,"November","yes"
"2420","Nov. 2021",2021-11-19 18:30:00,1215,0.00705266587691562,9460.57189164145,0.84375,11,"November","yes"
"2421","Nov. 2021",2021-11-19 18:45:00,1230,0.00734894548347515,9540.35077753867,0.854166666666667,11,"November","yes"
"2422","Nov. 2021",2021-11-19 19:00:00,1245,0.00684540463091417,9590.37754600846,0.864583333333333,11,"November","yes"
"2423","Nov. 2021",2021-11-19 19:15:00,1260,0.0067918241438672,9588.92055543337,0.875,11,"November","yes"
"2424","Nov. 2021",2021-11-19 19:30:00,1275,0.00633617461670229,9630.7727004439,0.885416666666667,11,"November","yes"
"2425","Nov. 2021",2021-11-19 19:45:00,1290,0.00628794628256237,9591.08076386104,0.895833333333333,11,"November","yes"
"2426","Nov. 2021",2021-11-19 20:00:00,1305,0.00631910966229448,9640.85346606,0.90625,11,"November","yes"
"2427","Nov. 2021",2021-11-19 20:15:00,1320,0.00612075189186332,9652.47294840293,0.916666666666667,11,"November","yes"
"2428","Nov. 2021",2021-11-19 20:30:00,1335,0.00622329821773265,9635.14673944337,0.927083333333333,11,"November","yes"
"2429","Nov. 2021",2021-11-19 20:45:00,1350,0.006199581753213,9669.8927321416,0.9375,11,"November","yes"
"2430","Nov. 2021",2021-11-19 21:00:00,1365,0.00583819414916364,9682.10812263735,0.947916666666667,11,"November","yes"
"2431","Nov. 2021",2021-11-19 21:15:00,1380,0.00587747990801692,9770.14770680919,0.958333333333333,11,"November","yes"
"2432","Nov. 2021",2021-11-19 21:30:00,1395,0.00565623723273826,9798.81141320996,0.96875,11,"November","yes"
"2433","Nov. 2021",2021-11-19 21:45:00,1410,0.00595293412377793,9871.57517978648,0.979166666666667,11,"November","yes"
"2434","Nov. 2021",2021-11-19 22:00:00,1425,0.00575536872548163,9914.85024458301,0.989583333333333,11,"November","yes"
"2435","Nov. 2021",2021-11-19 22:15:00,1440,0.00559249678739222,9944.32929572415,1,11,"November","yes"
"2436","Nov. 2021",2021-11-19 22:30:00,1455,0.00576822185594218,9951.26515010701,1.01041666666667,11,"November","yes"
"2437","Nov. 2021",2021-11-19 22:45:00,1470,0.00527384138677583,10040.4554707136,1.02083333333333,11,"November","yes"
"2438","Nov. 2021",2021-11-19 23:00:00,1485,0.00549544172150783,10077.9741702452,1.03125,11,"November","yes"
"2439","Nov. 2021",2021-11-19 23:15:00,1500,0.00536488271640741,10114.7485580493,1.04166666666667,11,"November","yes"
"2440","Nov. 2021",2021-11-19 23:30:00,1515,0.00560866353533114,10107.802860176,1.05208333333333,11,"November","yes"
"2441","Nov. 2021",2021-11-19 23:45:00,1530,0.00521084228418975,10153.8534947339,1.0625,11,"November","yes"
"2442","Nov. 2021",2021-11-20,1545,0.00538973396027668,10206.2365363659,1.07291666666667,11,"November","yes"
"2443","Nov. 2021",2021-11-20 00:15:00,1560,0.00559746528190743,10228.8256565894,1.08333333333333,11,"November","yes"
"2444","Nov. 2021",2021-11-20 00:30:00,1575,0.00518366194523964,10228.9711672903,1.09375,11,"November","yes"
"2445","Nov. 2021",2021-11-20 00:45:00,1590,0.00519722855685079,10244.8796095594,1.10416666666667,11,"November","yes"
"2446","Nov. 2021",2021-11-20 01:00:00,1605,0.00500835236057987,10238.5607708761,1.11458333333333,11,"November","yes"
"2447","Nov. 2021",2021-11-20 01:15:00,1620,0.00530280453505172,10276.4640161984,1.125,11,"November","yes"
"2448","Nov. 2021",2021-11-20 01:30:00,1635,0.00496555154678241,10239.6101893728,1.13541666666667,11,"November","yes"
"2449","Nov. 2021",2021-11-20 01:45:00,1650,0.00484131453090004,10247.7079292417,1.14583333333333,11,"November","yes"
"2450","Nov. 2021",2021-11-20 02:00:00,1665,0.00515554949760652,10240.0398584403,1.15625,11,"November","yes"
"2451","Nov. 2021",2021-11-20 02:15:00,1680,0.00502778352130246,10353.6919583327,1.16666666666667,11,"November","yes"
"2452","Nov. 2021",2021-11-20 02:30:00,1695,0.00527615091320914,10375.9756505403,1.17708333333333,11,"November","yes"
"2453","Nov. 2021",2021-11-20 02:45:00,1710,0.00483517317688717,10331.6537067251,1.1875,11,"November","yes"
"2454","Nov. 2021",2021-11-20 03:00:00,1725,0.00490650990105325,10458.9979514376,1.19791666666667,11,"November","yes"
"2455","Nov. 2021",2021-11-20 03:15:00,1740,0.00503319987951954,10400.1471025656,1.20833333333333,11,"November","yes"
"2456","Nov. 2021",2021-11-20 03:30:00,1755,0.00502453763268285,10370.6737445854,1.21875,11,"November","yes"
"2457","Nov. 2021",2021-11-20 03:45:00,1770,0.00485054864741675,10436.5327153099,1.22916666666667,11,"November","yes"
"2458","Nov. 2021",2021-11-20 04:00:00,1785,0.00495281338672022,10495.4679250305,1.23958333333333,11,"November","yes"
"2459","Nov. 2021",2021-11-20 04:15:00,1800,0.0047385134474298,10510.0687629201,1.25,11,"November","yes"
"2460","Nov. 2021",2021-11-20 04:30:00,1815,0.00474347337203276,10508.8325879938,1.26041666666667,11,"November","yes"
"2461","Nov. 2021",2021-11-20 04:45:00,1830,0.0047514262654104,10574.1168511641,1.27083333333333,11,"November","yes"
"2462","Nov. 2021",2021-11-20 05:00:00,1845,0.00472466917515115,10580.2437201317,1.28125,11,"November","yes"
"2463","Nov. 2021",2021-11-20 05:15:00,1860,0.00458317614932388,10646.2550233452,1.29166666666667,11,"November","yes"
"2464","Nov. 2021",2021-11-20 05:30:00,1875,0.00492432479346049,10705.0211550782,1.30208333333333,11,"November","yes"
"2465","Nov. 2021",2021-11-20 05:45:00,1890,0.00450185601236306,10644.5747411471,1.3125,11,"November","yes"
"2466","Dec. 2021",2021-12-16 09:45:00,15,0.00683619093881091,14074.6138055727,0.0104166666666667,12,"December","yes"
"2467","Dec. 2021",2021-12-16 10:00:00,30,0.00768525864726607,14087.1971347235,0.0208333333333333,12,"December","yes"
"2468","Dec. 2021",2021-12-16 10:15:00,45,0.00696469255671405,14051.1525036382,0.03125,12,"December","yes"
"2469","Dec. 2021",2021-12-16 10:30:00,60,0.00694285955101549,13961.5181258321,0.0416666666666667,12,"December","yes"
"2470","Dec. 2021",2021-12-16 10:45:00,75,0.007093859419987,13902.9039165375,0.0520833333333333,12,"December","yes"
"2471","Dec. 2021",2021-12-16 11:00:00,90,0.0071817284286693,13813.7005773157,0.0625,12,"December","yes"
"2472","Dec. 2021",2021-12-16 11:15:00,105,0.00708433358618638,13883.4472352811,0.0729166666666667,12,"December","yes"
"2473","Dec. 2021",2021-12-16 11:30:00,120,0.00732601311079232,13807.2843443335,0.0833333333333333,12,"December","yes"
"2474","Dec. 2021",2021-12-16 11:45:00,135,0.00779684521519376,13690.2280908025,0.09375,12,"December","yes"
"2475","Dec. 2021",2021-12-16 12:00:00,150,0.00824433644680121,13673.9944779206,0.104166666666667,12,"December","yes"
"2476","Dec. 2021",2021-12-16 12:15:00,165,0.00910181407249061,13629.4111105987,0.114583333333333,12,"December","yes"
"2477","Dec. 2021",2021-12-16 12:30:00,180,0.00924767611192982,13610.0853760993,0.125,12,"December","yes"
"2478","Dec. 2021",2021-12-16 12:45:00,195,0.010079827862752,13475.6121556977,0.135416666666667,12,"December","yes"
"2479","Dec. 2021",2021-12-16 13:00:00,210,0.0103792820417931,13290.4724694693,0.145833333333333,12,"December","yes"
"2480","Dec. 2021",2021-12-16 13:15:00,225,0.0102159254694489,13215.7600098784,0.15625,12,"December","yes"
"2481","Dec. 2021",2021-12-16 13:30:00,240,0.0115243830028432,12620.0720095201,0.166666666666667,12,"December","yes"
"2482","Dec. 2021",2021-12-16 13:45:00,255,0.0119345350817568,10032.8178984017,0.177083333333333,12,"December","yes"
"2483","Dec. 2021",2021-12-16 14:00:00,270,0.0139054492160133,8933.90782426095,0.1875,12,"December","yes"
"2484","Dec. 2021",2021-12-16 14:15:00,285,0.0152029922458491,8058.89128761002,0.197916666666667,12,"December","yes"
"2485","Dec. 2021",2021-12-16 14:30:00,300,0.0152113884724751,7428.131076103,0.208333333333333,12,"December","yes"
"2486","Dec. 2021",2021-12-16 14:45:00,315,0.0157749144151536,7132.77097283603,0.21875,12,"December","yes"
"2487","Dec. 2021",2021-12-16 15:00:00,330,0.0161209915194551,7046.55836370638,0.229166666666667,12,"December","yes"
"2488","Dec. 2021",2021-12-16 15:15:00,345,0.0159271842058389,6944.33138590036,0.239583333333333,12,"December","yes"
"2489","Dec. 2021",2021-12-16 15:30:00,360,0.0162811848064303,6878.07897062168,0.25,12,"December","yes"
"2490","Dec. 2021",2021-12-16 15:45:00,375,0.0172873765179408,6803.5950023647,0.260416666666667,12,"December","yes"
"2491","Dec. 2021",2021-12-16 16:00:00,390,0.0165484054213857,6788.60510937662,0.270833333333333,12,"December","yes"
"2492","Dec. 2021",2021-12-16 16:15:00,405,0.0164658951098737,6727.80191045605,0.28125,12,"December","yes"
"2493","Dec. 2021",2021-12-16 16:30:00,420,0.0167885403569363,6660.92725666234,0.291666666666667,12,"December","yes"
"2494","Dec. 2021",2021-12-16 16:45:00,435,0.017928251133112,6646.33944395683,0.302083333333333,12,"December","yes"
"2495","Dec. 2021",2021-12-16 17:00:00,450,0.0172056265390203,6636.73205920412,0.3125,12,"December","yes"
"2496","Dec. 2021",2021-12-16 17:15:00,465,0.0169019360349932,6671.61079847558,0.322916666666667,12,"December","yes"
"2497","Dec. 2021",2021-12-16 17:30:00,480,0.0167112260645767,6654.31545355149,0.333333333333333,12,"December","yes"
"2498","Dec. 2021",2021-12-16 17:45:00,495,0.0174607431057488,6703.86806147866,0.34375,12,"December","yes"
"2499","Dec. 2021",2021-12-16 18:00:00,510,0.01631919329337,6761.82263129504,0.354166666666667,12,"December","yes"
"2500","Dec. 2021",2021-12-16 18:15:00,525,0.0180307483416948,6790.14669988899,0.364583333333333,12,"December","yes"
"2501","Dec. 2021",2021-12-16 18:30:00,540,0.0186659214125529,6862.0058676191,0.375,12,"December","yes"
"2502","Dec. 2021",2021-12-16 18:45:00,555,0.018224282436864,6889.82677554417,0.385416666666667,12,"December","yes"
"2503","Dec. 2021",2021-12-16 19:00:00,570,0.0189147592043954,6873.22123343837,0.395833333333333,12,"December","yes"
"2504","Dec. 2021",2021-12-16 19:15:00,585,0.0185960963061512,6900.53545828724,0.40625,12,"December","yes"
"2505","Dec. 2021",2021-12-16 19:30:00,600,0.018018305460456,6891.12808435616,0.416666666666667,12,"December","yes"
"2506","Dec. 2021",2021-12-16 19:45:00,615,0.0183309480156902,6940.93096332944,0.427083333333333,12,"December","yes"
"2507","Dec. 2021",2021-12-16 20:00:00,630,0.0177736312567802,6961.80383089199,0.4375,12,"December","yes"
"2508","Dec. 2021",2021-12-16 20:15:00,645,0.0180525359807762,6982.61165391846,0.447916666666667,12,"December","yes"
"2509","Dec. 2021",2021-12-16 20:30:00,660,0.0167231061746211,6988.08201003227,0.458333333333333,12,"December","yes"
"2510","Dec. 2021",2021-12-16 20:45:00,675,0.0172237725878714,7060.53522165394,0.46875,12,"December","yes"
"2511","Dec. 2021",2021-12-16 21:00:00,690,0.0180494224793299,7014.71668842364,0.479166666666667,12,"December","yes"
"2512","Dec. 2021",2021-12-16 21:15:00,705,0.0173845742516179,7043.88245611509,0.489583333333333,12,"December","yes"
"2513","Dec. 2021",2021-12-16 21:30:00,720,0.0173480858383824,7019.76144911551,0.5,12,"December","yes"
"2514","Dec. 2021",2021-12-16 21:45:00,735,0.0185707446214755,7017.10610263952,0.510416666666667,12,"December","yes"
"2515","Dec. 2021",2021-12-16 22:00:00,750,0.0174821070304714,6985.33922908407,0.520833333333333,12,"December","yes"
"2516","Dec. 2021",2021-12-16 22:15:00,765,0.0169947929679509,7045.0609169337,0.53125,12,"December","yes"
"2517","Dec. 2021",2021-12-16 22:30:00,780,0.0183215211325164,7015.80371563995,0.541666666666667,12,"December","yes"
"2518","Dec. 2021",2021-12-16 22:45:00,795,0.0189115563793814,7036.85931275414,0.552083333333333,12,"December","yes"
"2519","Dec. 2021",2021-12-16 23:00:00,810,0.0174150172538287,7021.39441382982,0.5625,12,"December","yes"
"2520","Dec. 2021",2021-12-16 23:15:00,825,0.0188571584146059,6983.61820000165,0.572916666666667,12,"December","yes"
"2521","Dec. 2021",2021-12-16 23:30:00,840,0.0193858827597321,6960.26274936446,0.583333333333333,12,"December","yes"
"2522","Dec. 2021",2021-12-16 23:45:00,855,0.0200724373818749,6951.46515338914,0.59375,12,"December","yes"
"2523","Dec. 2021",2021-12-17,870,0.0179779022512071,6861.15871904643,0.604166666666667,12,"December","yes"
"2524","Dec. 2021",2021-12-17 00:15:00,885,0.0190399245901304,6839.65135449274,0.614583333333333,12,"December","yes"
"2525","Dec. 2021",2021-12-17 00:30:00,900,0.0185327563575682,6876.14223987487,0.625,12,"December","yes"
"2526","Dec. 2021",2021-12-17 00:45:00,915,0.0174454929752948,6883.01856345215,0.635416666666667,12,"December","yes"
"2527","Dec. 2021",2021-12-17 01:00:00,930,0.0173906602345195,6898.20132189013,0.645833333333333,12,"December","yes"
"2528","Dec. 2021",2021-12-17 01:15:00,945,0.0188795461248327,6913.49966461511,0.65625,12,"December","yes"
"2529","Dec. 2021",2021-12-17 01:30:00,960,0.0172995079118671,6921.22563171229,0.666666666666667,12,"December","yes"
"2530","Dec. 2021",2021-12-17 01:45:00,975,0.0179003591883459,6929.29129369465,0.677083333333333,12,"December","yes"
"2531","Dec. 2021",2021-12-17 02:00:00,990,0.0162140744795623,6944.99050866987,0.6875,12,"December","yes"
"2532","Dec. 2021",2021-12-17 02:15:00,1005,0.0165336526236154,6923.22590192467,0.697916666666667,12,"December","yes"
"2533","Dec. 2021",2021-12-17 02:30:00,1020,0.0176075605470359,6953.0831324096,0.708333333333333,12,"December","yes"
"2534","Dec. 2021",2021-12-17 02:45:00,1035,0.0167379636740093,6975.61956634779,0.71875,12,"December","yes"
"2535","Dec. 2021",2021-12-17 03:00:00,1050,0.0159733330548267,7020.26185093926,0.729166666666667,12,"December","yes"
"2536","Dec. 2021",2021-12-17 03:15:00,1065,0.0162111605655743,7056.69334162414,0.739583333333333,12,"December","yes"
"2537","Dec. 2021",2021-12-17 03:30:00,1080,0.0168690623821981,7064.59919024738,0.75,12,"December","yes"
"2538","Dec. 2021",2021-12-17 03:45:00,1095,0.016374843625434,7064.38387174461,0.760416666666667,12,"December","yes"
"2539","Dec. 2021",2021-12-17 04:00:00,1110,0.016196595903523,7041.68817983745,0.770833333333333,12,"December","yes"
"2540","Dec. 2021",2021-12-17 04:15:00,1125,0.0160282436045241,7048.21261313447,0.78125,12,"December","yes"
"2541","Dec. 2021",2021-12-17 04:30:00,1140,0.0167796081889055,7040.40736840745,0.791666666666667,12,"December","yes"
"2542","Dec. 2021",2021-12-17 04:45:00,1155,0.0153883894649405,7055.02828802095,0.802083333333333,12,"December","yes"
"2543","Dec. 2021",2021-12-17 05:00:00,1170,0.0154646445720943,7076.12025294738,0.8125,12,"December","yes"
"2544","Dec. 2021",2021-12-17 05:15:00,1185,0.0168660758314631,7030.06438867069,0.822916666666667,12,"December","yes"
"2545","Dec. 2021",2021-12-17 05:30:00,1200,0.0160224579843876,6968.76154436392,0.833333333333333,12,"December","yes"
"2546","Dec. 2021",2021-12-17 05:45:00,1215,0.0173572035245916,6930.67258252778,0.84375,12,"December","yes"
"2547","Dec. 2021",2021-12-17 06:00:00,1230,0.0185169418199573,6861.77023141849,0.854166666666667,12,"December","yes"
"2548","Dec. 2021",2021-12-17 06:15:00,1245,0.0184979751721783,6830.90924944154,0.864583333333333,12,"December","yes"
"2549","Dec. 2021",2021-12-17 06:30:00,1260,0.0186690990437399,6740.56212069189,0.875,12,"December","yes"
"2550","Dec. 2021",2021-12-17 06:45:00,1275,0.0186278153593258,6700.79223585735,0.885416666666667,12,"December","yes"
"2551","Dec. 2021",2021-12-17 07:00:00,1290,0.0189403935834384,6608.83233308902,0.895833333333333,12,"December","yes"
"2552","Dec. 2021",2021-12-17 07:15:00,1305,0.0205470542965508,6519.2494554056,0.90625,12,"December","yes"
"2553","Dec. 2021",2021-12-17 07:30:00,1320,0.0204261045981679,6466.96575412575,0.916666666666667,12,"December","yes"
"2554","Dec. 2021",2021-12-17 07:45:00,1335,0.0185865869704537,6399.78188167886,0.927083333333333,12,"December","yes"
"2555","Dec. 2021",2021-12-17 08:00:00,1350,0.0189147592043952,6429.29361487281,0.9375,12,"December","yes"
"2556","Dec. 2021",2021-12-17 08:15:00,1365,0.0195292328659457,6311.84556459264,0.947916666666667,12,"December","yes"
"2557","Dec. 2021",2021-12-17 08:30:00,1380,0.0201355601375074,6274.914993074,0.958333333333333,12,"December","yes"
"2558","Dec. 2021",2021-12-17 08:45:00,1395,0.0216546834517976,6244.2438703953,0.96875,12,"December","yes"
"2559","Dec. 2021",2021-12-17 09:00:00,1410,0.0224157272093155,6013.47299304576,0.979166666666667,12,"December","yes"
"2560","Dec. 2021",2021-12-17 09:15:00,1425,0.0234168511476665,5933.55528155075,0.989583333333333,12,"December","yes"
"2561","Dec. 2021",2021-12-17 09:30:00,1440,0.0245852374559615,5898.036926584,1,12,"December","yes"
"2562","Dec. 2021",2021-12-17 09:45:00,1455,0.02533930555603,5885.00037737661,1.01041666666667,12,"December","yes"
"2563","Dec. 2021",2021-12-17 10:00:00,1470,0.0259905536469391,5871.41479188386,1.02083333333333,12,"December","yes"
"2564","Dec. 2021",2021-12-17 10:15:00,1485,0.0270048702027353,5792.32214256198,1.03125,12,"December","yes"
"2565","Dec. 2021",2021-12-17 10:30:00,1500,0.026420883073081,5720.33250975462,1.04166666666667,12,"December","yes"
"2566","Dec. 2021",2021-12-17 10:45:00,1515,0.0262769920044262,5714.86332185932,1.05208333333333,12,"December","yes"
"2567","Dec. 2021",2021-12-17 11:00:00,1530,0.027928626201399,5671.0709956608,1.0625,12,"December","yes"
"2568","Dec. 2021",2021-12-17 11:15:00,1545,0.0281300182534506,5606.8728594101,1.07291666666667,12,"December","yes"
"2569","Dec. 2021",2021-12-17 11:30:00,1560,0.0297247859183058,5518.68812766898,1.08333333333333,12,"December","yes"
"2570","Dec. 2021",2021-12-17 11:45:00,1575,0.0316960934462135,5439.1478448626,1.09375,12,"December","yes"
"2571","Dec. 2021",2021-12-17 12:00:00,1590,0.0318473343670401,5359.40179313586,1.10416666666667,12,"December","yes"
"2572","Dec. 2021",2021-12-17 12:15:00,1605,0.0317824677506597,5393.04826894956,1.11458333333333,12,"December","yes"
"2573","Dec. 2021",2021-12-17 12:30:00,1620,0.0334884763034774,5344.33568263758,1.125,12,"December","yes"
"2574","Dec. 2021",2021-12-17 12:45:00,1635,0.0338320396747881,5275.42744475806,1.13541666666667,12,"December","yes"
"2575","Dec. 2021",2021-12-17 13:00:00,1650,0.0336622464704322,5250.23289997379,1.14583333333333,12,"December","yes"
"2576","Dec. 2021",2021-12-17 13:15:00,1665,0.0367533353223855,5152.53387091078,1.15625,12,"December","yes"
"2577","Dec. 2021",2021-12-17 13:30:00,1680,0.0360777098134936,5056.57579410852,1.16666666666667,12,"December","yes"
"2578","Dec. 2021",2021-12-17 13:45:00,1695,0.0367158801307195,4975.25752695639,1.17708333333333,12,"December","yes"
"2579","Dec. 2021",2021-12-17 14:00:00,1710,0.0385854286965201,4926.80104120189,1.1875,12,"December","yes"
"2580","Dec. 2021",2021-12-17 14:15:00,1725,0.0383789225116879,4875.26810905721,1.19791666666667,12,"December","yes"
"2581","Dec. 2021",2021-12-17 14:30:00,1740,0.0393251124421376,4856.69232580401,1.20833333333333,12,"December","yes"
"2582","Dec. 2021",2021-12-17 14:45:00,1755,0.0403626927905228,4841.28094546947,1.21875,12,"December","yes"
"2583","Dec. 2021",2021-12-17 15:00:00,1770,0.0392959609445104,4781.29748204853,1.22916666666667,12,"December","yes"
"2584","Dec. 2021",2021-12-17 15:15:00,1785,0.0383597433901289,4802.46530740557,1.23958333333333,12,"December","yes"
"2585","Dec. 2021",2021-12-17 15:30:00,1800,0.0394661773975567,4787.54649666059,1.25,12,"December","yes"
"2586","Dec. 2021",2021-12-17 15:45:00,1815,0.0383597433901293,4802.32092667779,1.26041666666667,12,"December","yes"
"2587","Dec. 2021",2021-12-17 16:00:00,1830,0.0390099319428999,4763.99050776304,1.27083333333333,12,"December","yes"
"2588","Dec. 2021",2021-12-17 16:15:00,1845,0.0395295027356227,4794.48473233211,1.28125,12,"December","yes"
"2589","Dec. 2021",2021-12-17 16:30:00,1860,0.0391261453023429,4756.61472921199,1.29166666666667,12,"December","yes"
"2590","Dec. 2021",2021-12-17 16:45:00,1875,0.0394126376086108,4732.79312643672,1.30208333333333,12,"December","yes"
"2591","Dec. 2021",2021-12-17 17:00:00,1890,0.0402887956596281,4745.99898417128,1.3125,12,"December","yes"
"2592","Dec. 2021",2021-12-17 17:15:00,1905,0.0383405695036512,4766.510744831,1.32291666666667,12,"December","yes"
"2593","Dec. 2021",2021-12-17 17:30:00,1920,0.0374642298481031,4757.04093420449,1.33333333333333,12,"December","yes"
"2594","Dec. 2021",2021-12-17 17:45:00,1935,0.0372421583834806,4806.72151506742,1.34375,12,"December","yes"
"2595","Dec. 2021",2021-12-17 18:00:00,1950,0.0365802805997363,4856.44313248262,1.35416666666667,12,"December","yes"
"2596","Dec. 2021",2021-12-17 18:15:00,1965,0.0377155179216713,4884.36932480545,1.36458333333333,12,"December","yes"
"2597","Dec. 2021",2021-12-17 18:30:00,1980,0.0366083130988264,4971.11240472214,1.375,12,"December","yes"
"2598","Dec. 2021",2021-12-17 18:45:00,1995,0.0355559573510571,5081.9956326448,1.38541666666667,12,"December","yes"
"2599","Dec. 2021",2021-12-17 19:00:00,2010,0.0359156584506536,5146.90908262401,1.39583333333333,12,"December","yes"
"2600","Dec. 2021",2021-12-17 19:15:00,2025,0.0350064580915373,5189.6818757812,1.40625,12,"December","yes"
"2601","Dec. 2021",2021-12-17 19:30:00,2040,0.0350155778038075,5306.21282645584,1.41666666666667,12,"December","yes"
"2602","Dec. 2021",2021-12-17 19:45:00,2055,0.0339395209193265,5326.70869138334,1.42708333333333,12,"December","yes"
"2603","Dec. 2021",2021-12-17 20:00:00,2070,0.0331026285042028,5354.7028405715,1.4375,12,"December","yes"
"2604","Dec. 2021",2021-12-17 20:15:00,2085,0.0330805285976124,5367.48340420698,1.44791666666667,12,"December","yes"
"2605","Dec. 2021",2021-12-17 20:30:00,2100,0.0324213350133552,5432.42228709105,1.45833333333333,12,"December","yes"
"2606","Dec. 2021",2021-12-17 20:45:00,2115,0.0316917781665129,5512.71513500617,1.46875,12,"December","yes"
"2607","Dec. 2021",2021-12-17 21:00:00,2130,0.031304742846981,5541.17831245555,1.47916666666667,12,"December","yes"
"2608","Dec. 2021",2021-12-17 21:15:00,2145,0.0300924230986483,5561.65506507324,1.48958333333333,12,"December","yes"
"2609","Dec. 2021",2021-12-17 21:30:00,2160,0.0295626660966525,5651.01399975088,1.5,12,"December","yes"
"2610","Dec. 2021",2021-12-17 21:45:00,2175,0.0286044721629162,5673.22800016219,1.51041666666667,12,"December","yes"
"2611","Dec. 2021",2021-12-17 22:00:00,2190,0.0287595318865258,5702.27413484649,1.52083333333333,12,"December","yes"
"2612","Dec. 2021",2021-12-17 22:15:00,2205,0.0287472731517897,5745.85453122985,1.53125,12,"December","yes"
"2613","Dec. 2021",2021-12-17 22:30:00,2220,0.0275203228118994,5767.67380249515,1.54166666666667,12,"December","yes"
"2614","Dec. 2021",2021-12-17 22:45:00,2235,0.0287677060123127,5811.47378887452,1.55208333333333,12,"December","yes"
"2615","Dec. 2021",2021-12-17 23:00:00,2250,0.0283889936785167,5863.04001766983,1.5625,12,"December","yes"
"2616","Dec. 2021",2021-12-17 23:15:00,2265,0.0273810031518096,5877.52672039417,1.57291666666667,12,"December","yes"
"2617","Dec. 2021",2021-12-17 23:30:00,2280,0.0265652220683433,5870.32713168451,1.58333333333333,12,"December","yes"
"2618","Dec. 2021",2021-12-17 23:45:00,2295,0.0271628820589565,5854.7662628202,1.59375,12,"December","yes"
"2619","Dec. 2021",2021-12-18,2310,0.0278001645647181,5727.75719294525,1.60416666666667,12,"December","yes"
"2620","Dec. 2021",2021-12-18 00:15:00,2325,0.0279447074638483,5720.08471459376,1.61458333333333,12,"December","yes"
"2621","Dec. 2021",2021-12-18 00:30:00,2340,0.0272936359437707,5772.14512891907,1.625,12,"December","yes"
"2622","Dec. 2021",2021-12-18 00:45:00,2355,0.0277040382106041,5764.389530016,1.63541666666667,12,"December","yes"
"2623","Dec. 2021",2021-12-18 01:00:00,2370,0.0279487285974416,5764.2074639058,1.64583333333333,12,"December","yes"
"2624","Dec. 2021",2021-12-18 01:15:00,2385,0.0281946364677756,5741.90399634007,1.65625,12,"December","yes"
"2625","Dec. 2021",2021-12-18 01:30:00,2400,0.0276600432828687,5770.81260756786,1.66666666666667,12,"December","yes"
"2626","Dec. 2021",2021-12-18 01:45:00,2415,0.0270640633002141,5808.82322399775,1.67708333333333,12,"December","yes"
"2627","Dec. 2021",2021-12-18 02:00:00,2430,0.0282998197131898,5779.53295365061,1.6875,12,"December","yes"
"2628","Dec. 2021",2021-12-18 02:15:00,2445,0.0290422955317654,5831.01905532193,1.69791666666667,12,"December","yes"
"2629","Dec. 2021",2021-12-18 02:30:00,2460,0.0278683680921543,5830.72753794526,1.70833333333333,12,"December","yes"
"2630","Dec. 2021",2021-12-18 02:45:00,2475,0.0281623168904518,5845.2732644793,1.71875,12,"December","yes"
"2631","Dec. 2021",2021-12-18 03:00:00,2490,0.0288904749515432,5837.5755237716,1.72916666666667,12,"December","yes"
"2632","Dec. 2021",2021-12-18 03:15:00,2505,0.0279809094451233,5881.79451733946,1.73958333333333,12,"December","yes"
"2633","Dec. 2021",2021-12-18 03:30:00,2520,0.0289642776622649,5858.51334891778,1.75,12,"December","yes"
"2634","Dec. 2021",2021-12-18 03:45:00,2535,0.0287963257591325,5805.94362912173,1.76041666666667,12,"December","yes"
"2635","Dec. 2021",2021-12-18 04:00:00,2550,0.0308352987967678,5700.34953403445,1.77083333333333,12,"December","yes"
"2636","Dec. 2021",2021-12-18 04:15:00,2565,0.0310481916671237,5632.19740789879,1.78125,12,"December","yes"
"2637","Dec. 2021",2021-12-18 04:30:00,2580,0.0311463970656366,5630.86689835103,1.79166666666667,12,"December","yes"
"2638","Dec. 2021",2021-12-18 04:45:00,2595,0.0306316911981161,5689.27196501799,1.80208333333333,12,"December","yes"
"2639","Dec. 2021",2021-12-18 05:00:00,2610,0.0311164901433062,5695.37009772536,1.8125,12,"December","yes"
"2640","Dec. 2021",2021-12-18 05:15:00,2625,0.0295585157219998,5732.39133704738,1.82291666666667,12,"December","yes"
"2641","Dec. 2021",2021-12-18 05:30:00,2640,0.03095441802886,5752.883108388,1.83333333333333,12,"December","yes"
"2642","Dec. 2021",2021-12-18 05:45:00,2655,0.0303066452894483,5744.29602667091,1.84375,12,"December","yes"
"2643","Dec. 2021",2021-12-18 06:00:00,2670,0.0306571009216854,5750.1355151604,1.85416666666667,12,"December","yes"
"2644","Dec. 2021",2021-12-18 06:15:00,2685,0.0294424380718975,5749.0310535762,1.86458333333333,12,"December","yes"
"2645","Dec. 2021",2021-12-18 06:30:00,2700,0.031244775549012,5792.12166029077,1.875,12,"December","yes"
"2646","Dec. 2021",2021-12-18 06:45:00,2715,0.0327324356983832,5768.19023519331,1.88541666666667,12,"December","yes"
"2647","Dec. 2021",2021-12-18 07:00:00,2730,0.0320119926114398,5752.29979230921,1.89583333333333,12,"December","yes"
"2648","Dec. 2021",2021-12-18 07:15:00,2745,0.0320771193459016,5729.4722341607,1.90625,12,"December","yes"
"2649","Dec. 2021",2021-12-18 07:30:00,2760,0.0317565417172388,5684.45672212049,1.91666666666667,12,"December","yes"
"2650","Dec. 2021",2021-12-18 07:45:00,2775,0.0318386812313528,5647.43242872952,1.92708333333333,12,"December","yes"
"2651","Dec. 2021",2021-12-18 08:00:00,2790,0.0317824677506597,5625.1424138584,1.9375,12,"December","yes"
"2652","Dec. 2021",2021-12-18 08:15:00,2805,0.0331999652693884,5573.19306698684,1.94791666666667,12,"December","yes"
"2653","Dec. 2021",2021-12-18 08:30:00,2820,0.0338141444568152,5468.8481861649,1.95833333333333,12,"December","yes"
"2654","Dec. 2021",2021-12-18 08:45:00,2835,0.0328115683758244,5329.26567942469,1.96875,12,"December","yes"
"2655","Dec. 2021",2021-12-18 09:00:00,2850,0.0330275221954359,5270.55566128958,1.97916666666667,12,"December","yes"
"2656","Dec. 2021",2021-12-18 09:15:00,2865,0.0355375648004001,5183.02521789482,1.98958333333333,12,"December","yes"
"2657","Dec. 2021",2021-12-18 09:30:00,2880,0.034245074570497,5116.85622944496,2,12,"December","yes"
"2658","Dec. 2021",2021-12-18 09:45:00,2895,0.0359850599558446,5029.4303617295,2.01041666666667,12,"December","yes"
"2659","Dec. 2021",2021-12-18 10:00:00,2910,0.0359989490910816,4939.88559178545,2.02083333333333,12,"December","yes"
"2660","Dec. 2021",2021-12-18 10:15:00,2925,0.0352806187746981,4889.50208597974,2.03125,12,"December","yes"
"2661","Dec. 2021",2021-12-18 10:30:00,2940,0.0364542801181172,4879.90885122578,2.04166666666667,12,"December","yes"
"2662","Dec. 2021",2021-12-18 10:45:00,2955,0.036235514934262,4904.63203636348,2.05208333333333,12,"December","yes"
"2663","Dec. 2021",2021-12-18 11:00:00,2970,0.0375494699017731,4855.34447153418,2.0625,12,"December","yes"
"2664","Dec. 2021",2021-12-18 11:15:00,2985,0.0382208513204664,4760.06940600235,2.07291666666667,12,"December","yes"
"2665","Dec. 2021",2021-12-18 11:30:00,3000,0.0397784668862854,4650.43859979971,2.08333333333333,12,"December","yes"
"2666","Dec. 2021",2021-12-18 11:45:00,3015,0.039949817061535,4511.33120139245,2.09375,12,"December","yes"
"2667","Dec. 2021",2021-12-18 12:00:00,3030,0.0406194394803892,4448.22322395277,2.10416666666667,12,"December","yes"
"2668","Dec. 2021",2021-12-18 12:15:00,3045,0.0410559493847631,4430.29021509311,2.11458333333333,12,"December","yes"
"2669","Dec. 2021",2021-12-18 12:30:00,3060,0.0434148297830066,4409.16591581741,2.125,12,"December","yes"
"2670","Dec. 2021",2021-12-18 12:45:00,3075,0.0417204831665289,4380.11266302503,2.13541666666667,12,"December","yes"
"2671","Dec. 2021",2021-12-18 13:00:00,3090,0.0430158773557562,4381.58097228045,2.14583333333333,12,"December","yes"
"2672","Dec. 2021",2021-12-18 13:15:00,3105,0.0432611509631164,4353.04138108595,2.15625,12,"December","yes"
"2673","Dec. 2021",2021-12-18 13:30:00,3120,0.0421330799260796,4283.24393231554,2.16666666666667,12,"December","yes"
"2674","Dec. 2021",2021-12-18 13:45:00,3135,0.0420876874331311,4249.16398476661,2.17708333333333,12,"December","yes"
"2675","Dec. 2021",2021-12-18 14:00:00,3150,0.0438724762635197,4235.99370913222,2.1875,12,"December","yes"
"2676","Dec. 2021",2021-12-18 14:15:00,3165,0.0439498629030121,4169.84775909564,2.19791666666667,12,"December","yes"
"2677","Dec. 2021",2021-12-18 14:30:00,3180,0.0460989002429459,4102.21579857948,2.20833333333333,12,"December","yes"
"2678","Dec. 2021",2021-12-18 14:45:00,3195,0.0463481754781583,4041.69682130421,2.21875,12,"December","yes"
"2679","Dec. 2021",2021-12-18 15:00:00,3210,0.0464119360452282,4004.9124704988,2.22916666666667,12,"December","yes"
"2680","Dec. 2021",2021-12-18 15:15:00,3225,0.0466248115490513,3983.63808657947,2.23958333333333,12,"December","yes"
"2681","Dec. 2021",2021-12-18 15:30:00,3240,0.0459137392699549,4006.77647670509,2.25,12,"December","yes"
"2682","Dec. 2021",2021-12-18 15:45:00,3255,0.0468649222466132,3962.0820826352,2.26041666666667,12,"December","yes"
"2683","Dec. 2021",2021-12-18 16:00:00,3270,0.0466301401440944,3916.70868760445,2.27083333333333,12,"December","yes"
"2684","Dec. 2021",2021-12-18 16:15:00,3285,0.0478373928994645,3878.83291671221,2.28125,12,"December","yes"
"2685","Dec. 2021",2021-12-18 16:30:00,3300,0.0461412790281774,3871.12835400002,2.29166666666667,12,"December","yes"
"2686","Dec. 2021",2021-12-18 16:45:00,3315,0.0464172515525691,3862.83854692106,2.30208333333333,12,"December","yes"
"2687","Dec. 2021",2021-12-18 17:00:00,3330,0.0469290636658166,3928.12973417665,2.3125,12,"December","yes"
"2688","Dec. 2021",2021-12-18 17:15:00,3345,0.0462260994196118,3956.42583230028,2.32291666666667,12,"December","yes"
"2689","Dec. 2021",2021-12-18 17:30:00,3360,0.0446756882441657,3999.9072354082,2.33333333333333,12,"December","yes"
"2690","Dec. 2021",2021-12-18 17:45:00,3375,0.0436510425727559,4057.8890033165,2.34375,12,"December","yes"
"2691","Dec. 2021",2021-12-18 18:00:00,3390,0.0443742111103639,4152.83348588052,2.35416666666667,12,"December","yes"
"2692","Dec. 2021",2021-12-18 18:15:00,3405,0.0436459001502773,4210.33626234189,2.36458333333333,12,"December","yes"
"2693","Dec. 2021",2021-12-18 18:30:00,3420,0.0433379535638995,4253.3841665887,2.375,12,"December","yes"
"2694","Dec. 2021",2021-12-18 18:45:00,3435,0.0426849376271139,4326.03561903044,2.38541666666667,12,"December","yes"
"2695","Dec. 2021",2021-12-18 19:00:00,3450,0.0437900116584808,4346.13101273789,2.39583333333333,12,"December","yes"
"2696","Dec. 2021",2021-12-18 19:15:00,3465,0.0419265065409621,4434.53207384865,2.40625,12,"December","yes"
"2697","Dec. 2021",2021-12-18 19:30:00,3480,0.0409316832250655,4483.82344986318,2.41666666666667,12,"December","yes"
"2698","Dec. 2021",2021-12-18 19:45:00,3495,0.0400920965557179,4563.68777734912,2.42708333333333,12,"December","yes"
"2699","Dec. 2021",2021-12-18 20:00:00,3510,0.0385229327915808,4562.73949978317,2.4375,12,"December","yes"
"2700","Dec. 2021",2021-12-18 20:15:00,3525,0.0385661932978421,4657.5562784079,2.44791666666667,12,"December","yes"
"2701","Dec. 2021",2021-12-18 20:30:00,3540,0.0377392717866258,4694.2633872623,2.45833333333333,12,"December","yes"
"2702","Dec. 2021",2021-12-18 20:45:00,3555,0.0364123329627712,4789.56093750422,2.46875,12,"December","yes"
"2703","Dec. 2021",2021-12-18 21:00:00,3570,0.0369080593337703,4826.16098487443,2.47916666666667,12,"December","yes"
"2704","Dec. 2021",2021-12-18 21:15:00,3585,0.0358832962753911,4869.8608927386,2.48958333333333,12,"December","yes"
"2705","Dec. 2021",2021-12-18 21:30:00,3600,0.0349244395757623,4914.32429274342,2.5,12,"December","yes"
"2706","Dec. 2021",2021-12-18 21:45:00,3615,0.0336087257215597,4951.04946513315,2.51041666666667,12,"December","yes"
"2707","Dec. 2021",2021-12-18 22:00:00,3630,0.0335998101774438,4965.12334799061,2.52083333333333,12,"December","yes"
"2708","Dec. 2021",2021-12-18 22:15:00,3645,0.0332221093469737,5024.97980022693,2.53125,12,"December","yes"
"2709","Dec. 2021",2021-12-18 22:30:00,3660,0.0321249257397088,5039.83600784731,2.54166666666667,12,"December","yes"
"2710","Dec. 2021",2021-12-18 22:45:00,3675,0.0326139354516995,5121.08900144708,2.55208333333333,12,"December","yes"
"2711","Dec. 2021",2021-12-18 23:00:00,3690,0.0323121851496929,5141.948935608,2.5625,12,"December","yes"
"2712","Dec. 2021",2021-12-18 23:15:00,3705,0.0321597188927484,5098.0444953066,2.57291666666667,12,"December","yes"
"2713","Dec. 2021",2021-12-18 23:30:00,3720,0.0322555080371495,5193.56017664184,2.58333333333333,12,"December","yes"
"2714","Dec. 2021",2021-12-18 23:45:00,3735,0.0335240808940531,5156.30804687165,2.59375,12,"December","yes"
"2715","Dec. 2021",2021-12-19,3750,0.0339798749741232,5118.94936267828,2.60416666666667,12,"December","yes"
"2716","Dec. 2021",2021-12-19 00:15:00,3765,0.0335552520884158,5111.15173438721,2.61458333333333,12,"December","yes"
"2717","Dec. 2021",2021-12-19 00:30:00,3780,0.0330010366627465,5118.3589816285,2.625,12,"December","yes"
"2718","Dec. 2021",2021-12-19 00:45:00,3795,0.0333595852014472,5140.89198874108,2.63541666666667,12,"December","yes"
"2719","Dec. 2021",2021-12-19 01:00:00,3810,0.0331955374354489,5133.93873660832,2.64583333333333,12,"December","yes"
"2720","Dec. 2021",2021-12-19 01:15:00,3825,0.0338141444568149,5141.15254500812,2.65625,12,"December","yes"
"2721","Dec. 2021",2021-12-19 01:30:00,3840,0.0333329524321075,5117.97634012257,2.66666666666667,12,"December","yes"
"2722","Dec. 2021",2021-12-19 01:45:00,3855,0.0333107674554529,5088.11769225925,2.67708333333333,12,"December","yes"
"2723","Dec. 2021",2021-12-19 02:00:00,3870,0.034330720280029,5058.06949936496,2.6875,12,"December","yes"
"2724","Dec. 2021",2021-12-19 02:15:00,3885,0.0331291591894653,5057.9349675683,2.69791666666667,12,"December","yes"
"2725","Dec. 2021",2021-12-19 02:30:00,3900,0.0339978186165945,5028.25103030171,2.70833333333333,12,"December","yes"
"2726","Dec. 2021",2021-12-19 02:45:00,3915,0.0345430881950515,5035.08825867155,2.71875,12,"December","yes"
"2727","Dec. 2021",2021-12-19 03:00:00,3930,0.0344887978892903,5026.70644407814,2.72916666666667,12,"December","yes"
"2728","Dec. 2021",2021-12-19 03:15:00,3945,0.0351205485627779,5041.59567388172,2.73958333333333,12,"December","yes"
"2729","Dec. 2021",2021-12-19 03:30:00,3960,0.0369221428213852,5003.19051576562,2.75,12,"December","yes"
"2730","Dec. 2021",2021-12-19 03:45:00,3975,0.0392376932860518,4897.32482348908,2.76041666666667,12,"December","yes"
"2731","Dec. 2021",2021-12-19 04:00:00,3990,0.0394223691709592,4829.45924782587,2.77083333333333,12,"December","yes"
"2732","Dec. 2021",2021-12-19 04:15:00,4005,0.0398029209433081,4842.38685540295,2.78125,12,"December","yes"
"2733","Dec. 2021",2021-12-19 04:30:00,4020,0.0429037122239831,4722.70720411614,2.79166666666667,12,"December","yes"
"2734","Dec. 2021",2021-12-19 04:45:00,4035,0.0425986122128335,4660.93227336264,2.80208333333333,12,"December","yes"
"2735","Dec. 2021",2021-12-19 05:00:00,4050,0.0440428240465924,4651.6557338263,2.8125,12,"December","yes"
"2736","Dec. 2021",2021-12-19 05:15:00,4065,0.0452033014801295,4724.80455042074,2.82291666666667,12,"December","yes"
"2737","Dec. 2021",2021-12-19 05:30:00,4080,0.0449730398699486,4781.68397869411,2.83333333333333,12,"December","yes"
"2738","Dec. 2021",2021-12-19 05:45:00,4095,0.0448790245119565,4847.28550564797,2.84375,12,"December","yes"
"2739","Dec. 2021",2021-12-19 06:00:00,4110,0.0442705086882111,4867.89818776959,2.85416666666667,12,"December","yes"
"2740","Dec. 2021",2021-12-19 06:15:00,4125,0.0453921685002833,4938.0382249827,2.86458333333333,12,"December","yes"
"2741","Dec. 2021",2021-12-19 06:30:00,4140,0.0471485690094732,4960.54338908722,2.875,12,"December","yes"
"2742","Dec. 2021",2021-12-19 06:45:00,4155,0.0462260994196118,4989.26309850588,2.88541666666667,12,"December","yes"
"2743","Dec. 2021",2021-12-19 07:00:00,4170,0.0462738476989554,4995.6825573224,2.89583333333333,12,"December","yes"
"2744","Dec. 2021",2021-12-19 07:15:00,4185,0.050852605934355,4979.84475424519,2.90625,12,"December","yes"
"2745","Dec. 2021",2021-12-19 07:30:00,4200,0.0488260444700191,4904.00724214263,2.91666666666667,12,"December","yes"
"2746","Dec. 2021",2021-12-19 07:45:00,4215,0.0491982119078218,4882.65787654528,2.92708333333333,12,"December","yes"
"2747","Dec. 2021",2021-12-19 08:00:00,4230,0.0488478947915961,4817.50455166822,2.9375,12,"December","yes"
"2748","Dec. 2021",2021-12-19 08:15:00,4245,0.0492750224241311,4767.132105155,2.94791666666667,12,"December","yes"
"2749","Dec. 2021",2021-12-19 08:30:00,4260,0.0489736357339502,4731.24151567029,2.95833333333333,12,"December","yes"
"2750","Dec. 2021",2021-12-19 08:45:00,4275,0.0477779865480089,4696.0045417974,2.96875,12,"December","yes"
"2751","Dec. 2021",2021-12-19 09:00:00,4290,0.0489189444914977,4624.70940201136,2.97916666666667,12,"December","yes"
"2752","Dec. 2021",2021-12-19 09:15:00,4305,0.0474062497585144,4569.0200093748,2.98958333333333,12,"December","yes"
"2753","Dec. 2021",2021-12-19 09:30:00,4320,0.0481838151155173,4491.41722424703,3,12,"December","yes"
"2754","Dec. 2021",2021-12-19 09:45:00,4335,0.0442083500558902,4457.60810395767,3.01041666666667,12,"December","yes"
"2755","Dec. 2021",2021-12-19 10:00:00,4350,0.0445248120927952,4387.15352844492,3.02083333333333,12,"December","yes"
"2756","Dec. 2021",2021-12-19 10:15:00,4365,0.0433174656721206,4335.96437082644,3.03125,12,"December","yes"
"2757","Dec. 2021",2021-12-19 10:30:00,4380,0.043169085018367,4294.91049350854,3.04166666666667,12,"December","yes"
"2758","Dec. 2021",2021-12-19 10:45:00,4395,0.0424313092836754,4269.41079437519,3.05208333333333,12,"December","yes"
"2759","Dec. 2021",2021-12-19 11:00:00,4410,0.0415300257891775,4244.06844521156,3.0625,12,"December","yes"
"2760","Dec. 2021",2021-12-19 11:15:00,4425,0.0415450447203068,4217.92135209492,3.07291666666667,12,"December","yes"
"2761","Dec. 2021",2021-12-19 11:30:00,4440,0.0421734510577945,4177.39545971759,3.08333333333333,12,"December","yes"
"2762","Dec. 2021",2021-12-19 11:45:00,4455,0.0410310797931957,4113.68207444393,3.09375,12,"December","yes"
"2763","Dec. 2021",2021-12-19 12:00:00,4470,0.0413550225090527,4033.36077990227,3.10416666666667,12,"December","yes"
"2764","Dec. 2021",2021-12-19 12:15:00,4485,0.043466121494814,3975.81063762344,3.11458333333333,12,"December","yes"
"2765","Dec. 2021",2021-12-19 12:30:00,4500,0.0408969253459162,3925.14344735476,3.125,12,"December","yes"
"2766","Dec. 2021",2021-12-19 12:45:00,4515,0.0410360530571243,3959.62076924148,3.13541666666667,12,"December","yes"
"2767","Dec. 2021",2021-12-19 13:00:00,4530,0.0405502283383595,3996.75274911725,3.14583333333333,12,"December","yes"
"2768","Dec. 2021",2021-12-19 13:15:00,4545,0.0407778771901778,3973.91586660932,3.15625,12,"December","yes"
"2769","Dec. 2021",2021-12-19 13:30:00,4560,0.0402543355257034,3978.98435232285,3.16666666666667,12,"December","yes"
"2770","Dec. 2021",2021-12-19 13:45:00,4575,0.0405551698646102,3922.04807412923,3.17708333333333,12,"December","yes"
"2771","Dec. 2021",2021-12-19 14:00:00,4590,0.0391552280895335,3863.3398179713,3.1875,12,"December","yes"
"2772","Dec. 2021",2021-12-19 14:15:00,4605,0.0393348322255537,3817.75819637722,3.19791666666667,12,"December","yes"
"2773","Dec. 2021",2021-12-19 14:30:00,4620,0.0375257814753295,3750.28626980988,3.20833333333333,12,"December","yes"
"2774","Dec. 2021",2021-12-19 14:45:00,4635,0.0378819667524481,3742.7229316073,3.21875,12,"December","yes"
"2775","Dec. 2021",2021-12-19 15:00:00,4650,0.0363238648902604,3750.51166057856,3.22916666666667,12,"December","yes"
"2776","Dec. 2021",2021-12-19 15:15:00,4665,0.0357586209236186,3788.32766704235,3.23958333333333,12,"December","yes"
"2777","Dec. 2021",2021-12-19 15:30:00,4680,0.0364775955450483,3758.45995412888,3.25,12,"December","yes"
"2778","Dec. 2021",2021-12-19 15:45:00,4695,0.0353814394862084,3779.9469859294,3.26041666666667,12,"December","yes"
"2779","Dec. 2021",2021-12-19 16:00:00,4710,0.0355651555895408,3801.79731302459,3.27083333333333,12,"December","yes"
"2780","Dec. 2021",2021-12-19 16:15:00,4725,0.033890235287979,3815.81299019131,3.28125,12,"December","yes"
"2781","Dec. 2021",2021-12-19 16:30:00,4740,0.033372906003217,3837.86440709489,3.29166666666667,12,"December","yes"
"2782","Dec. 2021",2021-12-19 16:45:00,4755,0.0338857567391938,3891.81717712828,3.30208333333333,12,"December","yes"
"2783","Dec. 2021",2021-12-19 17:00:00,4770,0.033129159189465,3884.14009823749,3.3125,12,"December","yes"
"2784","Dec. 2021",2021-12-19 17:15:00,4785,0.032881997529924,3928.46842137366,3.32291666666667,12,"December","yes"
"2785","Dec. 2021",2021-12-19 17:30:00,4800,0.0333951138833501,3972.30900148733,3.33333333333333,12,"December","yes"
"2786","Dec. 2021",2021-12-19 17:45:00,4815,0.0319339377062749,3963.79795522693,3.34375,12,"December","yes"
"2787","Dec. 2021",2021-12-19 18:00:00,4830,0.032438817968709,4007.44495840154,3.35416666666667,12,"December","yes"
"2788","Dec. 2021",2021-12-19 18:15:00,4845,0.0321684204529331,4050.35354423886,3.36458333333333,12,"December","yes"
"2789","Dec. 2021",2021-12-19 18:30:00,4860,0.0306486297050586,4122.61532606812,3.375,12,"December","yes"
"2790","Dec. 2021",2021-12-19 18:45:00,4875,0.0306825224241872,4217.02986612365,3.38541666666667,12,"December","yes"
"2791","Dec. 2021",2021-12-19 19:00:00,4890,0.031103677798767,4296.68945689309,3.39583333333333,12,"December","yes"
"2792","Dec. 2021",2021-12-19 19:15:00,4905,0.0302057288363313,4352.77502321301,3.40625,12,"December","yes"
"2793","Dec. 2021",2021-12-19 19:30:00,4920,0.0302813985077711,4425.88374488483,3.41666666666667,12,"December","yes"
"2794","Dec. 2021",2021-12-19 19:45:00,4935,0.029405181876211,4474.63246703274,3.42708333333333,12,"December","yes"
"2795","Dec. 2021",2021-12-19 20:00:00,4950,0.0295875752156131,4545.44483269454,3.4375,12,"December","yes"
"2796","Dec. 2021",2021-12-19 20:15:00,4965,0.0294217369134792,4638.5917912215,3.44791666666667,12,"December","yes"
"2797","Dec. 2021",2021-12-19 20:30:00,4980,0.0281582784156523,4643.42265006677,3.45833333333333,12,"December","yes"
"2798","Dec. 2021",2021-12-19 20:45:00,4995,0.0286941859959584,4736.25023061509,3.46875,12,"December","yes"
"2799","Dec. 2021",2021-12-19 21:00:00,5010,0.0286493092842876,4755.58526207366,3.47916666666667,12,"December","yes"
"2800","Dec. 2021",2021-12-19 21:15:00,5025,0.0284255195804207,4805.34950891878,3.48958333333333,12,"December","yes"
"2801","Dec. 2021",2021-12-19 21:30:00,5040,0.0283971082552584,4884.59927936866,3.5,12,"December","yes"
"2802","Dec. 2021",2021-12-19 21:45:00,5055,0.0280533929154634,4875.19799974234,3.51041666666667,12,"December","yes"
"2803","Dec. 2021",2021-12-19 22:00:00,5070,0.0282755270250026,4940.09419708826,3.52083333333333,12,"December","yes"
"2804","Dec. 2021",2021-12-19 22:15:00,5085,0.0273492149351943,4952.81434904295,3.53125,12,"December","yes"
"2805","Dec. 2021",2021-12-19 22:30:00,5100,0.0272817345033045,5033.61673876802,3.54166666666667,12,"December","yes"
"2806","Dec. 2021",2021-12-19 22:45:00,5115,0.026187771967855,5092.18365848979,3.55208333333333,12,"December","yes"
"2807","Dec. 2021",2021-12-19 23:00:00,5130,0.027612093968821,5091.68138942336,3.5625,12,"December","yes"
"2808","Dec. 2021",2021-12-19 23:15:00,5145,0.0260446072666713,5112.83062768024,3.57291666666667,12,"December","yes"
"2809","Dec. 2021",2021-12-19 23:30:00,5160,0.0266708332187136,5133.87029082494,3.58333333333333,12,"December","yes"
"2810","Dec. 2021",2021-12-19 23:45:00,5175,0.0270759107539087,5161.73053923475,3.59375,12,"December","yes"
"2811","Dec. 2021",2021-12-20,5190,0.0252595134471162,5212.32803274599,3.60416666666667,12,"December","yes"
"2812","Dec. 2021",2021-12-20 00:15:00,5205,0.0247950572835997,5249.4277088235,3.61458333333333,12,"December","yes"
"2813","Dec. 2021",2021-12-20 00:30:00,5220,0.0251382029309144,5272.15008854576,3.625,12,"December","yes"
"2814","Dec. 2021",2021-12-20 00:45:00,5235,0.0244769840243304,5324.19019133265,3.63541666666667,12,"December","yes"
"2815","Dec. 2021",2021-12-20 01:00:00,5250,0.0255375070276674,5360.80940559122,3.64583333333333,12,"December","yes"
"2816","Dec. 2021",2021-12-20 01:15:00,5265,0.0251079276526729,5345.4919137,3.65625,12,"December","yes"
"2817","Dec. 2021",2021-12-20 01:30:00,5280,0.0243206910364119,5338.29266207961,3.66666666666667,12,"December","yes"
"2818","Dec. 2021",2021-12-20 01:45:00,5295,0.0243950442863919,5337.88781467376,3.67708333333333,12,"December","yes"
"2819","Dec. 2021",2021-12-20 02:00:00,5310,0.0242464686634536,5359.44341507529,3.6875,12,"December","yes"
"2820","Dec. 2021",2021-12-20 02:15:00,5325,0.0243466997866435,5394.6042005396,3.69791666666667,12,"December","yes"
"2821","Dec. 2021",2021-12-20 02:30:00,5340,0.0246114088208931,5423.83104976667,3.70833333333333,12,"December","yes"
"2822","Dec. 2021",2021-12-20 02:45:00,5355,0.0246937660565317,5438.19029733291,3.71875,12,"December","yes"
"2823","Dec. 2021",2021-12-20 03:00:00,5370,0.0238809952450551,5422.65889623979,3.72916666666667,12,"December","yes"
"2824","Dec. 2021",2021-12-20 03:15:00,5385,0.0235405929059318,5503.3228305758,3.73958333333333,12,"December","yes"
"2825","Dec. 2021",2021-12-20 03:30:00,5400,0.0241205909921899,5503.56567467868,3.75,12,"December","yes"
"2826","Dec. 2021",2021-12-20 03:45:00,5415,0.0236062563746584,5510.68040830342,3.76041666666667,12,"December","yes"
"2827","Dec. 2021",2021-12-20 04:00:00,5430,0.02374522738596,5525.28933533381,3.77083333333333,12,"December","yes"
"2828","Dec. 2021",2021-12-20 04:15:00,5445,0.0228897887899925,5539.43130631208,3.78125,12,"December","yes"
"2829","Dec. 2021",2021-12-20 04:30:00,5460,0.0233877904081887,5538.64685658535,3.79166666666667,12,"December","yes"
"2830","Dec. 2021",2021-12-20 04:45:00,5475,0.0237928785646846,5546.55444364684,3.80208333333333,12,"December","yes"
"2831","Dec. 2021",2021-12-20 05:00:00,5490,0.0240541029982248,5529.11610966302,3.8125,12,"December","yes"
"2832","Dec. 2021",2021-12-20 05:15:00,5505,0.0230442949164632,5566.26881809152,3.82291666666667,12,"December","yes"
"2833","Dec. 2021",2021-12-20 05:30:00,5520,0.0228467787747532,5527.04213721169,3.83333333333333,12,"December","yes"
"2834","Dec. 2021",2021-12-20 05:45:00,5535,0.0235624689499087,5548.93935543818,3.84375,12,"December","yes"
"2835","Dec. 2021",2021-12-20 06:00:00,5550,0.0227609000914581,5554.77214665137,3.85416666666667,12,"December","yes"
"2836","Dec. 2021",2021-12-20 06:15:00,5565,0.0235405929059318,5560.49514274254,3.86458333333333,12,"December","yes"
"2837","Dec. 2021",2021-12-20 06:30:00,5580,0.0231777262935239,5551.9450337305,3.875,12,"December","yes"
"2838","Dec. 2021",2021-12-20 06:45:00,5595,0.0226573814632881,5557.62268288962,3.88541666666667,12,"December","yes"
"2839","Dec. 2021",2021-12-20 07:00:00,5610,0.0235041590080411,5556.36717362727,3.89583333333333,12,"December","yes"
"2840","Dec. 2021",2021-12-20 07:15:00,5625,0.0241390786929744,5533.29874858962,3.90625,12,"December","yes"
"2841","Dec. 2021",2021-12-20 07:30:00,5640,0.0234422964723189,5523.82158334744,3.91666666666667,12,"December","yes"
"2842","Dec. 2021",2021-12-20 07:45:00,5655,0.0225683621215649,5508.7811822047,3.92708333333333,12,"December","yes"
"2843","Dec. 2021",2021-12-20 08:00:00,5670,0.0232355650781119,5443.01723480552,3.9375,12,"December","yes"
"2844","Dec. 2021",2021-12-20 08:15:00,5685,0.0228431967335681,5436.88147868422,3.94791666666667,12,"December","yes"
"2845","Dec. 2021",2021-12-20 08:30:00,5700,0.0233551221065062,5423.15818741209,3.95833333333333,12,"December","yes"
"2846","Dec. 2021",2021-12-20 08:45:00,5715,0.023888346808759,5380.3118064941,3.96875,12,"December","yes"
"2847","Dec. 2021",2021-12-20 09:00:00,5730,0.0223131289738022,5322.64045447242,3.97916666666667,12,"December","yes"
"2848","Dec. 2021",2021-12-20 09:15:00,5745,0.0232645158808918,5360.59863090541,3.98958333333333,12,"December","yes"
"2849","Dec. 2021",2021-12-20 09:30:00,5760,0.0229579843389956,5288.48785014685,4,12,"December","yes"
"2850","Dec. 2021",2021-12-20 09:45:00,5775,0.0231705023349163,5260.95985290867,4.01041666666667,12,"December","yes"
"2851","Dec. 2021",2021-12-20 10:00:00,5790,0.0230083092723727,5248.4263713878,4.02083333333333,12,"December","yes"
"2852","Dec. 2021",2021-12-20 10:15:00,5805,0.0231307939568424,5236.52268540282,4.03125,12,"December","yes"
"2853","Dec. 2021",2021-12-20 10:30:00,5820,0.0241205909921896,5187.55146814446,4.04166666666667,12,"December","yes"
"2854","Dec. 2021",2021-12-20 10:45:00,5835,0.0239914061214874,5160.41505314784,4.05208333333333,12,"December","yes"
"2855","Dec. 2021",2021-12-20 11:00:00,5850,0.0235478836118205,5124.89221342992,4.0625,12,"December","yes"
"2856","Dec. 2021",2021-12-20 11:15:00,5865,0.0238002144231459,5074.69657269439,4.07291666666667,12,"December","yes"
"2857","Dec. 2021",2021-12-20 11:30:00,5880,0.023094729786539,5061.15254187825,4.08333333333333,12,"December","yes"
"2858","Dec. 2021",2021-12-20 11:45:00,5895,0.0232971105642487,4988.79632339037,4.09375,12,"December","yes"
"2859","Dec. 2021",2021-12-20 12:00:00,5910,0.0242279335197484,4982.97460773249,4.10416666666667,12,"December","yes"
"2860","Dec. 2021",2021-12-20 12:15:00,5925,0.0238112206647819,4999.57001918906,4.11458333333333,12,"December","yes"
"2861","Dec. 2021",2021-12-20 12:30:00,5940,0.0239140875882885,4964.0311155127,4.125,12,"December","yes"
"2862","Dec. 2021",2021-12-20 12:45:00,5955,0.025221567919622,4900.56271990161,4.13541666666667,12,"December","yes"
"2863","Dec. 2021",2021-12-20 13:00:00,5970,0.0243392670791857,4881.3260513704,4.14583333333333,12,"December","yes"
"2864","Dec. 2021",2021-12-20 13:15:00,5985,0.0248100836772515,4796.05368171131,4.15625,12,"December","yes"
"2865","Dec. 2021",2021-12-20 13:30:00,6000,0.0234713964749036,4702.99949835378,4.16666666666667,12,"December","yes"
"2866","Dec. 2021",2021-12-20 13:45:00,6015,0.0260948573358595,4713.24892398758,4.17708333333333,12,"December","yes"
"2867","Dec. 2021",2021-12-20 14:00:00,6030,0.0250663333367129,4733.12865167645,4.1875,12,"December","yes"
"2868","Dec. 2021",2021-12-20 14:15:00,6045,0.0251798656301189,4731.39911281027,4.19791666666667,12,"December","yes"
"2869","Dec. 2021",2021-12-20 14:30:00,6060,0.0244918991725139,4699.17342822735,4.20833333333333,12,"December","yes"
"2870","Dec. 2021",2021-12-20 14:45:00,6075,0.0253355026598706,4666.76459273499,4.21875,12,"December","yes"
"2871","Dec. 2021",2021-12-20 15:00:00,6090,0.0247725275088979,4701.81782527313,4.22916666666667,12,"December","yes"
"2872","Dec. 2021",2021-12-20 15:15:00,6105,0.0248589556113986,4715.18371638531,4.23958333333333,12,"December","yes"
"2873","Dec. 2021",2021-12-20 15:30:00,6120,0.0241760786339847,4628.65551547082,4.25,12,"December","yes"
"2874","Dec. 2021",2021-12-20 15:45:00,6135,0.0245814999983131,4607.01904786407,4.26041666666667,12,"December","yes"
"2875","Dec. 2021",2021-12-20 16:00:00,6150,0.0242835634903049,4621.5016000739,4.27083333333333,12,"December","yes"
"2876","Dec. 2021",2021-12-20 16:15:00,6165,0.0234641195111019,4621.56150318693,4.28125,12,"December","yes"
"2877","Dec. 2021",2021-12-20 16:30:00,6180,0.023026298004511,4622.33092824085,4.29166666666667,12,"December","yes"
"2878","Dec. 2021",2021-12-20 16:45:00,6195,0.02281455218302,4599.31159324678,4.30208333333333,12,"December","yes"
"2879","Dec. 2021",2021-12-20 17:00:00,6210,0.0232428008156517,4606.14051438206,4.3125,12,"December","yes"
"2880","Dec. 2021",2021-12-20 17:15:00,6225,0.0232789991349028,4619.99112210455,4.32291666666667,12,"December","yes"
"2881","Dec. 2021",2021-12-20 17:30:00,6240,0.0233152301734092,4581.48485823142,4.33333333333333,12,"December","yes"
"2882","Dec. 2021",2021-12-20 17:45:00,6255,0.0225541380040571,4670.0664974696,4.34375,12,"December","yes"
"2883","Dec. 2021",2021-12-20 18:00:00,6270,0.0223095960115008,4661.59355156861,4.35416666666667,12,"December","yes"
"2884","Dec. 2021",2021-12-20 18:15:00,6285,0.0225150486742969,4704.93481229832,4.36458333333333,12,"December","yes"
"2885","Dec. 2021",2021-12-20 18:30:00,6300,0.0218042653303176,4784.93672087788,4.375,12,"December","yes"
"2886","Dec. 2021",2021-12-20 18:45:00,6315,0.0217346171092765,4819.92146801812,4.38541666666667,12,"December","yes"
"2887","Dec. 2021",2021-12-20 19:00:00,6330,0.0217311381337462,4884.57681173412,4.39583333333333,12,"December","yes"
"2888","Dec. 2021",2021-12-20 19:15:00,6345,0.0216026460554942,4955.56874064179,4.40625,12,"December","yes"
"2889","Dec. 2021",2021-12-20 19:30:00,6360,0.0216269210123775,5035.68422399347,4.41666666666667,12,"December","yes"
"2890","Dec. 2021",2021-12-20 19:45:00,6375,0.0204462334339017,5046.15733916426,4.42708333333333,12,"December","yes"
"2891","Dec. 2021",2021-12-20 20:00:00,6390,0.0204831668919178,5057.28407236862,4.4375,12,"December","yes"
"2892","Dec. 2021",2021-12-20 20:15:00,6405,0.0204730902043299,5120.31240480871,4.44791666666667,12,"December","yes"
"2893","Dec. 2021",2021-12-20 20:30:00,6420,0.020429458586142,5117.14279649796,4.45833333333333,12,"December","yes"
"2894","Dec. 2021",2021-12-20 20:45:00,6435,0.0195913298729185,5158.53815480628,4.46875,12,"December","yes"
"2895","Dec. 2021",2021-12-20 21:00:00,6450,0.0195031220945427,5215.28127189666,4.47916666666667,12,"December","yes"
"2896","Dec. 2021",2021-12-20 21:15:00,6465,0.0198837778140519,5234.66710027447,4.48958333333333,12,"December","yes"
"2897","Dec. 2021",2021-12-20 21:30:00,6480,0.0197684609997878,5239.63171954927,4.5,12,"December","yes"
"2898","Dec. 2021",2021-12-20 21:45:00,6495,0.0186309890642022,5289.19316890806,4.51041666666667,12,"December","yes"
"2899","Dec. 2021",2021-12-20 22:00:00,6510,0.0196502675714872,5384.28555615619,4.52083333333333,12,"December","yes"
"2900","Dec. 2021",2021-12-20 22:15:00,6525,0.0196076908220963,5412.72863462635,4.53125,12,"December","yes"
"2901","Dec. 2021",2021-12-20 22:30:00,6540,0.0196764961322101,5463.29329105893,4.54166666666667,12,"December","yes"
"2902","Dec. 2021",2021-12-20 22:45:00,6555,0.0191236446583295,5477.41571129684,4.55208333333333,12,"December","yes"
"2903","Dec. 2021",2021-12-20 23:00:00,6570,0.0192269883769576,5528.26728481993,4.5625,12,"December","yes"
"2904","Dec. 2021",2021-12-20 23:15:00,6585,0.0192464026241516,5534.86159568909,4.57291666666667,12,"December","yes"
"2905","Dec. 2021",2021-12-20 23:30:00,6600,0.0188603556773465,5549.46530123354,4.58333333333333,12,"December","yes"
"2906","Dec. 2021",2021-12-20 23:45:00,6615,0.0187550187645797,5602.87396596049,4.59375,12,"December","yes"
"2907","Dec. 2021",2021-12-21,6630,0.0193533915321279,5654.27901275449,4.60416666666667,12,"December","yes"
"2908","Dec. 2021",2021-12-21 00:15:00,6645,0.0190527902041504,5661.93270831236,4.61458333333333,12,"December","yes"
"2909","Dec. 2021",2021-12-21 00:30:00,6660,0.0181679655506601,5729.01295343825,4.625,12,"December","yes"
"2910","Dec. 2021",2021-12-21 00:45:00,6675,0.0180930412741022,5670.49068117122,4.63541666666667,12,"December","yes"
"2911","Dec. 2021",2021-12-21 01:00:00,6690,0.0184632335770874,5685.430772251,4.64583333333333,12,"December","yes"
"2912","Dec. 2021",2021-12-21 01:15:00,6705,0.0179779022512071,5759.19310567588,4.65625,12,"December","yes"
"2913","Dec. 2021",2021-12-21 01:30:00,6720,0.0184285315722957,5751.74260169705,4.66666666666667,12,"December","yes"
"2914","Dec. 2021",2021-12-21 01:45:00,6735,0.0191946574737053,5759.48715054475,4.67708333333333,12,"December","yes"
"2915","Dec. 2021",2021-12-21 02:00:00,6750,0.0180463093050759,5818.409888942,4.6875,12,"December","yes"
"2916","Dec. 2021",2021-12-21 02:15:00,6765,0.0181429698514838,5840.98888111265,4.69791666666667,12,"December","yes"
"2917","Dec. 2021",2021-12-21 02:30:00,6780,0.017736644202091,5804.528306689,4.70833333333333,12,"December","yes"
"2918","Dec. 2021",2021-12-21 02:45:00,6795,0.0177428054392803,5812.15902163485,4.71875,12,"December","yes"
"2919","Dec. 2021",2021-12-21 03:00:00,6810,0.0176812519620469,5849.16664704463,4.72916666666667,12,"December","yes"
"2920","Dec. 2021",2021-12-21 03:15:00,6825,0.0176997042631296,5893.57521241216,4.73958333333333,12,"December","yes"
"2921","Dec. 2021",2021-12-21 03:30:00,6840,0.0183152381796969,5870.90872422268,4.75,12,"December","yes"
"2922","Dec. 2021",2021-12-21 03:45:00,6855,0.0181117546748437,5855.73789797568,4.76041666666667,12,"December","yes"
"2923","Dec. 2021",2021-12-21 04:00:00,6870,0.0179251507193677,5839.77574776695,4.77083333333333,12,"December","yes"
"2924","Dec. 2021",2021-12-21 04:15:00,6885,0.0174028361266336,5837.601649751,4.78125,12,"December","yes"
"2925","Dec. 2021",2021-12-21 04:30:00,6900,0.0172449578654593,5858.5900905154,4.79166666666667,12,"December","yes"
"2926","Dec. 2021",2021-12-21 04:45:00,6915,0.0177181683431444,5871.67128374775,4.80208333333333,12,"December","yes"
"2927","Dec. 2021",2021-12-21 05:00:00,6930,0.0170278177837061,5796.2002211377,4.8125,12,"December","yes"
"2928","Dec. 2021",2021-12-21 05:15:00,6945,0.0176136943000506,5861.02944093435,4.82291666666667,12,"December","yes"
"2929","Dec. 2021",2021-12-21 05:30:00,6960,0.0174546420719893,5889.06552936576,4.83333333333333,12,"December","yes"
"2930","Dec. 2021",2021-12-21 05:45:00,6975,0.0166222921074464,5895.09762121118,4.84375,12,"December","yes"
"2931","Dec. 2021",2021-12-21 06:00:00,6990,0.0169198838051562,5886.68663780998,4.85416666666667,12,"December","yes"
"2932","Dec. 2021",2021-12-21 06:15:00,7005,0.0167944967715863,5885.6549736684,4.86458333333333,12,"December","yes"
"2933","Dec. 2021",2021-12-21 06:30:00,7020,0.0157949728415823,5920.9051672771,4.875,12,"December","yes"
"2934","Dec. 2021",2021-12-21 06:45:00,7035,0.0159444802084326,5898.098963404,4.88541666666667,12,"December","yes"
"2935","Dec. 2021",2021-12-21 07:00:00,7050,0.016374843625434,5875.21883289559,4.89583333333333,12,"December","yes"
"2936","Dec. 2021",2021-12-21 07:15:00,7065,0.01616167408824,5881.87202629152,4.90625,12,"December","yes"
"2937","Dec. 2021",2021-12-21 07:30:00,7080,0.016199508181548,5903.43637740217,4.91666666666667,12,"December","yes"
"2938","Dec. 2021",2021-12-21 07:45:00,7095,0.0160600879095416,5880.99859333455,4.92708333333333,12,"December","yes"
"2939","Dec. 2021",2021-12-21 08:00:00,7110,0.0168810118570642,5851.99860918741,4.9375,12,"December","yes"
"2940","Dec. 2021",2021-12-21 08:15:00,7125,0.0165336526236154,5897.213128348,4.94791666666667,12,"December","yes"
"2941","Dec. 2021",2021-12-21 08:30:00,7140,0.0161791291064156,5936.5551968933,4.95833333333333,12,"December","yes"
"2942","Dec. 2021",2021-12-21 08:45:00,7155,0.0174576924252728,5821.3296593202,4.96875,12,"December","yes"
"2943","Dec. 2021",2021-12-21 09:00:00,7170,0.0171965579316941,5823.47805392271,4.97916666666667,12,"December","yes"
"2944","Dec. 2021",2021-12-21 09:15:00,7185,0.0173693650202333,5907.069442456,4.98958333333333,12,"December","yes"
"2945","Dec. 2021",2021-12-21 09:30:00,7200,0.0168153545294267,5895.65930288758,5,12,"December","yes"
"2946","Dec. 2021",2021-12-21 09:45:00,7215,0.0181804712528692,5870.73113577884,5.01041666666667,12,"December","yes"
"2947","Dec. 2021",2021-12-21 10:00:00,7230,0.017789056435251,5838.76821097335,5.02083333333333,12,"December","yes"
"2948","Dec. 2021",2021-12-21 10:15:00,7245,0.0175707855131223,5746.77739989412,5.03125,12,"December","yes"
"2949","Dec. 2021",2021-12-21 10:30:00,7260,0.0181304798545171,5698.30469219679,5.04166666666667,12,"December","yes"
"2950","Dec. 2021",2021-12-21 10:45:00,7275,0.017332896238551,5619.4417979923,5.05208333333333,12,"December","yes"
"2951","Dec. 2021",2021-12-21 11:00:00,7290,0.0168481633980958,5613.45289677285,5.0625,12,"December","yes"
"2952","Dec. 2021",2021-12-21 11:15:00,7305,0.0163777758622051,5659.7654387267,5.07291666666667,12,"December","yes"
"2953","Dec. 2021",2021-12-21 11:30:00,7320,0.0167231061746211,5677.32277321807,5.08333333333333,12,"December","yes"
"2954","Dec. 2021",2021-12-21 11:45:00,7335,0.0166341329543842,5644.6529025908,5.09375,12,"December","yes"
"2955","Dec. 2021",2021-12-21 12:00:00,7350,0.0155638487889934,5627.62657950716,5.10416666666667,12,"December","yes"
"2956","Dec. 2021",2021-12-21 12:15:00,7365,0.0157291267867466,5569.61937612538,5.11458333333333,12,"December","yes"
"2957","Dec. 2021",2021-12-21 12:30:00,7380,0.0168959560624793,5603.79052259702,5.125,12,"December","yes"
"2958","Dec. 2021",2021-12-21 12:45:00,7395,0.0161616740882402,5629.1289846813,5.13541666666667,12,"December","yes"
"2959","Dec. 2021",2021-12-21 13:00:00,7410,0.0157034080549297,5593.42348461676,5.14583333333333,12,"December","yes"
"2960","Dec. 2021",2021-12-21 13:15:00,7425,0.0160658820366843,5590.58370152406,5.15625,12,"December","yes"
"2961","Dec. 2021",2021-12-21 13:30:00,7440,0.0159704462978207,5619.80471441178,5.16666666666667,12,"December","yes"
"2962","Dec. 2021",2021-12-21 13:45:00,7455,0.0171633315653248,5623.92227665096,5.17708333333333,12,"December","yes"
"2963","Dec. 2021",2021-12-21 14:00:00,7470,0.0166104564955894,5562.0333851876,5.1875,12,"December","yes"
"2964","Dec. 2021",2021-12-21 14:15:00,7485,0.0151778212343693,5555.73881995181,5.19791666666667,12,"December","yes"
"2965","Dec. 2021",2021-12-21 14:30:00,7500,0.0163513975101979,5504.51191646957,5.20833333333333,12,"December","yes"
"2966","Dec. 2021",2021-12-21 14:45:00,7515,0.0159012622874459,5497.56006096605,5.21875,12,"December","yes"
"2967","Dec. 2021",2021-12-21 15:00:00,7530,0.0157520101307881,5505.47269070792,5.22916666666667,12,"December","yes"
"2968","Dec. 2021",2021-12-21 15:15:00,7545,0.0190463567427552,5142.94455320934,5.23958333333333,12,"December","yes"
"2969","Dec. 2021",2021-12-21 15:30:00,7560,0.020638044847606,4862.14639033738,5.25,12,"December","yes"
"2970","Dec. 2021",2021-12-21 15:45:00,7575,0.0211136725858953,4763.14756225108,5.26041666666667,12,"December","yes"
"2971","Dec. 2021",2021-12-21 16:00:00,7590,0.0194314254467273,4732.64203687704,5.27083333333333,12,"December","yes"
"2972","Dec. 2021",2021-12-21 16:15:00,7605,0.0191849645829844,4852.45367207821,5.28125,12,"December","yes"
"2973","Dec. 2021",2021-12-21 16:30:00,7620,0.0196240599510879,4913.43426919009,5.29166666666667,12,"December","yes"
"2974","Dec. 2021",2021-12-21 16:45:00,7635,0.0204227509373861,4884.85760659561,5.30208333333333,12,"December","yes"
"2975","Dec. 2021",2021-12-21 17:00:00,7650,0.0190302788151374,4908.47432156913,5.3125,12,"December","yes"
"2976","Dec. 2021",2021-12-21 17:15:00,7665,0.018277567946953,4909.19482201245,5.32291666666667,12,"December","yes"
"2977","Dec. 2021",2021-12-21 17:30:00,7680,0.0179034569845496,4991.28938470167,5.33333333333333,12,"December","yes"
"2978","Dec. 2021",2021-12-21 17:45:00,7695,0.0185992667391023,4953.54448661347,5.34375,12,"December","yes"
"2979","Dec. 2021",2021-12-21 18:00:00,7710,0.0178632111549195,5012.47317372067,5.35416666666667,12,"December","yes"
"2980","Dec. 2021",2021-12-21 18:15:00,7725,0.0174546420719893,5057.7752232099,5.36458333333333,12,"December","yes"
"2981","Dec. 2021",2021-12-21 18:30:00,7740,0.0180431964580145,5138.97628367423,5.375,12,"December","yes"
"2982","Dec. 2021",2021-12-21 18:45:00,7755,0.0167766314539469,5212.10389372886,5.38541666666667,12,"December","yes"
"2983","Dec. 2021",2021-12-21 19:00:00,7770,0.0169678021114809,5254.91316226427,5.39583333333333,12,"December","yes"
"2984","Dec. 2021",2021-12-21 19:15:00,7785,0.0170338265491651,5334.7565826057,5.40625,12,"December","yes"
"2985","Dec. 2021",2021-12-21 19:30:00,7800,0.0167498555629854,5331.95291658998,5.41666666666667,12,"December","yes"
"2986","Dec. 2021",2021-12-21 19:45:00,7815,0.0164982792826067,5440.6542982781,5.42708333333333,12,"December","yes"
"2987","Dec. 2021",2021-12-21 20:00:00,7830,0.016097773130237,5475.06296209258,5.4375,12,"December","yes"
"2988","Dec. 2021",2021-12-21 20:15:00,7845,0.0160224579843878,5539.09380801372,5.44791666666667,12,"December","yes"
"2989","Dec. 2021",2021-12-21 20:30:00,7860,0.0155071115861678,5595.63626515034,5.45833333333333,12,"December","yes"
"2990","Dec. 2021",2021-12-21 20:45:00,7875,0.0154787920636381,5616.81294951047,5.46875,12,"December","yes"
"2991","Dec. 2021",2021-12-21 21:00:00,7890,0.0158811191181453,5704.29416744688,5.47916666666667,12,"December","yes"
"2992","Dec. 2021",2021-12-21 21:15:00,7905,0.0156491999876478,5702.14844945395,5.48958333333333,12,"December","yes"
"2993","Dec. 2021",2021-12-21 21:30:00,7920,0.015091323943101,5773.91098470018,5.5,12,"December","yes"
"2994","Dec. 2021",2021-12-21 21:45:00,7935,0.0155071115861676,5801.89715323542,5.51041666666667,12,"December","yes"
"2995","Dec. 2021",2021-12-21 22:00:00,7950,0.0151136157230036,5815.0941403014,5.52083333333333,12,"December","yes"
"2996","Dec. 2021",2021-12-21 22:15:00,7965,0.0157405658412268,5865.49414043862,5.53125,12,"December","yes"
"2997","Dec. 2021",2021-12-21 22:30:00,7980,0.0150079162682223,5856.56614830182,5.54166666666667,12,"December","yes"
"2998","Dec. 2021",2021-12-21 22:45:00,7995,0.0150968949249213,5854.81644622636,5.55208333333333,12,"December","yes"
"2999","Dec. 2021",2021-12-21 23:00:00,8010,0.0146225740435259,5912.56404775997,5.5625,12,"December","yes"
"3000","Dec. 2021",2021-12-21 23:15:00,8025,0.0153573909526774,5889.84317493714,5.57291666666667,12,"December","yes"
"3001","Dec. 2021",2021-12-21 23:30:00,8040,0.0143647441065186,5896.49649039263,5.58333333333333,12,"December","yes"
"3002","Dec. 2021",2021-12-21 23:45:00,8055,0.0149441698080111,5969.11176487929,5.59375,12,"December","yes"
"3003","Dec. 2021",2021-12-22,8070,0.0135699304643189,5968.20628478532,5.60416666666667,12,"December","yes"
"3004","Dec. 2021",2021-12-22 00:15:00,8085,0.0141873585243257,5989.600270475,5.61458333333333,12,"December","yes"
"3005","Dec. 2021",2021-12-22 00:30:00,8100,0.0134016021635245,6018.87905007697,5.625,12,"December","yes"
"3006","Dec. 2021",2021-12-22 00:45:00,8115,0.0140034338604488,5966.15660665325,5.63541666666667,12,"December","yes"
"3007","Dec. 2021",2021-12-22 01:00:00,8130,0.0138026530036774,5987.21202457196,5.64583333333333,12,"December","yes"
"3008","Dec. 2021",2021-12-22 01:15:00,8145,0.013926597130744,6015.8799752359,5.65625,12,"December","yes"
"3009","Dec. 2021",2021-12-22 01:30:00,8160,0.0129552816281153,6029.50286445122,5.66666666666667,12,"December","yes"
"3010","Dec. 2021",2021-12-22 01:45:00,8175,0.013473943330431,6058.37316884118,5.67708333333333,12,"December","yes"
"3011","Dec. 2021",2021-12-22 02:00:00,8190,0.0137501300409586,6065.44454611368,5.6875,12,"December","yes"
"3012","Dec. 2021",2021-12-22 02:15:00,8205,0.0136637532823621,6110.34593894175,5.69791666666667,12,"December","yes"
"3013","Dec. 2021",2021-12-22 02:30:00,8220,0.0135725309278392,6095.53291716108,5.70833333333333,12,"December","yes"
"3014","Dec. 2021",2021-12-22 02:45:00,8235,0.0133397996171875,6080.29316513125,5.71875,12,"December","yes"
"3015","Dec. 2021",2021-12-22 03:00:00,8250,0.0133835569528858,6094.35787567463,5.72916666666667,12,"December","yes"
"3016","Dec. 2021",2021-12-22 03:15:00,8265,0.0129174918316138,6152.95901805589,5.73958333333333,12,"December","yes"
"3017","Dec. 2021",2021-12-22 03:30:00,8280,0.0134248267064953,6190.22826834992,5.75,12,"December","yes"
"3018","Dec. 2021",2021-12-22 03:45:00,8295,0.0129099427065124,6233.8588622336,5.76041666666667,12,"December","yes"
"3019","Dec. 2021",2021-12-22 04:00:00,8310,0.013921308188906,6262.68103333457,5.77083333333333,12,"December","yes"
"3020","Dec. 2021",2021-12-22 04:15:00,8325,0.0130361459094531,6247.36331892288,5.78125,12,"December","yes"
"3021","Dec. 2021",2021-12-22 04:30:00,8340,0.0126823519809962,6291.07342791973,5.79166666666667,12,"December","yes"
"3022","Dec. 2021",2021-12-22 04:45:00,8355,0.013383556952886,6298.54698840752,5.80208333333333,12,"December","yes"
"3023","Dec. 2021",2021-12-22 05:00:00,8370,0.0128045641520583,6291.49401057333,5.8125,12,"December","yes"
"3024","Dec. 2021",2021-12-22 05:15:00,8385,0.0125091259221842,6326.77895203319,5.82291666666667,12,"December","yes"
"3025","Dec. 2021",2021-12-22 05:30:00,8400,0.0129729420603093,6354.97276283922,5.83333333333333,12,"December","yes"
"3026","Dec. 2021",2021-12-22 05:45:00,8415,0.012902396526144,6265.63878454365,5.84375,12,"December","yes"
"3027","Dec. 2021",2021-12-22 06:00:00,8430,0.012602963992466,6330.804510615,5.85416666666667,12,"December","yes"
"3028","Dec. 2021",2021-12-22 06:15:00,8445,0.0124231141090979,6336.67108373424,5.86458333333333,12,"December","yes"
"3029","Dec. 2021",2021-12-22 06:30:00,8460,0.0114523495856556,6350.11507742822,5.875,12,"December","yes"
"3030","Dec. 2021",2021-12-22 06:45:00,8475,0.0122450078348548,6364.00893712731,5.88541666666667,12,"December","yes"
"3031","Dec. 2021",2021-12-22 07:00:00,8490,0.0122377256988781,6444.48305869304,5.89583333333333,12,"December","yes"
"3032","Dec. 2021",2021-12-22 07:15:00,8505,0.0120710493177241,6451.87728044853,5.90625,12,"December","yes"
"3033","Dec. 2021",2021-12-22 07:30:00,8520,0.0122693028889592,6421.93521358972,5.91666666666667,12,"December","yes"
"3034","Dec. 2021",2021-12-22 07:45:00,8535,0.0121674835351171,6421.85731255016,5.92708333333333,12,"December","yes"
"3035","Dec. 2021",2021-12-22 08:00:00,8550,0.0113368292196316,6421.02115629422,5.9375,12,"December","yes"
"3036","Dec. 2021",2021-12-22 08:15:00,8565,0.0126054397956228,6383.90536169385,5.94791666666667,12,"December","yes"
"3037","Dec. 2021",2021-12-22 08:30:00,8580,0.012206203804339,6332.35929053266,5.95833333333333,12,"December","yes"
"3038","Dec. 2021",2021-12-22 08:45:00,8595,0.0120614346889295,6333.74920962776,5.96875,12,"December","yes"
"3039","Dec. 2021",2021-12-22 09:00:00,8610,0.0114569874143094,6297.58658369838,5.97916666666667,12,"December","yes"
"3040","Dec. 2021",2021-12-22 09:15:00,8625,0.0121626493909304,6284.2726014572,5.98958333333333,12,"December","yes"
"3041","Dec. 2021",2021-12-22 09:30:00,8640,0.0126302158227832,6263.3564417288,6,12,"December","yes"
"3042","Dec. 2021",2021-12-22 09:45:00,8655,0.0118393703714768,6220.32959920192,6.01041666666667,12,"December","yes"
"3043","Dec. 2021",2021-12-22 10:00:00,8670,0.0120662413489416,6184.68288826427,6.02083333333333,12,"December","yes"
"3044","Dec. 2021",2021-12-22 10:15:00,8685,0.0121650662994274,6125.09249802321,6.03125,12,"December","yes"
"3045","Dec. 2021",2021-12-22 10:30:00,8700,0.0115500188291317,6148.44172480452,6.04166666666667,12,"December","yes"
"3046","Dec. 2021",2021-12-22 10:45:00,8715,0.0116976048837212,6166.46857135839,6.05208333333333,12,"December","yes"
"3047","Dec. 2021",2021-12-22 11:00:00,8730,0.0125091259221843,6160.58275701048,6.0625,12,"December","yes"
"3048","Dec. 2021",2021-12-22 11:15:00,8745,0.0117258637498164,6153.39188005164,6.07291666666667,12,"December","yes"
"3049","Dec. 2021",2021-12-22 11:30:00,8760,0.0119918851918071,6238.24583758228,6.08333333333333,12,"December","yes"
"3050","Dec. 2021",2021-12-22 11:45:00,8775,0.0126674412121274,6219.6751575762,6.09375,12,"December","yes"
"3051","Dec. 2021",2021-12-22 12:00:00,8790,0.013119888113598,6198.44603845622,6.10416666666667,12,"December","yes"
"3052","Dec. 2021",2021-12-22 12:15:00,8805,0.0127346324311259,6132.486373118,6.11458333333333,12,"December","yes"
"3053","Dec. 2021",2021-12-22 12:30:00,8820,0.01165061147518,6181.44830388377,6.125,12,"December","yes"
"3054","Dec. 2021",2021-12-22 12:45:00,8835,0.0122911964126168,6416.92478613072,6.13541666666667,12,"December","yes"
"3055","Dec. 2021",2021-12-22 13:00:00,8850,0.0118298826933936,6304.5654764744,6.14583333333333,12,"December","yes"
"3056","Dec. 2021",2021-12-22 13:15:00,8865,0.0117352938420101,6271.56455954634,6.15625,12,"December","yes"
"3057","Dec. 2021",2021-12-22 13:30:00,8880,0.0122280207649387,6424.81586964106,6.16666666666667,12,"December","yes"
"3058","Dec. 2021",2021-12-22 13:45:00,8895,0.0121240233531643,6543.24095240798,6.17708333333333,12,"December","yes"
"3059","Dec. 2021",2021-12-22 14:00:00,8910,0.0121868331995662,6654.87365292556,6.1875,12,"December","yes"
"3060","Dec. 2021",2021-12-22 14:15:00,8925,0.0120927013732762,6656.06575549224,6.19791666666667,12,"December","yes"
"3061","Dec. 2021",2021-12-22 14:30:00,8940,0.0113506484741373,6657.16410525734,6.20833333333333,12,"December","yes"
"3062","Dec. 2021",2021-12-22 14:45:00,8955,0.0106212643824903,6723.91500722829,6.21875,12,"December","yes"
"3063","Dec. 2021",2021-12-22 15:00:00,8970,0.0116388835725793,6719.88678821319,6.22916666666667,12,"December","yes"
"3064","Dec. 2021",2021-12-22 15:15:00,8985,0.0118156609920455,6731.26687102726,6.23958333333333,12,"December","yes"
"3065","Dec. 2021",2021-12-22 15:30:00,9000,0.0106058851367889,6725.04964493905,6.25,12,"December","yes"
"3066","Dec. 2021",2021-12-22 15:45:00,9015,0.010429091407937,6716.08531503234,6.26041666666667,12,"December","yes"
"3067","Dec. 2021",2021-12-22 16:00:00,9030,0.0108784546458016,6718.5295853226,6.27083333333333,12,"December","yes"
"3068","Dec. 2021",2021-12-22 16:15:00,9045,0.010487784127515,6720.4449991736,6.28125,12,"December","yes"
"3069","Dec. 2021",2021-12-22 16:30:00,9060,0.0106300597211273,6689.62683540023,6.29166666666667,12,"December","yes"
"3070","Dec. 2021",2021-12-22 16:45:00,9075,0.0103792820417933,6719.42717891696,6.30208333333333,12,"December","yes"
"3071","Dec. 2021",2021-12-22 17:00:00,9090,0.00932726645659775,6681.0917317468,6.3125,12,"December","yes"
"3072","Dec. 2021",2021-12-22 17:15:00,9105,0.00948801767019716,6663.98771667589,6.32291666666667,12,"December","yes"
"3073","Dec. 2021",2021-12-22 17:30:00,9120,0.00975370457067014,6661.48526293038,6.33333333333333,12,"December","yes"
"3074","Dec. 2021",2021-12-22 17:45:00,9135,0.00940537108277984,6704.34770067244,6.34375,12,"December","yes"
"3075","Dec. 2021",2021-12-22 18:00:00,9150,0.00972482645488009,6732.3306346577,6.35416666666667,12,"December","yes"
"3076","Dec. 2021",2021-12-22 18:15:00,9165,0.00903734514579083,6782.4367481304,6.36458333333333,12,"December","yes"
"3077","Dec. 2021",2021-12-22 18:30:00,9180,0.00920412456768483,6878.44880075796,6.375,12,"December","yes"
"3078","Dec. 2021",2021-12-22 18:45:00,9195,0.00860915579626802,6897.78195014082,6.38541666666667,12,"December","yes"
"3079","Dec. 2021",2021-12-22 19:00:00,9210,0.00895774373948176,6947.09974433052,6.39583333333333,12,"December","yes"
"3080","Dec. 2021",2021-12-22 19:15:00,9225,0.00865613089468981,7004.11254429711,6.40625,12,"December","yes"
"3081","Dec. 2021",2021-12-22 19:30:00,9240,0.00839203032420726,7052.75298590313,6.41666666666667,12,"December","yes"
"3082","Dec. 2021",2021-12-22 19:45:00,9255,0.00879446854985051,7100.79314297578,6.42708333333333,12,"December","yes"
"3083","Dec. 2021",2021-12-22 20:00:00,9270,0.00850096112040895,7132.36634946458,6.4375,12,"December","yes"
"3084","Dec. 2021",2021-12-22 20:15:00,9285,0.00846390782168492,7188.66976035927,6.44791666666667,12,"December","yes"
"3085","Dec. 2021",2021-12-22 20:30:00,9300,0.00850838748539639,7193.26890521914,6.45833333333333,12,"December","yes"
"3086","Dec. 2021",2021-12-22 20:45:00,9315,0.00799588923381178,7257.74365397897,6.46875,12,"December","yes"
"3087","Dec. 2021",2021-12-22 21:00:00,9330,0.0078227922771715,7276.7009034816,6.47916666666667,12,"December","yes"
"3088","Dec. 2021",2021-12-22 21:15:00,9345,0.00780375723348481,7302.68680782776,6.48958333333333,12,"December","yes"
"3089","Dec. 2021",2021-12-22 21:30:00,9360,0.00820459276950987,7284.71500677006,6.5,12,"December","yes"
"3090","Dec. 2021",2021-12-22 21:45:00,9375,0.00831153521655571,7357.57363748571,6.51041666666667,12,"December","yes"
"3091","Dec. 2021",2021-12-22 22:00:00,9390,0.00845836111501953,7324.78033653241,6.52083333333333,12,"December","yes"
"3092","Dec. 2021",2021-12-22 22:15:00,9405,0.00775892269166276,7398.70739609736,6.53125,12,"December","yes"
"3093","Dec. 2021",2021-12-22 22:30:00,9420,0.00751963372409592,7389.66985440645,6.54166666666667,12,"December","yes"
"3094","Dec. 2021",2021-12-22 22:45:00,9435,0.00783319171509341,7425.10081664736,6.55208333333333,12,"December","yes"
"3095","Dec. 2021",2021-12-22 23:00:00,9450,0.00783666081194131,7453.58490134366,6.5625,12,"December","yes"
"3096","Dec. 2021",2021-12-22 23:15:00,9465,0.00819198026405251,7489.47033942604,6.57291666666667,12,"December","yes"
"3097","Dec. 2021",2021-12-22 23:30:00,9480,0.00767843693412017,7532.61330418644,6.58333333333333,12,"December","yes"
"3098","Dec. 2021",2021-12-22 23:45:00,9495,0.00796945629088992,7508.40106009111,6.59375,12,"December","yes"
"3099","Dec. 2021",2021-12-23,9510,0.00842330035604885,7566.37998253472,6.60416666666667,12,"December","yes"
"3100","Dec. 2021",2021-12-23 00:15:00,9525,0.00730151387586991,7580.0887893863,6.61458333333333,12,"December","yes"
"3101","Dec. 2021",2021-12-23 00:30:00,9540,0.00791156295296552,7602.53530895397,6.625,12,"December","yes"
"3102","Dec. 2021",2021-12-23 00:45:00,9555,0.00733255867342214,7617.12279141159,6.63541666666667,12,"December","yes"
"3103","Dec. 2021",2021-12-23 01:00:00,9570,0.00753135986492213,7617.30312127428,6.64583333333333,12,"December","yes"
"3104","Dec. 2021",2021-12-23 01:15:00,9585,0.00721715316423613,7653.88345937142,6.65625,12,"December","yes"
"3105","Dec. 2021",2021-12-23 01:30:00,9600,0.00768184713630807,7638.68763558501,6.66666666666667,12,"December","yes"
"3106","Dec. 2021",2021-12-23 01:45:00,9615,0.00721715316423624,7682.28977477089,6.67708333333333,12,"December","yes"
"3107","Dec. 2021",2021-12-23 02:00:00,9630,0.0074629062361504,7636.68944289284,6.6875,12,"December","yes"
"3108","Dec. 2021",2021-12-23 02:15:00,9645,0.00712888825256243,7643.72457288781,6.69791666666667,12,"December","yes"
"3109","Dec. 2021",2021-12-23 02:30:00,9660,0.0076054341458769,7628.16757466473,6.70833333333333,12,"December","yes"
"3110","Dec. 2021",2021-12-23 02:45:00,9675,0.00735222677179655,7649.85226724184,6.71875,12,"December","yes"
"3111","Dec. 2021",2021-12-23 03:00:00,9690,0.00722522632599883,7738.14605881798,6.72916666666667,12,"December","yes"
"3112","Dec. 2021",2021-12-23 03:15:00,9705,0.00704003543877347,7729.84567300425,6.73958333333333,12,"December","yes"
"3113","Dec. 2021",2021-12-23 03:30:00,9720,0.0068684903939995,7706.04351770482,6.75,12,"December","yes"
"3114","Dec. 2021",2021-12-23 03:45:00,9735,0.00673410485971846,7712.16669746835,6.76041666666667,12,"December","yes"
"3115","Dec. 2021",2021-12-23 04:00:00,9750,0.00692419658816967,7718.36974945044,6.77083333333333,12,"December","yes"
"3116","Dec. 2021",2021-12-23 04:15:00,9765,0.0069117807883434,7739.10238738331,6.78125,12,"December","yes"
"3117","Dec. 2021",2021-12-23 04:30:00,9780,0.00664542433793067,7715.39210613696,6.79166666666667,12,"December","yes"
"3118","Dec. 2021",2021-12-23 04:45:00,9795,0.00708274709239363,7706.24486140921,6.80208333333333,12,"December","yes"
"3119","Dec. 2021",2021-12-23 05:00:00,9810,0.0066156216262226,7689.19822049201,6.8125,12,"December","yes"
"3120","Dec. 2021",2021-12-23 05:15:00,9825,0.00682852185985359,7733.05119899561,6.82291666666667,12,"December","yes"
"3121","Dec. 2021",2021-12-23 05:30:00,9840,0.00658003112984191,7775.6910170747,6.83333333333333,12,"December","yes"
"3122","Dec. 2021",2021-12-23 05:45:00,9855,0.00683465646863438,7743.6817327764,6.84375,12,"December","yes"
"3123","Dec. 2021",2021-12-23 06:00:00,9870,0.00703845810637202,7793.4870632512,6.85416666666667,12,"December","yes"
"3124","Dec. 2021",2021-12-23 06:15:00,9885,0.00664841180733756,7755.34198401243,6.86458333333333,12,"December","yes"
"3125","Dec. 2021",2021-12-23 06:30:00,9900,0.00669939902910042,7732.1434094588,6.875,12,"December","yes"
"3126","Dec. 2021",2021-12-23 06:45:00,9915,0.00689010352630108,7789.84655073664,6.88541666666667,12,"December","yes"
"3127","Dec. 2021",2021-12-23 07:00:00,9930,0.0068300550212599,7735.73377666558,6.89583333333333,12,"December","yes"
"3128","Dec. 2021",2021-12-23 07:15:00,9945,0.00685001589406529,7763.11360846396,6.90625,12,"December","yes"
"3129","Dec. 2021",2021-12-23 07:30:00,9960,0.0062992600978636,7746.96102488752,6.91666666666667,12,"December","yes"
"3130","Dec. 2021",2021-12-23 07:45:00,9975,0.00676442453566312,7767.56712132,6.92708333333333,12,"December","yes"
"3131","Dec. 2021",2021-12-23 08:00:00,9990,0.00668586560241254,7729.46546362082,6.9375,12,"December","yes"
"3132","Dec. 2021",2021-12-23 08:15:00,10005,0.00663945332542721,7757.56213293495,6.94791666666667,12,"December","yes"
"3133","Dec. 2021",2021-12-23 08:30:00,10020,0.00659335548048723,7778.9339181568,6.95833333333333,12,"December","yes"
"3134","Dec. 2021",2021-12-23 08:45:00,10035,0.00641643404523007,7800.7645446875,6.96875,12,"December","yes"
"3135","Dec. 2021",2021-12-23 09:00:00,10050,0.00681473813086123,7800.9513091765,6.97916666666667,12,"December","yes"
"3136","Dec. 2021",2021-12-23 09:15:00,10065,0.00649918040146163,7860.45297236542,6.98958333333333,12,"December","yes"
"3137","Dec. 2021",2021-12-23 09:30:00,10080,0.0066663641079543,7890.95955230248,7,12,"December","yes"
"3138","Dec. 2021",2021-12-23 09:45:00,10095,0.00655935704017284,7930.28805243074,7.01041666666667,12,"December","yes"
"3139","Dec. 2021",2021-12-23 10:00:00,10110,0.00683158850985887,7922.41712295002,7.02083333333333,12,"December","yes"
"3140","Dec. 2021",2021-12-23 10:15:00,10125,0.00692419658816967,8044.12685013014,7.03125,12,"December","yes"
"3141","Dec. 2021",2021-12-23 10:30:00,10140,0.00639483537230665,8158.26276290797,7.04166666666667,12,"December","yes"
"3142","Dec. 2021",2021-12-23 10:45:00,10155,0.00697250560039551,8332.11422157467,7.05208333333333,12,"December","yes"
"3143","Dec. 2021",2021-12-23 11:00:00,10170,0.00700540970742553,8373.08205154423,7.0625,12,"December","yes"
"3144","Dec. 2021",2021-12-23 11:15:00,10185,0.00749622953974884,8510.6144513809,7.07291666666667,12,"December","yes"
"3145","Dec. 2021",2021-12-23 11:30:00,10200,0.00731293769077553,8546.8325618705,7.08333333333333,12,"December","yes"
"3146","Dec. 2021",2021-12-23 11:45:00,10215,0.0072543574372032,8732.42056178385,7.09375,12,"December","yes"
"3147","Dec. 2021",2021-12-23 12:00:00,10230,0.00710817025618516,8762.32848106954,7.10416666666667,12,"December","yes"
"3148","Dec. 2021",2021-12-23 12:15:00,10245,0.00752800790300899,8507.74575728055,7.11458333333333,12,"December","yes"
"3149","Dec. 2021",2021-12-23 12:30:00,10260,0.00719781094964638,8366.75996505781,7.125,12,"December","yes"
"3150","Dec. 2021",2021-12-23 12:45:00,10275,0.00678725018066744,8358.11321629214,7.13541666666667,12,"December","yes"
"3151","Dec. 2021",2021-12-23 13:00:00,10290,0.0069071302620858,8354.75418495198,7.14583333333333,12,"December","yes"
"3152","Dec. 2021",2021-12-23 13:15:00,10305,0.00691953820929064,8312.6154061209,7.15625,12,"December","yes"
"3153","Dec. 2021",2021-12-23 13:30:00,10320,0.0063319039610009,8404.72243710495,7.16666666666667,12,"December","yes"
"3154","Dec. 2021",2021-12-23 13:45:00,10335,0.00637187793160857,8466.27796992749,7.17708333333333,12,"December","yes"
"3155","Dec. 2021",2021-12-23 14:00:00,10350,0.0065578827734263,8657.1176635515,7.1875,12,"December","yes"
"3156","Dec. 2021",2021-12-23 14:15:00,10365,0.00653727739419364,8772.12182376222,7.19791666666667,12,"December","yes"
"3157","Dec. 2021",2021-12-23 14:30:00,10380,0.00658743027494146,8654.43340366091,7.20833333333333,12,"December","yes"
"3158","Dec. 2021",2021-12-23 14:45:00,10395,0.00672201363490673,8656.72136447345,7.21875,12,"December","yes"
"3159","Dec. 2021",2021-12-23 15:00:00,10410,0.00627947466317357,8666.24350293048,7.22916666666667,12,"December","yes"
"3160","Dec. 2021",2021-12-23 15:15:00,10425,0.0062597533582242,8713.15935855963,7.23958333333333,12,"December","yes"
"3161","Dec. 2021",2021-12-23 15:30:00,10440,0.00639627299348704,8848.63090543673,7.25,12,"December","yes"
"3162","Dec. 2021",2021-12-23 15:45:00,10455,0.00640922630777502,8790.53779482283,7.26041666666667,12,"December","yes"
"3163","Dec. 2021",2021-12-23 16:00:00,10470,0.00623729325020963,8866.12649117992,7.27083333333333,12,"December","yes"
"3164","Dec. 2021",2021-12-23 16:15:00,10485,0.00607423673794063,8911.6795532989,7.28125,12,"December","yes"
"3165","Dec. 2021",2021-12-23 16:30:00,10500,0.00602539766111232,8806.60560330264,7.29166666666667,12,"December","yes"
"3166","Dec. 2021",2021-12-23 16:45:00,10515,0.00611251585111413,8852.30748653212,7.30208333333333,12,"December","yes"
"3167","Dec. 2021",2021-12-23 17:00:00,10530,0.00597832176205632,8837.1165328382,7.3125,12,"December","yes"
"3168","Dec. 2021",2021-12-23 17:15:00,10545,0.00577852791817449,8910.8741846824,7.32291666666667,12,"December","yes"
"3169","Dec. 2021",2021-12-23 17:30:00,10560,0.00597430533496997,8992.24698552115,7.33333333333333,12,"December","yes"
"3170","Dec. 2021",2021-12-23 17:45:00,10575,0.00605790992993663,9013.5667211492,7.34375,12,"December","yes"
"3171","Dec. 2021",2021-12-23 18:00:00,10590,0.00586304093814872,9094.4644822875,7.35416666666667,12,"December","yes"
"3172","Dec. 2021",2021-12-23 18:15:00,10605,0.00562113712242803,9064.39465287606,7.36458333333333,12,"December","yes"
"3173","Dec. 2021",2021-12-23 18:30:00,10620,0.00591573605480574,9122.59001754159,7.375,12,"December","yes"
"3174","Dec. 2021",2021-12-23 18:45:00,10635,0.00563239132577854,9242.22904552798,7.38541666666667,12,"December","yes"
"3175","Dec. 2021",2021-12-23 19:00:00,10650,0.00563990885167722,9232.4303068573,7.39583333333333,12,"December","yes"
"3176","Dec. 2021",2021-12-23 19:15:00,10665,0.00551371284614815,9268.55893877643,7.40625,12,"December","yes"
"3177","Dec. 2021",2021-12-23 19:30:00,10680,0.00560492783945697,9310.57284830998,7.41666666666667,12,"December","yes"
"3178","Dec. 2021",2021-12-23 19:45:00,10695,0.00547361354812822,9465.46767948422,7.42708333333333,12,"December","yes"
"3179","Dec. 2021",2021-12-23 20:00:00,10710,0.00553941609943032,9470.38562605555,7.4375,12,"December","yes"
"3180","Dec. 2021",2021-12-23 20:15:00,10725,0.00560492783945697,9528.05823926587,7.44791666666667,12,"December","yes"
"3181","Dec. 2021",2021-12-23 20:30:00,10740,0.0055015239165741,9593.92459058821,7.45833333333333,12,"December","yes"
"3182","Dec. 2021",2021-12-23 20:45:00,10755,0.00549179633077881,9525.83762425948,7.46875,12,"December","yes"
"3183","Dec. 2021",2021-12-23 21:00:00,10770,0.00536252345670577,9590.8444376202,7.47916666666667,12,"December","yes"
"3184","Dec. 2021",2021-12-23 21:15:00,10785,0.00551615455837362,9596.61594389232,7.48958333333333,12,"December","yes"
"3185","Dec. 2021",2021-12-23 21:30:00,10800,0.00543267179218531,9631.97663604402,7.5,12,"December","yes"
"3186","Dec. 2021",2021-12-23 21:45:00,10815,0.00544107005753597,9668.34753201533,7.51041666666667,12,"December","yes"
"3187","Dec. 2021",2021-12-23 22:00:00,10830,0.00540280886438359,9741.77347127109,7.52083333333333,12,"December","yes"
"3188","Dec. 2021",2021-12-23 22:15:00,10845,0.00526807329656226,9658.71546368731,7.53125,12,"December","yes"
"3189","Dec. 2021",2021-12-23 22:30:00,10860,0.00543027523253242,9816.01791246554,7.54166666666667,12,"December","yes"
"3190","Dec. 2021",2021-12-23 22:45:00,10875,0.00543147334876263,9753.43632871609,7.55208333333333,12,"December","yes"
"3191","Dec. 2021",2021-12-23 23:00:00,10890,0.00524508273384683,9896.0209849046,7.5625,12,"December","yes"
"3192","Dec. 2021",2021-12-23 23:15:00,10905,0.00533783024684042,9887.66213095678,7.57291666666667,12,"December","yes"
"3193","Dec. 2021",2021-12-23 23:30:00,10920,0.00513320677614974,9909.72659315342,7.58333333333333,12,"December","yes"
"3194","Dec. 2021",2021-12-23 23:45:00,10935,0.00511542683044004,9886.87488269134,7.59375,12,"December","yes"
"3195","Dec. 2021",2021-12-24,10950,0.00508891396430188,9894.05218945544,7.60416666666667,12,"December","yes"
"3196","Dec. 2021",2021-12-24 00:15:00,10965,0.00509111617157718,9871.78156332637,7.61458333333333,12,"December","yes"
"3197","Dec. 2021",2021-12-24 00:30:00,10980,0.00500404872133625,9916.56684545454,7.625,12,"December","yes"
"3198","Dec. 2021",2021-12-24 00:45:00,10995,0.00509773064602448,9999.4496139204,7.63541666666667,12,"December","yes"
"3199","Dec. 2021",2021-12-24 01:00:00,11010,0.00508451347606194,9962.4452221278,7.64583333333333,12,"December","yes"
"3200","Dec. 2021",2021-12-24 01:15:00,11025,0.00483312867642325,9940.92083810666,7.65625,12,"December","yes"
"3201","Dec. 2021",2021-12-24 01:30:00,11040,0.00492432479346049,9955.86531823077,7.66666666666667,12,"December","yes"
"3202","Dec. 2021",2021-12-24 01:45:00,11055,0.00483721898612117,9985.68798040818,7.67708333333333,12,"December","yes"
"3203","Dec. 2021",2021-12-24 02:00:00,11070,0.00482904360180628,9978.18583014139,7.6875,12,"December","yes"
"3204","Dec. 2021",2021-12-24 02:15:00,11085,0.00489711676895487,10052.3611580032,7.69791666666667,12,"December","yes"
"3205","Dec. 2021",2021-12-24 02:30:00,11100,0.00490650990105332,9962.77176835114,7.70833333333333,12,"December","yes"
"3206","Dec. 2021",2021-12-24 02:45:00,11115,0.00484233923507609,10067.0059878207,7.71875,12,"December","yes"
"3207","Dec. 2021",2021-12-24 03:00:00,11130,0.00494329068637003,9991.7590976427,7.72916666666667,12,"December","yes"
"3208","Dec. 2021",2021-12-24 03:15:00,11145,0.00488048330595746,10065.9178275922,7.73958333333333,12,"December","yes"
"3209","Dec. 2021",2021-12-24 03:30:00,11160,0.00481885381874245,10005.2493659204,7.75,12,"December","yes"
"3210","Dec. 2021",2021-12-24 03:45:00,11175,0.00482598323136529,10056.532200337,7.76041666666667,12,"December","yes"
"3211","Dec. 2021",2021-12-24 04:00:00,11190,0.00491278671278391,10062.9447746996,7.77083333333333,12,"December","yes"
"3212","Dec. 2021",2021-12-24 04:15:00,11205,0.00486599773627132,10009.4122549603,7.78125,12,"December","yes"
"3213","Dec. 2021",2021-12-24 04:30:00,11220,0.00491069313343675,10008.3170320657,7.79166666666667,12,"December","yes"
"3214","Dec. 2021",2021-12-24 04:45:00,11235,0.00487116379218385,10036.3409410148,7.80208333333333,12,"December","yes"
"3215","Dec. 2021",2021-12-24 05:00:00,11250,0.0049369569431349,10027.1939142344,7.8125,12,"December","yes"
"3216","Dec. 2021",2021-12-24 05:15:00,11265,0.00487012992661627,10040.3231191794,7.82291666666667,12,"December","yes"
"3217","Dec. 2021",2021-12-24 05:30:00,11280,0.00490964683455208,10046.2509597206,7.83333333333333,12,"December","yes"
"3218","Dec. 2021",2021-12-24 05:45:00,11295,0.00470108533676425,10030.5051888096,7.84375,12,"December","yes"
"3219","Dec. 2021",2021-12-24 06:00:00,11310,0.00474049643569333,10043.5746024894,7.85416666666667,12,"December","yes"
"3220","Dec. 2021",2021-12-24 06:15:00,11325,0.00472072544771775,9996.90420206661,7.86458333333333,12,"December","yes"
"3221","Dec. 2021",2021-12-24 06:30:00,11340,0.00464199132756274,10002.1801269229,7.875,12,"December","yes"
"3222","Dec. 2021",2021-12-24 06:45:00,11355,0.00461147805410986,10052.6601860004,7.88541666666667,12,"December","yes"
"3223","Dec. 2021",2021-12-24 07:00:00,11370,0.0047965514677815,10065.4153956452,7.89583333333333,12,"December","yes"
"3224","Dec. 2021",2021-12-24 07:15:00,11385,0.00458505378158474,10085.3924662953,7.90625,12,"December","yes"
"3225","Dec. 2021",2021-12-24 07:30:00,11400,0.00475341776068043,10037.9837640889,7.91666666666667,12,"December","yes"
"3226","Dec. 2021",2021-12-24 07:45:00,11415,0.00476139682946246,10117.0191707164,7.92708333333333,12,"December","yes"
"3227","Dec. 2021",2021-12-24 08:00:00,11430,0.00486290202903441,10092.5073113066,7.9375,12,"December","yes"
"3228","Dec. 2021",2021-12-24 08:15:00,11445,0.00471580315025867,10143.051888338,7.94791666666667,12,"December","yes"
"3229","Dec. 2021",2021-12-24 08:30:00,11460,0.00468449414451232,10231.5965034275,7.95833333333333,12,"December","yes"
"3230","Dec. 2021",2021-12-24 08:45:00,11475,0.0047226966570493,10260.4563011026,7.96875,12,"December","yes"
"3231","Dec. 2021",2021-12-24 09:00:00,11490,0.00475940009911155,10304.1308312039,7.97916666666667,12,"December","yes"
"3232","Dec. 2021",2021-12-24 09:15:00,11505,0.00502778352130246,10296.7434447892,7.98958333333333,12,"December","yes"
"3233","Dec. 2021",2021-12-24 09:30:00,11520,0.00461147805410993,10313.434303771,8,12,"December","yes"
"3234","Dec. 2021",2021-12-24 09:45:00,11535,0.00463433159871434,10396.046469597,8.01041666666667,12,"December","yes"
"3235","Dec. 2021",2021-12-24 10:00:00,11550,0.00493063497883167,10493.8357383944,8.02083333333333,12,"December","yes"
"3236","Dec. 2021",2021-12-24 10:15:00,11565,0.00494117812985477,10599.3921052899,8.03125,12,"December","yes"
"3237","Dec. 2021",2021-12-24 10:30:00,11580,0.00508781335145302,10653.6976398713,8.04166666666667,12,"December","yes"
"3238","Dec. 2021",2021-12-24 10:45:00,11595,0.00488671103880489,10782.1654122509,8.05208333333333,12,"December","yes"
"3239","April 2022",2022-04-18 20:15:00,15,0.00327130209265241,9717.829604122,0.0104166666666667,4,"April","yes"
"3240","April 2022",2022-04-18 20:30:00,30,0.00328696209613015,9499.32714048516,0.0208333333333333,4,"April","yes"
"3241","April 2022",2022-04-18 20:45:00,45,0.00329424589380901,9475.15683527,0.03125,4,"April","yes"
"3242","April 2022",2022-04-18 21:00:00,60,0.00332094512287747,9413.72053333247,0.0416666666666667,4,"April","yes"
"3243","April 2022",2022-04-18 21:15:00,75,0.00334386179155464,9426.31399375986,0.0520833333333333,4,"April","yes"
"3244","April 2022",2022-04-18 21:30:00,90,0.00330578664309287,9461.42399465542,0.0625,4,"April","yes"
"3245","April 2022",2022-04-18 21:45:00,105,0.00336633089839528,9459.10074692329,0.0729166666666667,4,"April","yes"
"3246","April 2022",2022-04-18 22:00:00,120,0.0033865386765925,9435.13434242122,0.0833333333333333,4,"April","yes"
"3247","April 2022",2022-04-18 22:15:00,135,0.0033912640294609,9404.3939667257,0.09375,4,"April","yes"
"3248","April 2022",2022-04-18 22:30:00,150,0.00337043203077474,9350.73861833255,0.104166666666667,4,"April","yes"
"3249","April 2022",2022-04-18 22:45:00,165,0.00342081537029069,9244.42614805015,0.114583333333333,4,"April","yes"
"3250","April 2022",2022-04-18 23:00:00,180,0.00343314669194424,9123.29314298275,0.125,4,"April","yes"
"3251","April 2022",2022-04-18 23:15:00,195,0.00354129995612246,9048.5685275648,0.135416666666667,4,"April","yes"
"3252","April 2022",2022-04-18 23:30:00,210,0.00357426465750542,8891.5206814604,0.145833333333333,4,"April","yes"
"3253","April 2022",2022-04-18 23:45:00,225,0.00357051815161327,8801.15674003475,0.15625,4,"April","yes"
"3254","April 2022",2022-04-19,240,0.00365515963409917,8644.83851856863,0.166666666666667,4,"April","yes"
"3255","April 2022",2022-04-19 00:15:00,255,0.00372817305754352,8532.03527184405,0.177083333333333,4,"April","yes"
"3256","April 2022",2022-04-19 00:30:00,270,0.00371802369521776,8545.4764836632,0.1875,4,"April","yes"
"3257","April 2022",2022-04-19 00:45:00,285,0.00383674929222526,8299.42464195525,0.197916666666667,4,"April","yes"
"3258","April 2022",2022-04-19 01:00:00,300,0.00386078672038988,8246.58560573602,0.208333333333333,4,"April","yes"
"3259","April 2022",2022-04-19 01:15:00,315,0.00382057485505514,8231.55944280861,0.21875,4,"April","yes"
"3260","April 2022",2022-04-19 01:30:00,330,0.00389904425193065,8201.85089482333,0.229166666666667,4,"April","yes"
"3261","April 2022",2022-04-19 01:45:00,345,0.00402926612412492,8194.09934369425,0.239583333333333,4,"April","yes"
"3262","April 2022",2022-04-19 02:00:00,360,0.00394727444915397,8179.01593591961,0.25,4,"April","yes"
"3263","April 2022",2022-04-19 02:15:00,375,0.00399508668300954,8074.4007382672,0.260416666666667,4,"April","yes"
"3264","April 2022",2022-04-19 02:30:00,390,0.00408046244766977,8059.00384136142,0.270833333333333,4,"April","yes"
"3265","April 2022",2022-04-19 02:45:00,405,0.00414324416900016,7969.19361359975,0.28125,4,"April","yes"
"3266","April 2022",2022-04-19 03:00:00,420,0.00422027385531609,7870.54818755566,0.291666666666667,4,"April","yes"
"3267","April 2022",2022-04-19 03:15:00,435,0.00424042734405189,7833.62065024236,0.302083333333333,4,"April","yes"
"3268","April 2022",2022-04-19 03:30:00,450,0.00437943349282979,7765.79881982059,0.3125,4,"April","yes"
"3269","April 2022",2022-04-19 03:45:00,465,0.00451370970804359,7817.49549362596,0.322916666666667,4,"April","yes"
"3270","April 2022",2022-04-19 04:00:00,480,0.00447381265260112,7735.48509051876,0.333333333333333,4,"April","yes"
"3271","April 2022",2022-04-19 04:15:00,495,0.00444875342741489,7741.94013713904,0.34375,4,"April","yes"
"3272","April 2022",2022-04-19 04:30:00,510,0.00446842122392404,7703.79512019097,0.354166666666667,4,"April","yes"
"3273","April 2022",2022-04-19 04:45:00,525,0.00447021705804618,7680.89039817166,0.364583333333333,4,"April","yes"
"3274","April 2022",2022-04-19 05:00:00,540,0.00454312361451209,7650.19822824715,0.375,4,"April","yes"
"3275","April 2022",2022-04-19 05:15:00,555,0.00446214611106198,7596.8106049445,0.385416666666667,4,"April","yes"
"3276","April 2022",2022-04-19 05:30:00,570,0.00444964398264351,7617.32017982512,0.395833333333333,4,"April","yes"
"3277","April 2022",2022-04-19 05:45:00,585,0.00450094647996626,7607.53991418207,0.40625,4,"April","yes"
"3278","April 2022",2022-04-19 06:00:00,600,0.00452745575964989,7613.3304474208,0.416666666666667,4,"April","yes"
"3279","April 2022",2022-04-19 06:15:00,615,0.00443454904194496,7574.40970853396,0.427083333333333,4,"April","yes"
"3280","April 2022",2022-04-19 06:30:00,630,0.0045412754295811,7572.40293015962,0.4375,4,"April","yes"
"3281","April 2022",2022-04-19 06:45:00,645,0.00453021380417017,7578.01690375055,0.447916666666667,4,"April","yes"
"3282","April 2022",2022-04-19 07:00:00,660,0.00443277938322715,7613.93818959665,0.458333333333333,4,"April","yes"
"3283","April 2022",2022-04-19 07:15:00,675,0.00450185601236306,7582.56752016969,0.46875,4,"April","yes"
"3284","April 2022",2022-04-19 07:30:00,690,0.00452929412880423,7491.2322728762,0.479166666666667,4,"April","yes"
"3285","April 2022",2022-04-19 07:45:00,705,0.00455424020827224,7489.56994077901,0.489583333333333,4,"April","yes"
"3286","April 2022",2022-04-19 08:00:00,720,0.00470500288879326,7450.8370699155,0.5,4,"April","yes"
"3287","April 2022",2022-04-19 08:15:00,735,0.00457193783993332,7352.5348545917,0.510416666666667,4,"April","yes"
"3288","April 2022",2022-04-19 08:30:00,750,0.00480059466175145,7312.78726973385,0.520833333333333,4,"April","yes"
"3289","April 2022",2022-04-19 08:45:00,765,0.00470304345839361,7282.0674604275,0.53125,4,"April","yes"
"3290","April 2022",2022-04-19 09:00:00,780,0.00471187120175724,7221.90255423685,0.541666666666667,4,"April","yes"
"3291","April 2022",2022-04-19 09:15:00,795,0.00467574885367252,7177.09770068363,0.552083333333333,4,"April","yes"
"3292","April 2022",2022-04-19 09:30:00,810,0.00475341776068043,7207.11588269481,0.5625,4,"April","yes"
"3293","April 2022",2022-04-19 09:45:00,825,0.00473257233526045,7140.67997919909,0.572916666666667,4,"April","yes"
"3294","April 2022",2022-04-19 10:00:00,840,0.00476539421647479,7029.65411931379,0.583333333333333,4,"April","yes"
"3295","April 2022",2022-04-19 10:15:00,855,0.00477541058748447,7015.43826723967,0.59375,4,"April","yes"
"3296","April 2022",2022-04-19 10:30:00,870,0.00481783663999516,6986.49566327653,0.604166666666667,4,"April","yes"
"3297","April 2022",2022-04-19 10:45:00,885,0.00491697779778873,6958.07312089759,0.614583333333333,4,"April","yes"
"3298","April 2022",2022-04-19 11:00:00,900,0.00504079652311075,6892.97114543038,0.625,4,"April","yes"
"3299","April 2022",2022-04-19 11:15:00,915,0.00507792255947867,6835.85204936484,0.635416666666667,4,"April","yes"
"3300","April 2022",2022-04-19 11:30:00,930,0.00529583472948991,6793.13870997222,0.645833333333333,4,"April","yes"
"3301","April 2022",2022-04-19 11:45:00,945,0.00527153316911276,6855.00620269203,0.65625,4,"April","yes"
"3302","April 2022",2022-04-19 12:00:00,960,0.00522336292410871,6828.14860402175,0.666666666666667,4,"April","yes"
"3303","April 2022",2022-04-19 12:15:00,975,0.00519609620632411,6703.53897593125,0.677083333333333,4,"April","yes"
"3304","April 2022",2022-04-19 12:30:00,990,0.00513432080389327,6804.6032571076,0.6875,4,"April","yes"
"3305","April 2022",2022-04-19 12:45:00,1005,0.00530513042111277,6739.67257983835,0.697916666666667,4,"April","yes"
"3306","April 2022",2022-04-19 13:00:00,1020,0.00531911322165364,6757.91258820832,0.708333333333333,4,"April","yes"
"3307","April 2022",2022-04-19 13:15:00,1035,0.00533665797882221,6679.38442546321,0.71875,4,"April","yes"
"3308","April 2022",2022-04-19 13:30:00,1050,0.00524508273384683,6646.12452704077,0.729166666666667,4,"April","yes"
"3309","April 2022",2022-04-19 13:45:00,1065,0.00510878094550748,6612.32143752448,0.739583333333333,4,"April","yes"
"3310","April 2022",2022-04-19 14:00:00,1080,0.00511099493171483,6548.0639543675,0.75,4,"April","yes"
"3311","April 2022",2022-04-19 14:15:00,1095,0.00510878094550756,6580.52870788723,0.760416666666667,4,"April","yes"
"3312","April 2022",2022-04-19 14:30:00,1110,0.00490650990105332,6612.63347406116,0.770833333333333,4,"April","yes"
"3313","April 2022",2022-04-19 14:45:00,1125,0.00477842187904222,6622.31695581626,0.78125,4,"April","yes"
"3314","April 2022",2022-04-19 15:00:00,1140,0.00467574885367252,6593.66640603203,0.791666666666667,4,"April","yes"
"3315","April 2022",2022-04-19 15:15:00,1155,0.00471285369809378,6602.37944178026,0.802083333333333,4,"April","yes"
"3316","April 2022",2022-04-19 15:30:00,1170,0.00457755110516254,6618.02898321224,0.8125,4,"April","yes"
"3317","April 2022",2022-04-19 15:45:00,1185,0.00452653706586162,6625.45659654748,0.822916666666667,4,"April","yes"
"3318","April 2022",2022-04-19 16:00:00,1200,0.00456074664627059,6647.57813121227,0.833333333333333,4,"April","yes"
"3319","April 2022",2022-04-19 16:15:00,1215,0.00462573943399022,6617.38050951105,0.84375,4,"April","yes"
"3320","April 2022",2022-04-19 16:30:00,1230,0.0047985724103814,6623.59864035366,0.854166666666667,4,"April","yes"
"3321","April 2022",2022-04-19 16:45:00,1245,0.00506368264849535,6563.53353655494,0.864583333333333,4,"April","yes"
"3322","April 2022",2022-04-19 17:00:00,1260,0.00496023825422004,6548.36616870332,0.875,4,"April","yes"
"3323","April 2022",2022-04-19 17:15:00,1275,0.00493590246443628,6576.99849867861,0.885416666666667,4,"April","yes"
"3324","April 2022",2022-04-19 17:30:00,1290,0.00481377119693142,6516.61467436389,0.895833333333333,4,"April","yes"
"3325","April 2022",2022-04-19 17:45:00,1305,0.00473851344742973,6574.74190803291,0.90625,4,"April","yes"
"3326","April 2022",2022-04-19 18:00:00,1320,0.00464582904460836,6566.1069675027,0.916666666666667,4,"April","yes"
"3327","April 2022",2022-04-19 18:15:00,1335,0.00461527389050845,6571.40628045124,0.927083333333333,4,"April","yes"
"3328","April 2022",2022-04-19 18:30:00,1350,0.0046324199384277,6614.35140870329,0.9375,4,"April","yes"
"3329","April 2022",2022-04-19 18:45:00,1365,0.00462764651358095,6664.78219440288,0.947916666666667,4,"April","yes"
"3330","April 2022",2022-04-19 19:00:00,1380,0.00460390208655544,6708.05321056789,0.958333333333333,4,"April","yes"
"3331","April 2022",2022-04-19 19:15:00,1395,0.00460768745279228,6743.30246588393,0.96875,4,"April","yes"
"3332","April 2022",2022-04-19 19:30:00,1410,0.00455424020827224,6869.35546692719,0.979166666666667,4,"April","yes"
"3333","April 2022",2022-04-19 19:45:00,1425,0.00464582904460836,6859.93030866874,0.989583333333333,4,"April","yes"
"3334","April 2022",2022-04-19 20:00:00,1440,0.00463624456777113,6903.00746612052,1,4,"April","yes"
"3335","April 2022",2022-04-19 20:15:00,1455,0.00472861813766536,6840.3699470964,1.01041666666667,4,"April","yes"
"3336","April 2022",2022-04-19 20:30:00,1470,0.00477942629727987,6801.47993207763,1.02083333333333,4,"April","yes"
"3337","April 2022",2022-04-19 20:45:00,1485,0.00532729161360742,6759.08800773546,1.03125,4,"April","yes"
"3338","April 2022",2022-04-19 21:00:00,1500,0.00712091324856631,6637.5322279347,1.04166666666667,4,"April","yes"
"3339","April 2022",2022-04-19 21:15:00,1515,0.00792031176735405,6470.72297882705,1.05208333333333,4,"April","yes"
"3340","April 2022",2022-04-19 21:30:00,1530,0.00865801415212996,6252.27969826822,1.0625,4,"April","yes"
"3341","April 2022",2022-04-19 21:45:00,1545,0.00982618042776129,6010.13854285416,1.07291666666667,4,"April","yes"
"3342","April 2022",2022-04-19 22:00:00,1560,0.0103576797824153,5881.41440514166,1.08333333333333,4,"April","yes"
"3343","April 2022",2022-04-19 22:15:00,1575,0.00972688705068484,5893.73164208,1.09375,4,"April","yes"
"3344","April 2022",2022-04-19 22:30:00,1590,0.0104790738589422,5965.5967339696,1.10416666666667,4,"April","yes"
"3345","April 2022",2022-04-19 22:45:00,1605,0.0105927156866971,5978.7776458154,1.11458333333333,4,"April","yes"
"3346","April 2022",2022-04-19 23:00:00,1620,0.0108204257370116,6080.94101871704,1.125,4,"April","yes"
"3347","April 2022",2022-04-19 23:15:00,1635,0.0109053118189918,6139.14534137373,1.13541666666667,4,"April","yes"
"3348","April 2022",2022-04-19 23:30:00,1650,0.0109884180363792,6213.66636950488,1.14583333333333,4,"April","yes"
"3349","April 2022",2022-04-19 23:45:00,1665,0.0113483444470716,6257.69901250588,1.15625,4,"April","yes"
"3350","April 2022",2022-04-20,1680,0.0120422211365832,6221.14137421939,1.16666666666667,4,"April","yes"
"3351","April 2022",2022-04-20 00:15:00,1695,0.0120999246145927,6309.88600418129,1.17708333333333,4,"April","yes"
"3352","April 2022",2022-04-20 00:30:00,1710,0.0132833128424781,6257.11108654317,1.1875,4,"April","yes"
"3353","April 2022",2022-04-20 00:45:00,1725,0.0137553764477647,6285.62475092042,1.19791666666667,4,"April","yes"
"3354","April 2022",2022-04-20 01:00:00,1740,0.0139689557811761,6329.1911922195,1.20833333333333,4,"April","yes"
"3355","April 2022",2022-04-20 01:15:00,1755,0.0139477659857982,6336.13990562973,1.21875,4,"April","yes"
"3356","April 2022",2022-04-20 01:30:00,1770,0.0169138999063317,6379.13482179974,1.22916666666667,4,"April","yes"
"3357","April 2022",2022-04-20 01:45:00,1785,0.0192593519994656,6377.57563483976,1.23958333333333,4,"April","yes"
"3358","April 2022",2022-04-20 02:00:00,1800,0.0191429960845529,6383.19612052301,1.25,4,"April","yes"
"3359","April 2022",2022-04-20 02:15:00,1815,0.0190978610794813,6396.9876476824,1.26041666666667,4,"April","yes"
"3360","April 2022",2022-04-20 02:30:00,1830,0.0188827456779212,6455.45679705533,1.27083333333333,4,"April","yes"
"3361","April 2022",2022-04-20 02:45:00,1845,0.0192496394771913,6462.3534051319,1.28125,4,"April","yes"
"3362","April 2022",2022-04-20 03:00:00,1860,0.0197257311242814,6506.70615349513,1.29166666666667,4,"April","yes"
"3363","April 2022",2022-04-20 03:15:00,1875,0.0191914261829391,6528.45351955358,1.30208333333333,4,"April","yes"
"3364","April 2022",2022-04-20 03:30:00,1890,0.0188795461248329,6527.74345322295,1.3125,4,"April","yes"
"3365","April 2022",2022-04-20 03:45:00,1905,0.0189243696425924,6586.14800225256,1.32291666666667,4,"April","yes"
"3366","April 2022",2022-04-20 04:00:00,1920,0.0190560074256363,6562.7524881594,1.33333333333333,4,"April","yes"
"3367","April 2022",2022-04-20 04:15:00,1935,0.0185580766317587,6517.64166309888,1.34375,4,"April","yes"
"3368","April 2022",2022-04-20 04:30:00,1950,0.0181679655506601,6612.81264197591,1.35416666666667,4,"April","yes"
"3369","April 2022",2022-04-20 04:45:00,1965,0.0185201040730942,6567.33714821904,1.36458333333333,4,"April","yes"
"3370","April 2022",2022-04-20 05:00:00,1980,0.0183592463336095,6633.04680087661,1.375,4,"April","yes"
"3371","April 2022",2022-04-20 05:15:00,1995,0.0182681577505994,6623.73301463262,1.38541666666667,4,"April","yes"
"3372","April 2022",2022-04-20 05:30:00,2010,0.017672030228605,6593.13383273273,1.39583333333333,4,"April","yes"
"3373","April 2022",2022-04-20 05:45:00,2025,0.017308609892834,6628.79587591232,1.40625,4,"April","yes"
"3374","April 2022",2022-04-20 06:00:00,2040,0.0167915184006649,6613.62117153352,1.41666666666667,4,"April","yes"
"3375","April 2022",2022-04-20 06:15:00,2055,0.0167082568550469,6635.70216926737,1.42708333333333,4,"April","yes"
"3376","April 2022",2022-04-20 06:30:00,2070,0.0164159247147508,6701.07743337625,1.4375,4,"April","yes"
"3377","April 2022",2022-04-20 06:45:00,2085,0.0160948723039513,6671.09002629373,1.44791666666667,4,"April","yes"
"3378","April 2022",2022-04-20 07:00:00,2100,0.0157434264228284,6685.04262012552,1.45833333333333,4,"April","yes"
"3379","April 2022",2022-04-20 07:15:00,2115,0.0159387135654645,6632.96387025517,1.46875,4,"April","yes"
"3380","April 2022",2022-04-20 07:30:00,2130,0.0160456083175544,6640.10207949595,1.47916666666667,4,"April","yes"
"3381","April 2022",2022-04-20 07:45:00,2145,0.0150356861072598,6567.00962929797,1.48958333333333,4,"April","yes"
"3382","April 2022",2022-04-20 08:00:00,2160,0.015066270720941,6560.81617774722,1.5,4,"April","yes"
"3383","April 2022",2022-04-20 08:15:00,2175,0.0151415098952117,6474.01016791585,1.51041666666667,4,"April","yes"
"3384","April 2022",2022-04-20 08:30:00,2190,0.0142275482782175,6409.74173627159,1.52083333333333,4,"April","yes"
"3385","April 2022",2022-04-20 08:45:00,2205,0.0135829360538463,6404.95733562174,1.53125,4,"April","yes"
"3386","April 2022",2022-04-20 09:00:00,2220,0.0129376372283563,6303.63975448911,1.54166666666667,4,"April","yes"
"3387","April 2022",2022-04-20 09:15:00,2235,0.0121240233531645,6246.54839967189,1.55208333333333,4,"April","yes"
"3388","April 2022",2022-04-20 09:30:00,2250,0.0121747372053414,6182.11346036721,1.5625,4,"April","yes"
"3389","April 2022",2022-04-20 09:45:00,2265,0.0111468713513385,6154.65451167293,1.57291666666667,4,"April","yes"
"3390","April 2022",2022-04-20 10:00:00,2280,0.0106652934264844,6110.70168502452,1.58333333333333,4,"April","yes"
"3391","April 2022",2022-04-20 10:15:00,2295,0.00997653396521289,6009.07010453138,1.59375,4,"April","yes"
"3392","April 2022",2022-04-20 10:30:00,2310,0.00978678665778637,5989.61713897463,1.60416666666667,4,"April","yes"
"3393","April 2022",2022-04-20 10:45:00,2325,0.00924965949029177,5940.05090187883,1.61458333333333,4,"April","yes"
"3394","April 2022",2022-04-20 11:00:00,2340,0.00982825705600123,5904.15492003204,1.625,4,"April","yes"
"3395","April 2022",2022-04-20 11:15:00,2355,0.00950420796333652,5874.91807743127,1.63541666666667,4,"April","yes"
"3396","April 2022",2022-04-20 11:30:00,2370,0.0088326735663677,5808.56573381987,1.64583333333333,4,"April","yes"
"3397","April 2022",2022-04-20 11:45:00,2385,0.00928740584575274,5794.56244010014,1.65625,4,"April","yes"
"3398","April 2022",2022-04-20 12:00:00,2400,0.00904709026150896,5834.32867745368,1.66666666666667,4,"April","yes"
"3399","April 2022",2022-04-20 12:15:00,2415,0.00851767780346324,5808.39133674884,1.67708333333333,4,"April","yes"
"3400","April 2022",2022-04-20 12:30:00,2430,0.00852511594738279,5797.14913529752,1.6875,4,"April","yes"
"3401","April 2022",2022-04-20 12:45:00,2445,0.00887869234385758,5732.90237681098,1.69791666666667,4,"April","yes"
"3402","April 2022",2022-04-20 13:00:00,2460,0.00914105956133231,5682.51799606316,1.70833333333333,4,"April","yes"
"3403","April 2022",2022-04-20 13:15:00,2475,0.0094738683413094,5610.185910504,1.71875,4,"April","yes"
"3404","April 2022",2022-04-20 13:30:00,2490,0.0092199431700817,5634.61729224405,1.72916666666667,4,"April","yes"
"3405","April 2022",2022-04-20 13:45:00,2505,0.00903734514579083,5582.7548703019,1.73958333333333,4,"April","yes"
"3406","April 2022",2022-04-20 14:00:00,2520,0.0102137886377787,5502.20573447338,1.75,4,"April","yes"
"3407","April 2022",2022-04-20 14:15:00,2535,0.00980335911182968,5473.52370359371,1.76041666666667,4,"April","yes"
"3408","April 2022",2022-04-20 14:30:00,2550,0.00926355230021635,5488.88581827657,1.77083333333333,4,"April","yes"
"3409","April 2022",2022-04-20 14:45:00,2565,0.00874499768952584,5444.07660381772,1.78125,4,"April","yes"
"3410","April 2022",2022-04-20 15:00:00,2580,0.00867875157867955,5443.98787245309,1.79166666666667,4,"April","yes"
"3411","April 2022",2022-04-20 15:15:00,2595,0.00891333010576053,5458.88123396554,1.80208333333333,4,"April","yes"
"3412","April 2022",2022-04-20 15:30:00,2610,0.00841225307686803,5496.02446153853,1.8125,4,"April","yes"
"3413","April 2022",2022-04-20 15:45:00,2625,0.0088748502474971,5495.01983406007,1.82291666666667,4,"April","yes"
"3414","April 2022",2022-04-20 16:00:00,2640,0.00998073466461338,5478.38711813553,1.83333333333333,4,"April","yes"
"3415","April 2022",2022-04-20 16:15:00,2655,0.0163660488782762,5416.61835484768,1.84375,4,"April","yes"
"3416","April 2022",2022-04-20 16:30:00,2670,0.0183120971940758,5310.87956448385,1.85416666666667,4,"April","yes"
"3417","April 2022",2022-04-20 16:45:00,2685,0.0187327203779202,5242.58242183474,1.86458333333333,4,"April","yes"
"3418","April 2022",2022-04-20 17:00:00,2700,0.0198804774856565,5099.25772038528,1.875,4,"April","yes"
"3419","April 2022",2022-04-20 17:15:00,2715,0.0198441954680175,4976.48387294882,1.88541666666667,4,"April","yes"
"3420","April 2022",2022-04-20 17:30:00,2730,0.0205335945008514,4862.18835769479,1.89583333333333,4,"April","yes"
"3421","April 2022",2022-04-20 17:45:00,2745,0.0201888077561656,4748.71782063569,1.90625,4,"April","yes"
"3422","April 2022",2022-04-20 18:00:00,2760,0.0207698967403925,4694.67131249832,1.91666666666667,4,"April","yes"
"3423","April 2022",2022-04-20 18:15:00,2775,0.021391785742868,4677.46655658726,1.92708333333333,4,"April","yes"
"3424","April 2022",2022-04-20 18:30:00,2790,0.0216581552290917,4652.72285743073,1.9375,4,"April","yes"
"3425","April 2022",2022-04-20 18:45:00,2805,0.0220525735105615,4679.62446363984,1.94791666666667,4,"April","yes"
"3426","April 2022",2022-04-20 19:00:00,2820,0.0225257054742846,4706.00896715071,1.95833333333333,4,"April","yes"
"3427","April 2022",2022-04-20 19:15:00,2835,0.0241058067210286,4740.20327598609,1.96875,4,"April","yes"
"3428","April 2022",2022-04-20 19:30:00,2850,0.0245553469561648,4729.17545661683,1.97916666666667,4,"April","yes"
"3429","April 2022",2022-04-20 19:45:00,2865,0.0257673004003871,4716.53448789342,1.98958333333333,4,"April","yes"
"3430","April 2022",2022-04-20 20:00:00,2880,0.0257250834369952,4690.57975747218,2,4,"April","yes"
"3431","April 2022",2022-04-20 20:15:00,2895,0.0259635508857252,4672.92249091028,2.01041666666667,4,"April","yes"
"3432","April 2022",2022-04-20 20:30:00,2910,0.0267217681019186,4735.89779368423,2.02083333333333,4,"April","yes"
"3433","April 2022",2022-04-20 20:45:00,2925,0.0271272837479447,4821.17919538697,2.03125,4,"April","yes"
"3434","April 2022",2022-04-20 21:00:00,2940,0.027808183601234,4861.60538258859,2.04166666666667,4,"April","yes"
"3435","April 2022",2022-04-20 21:15:00,2955,0.0283687129625315,4970.59935394189,2.05208333333333,4,"April","yes"
"3436","April 2022",2022-04-20 21:30:00,2970,0.0306655734470823,5020.31630413259,2.0625,4,"April","yes"
"3437","April 2022",2022-04-20 21:45:00,2985,0.0351571007029922,5076.97506969174,2.07291666666667,4,"April","yes"
"3438","April 2022",2022-04-20 22:00:00,3000,0.0369691090476171,5119.3455771182,2.08333333333333,4,"April","yes"
"3439","April 2022",2022-04-20 22:15:00,3015,0.0394126376086111,5227.01661904619,2.09375,4,"April","yes"
"3440","April 2022",2022-04-20 22:30:00,3030,0.0410609242846541,5210.34200717955,2.10416666666667,4,"April","yes"
"3441","April 2022",2022-04-20 22:45:00,3045,0.0408076215607144,5304.36488054683,2.11458333333333,4,"April","yes"
"3442","April 2022",2022-04-20 23:00:00,3060,0.0437127771635261,5324.9215545156,2.125,4,"April","yes"
"3443","April 2022",2022-04-20 23:15:00,3075,0.0442290643649159,5302.01344360596,2.13541666666667,4,"April","yes"
"3444","April 2022",2022-04-20 23:30:00,3090,0.0425478767283691,5271.99113823933,2.14583333333333,4,"April","yes"
"3445","April 2022",2022-04-20 23:45:00,3105,0.0448007593604542,5219.73204122979,2.15625,4,"April","yes"
"3446","April 2022",2022-04-21,3120,0.0430209795335513,5203.55947863877,2.16666666666667,4,"April","yes"
"3447","April 2022",2022-04-21 00:15:00,3135,0.0424667680092776,5195.41613279375,2.17708333333333,4,"April","yes"
"3448","April 2022",2022-04-21 00:30:00,3150,0.0433379535638991,5151.11574745779,2.1875,4,"April","yes"
"3449","April 2022",2022-04-21 00:45:00,3165,0.0396660835799839,5180.20367402716,2.19791666666667,4,"April","yes"
"3450","April 2022",2022-04-21 01:00:00,3180,0.0407927479030801,5208.90964738452,2.20833333333333,4,"April","yes"
"3451","April 2022",2022-04-21 01:15:00,3195,0.0410509748120651,5231.04914362602,2.21875,4,"April","yes"
"3452","April 2022",2022-04-21 01:30:00,3210,0.0398861259221924,5187.27016638831,2.22916666666667,4,"April","yes"
"3453","April 2022",2022-04-21 01:45:00,3225,0.040175629708735,5268.08502496007,2.23958333333333,4,"April","yes"
"3454","April 2022",2022-04-21 02:00:00,3240,0.0387491409516746,5268.02579280201,2.25,4,"April","yes"
"3455","April 2022",2022-04-21 02:15:00,3255,0.0386479798970016,5260.3474936171,2.26041666666667,4,"April","yes"
"3456","April 2022",2022-04-21 02:30:00,3270,0.0380440436992137,5253.22862981386,2.27083333333333,4,"April","yes"
"3457","April 2022",2022-04-21 02:45:00,3285,0.038470094830665,5289.71287921026,2.28125,4,"April","yes"
"3458","April 2022",2022-04-21 03:00:00,3300,0.0405749392415375,5253.51228629261,2.29166666666667,4,"April","yes"
"3459","April 2022",2022-04-21 03:15:00,3315,0.038599858681051,5216.78344760923,2.30208333333333,4,"April","yes"
"3460","April 2022",2022-04-21 03:30:00,3330,0.039097074294085,5261.19936917025,2.3125,4,"April","yes"
"3461","April 2022",2022-04-21 03:45:00,3345,0.0375589475626986,5276.21928139031,2.32291666666667,4,"April","yes"
"3462","April 2022",2022-04-21 04:00:00,3360,0.036514917242152,5276.77946501094,2.33333333333333,4,"April","yes"
"3463","April 2022",2022-04-21 04:15:00,3375,0.0374311095676914,5283.69171918435,2.34375,4,"April","yes"
"3464","April 2022",2022-04-21 04:30:00,3390,0.0340382109529192,5254.4119650096,2.35416666666667,4,"April","yes"
"3465","April 2022",2022-04-21 04:45:00,3405,0.0358278555606066,5232.04055648204,2.36458333333333,4,"April","yes"
"3466","April 2022",2022-04-21 05:00:00,3420,0.0384316920893603,5216.88822727486,2.375,4,"April","yes"
"3467","April 2022",2022-04-21 05:15:00,3435,0.0331778293716174,5180.13290748832,2.38541666666667,4,"April","yes"
"3468","April 2022",2022-04-21 05:30:00,3450,0.0357263366201848,5187.23183165719,2.39583333333333,4,"April","yes"
"3469","April 2022",2022-04-21 05:45:00,3465,0.0335107267186433,5224.1020032735,2.40625,4,"April","yes"
"3470","April 2022",2022-04-21 06:00:00,3480,0.0338051988109836,5216.40252126541,2.41666666666667,4,"April","yes"
"3471","April 2022",2022-04-21 06:15:00,3495,0.0327500115764229,5179.512260395,2.42708333333333,4,"April","yes"
"3472","April 2022",2022-04-21 06:30:00,3510,0.0335998101774435,5135.59162114453,2.4375,4,"April","yes"
"3473","April 2022",2022-04-21 06:45:00,3525,0.0340202555315164,5157.28542032462,2.44791666666667,4,"April","yes"
"3474","April 2022",2022-04-21 07:00:00,3540,0.0310439257934988,5142.27076956058,2.45833333333333,4,"April","yes"
"3475","April 2022",2022-04-21 07:15:00,3555,0.031266185079311,5134.54883342353,2.46875,4,"April","yes"
"3476","April 2022",2022-04-21 07:30:00,3570,0.031381937890112,5127.9784538545,2.47916666666667,4,"April","yes"
"3477","April 2022",2022-04-21 07:45:00,3585,0.030121775756791,5084.63908754904,2.48958333333333,4,"April","yes"
"3478","April 2022",2022-04-21 08:00:00,3600,0.0308140544987088,5035.08467587826,2.5,4,"April","yes"
"3479","April 2022",2022-04-21 08:15:00,3615,0.029359682517108,5015.37123957699,2.51041666666667,4,"April","yes"
"3480","April 2022",2022-04-21 08:30:00,3630,0.0299919071292178,4959.12336473979,2.52083333333333,4,"April","yes"
"3481","April 2022",2022-04-21 08:45:00,3645,0.0291616031638635,4916.74548463483,2.53125,4,"April","yes"
"3482","April 2022",2022-04-21 09:00:00,3660,0.0282876718967299,4939.32649235975,2.54166666666667,4,"April","yes"
"3483","April 2022",2022-04-21 09:15:00,3675,0.0288740887456327,4908.56505479896,2.55208333333333,4,"April","yes"
"3484","April 2022",2022-04-21 09:30:00,3690,0.0278603392398615,4885.73539331338,2.5625,4,"April","yes"
"3485","April 2022",2022-04-21 09:45:00,3705,0.0271787120375231,4845.85809261854,2.57291666666667,4,"April","yes"
"3486","April 2022",2022-04-21 10:00:00,3720,0.0267335301583564,4760.32370119142,2.58333333333333,4,"April","yes"
"3487","April 2022",2022-04-21 10:15:00,3735,0.0267217681019186,4748.00930946773,2.59375,4,"April","yes"
"3488","April 2022",2022-04-21 10:30:00,3750,0.0247500095131286,4670.25213568637,2.60416666666667,4,"April","yes"
"3489","April 2022",2022-04-21 10:45:00,3765,0.0251344173759601,4651.55686122367,2.61458333333333,4,"April","yes"
"3490","April 2022",2022-04-21 11:00:00,3780,0.0255184107487308,4595.10816698826,2.625,4,"April","yes"
"3491","April 2022",2022-04-21 11:15:00,3795,0.0243132629096499,4591.84565973328,2.63541666666667,4,"April","yes"
"3492","April 2022",2022-04-21 11:30:00,3810,0.0244210988435814,4558.78853294005,2.64583333333333,4,"April","yes"
"3493","April 2022",2022-04-21 11:45:00,3825,0.0248326330835069,4487.958957019,2.65625,4,"April","yes"
"3494","April 2022",2022-04-21 12:00:00,3840,0.0254154321896579,4528.92464915047,2.66666666666667,4,"April","yes"
"3495","April 2022",2022-04-21 12:15:00,3855,0.0225470279084584,4487.78561280262,2.67708333333333,4,"April","yes"
"3496","April 2022",2022-04-21 12:30:00,3870,0.0230695043352832,4601.64214384503,2.6875,4,"April","yes"
"3497","April 2022",2022-04-21 12:45:00,3885,0.0236026056230372,4691.53450568455,2.69791666666667,4,"April","yes"
"3498","April 2022",2022-04-21 13:00:00,3900,0.0221650262699174,4646.82150463804,2.70833333333333,4,"April","yes"
"3499","April 2022",2022-04-21 13:15:00,3915,0.0222707550208896,4558.64416161718,2.71875,4,"April","yes"
"3500","April 2022",2022-04-21 13:30:00,3930,0.0210829036369944,4529.66532342887,2.72916666666667,4,"April","yes"
"3501","April 2022",2022-04-21 13:45:00,3945,0.0213538913203183,4447.24017972069,2.73958333333333,4,"April","yes"
"3502","April 2022",2022-04-21 14:00:00,3960,0.0202287984385085,4448.43840656334,2.75,4,"April","yes"
"3503","April 2022",2022-04-21 14:15:00,3975,0.0209396656320152,4410.48045967981,2.76041666666667,4,"April","yes"
"3504","April 2022",2022-04-21 14:30:00,3990,0.0202187963508234,4327.98480255385,2.77083333333333,4,"April","yes"
"3505","April 2022",2022-04-21 14:45:00,4005,0.0200160592477572,4319.44751551289,2.78125,4,"April","yes"
"3506","April 2022",2022-04-21 15:00:00,4020,0.0194542208388775,4340.80482760849,2.79166666666667,4,"April","yes"
"3507","April 2022",2022-04-21 15:15:00,4035,0.0177027807918174,4385.27692761916,2.80208333333333,4,"April","yes"
"3508","April 2022",2022-04-21 15:30:00,4050,0.0183372342404355,4377.06411812284,2.8125,4,"April","yes"
"3509","April 2022",2022-04-21 15:45:00,4065,0.0181898539650481,4370.02147607253,2.82291666666667,4,"April","yes"
"3510","April 2022",2022-04-21 16:00:00,4080,0.0184159224772387,4392.93904490344,2.83333333333333,4,"April","yes"
"3511","April 2022",2022-04-21 16:15:00,4095,0.0163836413173248,4414.52962097755,2.84375,4,"April","yes"
"3512","April 2022",2022-04-21 16:30:00,4110,0.0186151238117453,4352.73787070648,2.85416666666667,4,"April","yes"
"3513","April 2022",2022-04-21 16:45:00,4125,0.0177674634757398,4373.07664722504,2.86458333333333,4,"April","yes"
"3514","April 2022",2022-04-21 17:00:00,4140,0.0168541329004481,4400.63140340678,2.875,4,"April","yes"
"3515","April 2022",2022-04-21 17:15:00,4155,0.0174851603284878,4404.97951630285,2.88541666666667,4,"April","yes"
"3516","April 2022",2022-04-21 17:30:00,4170,0.0175585376386462,4432.98838612751,2.89583333333333,4,"April","yes"
"3517","April 2022",2022-04-21 17:45:00,4185,0.0173511247399262,4423.00858255069,2.90625,4,"April","yes"
"3518","April 2022",2022-04-21 18:00:00,4200,0.0176535955959203,4450.77046125871,2.91666666666667,4,"April","yes"
"3519","April 2022",2022-04-21 18:15:00,4215,0.0163513975101979,4470.62099608467,2.92708333333333,4,"April","yes"
"3520","April 2022",2022-04-21 18:30:00,4230,0.0165336526236154,4542.16165688883,2.9375,4,"April","yes"
"3521","April 2022",2022-04-21 18:45:00,4245,0.0160137820081274,4636.18317066152,2.94791666666667,4,"April","yes"
"3522","April 2022",2022-04-21 19:00:00,4260,0.01575487202116,4723.19092988723,2.95833333333333,4,"April","yes"
"3523","April 2022",2022-04-21 19:15:00,4275,0.0161180880756288,4765.69004417894,2.96875,4,"April","yes"
"3524","April 2022",2022-04-21 19:30:00,4290,0.0165484054213859,4808.65745264195,2.97916666666667,4,"April","yes"
"3525","April 2022",2022-04-21 19:45:00,4305,0.014519087719186,4858.88709624032,2.98958333333333,4,"April","yes"
"3526","April 2022",2022-04-21 20:00:00,4320,0.0151164036678578,4982.7419550748,3,4,"April","yes"
"3527","April 2022",2022-04-21 20:15:00,4335,0.0148309640903535,4997.50808534911,3.01041666666667,4,"April","yes"
"3528","April 2022",2022-04-21 20:30:00,4350,0.0146772303017025,5017.98102456577,3.02083333333333,4,"April","yes"
"3529","April 2022",2022-04-21 20:45:00,4365,0.015052363715925,5105.22810117692,3.03125,4,"April","yes"
"3530","April 2022",2022-04-21 21:00:00,4380,0.0141632800087867,5095.87668266725,3.04166666666667,4,"April","yes"
"3531","April 2022",2022-04-21 21:15:00,4395,0.0142543823465478,5115.50039842849,3.05208333333333,4,"April","yes"
"3532","April 2022",2022-04-21 21:30:00,4410,0.0135517363810678,5141.97601259791,3.0625,4,"April","yes"
"3533","April 2022",2022-04-21 21:45:00,4425,0.0136768177665495,5168.52909495761,3.07291666666667,4,"April","yes"
"3534","April 2022",2022-04-21 22:00:00,4440,0.0135076174975963,5179.8269314286,3.08333333333333,4,"April","yes"
"3535","April 2022",2022-04-21 22:15:00,4455,0.0140406259390583,5177.44770175714,3.09375,4,"April","yes"
"3536","April 2022",2022-04-21 22:30:00,4470,0.0126823519809962,5242.65772242133,3.10416666666667,4,"April","yes"
"3537","April 2022",2022-04-21 22:45:00,4485,0.0129174918316138,5279.47906492406,3.11458333333333,4,"April","yes"
"3538","April 2022",2022-04-21 23:00:00,4500,0.0123521508129457,5345.28720904121,3.125,4,"April","yes"
"3539","April 2022",2022-04-21 23:15:00,4515,0.0130564143305963,5352.57305951016,3.13541666666667,4,"April","yes"
"3540","April 2022",2022-04-21 23:30:00,4530,0.01267986603487,5404.47757810833,3.14583333333333,4,"April","yes"
"3541","April 2022",2022-04-21 23:45:00,4545,0.0128546724337219,5441.42445863608,3.15625,4,"April","yes"
"3542","April 2022",2022-04-22,4560,0.0132346562512745,5441.50399115569,3.16666666666667,4,"April","yes"
"3543","April 2022",2022-04-22 00:15:00,4575,0.0122207455000056,5515.83729518131,3.17708333333333,4,"April","yes"
"3544","April 2022",2022-04-22 00:30:00,4590,0.0127196804359952,5516.25175782376,3.1875,4,"April","yes"
"3545","April 2022",2022-04-22 00:45:00,4605,0.0123350629677228,5538.19688036754,3.19791666666667,4,"April","yes"
"3546","April 2022",2022-04-22 01:00:00,4620,0.0132551288405721,5554.04916101295,3.20833333333333,4,"April","yes"
"3547","April 2022",2022-04-22 01:15:00,4635,0.012298500143302,5605.740700028,3.21875,4,"April","yes"
"3548","April 2022",2022-04-22 01:30:00,4650,0.0121143799314252,5598.5916564798,3.22916666666667,4,"April","yes"
"3549","April 2022",2022-04-22 01:45:00,4665,0.0122110497274577,5613.3446445115,3.23958333333333,4,"April","yes"
"3550","April 2022",2022-04-22 02:00:00,4680,0.0108784546458016,5686.9840079962,3.25,4,"April","yes"
"3551","April 2022",2022-04-22 02:15:00,4695,0.011620135942431,5635.27824922648,3.26041666666667,4,"April","yes"
"3552","April 2022",2022-04-22 02:30:00,4710,0.0107981658205983,5664.58273045248,3.27083333333333,4,"April","yes"
"3553","April 2022",2022-04-22 02:45:00,4725,0.011126408967916,5679.4184936104,3.28125,4,"April","yes"
"3554","April 2022",2022-04-22 03:00:00,4740,0.0113506484741372,5679.63694664905,3.29166666666667,4,"April","yes"
"3555","April 2022",2022-04-22 03:15:00,4755,0.0109524252442949,5730.98604231048,3.30208333333333,4,"April","yes"
"3556","April 2022",2022-04-22 03:30:00,4770,0.0110290100483959,5745.19386684064,3.3125,4,"April","yes"
"3557","April 2022",2022-04-22 03:45:00,4785,0.0115173982848989,5796.59473777492,3.32291666666667,4,"April","yes"
"3558","April 2022",2022-04-22 04:00:00,4800,0.0108181982730037,5752.6597780275,3.33333333333333,4,"April","yes"
"3559","April 2022",2022-04-22 04:15:00,4815,0.0111105121035926,5818.96676178685,3.34375,4,"April","yes"
"3560","April 2022",2022-04-22 04:30:00,4830,0.0105729835970572,5811.47383522042,3.35416666666667,4,"April","yes"
"3561","April 2022",2022-04-22 04:45:00,4845,0.0109254856185809,5870.34095902886,3.36458333333333,4,"April","yes"
"3562","April 2022",2022-04-22 05:00:00,4860,0.010945685920767,5869.8209439221,3.375,4,"April","yes"
"3563","April 2022",2022-04-22 05:15:00,4875,0.010318878168059,5876.57290681904,3.38541666666667,4,"April","yes"
"3564","April 2022",2022-04-22 05:30:00,4890,0.0106080811903114,5883.2470349625,3.39583333333333,4,"April","yes"
"3565","April 2022",2022-04-22 05:45:00,4905,0.0106036894104587,5896.743136144,3.40625,4,"April","yes"
"3566","April 2022",2022-04-22 06:00:00,4920,0.011431495552745,5910.8173732307,3.41666666666667,4,"April","yes"
"3567","April 2022",2022-04-22 06:15:00,4935,0.0106058851367887,5938.713882205,3.42708333333333,4,"April","yes"
"3568","April 2022",2022-04-22 06:30:00,4950,0.0103771203434889,5893.542967018,3.4375,4,"April","yes"
"3569","April 2022",2022-04-22 06:45:00,4965,0.0111696384162117,5885.23426873655,3.44791666666667,4,"April","yes"
"3570","April 2022",2022-04-22 07:00:00,4980,0.0107914942259291,5914.18439539832,3.45833333333333,4,"April","yes"
"3571","April 2022",2022-04-22 07:15:00,4995,0.0105795580155373,5891.608653334,3.46875,4,"April","yes"
"3572","April 2022",2022-04-22 07:30:00,5010,0.0107050314659328,5869.3426632604,3.47916666666667,4,"April","yes"
"3573","April 2022",2022-04-22 07:45:00,5025,0.0110425642769322,5810.60493628763,3.48958333333333,4,"April","yes"
"3574","April 2022",2022-04-22 08:00:00,5040,0.0109254856185807,5810.91171089657,3.5,4,"April","yes"
"3575","April 2022",2022-04-22 08:15:00,5055,0.010647666103644,5686.51844399324,3.51041666666667,4,"April","yes"
"3576","April 2022",2022-04-22 08:30:00,5070,0.0108494125436357,5665.950177935,3.52083333333333,4,"April","yes"
"3577","April 2022",2022-04-22 08:45:00,5085,0.0103038172807133,5653.52511775626,3.53125,4,"April","yes"
"3578","April 2022",2022-04-22 09:00:00,5100,0.0103857690998615,5567.5127772799,3.54166666666667,4,"April","yes"
"3579","April 2022",2022-04-22 09:15:00,5115,0.0117848877140717,5502.59114952355,3.55208333333333,4,"April","yes"
"3580","April 2022",2022-04-22 09:30:00,5130,0.0102308924525312,5468.1229246556,3.5625,4,"April","yes"
"3581","April 2022",2022-04-22 09:45:00,5145,0.010557654739009,5434.22121876063,3.57291666666667,4,"April","yes"
"3582","April 2022",2022-04-22 10:00:00,5160,0.0115686879330666,5422.65614699849,3.58333333333333,4,"April","yes"
"3583","April 2022",2022-04-22 10:15:00,5175,0.0113115245122084,5388.81236407779,3.59375,4,"April","yes"
"3584","April 2022",2022-04-22 10:30:00,5190,0.0107892710154247,5393.50870067356,3.60416666666667,4,"April","yes"
"3585","April 2022",2022-04-22 10:45:00,5205,0.0109816630076086,5407.28064246356,3.61458333333333,4,"April","yes"
"3586","April 2022",2022-04-22 11:00:00,5220,0.0105642222864457,5405.6602742984,3.625,4,"April","yes"
"3587","April 2022",2022-04-22 11:15:00,5235,0.0115873779773253,5396.1844467388,3.63541666666667,4,"April","yes"
"3588","April 2022",2022-04-22 11:30:00,5250,0.0104009170204266,5370.4361726809,3.64583333333333,4,"April","yes"
"3589","April 2022",2022-04-22 11:45:00,5265,0.0112061337760604,5306.57134786231,3.65625,4,"April","yes"
"3590","April 2022",2022-04-22 12:00:00,5280,0.0105773662155181,5303.68731901067,3.66666666666667,4,"April","yes"
"3591","April 2022",2022-04-22 12:15:00,5295,0.0102415929705095,5344.44387896115,3.67708333333333,4,"April","yes"
"3592","April 2022",2022-04-22 12:30:00,5310,0.0102095159560162,5272.73425376993,3.6875,4,"April","yes"
"3593","April 2022",2022-04-22 12:45:00,5325,0.0105204942596021,5213.55527243829,3.69791666666667,4,"April","yes"
"3594","April 2022",2022-04-22 13:00:00,5340,0.0108963541928475,5108.03580660141,3.70833333333333,4,"April","yes"
"3595","April 2022",2022-04-22 13:15:00,5355,0.0100354628549098,5137.18096804609,3.71875,4,"April","yes"
"3596","April 2022",2022-04-22 13:30:00,5370,0.00970423849242221,5069.89462811741,3.72916666666667,4,"April","yes"
"3597","April 2022",2022-04-22 13:45:00,5385,0.00993878656526839,5085.07657685203,3.73958333333333,4,"April","yes"
"3598","April 2022",2022-04-22 14:00:00,5400,0.00963857688595419,5070.48379037322,3.75,4,"April","yes"
"3599","April 2022",2022-04-22 14:15:00,5415,0.00947993037624886,5085.2758962242,3.76041666666667,4,"April","yes"
"3600","April 2022",2022-04-22 14:30:00,5430,0.00977230293810753,5016.26754038344,3.77083333333333,4,"April","yes"
"3601","April 2022",2022-04-22 14:45:00,5445,0.00964881442646741,5016.09362379521,3.78125,4,"April","yes"
"3602","April 2022",2022-04-22 15:00:00,5460,0.00946982862064592,5000.85118143985,3.79166666666667,4,"April","yes"
"3603","April 2022",2022-04-22 15:15:00,5475,0.00930731979154757,5000.70192046037,3.80208333333333,4,"April","yes"
"3604","April 2022",2022-04-22 15:30:00,5490,0.00967341789733957,5000.48399066119,3.8125,4,"April","yes"
"3605","April 2022",2022-04-22 15:45:00,5505,0.00930333438484819,4992.8219109045,3.82291666666667,4,"April","yes"
"3606","April 2022",2022-04-22 16:00:00,5520,0.00928939576796578,5060.91148955307,3.83333333333333,4,"April","yes"
"3607","April 2022",2022-04-22 16:15:00,5535,0.00897323253178332,5030.39954136419,3.84375,4,"April","yes"
"3608","April 2022",2022-04-22 16:30:00,5550,0.00864671951537792,5029.35873465889,3.85416666666667,4,"April","yes"
"3609","April 2022",2022-04-22 16:45:00,5565,0.00881164461125184,5065.54260620694,3.86458333333333,4,"April","yes"
"3610","April 2022",2022-04-22 17:00:00,5580,0.00869196873597846,5071.70969182133,3.875,4,"April","yes"
"3611","April 2022",2022-04-22 17:15:00,5595,0.00835902394438293,5122.30977444092,3.88541666666667,4,"April","yes"
"3612","April 2022",2022-04-22 17:30:00,5610,0.00862041116991374,5171.84352663287,3.89583333333333,4,"April","yes"
"3613","April 2022",2022-04-22 17:45:00,5625,0.00833707858582646,5207.09773158529,3.90625,4,"April","yes"
"3614","April 2022",2022-04-22 18:00:00,5640,0.00794836294174635,5249.72269422356,3.91666666666667,4,"April","yes"
"3615","April 2022",2022-04-22 18:15:00,5655,0.00799059675576139,5284.8660082778,3.92708333333333,4,"April","yes"
"3616","April 2022",2022-04-22 18:30:00,5670,0.00763591983425846,5379.7254759504,3.9375,4,"April","yes"
"3617","April 2022",2022-04-22 18:45:00,5685,0.00759529580761366,5444.74408193229,3.94791666666667,4,"April","yes"
"3618","April 2022",2022-04-22 19:00:00,5700,0.00783492609992108,5457.94741013773,3.95833333333333,4,"April","yes"
"3619","April 2022",2022-04-22 19:15:00,5715,0.00806851489485074,5500.97310561541,3.96875,4,"April","yes"
"3620","April 2022",2022-04-22 19:30:00,5730,0.00801001690508505,5566.65958133804,3.97916666666667,4,"April","yes"
"3621","April 2022",2022-04-22 19:45:00,5745,0.00779684521519364,5588.54773186584,3.98958333333333,4,"April","yes"
"3622","April 2022",2022-04-22 20:00:00,5760,0.00809343987019277,5646.2498497522,4,4,"April","yes"
"3623","April 2022",2022-04-22 20:15:00,5775,0.00752465724986608,5696.458319328,4.01041666666667,4,"April","yes"
"3624","April 2022",2022-04-22 20:30:00,5790,0.00778993843198347,5738.82506053506,4.02083333333333,4,"April","yes"
"3625","April 2022",2022-04-22 20:45:00,5805,0.00746789638827997,5774.07733194037,4.03125,4,"April","yes"
"3626","April 2022",2022-04-22 21:00:00,5820,0.00757000149478278,5765.0269438976,4.04166666666667,4,"April","yes"
"3627","April 2022",2022-04-22 21:15:00,5835,0.00756831782480123,5793.5966195908,4.05208333333333,4,"April","yes"
"3628","April 2022",2022-04-22 21:30:00,5850,0.00776580591700922,5822.01433011318,4.0625,4,"April","yes"
"3629","April 2022",2022-04-22 21:45:00,5865,0.00730151387586991,5850.3674555525,4.07291666666667,4,"April","yes"
"3630","April 2022",2022-04-22 22:00:00,5880,0.00758685619018949,5879.15295018196,4.08333333333333,4,"April","yes"
"3631","April 2022",2022-04-22 22:15:00,5895,0.00765630252117271,5929.8336293589,4.09375,4,"April","yes"
"3632","April 2022",2022-04-22 22:30:00,5910,0.00703530442314714,5943.91530496225,4.10416666666667,4,"April","yes"
"3633","April 2022",2022-04-22 22:45:00,5925,0.00712569726938629,5928.14052500063,4.11458333333333,4,"April","yes"
"3634","April 2022",2022-04-22 23:00:00,5940,0.00675379776182119,5979.19181860004,4.125,4,"April","yes"
"3635","April 2022",2022-04-22 23:15:00,5955,0.00731293769077553,6000.9767740906,4.13541666666667,4,"April","yes"
"3636","April 2022",2022-04-22 23:30:00,5970,0.0077262988628408,5956.25528539344,4.14583333333333,4,"April","yes"
"3637","April 2022",2022-04-22 23:45:00,5985,0.00719298275783137,6030.1061718145,4.15625,4,"April","yes"
"3638","April 2022",2022-04-23,6000,0.00682698902563973,5963.17914290176,4.16666666666667,4,"April","yes"
"3639","April 2022",2022-04-23 00:15:00,6015,0.00669789400625372,6007.1775463525,4.17708333333333,4,"April","yes"
"3640","April 2022",2022-04-23 00:30:00,6030,0.00693041234070407,6021.25283285999,4.1875,4,"April","yes"
"3641","April 2022",2022-04-23 00:45:00,6045,0.006931967096819,6013.12418752673,4.19791666666667,4,"April","yes"
"3642","April 2022",2022-04-23 01:00:00,6060,0.00684079631249604,6057.78682954536,4.20833333333333,4,"April","yes"
"3643","April 2022",2022-04-23 01:15:00,6075,0.00704634804030399,6080.53518621798,4.21875,4,"April","yes"
"3644","April 2022",2022-04-23 01:30:00,6090,0.00689474325520437,6102.71936871713,4.22916666666667,4,"April","yes"
"3645","April 2022",2022-04-23 01:45:00,6105,0.00683619093881091,6088.07771347292,4.23958333333333,4,"April","yes"
"3646","April 2022",2022-04-23 02:00:00,6120,0.00718494231532427,6147.55101900849,4.25,4,"April","yes"
"3647","April 2022",2022-04-23 02:15:00,6135,0.00654904404399093,6125.66177317578,4.26041666666667,4,"April","yes"
"3648","April 2022",2022-04-23 02:30:00,6150,0.00659780282016825,6125.7476818314,4.27083333333333,4,"April","yes"
"3649","April 2022",2022-04-23 02:45:00,6165,0.00671597587512208,6124.93295126832,4.28125,4,"April","yes"
"3650","April 2022",2022-04-23 03:00:00,6180,0.00663199692163046,6139.26522380568,4.29166666666667,4,"April","yes"
"3651","April 2022",2022-04-23 03:15:00,6195,0.00655935704017274,6170.22584856635,4.30208333333333,4,"April","yes"
"3652","April 2022",2022-04-23 03:30:00,6210,0.00677658905160713,6177.4501341191,4.3125,4,"April","yes"
"3653","April 2022",2022-04-23 03:45:00,6225,0.00647584603494043,6162.44225482213,4.32291666666667,4,"April","yes"
"3654","April 2022",2022-04-23 04:00:00,6240,0.00656820951169541,6213.72773769608,4.33333333333333,4,"April","yes"
"3655","April 2022",2022-04-23 04:15:00,6255,0.00617180109149417,6235.24439166719,4.34375,4,"April","yes"
"3656","April 2022",2022-04-23 04:30:00,6270,0.00640202675013395,6241.94079300861,4.35416666666667,4,"April","yes"
"3657","April 2022",2022-04-23 04:45:00,6285,0.0062246962486139,6263.90128206816,4.36458333333333,4,"April","yes"
"3658","April 2022",2022-04-23 05:00:00,6300,0.00605519337596506,6285.37660993942,4.375,4,"April","yes"
"3659","May 2022",2022-05-14 08:00:00,15,0.00349134992085813,12817.3476621275,0.0104166666666667,5,"May","yes"
"3660","May 2022",2022-05-14 08:15:00,30,0.00344000868776539,12785.4664735251,0.0208333333333333,5,"May","yes"
"3661","May 2022",2022-05-14 08:30:00,45,0.0035355287700371,12844.2751309086,0.03125,5,"May","yes"
"3662","May 2022",2022-05-14 08:45:00,60,0.00356632836271504,12768.4059454387,0.0416666666666667,5,"May","yes"
"3663","May 2022",2022-05-14 09:00:00,75,0.00367419801302939,12781.6681124198,0.0520833333333333,5,"May","yes"
"3664","May 2022",2022-05-14 09:15:00,90,0.00396372810738497,12578.5077704436,0.0625,5,"May","yes"
"3665","May 2022",2022-05-14 09:30:00,105,0.00400073090571997,12570.2305566465,0.0729166666666667,5,"May","yes"
"3666","May 2022",2022-05-14 09:45:00,120,0.00406640777791476,12538.8248718921,0.0833333333333333,5,"May","yes"
"3667","May 2022",2022-05-14 10:00:00,135,0.00406199400059165,12401.8747910966,0.09375,5,"May","yes"
"3668","May 2022",2022-05-14 10:15:00,150,0.00428548484289128,12258.8990262633,0.104166666666667,5,"May","yes"
"3669","May 2022",2022-05-14 10:30:00,165,0.00478244151514822,11945.979167018,0.114583333333333,5,"May","yes"
"3670","May 2022",2022-05-14 10:45:00,180,0.00461812420332921,11775.3786298851,0.125,5,"May","yes"
"3671","May 2022",2022-05-14 11:00:00,195,0.00480565601604649,11716.0585483912,0.135416666666667,5,"May","yes"
"3672","May 2022",2022-05-14 11:15:00,210,0.00524393664123292,11453.7212151329,0.145833333333333,5,"May","yes"
"3673","May 2022",2022-05-14 11:30:00,225,0.00537196834813364,11073.8317357118,0.15625,5,"May","yes"
"3674","May 2022",2022-05-14 11:45:00,240,0.00530745761594403,10820.1820667009,0.166666666666667,5,"May","yes"
"3675","May 2022",2022-05-14 12:00:00,255,0.00545670937107643,10671.9803277664,0.177083333333333,5,"May","yes"
"3676","May 2022",2022-05-14 12:15:00,270,0.00586697491271124,10362.4191921369,0.1875,5,"May","yes"
"3677","May 2022",2022-05-14 12:30:00,285,0.00562988810135276,10215.6830422293,0.197916666666667,5,"May","yes"
"3678","May 2022",2022-05-14 12:45:00,300,0.00559995149232045,10047.1066309793,0.208333333333333,5,"May","yes"
"3679","May 2022",2022-05-14 13:00:00,315,0.00568779338201146,9849.73850112078,0.21875,5,"May","yes"
"3680","May 2022",2022-05-14 13:15:00,330,0.00577723851522156,9732.13326951153,0.229166666666667,5,"May","yes"
"3681","May 2022",2022-05-14 13:30:00,345,0.00609607910641169,9653.12176736137,0.239583333333333,5,"May","yes"
"3682","May 2022",2022-05-14 13:45:00,360,0.00591176576186972,9454.3874145088,0.25,5,"May","yes"
"3683","May 2022",2022-05-14 14:00:00,375,0.00652553168471998,9330.04797931217,0.260416666666667,5,"May","yes"
"3684","May 2022",2022-05-14 14:15:00,390,0.0063532866868381,9087.162022602,0.270833333333333,5,"May","yes"
"3685","May 2022",2022-05-14 14:30:00,405,0.00632479274534964,8999.32124507025,0.28125,5,"May","yes"
"3686","May 2022",2022-05-14 14:45:00,420,0.00658298980630409,8805.2762272115,0.291666666666667,5,"May","yes"
"3687","May 2022",2022-05-14 15:00:00,435,0.00831335761618065,8388.05750003905,0.302083333333333,5,"May","yes"
"3688","May 2022",2022-05-14 15:15:00,450,0.00872982038453652,8066.45158984951,0.3125,5,"May","yes"
"3689","May 2022",2022-05-14 15:30:00,465,0.00973719493759737,7757.99956239191,0.322916666666667,5,"May","yes"
"3690","May 2022",2022-05-14 15:45:00,480,0.00934724584090341,7565.50848915828,0.333333333333333,5,"May","yes"
"3691","May 2022",2022-05-14 16:00:00,495,0.0100819440812912,7455.7770146583,0.34375,5,"May","yes"
"3692","May 2022",2022-05-14 16:15:00,510,0.010387932106936,7467.55286471326,0.354166666666667,5,"May","yes"
"3693","May 2022",2022-05-14 16:30:00,525,0.0103987520501969,7417.01996255746,0.364583333333333,5,"May","yes"
"3694","May 2022",2022-05-14 16:45:00,540,0.010387932106936,7441.87400379184,0.375,5,"May","yes"
"3695","May 2022",2022-05-14 17:00:00,555,0.0102973675225965,7405.14206309856,0.385416666666667,5,"May","yes"
"3696","May 2022",2022-05-14 17:15:00,570,0.0101031242622732,7275.861638551,0.395833333333333,5,"May","yes"
"3697","May 2022",2022-05-14 17:30:00,585,0.0110019369281197,7258.53565119381,0.40625,5,"May","yes"
"3698","May 2022",2022-05-14 17:45:00,600,0.00989696934294506,7234.09719462343,0.416666666666667,5,"May","yes"
"3699","May 2022",2022-05-14 18:00:00,615,0.0115057636321765,7127.41881373052,0.427083333333333,5,"May","yes"
"3700","May 2022",2022-05-14 18:15:00,630,0.0112816699909289,7109.11042130272,0.4375,5,"May","yes"
"3701","May 2022",2022-05-14 18:30:00,645,0.0124402844068447,6992.44088977904,0.447916666666667,5,"May","yes"
"3702","May 2022",2022-05-14 18:45:00,660,0.0133603795256431,6929.20977025417,0.458333333333333,5,"May","yes"
"3703","May 2022",2022-05-14 19:00:00,675,0.012684838254315,6961.85862543598,0.46875,5,"May","yes"
"3704","May 2022",2022-05-14 19:15:00,690,0.0131020948412265,6922.68855055485,0.479166666666667,5,"May","yes"
"3705","May 2022",2022-05-14 19:30:00,705,0.0132372141797628,6926.39429306302,0.489583333333333,5,"May","yes"
"3706","May 2022",2022-05-14 19:45:00,720,0.0136768177665495,6916.33419629795,0.5,5,"May","yes"
"3707","May 2022",2022-05-14 20:00:00,735,0.014190035550904,6977.97002101207,0.510416666666667,5,"May","yes"
"3708","May 2022",2022-05-14 20:15:00,750,0.0140832096979681,7019.50762273781,0.520833333333333,5,"May","yes"
"3709","May 2022",2022-05-14 20:30:00,765,0.0136089717723429,6964.76160229818,0.53125,5,"May","yes"
"3710","May 2022",2022-05-14 20:45:00,780,0.0141285467193214,7066.67658069065,0.541666666666667,5,"May","yes"
"3711","May 2022",2022-05-14 21:00:00,795,0.0148006854017111,7050.2852474765,0.552083333333333,5,"May","yes"
"3712","May 2022",2022-05-14 21:15:00,810,0.0136115771437515,7063.61594112019,0.5625,5,"May","yes"
"3713","May 2022",2022-05-14 21:30:00,825,0.0136898904305507,7158.3917083879,0.572916666666667,5,"May","yes"
"3714","May 2022",2022-05-14 21:45:00,840,0.0131376974184044,7158.30200853717,0.583333333333333,5,"May","yes"
"3715","May 2022",2022-05-14 22:00:00,855,0.0130336138291766,7223.69221709158,0.59375,5,"May","yes"
"3716","May 2022",2022-05-14 22:15:00,870,0.0137973948179396,7238.49929616559,0.604166666666667,5,"May","yes"
"3717","May 2022",2022-05-14 22:30:00,885,0.0130184282185619,7229.77373923947,0.614583333333333,5,"May","yes"
"3718","May 2022",2022-05-14 22:45:00,900,0.0137055884247062,7326.10760456282,0.625,5,"May","yes"
"3719","May 2022",2022-05-14 23:00:00,915,0.013768498190649,7294.692119291,0.635416666666667,5,"May","yes"
"3720","May 2022",2022-05-14 23:15:00,930,0.014027335692008,7318.17147091845,0.645833333333333,5,"May","yes"
"3721","May 2022",2022-05-14 23:30:00,945,0.0125239110491117,7324.86275303764,0.65625,5,"May","yes"
"3722","May 2022",2022-05-14 23:45:00,960,0.0117140834964071,7405.7628966684,0.666666666666667,5,"May","yes"
"3723","May 2022",2022-05-15,975,0.0124968139808732,7428.21392408672,0.677083333333333,5,"May","yes"
"3724","May 2022",2022-05-15 00:15:00,990,0.0124427386152931,7420.37722443046,0.6875,5,"May","yes"
"3725","May 2022",2022-05-15 00:30:00,1005,0.0113437373745179,7458.29145979537,0.697916666666667,5,"May","yes"
"3726","May 2022",2022-05-15 00:45:00,1020,0.0117023114228115,7450.93045619233,0.708333333333333,5,"May","yes"
"3727","May 2022",2022-05-15 01:00:00,1035,0.0110765013811001,7518.34918905375,0.71875,5,"May","yes"
"3728","May 2022",2022-05-15 01:15:00,1050,0.010963663994026,7518.57107331223,0.729166666666667,5,"May","yes"
"3729","May 2022",2022-05-15 01:30:00,1065,0.0109165162135047,7541.78472964817,0.739583333333333,5,"May","yes"
"3730","May 2022",2022-05-15 01:45:00,1080,0.0115104165116879,7520.94842235478,0.75,5,"May","yes"
"3731","May 2022",2022-05-15 02:00:00,1095,0.0110244945897576,7527.95382609979,0.760416666666667,5,"May","yes"
"3732","May 2022",2022-05-15 02:15:00,1110,0.0113138233041933,7512.67013663948,0.770833333333333,5,"May","yes"
"3733","May 2022",2022-05-15 02:30:00,1125,0.0106741149405259,7490.72069541517,0.78125,5,"May","yes"
"3734","May 2022",2022-05-15 02:45:00,1140,0.0108382572280062,7453.89628548253,0.791666666666667,5,"May","yes"
"3735","May 2022",2022-05-15 03:00:00,1155,0.0104638434858533,7527.82285286665,0.802083333333333,5,"May","yes"
"3736","May 2022",2022-05-15 03:15:00,1170,0.0106586807264751,7519.81510813324,0.8125,5,"May","yes"
"3737","May 2022",2022-05-15 03:30:00,1185,0.0110991670162813,7482.41677276907,0.822916666666667,5,"May","yes"
"3738","May 2022",2022-05-15 03:45:00,1200,0.0108337973921021,7489.84230763677,0.833333333333333,5,"May","yes"
"3739","May 2022",2022-05-15 04:00:00,1215,0.0097124697510948,7497.3235006533,0.84375,5,"May","yes"
"3740","May 2022",2022-05-15 04:15:00,1230,0.00998283550510252,7504.76052767251,0.854166666666667,5,"May","yes"
"3741","May 2022",2022-05-15 04:30:00,1245,0.00913516439459584,7467.59994000848,0.864583333333333,5,"May","yes"
"3742","May 2022",2022-05-15 04:45:00,1260,0.0100059663451909,7511.68229818886,0.875,5,"May","yes"
"3743","May 2022",2022-05-15 05:00:00,1275,0.00940135361121008,7497.13988627013,0.885416666666667,5,"May","yes"
"3744","May 2022",2022-05-15 05:15:00,1290,0.00977850828338603,7511.6563878162,0.895833333333333,5,"May","yes"
"3745","May 2022",2022-05-15 05:30:00,1305,0.00932726645659789,7532.94939809245,0.90625,5,"May","yes"
"3746","May 2022",2022-05-15 05:45:00,1320,0.00920610074781056,7488.26931859027,0.916666666666667,5,"May","yes"
"3747","May 2022",2022-05-15 06:00:00,1335,0.00964062373967178,7502.75634130176,0.927083333333333,5,"May","yes"
"3748","May 2022",2022-05-15 06:15:00,1350,0.00928740584575288,7568.96719839792,0.9375,5,"May","yes"
"3749","May 2022",2022-05-15 06:30:00,1365,0.00932327450604727,7553.12503714494,0.947916666666667,5,"May","yes"
"3750","May 2022",2022-05-15 06:45:00,1380,0.00885182515350953,7545.62034819542,0.958333333333333,5,"May","yes"
"3751","May 2022",2022-05-15 07:00:00,1395,0.00866743534721876,7537.87214042013,0.96875,5,"May","yes"
"3752","May 2022",2022-05-15 07:15:00,1410,0.00869385821007702,7462.48752890548,0.979166666666667,5,"May","yes"
"3753","May 2022",2022-05-15 07:30:00,1425,0.00847130801126797,7439.44188392792,0.989583333333333,5,"May","yes"
"3754","May 2022",2022-05-15 07:45:00,1440,0.00877922318880978,7446.67357537698,1,5,"May","yes"
"3755","May 2022",2022-05-15 08:00:00,1455,0.00841777524409194,7446.44686759773,1.01041666666667,5,"May","yes"
"3756","May 2022",2022-05-15 08:15:00,1470,0.00834621675935529,7328.69040160884,1.02083333333333,5,"May","yes"
"3757","May 2022",2022-05-15 08:30:00,1485,0.0079360802463843,7306.90531467853,1.03125,5,"May","yes"
"3758","May 2022",2022-05-15 08:45:00,1500,0.00860165875768873,7283.35769458944,1.04166666666667,5,"May","yes"
"3759","May 2022",2022-05-15 09:00:00,1515,0.00831700339700806,7261.98842495669,1.05208333333333,5,"May","yes"
"3760","May 2022",2022-05-15 09:15:00,1530,0.00789758186395684,7174.78553245222,1.0625,5,"May","yes"
"3761","May 2022",2022-05-15 09:30:00,1545,0.00829151041539063,7153.7526100237,1.07291666666667,5,"May","yes"
"3762","May 2022",2022-05-15 09:45:00,1560,0.00875639441035513,7096.88593027293,1.08333333333333,5,"May","yes"
"3763","May 2022",2022-05-15 10:00:00,1575,0.0087678029101164,6994.3528757786,1.09375,5,"May","yes"
"3764","May 2022",2022-05-15 10:15:00,1590,0.00951433753030648,6920.81302384258,1.10416666666667,5,"May","yes"
"3765","May 2022",2022-05-15 10:30:00,1605,0.0102308924525312,6840.1458513323,1.11458333333333,5,"May","yes"
"3766","May 2022",2022-05-15 10:45:00,1620,0.00959974883190679,6796.30514797105,1.125,5,"May","yes"
"3767","May 2022",2022-05-15 11:00:00,1635,0.00916466967560801,6714.26360833763,1.13541666666667,5,"May","yes"
"3768","May 2022",2022-05-15 11:15:00,1650,0.00944763355126434,6575.5875333322,1.14583333333333,5,"May","yes"
"3769","May 2022",2022-05-15 11:30:00,1665,0.00956307331477193,6562.91865965908,1.15625,5,"May","yes"
"3770","May 2022",2022-05-15 11:45:00,1680,0.00989488191735081,6558.01181531338,1.16666666666667,5,"May","yes"
"3771","May 2022",2022-05-15 12:00:00,1695,0.0103167256311461,6561.89222950656,1.17708333333333,5,"May","yes"
"3772","May 2022",2022-05-15 12:15:00,1710,0.0093632529062119,6529.29466583328,1.1875,5,"May","yes"
"3773","May 2022",2022-05-15 12:30:00,1725,0.00928939576796578,6497.61773091345,1.19791666666667,5,"May","yes"
"3774","May 2022",2022-05-15 12:45:00,1740,0.00973925749655759,6548.75178945263,1.20833333333333,5,"May","yes"
"3775","May 2022",2022-05-15 13:00:00,1755,0.00910573273190879,6511.50980359389,1.21875,5,"May","yes"
"3776","May 2022",2022-05-15 13:15:00,1770,0.00929337659396953,6418.50124444368,1.22916666666667,5,"May","yes"
"3777","May 2022",2022-05-15 13:30:00,1785,0.0101647318145112,6376.6682224041,1.23958333333333,5,"May","yes"
"3778","May 2022",2022-05-15 13:45:00,1800,0.00979507026726759,6312.30238443605,1.25,5,"May","yes"
"3779","May 2022",2022-05-15 14:00:00,1815,0.00935724780277713,6313.81350499243,1.26041666666667,5,"May","yes"
"3780","May 2022",2022-05-15 14:15:00,1830,0.00909006594685724,6271.13417068839,1.27083333333333,5,"May","yes"
"3781","May 2022",2022-05-15 14:30:00,1845,0.00921005408963942,6251.08917757774,1.28125,5,"May","yes"
"3782","May 2022",2022-05-15 14:45:00,1860,0.00981372752936486,6215.89064438626,1.29166666666667,5,"May","yes"
"3783","May 2022",2022-05-15 15:00:00,1875,0.00943353002933441,6187.86261033443,1.30208333333333,5,"May","yes"
"3784","May 2022",2022-05-15 15:15:00,1890,0.0101455827820038,6205.36070337172,1.3125,5,"May","yes"
"3785","May 2022",2022-05-15 15:30:00,1905,0.00924965949029162,6153.66796166555,1.32291666666667,5,"May","yes"
"3786","May 2022",2022-05-15 15:45:00,1920,0.00960383043321716,6139.9438159125,1.33333333333333,5,"May","yes"
"3787","May 2022",2022-05-15 16:00:00,1935,0.00970218149573556,6110.60014136803,1.34375,5,"May","yes"
"3788","May 2022",2022-05-15 16:15:00,1950,0.00949004031166554,6110.50977790656,1.35416666666667,5,"May","yes"
"3789","May 2022",2022-05-15 16:30:00,1965,0.0101604741836062,6156.14023023883,1.36458333333333,5,"May","yes"
"3790","May 2022",2022-05-15 16:45:00,1980,0.00942547807218205,6097.48904815391,1.375,5,"May","yes"
"3791","May 2022",2022-05-15 17:00:00,1995,0.00922390109260661,6090.46309577467,1.38541666666667,5,"May","yes"
"3792","May 2022",2022-05-15 17:15:00,2010,0.0093352542840095,6038.04622037788,1.39583333333333,5,"May","yes"
"3793","May 2022",2022-05-15 17:30:00,2025,0.00925561158853265,6074.4899798436,1.40625,5,"May","yes"
"3794","May 2022",2022-05-15 17:45:00,2040,0.00888638046288892,6094.66311201794,1.41666666666667,5,"May","yes"
"3795","May 2022",2022-05-15 18:00:00,2055,0.00910769255240665,6100.61677564325,1.42708333333333,5,"May","yes"
"3796","May 2022",2022-05-15 18:15:00,2070,0.00884990852242891,6171.98556525565,1.4375,5,"May","yes"
"3797","May 2022",2022-05-15 18:30:00,2085,0.00849724990107056,6193.51305449864,1.44791666666667,5,"May","yes"
"3798","May 2022",2022-05-15 18:45:00,2100,0.00819378106896871,6250.3454783106,1.45833333333333,5,"May","yes"
"3799","May 2022",2022-05-15 19:00:00,2115,0.00769550103276188,6307.11936587689,1.46875,5,"May","yes"
"3800","May 2022",2022-05-15 19:15:00,2130,0.0084713080112681,6394.4466996806,1.47916666666667,5,"May","yes"
"3801","May 2022",2022-05-15 19:30:00,2145,0.00793082114197464,6481.00094148568,1.48958333333333,5,"May","yes"
"3802","May 2022",2022-05-15 19:45:00,2160,0.0076291360754488,6501.62465294657,1.5,5,"May","yes"
"3803","May 2022",2022-05-15 20:00:00,2175,0.00772801296173007,6566.36023729144,1.51041666666667,5,"May","yes"
"3804","May 2022",2022-05-15 20:15:00,2190,0.00746956042670834,6630.82529985881,1.52083333333333,5,"May","yes"
"3805","May 2022",2022-05-15 20:30:00,2205,0.00716888596975158,6637.10560878576,1.53125,5,"May","yes"
"3806","May 2022",2022-05-15 20:45:00,2220,0.00699285779549654,6635.1063387277,1.54166666666667,5,"May","yes"
"3807","May 2022",2022-05-15 21:00:00,2235,0.00713846905471227,6745.40205374194,1.55208333333333,5,"May","yes"
"3808","May 2022",2022-05-15 21:15:00,2250,0.00714806163579386,6728.7775061663,1.5625,5,"May","yes"
"3809","May 2022",2022-05-15 21:30:00,2265,0.00730314486785012,6711.61123942624,1.57291666666667,5,"May","yes"
"3810","May 2022",2022-05-15 21:45:00,2280,0.00744795344815946,6814.51255550208,1.58333333333333,5,"May","yes"
"3811","May 2022",2022-05-15 22:00:00,2295,0.00775032602181237,6761.59500923853,1.59375,5,"May","yes"
"3812","May 2022",2022-05-15 22:15:00,2310,0.00759698471267608,6713.78697222484,1.60416666666667,5,"May","yes"
"3813","May 2022",2022-05-15 22:30:00,2325,0.00776408461988375,6759.07332459679,1.61458333333333,5,"May","yes"
"3814","May 2022",2022-05-15 22:45:00,2340,0.00761389175889158,6750.78129999552,1.625,5,"May","yes"
"3815","May 2022",2022-05-15 23:00:00,2355,0.0074462936632343,6733.81187914964,1.63541666666667,5,"May","yes"
"3816","May 2022",2022-05-15 23:15:00,2370,0.00752298241408351,6793.02618549934,1.64583333333333,5,"May","yes"
"3817","May 2022",2022-05-15 23:30:00,2385,0.00769891777880089,6777.21730529137,1.65625,5,"May","yes"
"3818","May 2022",2022-05-15 23:45:00,2400,0.00792381358345732,6776.65029973331,1.66666666666667,5,"May","yes"
"3819","May 2022",2022-05-16,2415,0.00808274988528201,6761.43409666788,1.67708333333333,5,"May","yes"
"3820","May 2022",2022-05-16 00:15:00,2430,0.0078853655886833,6776.08912538654,1.6875,5,"May","yes"
"3821","May 2022",2022-05-16 00:30:00,2445,0.00817039612607662,6730.6544949642,1.69791666666667,5,"May","yes"
"3822","May 2022",2022-05-16 00:45:00,2460,0.00799765404754693,6769.22151205471,1.70833333333333,5,"May","yes"
"3823","May 2022",2022-05-16 01:00:00,2475,0.00743634182472734,6821.72083543394,1.71875,5,"May","yes"
"3824","May 2022",2022-05-16 01:15:00,2490,0.00788885431708438,6844.03362572583,1.72916666666667,5,"May","yes"
"3825","May 2022",2022-05-16 01:30:00,2505,0.00744297507496177,6777.76505357629,1.73958333333333,5,"May","yes"
"3826","May 2022",2022-05-16 01:45:00,2520,0.00746456929300088,6822.56774296417,1.75,5,"May","yes"
"3827","May 2022",2022-05-16 02:00:00,2535,0.00770575519718955,6859.44679062259,1.76041666666667,5,"May","yes"
"3828","May 2022",2022-05-16 02:15:00,2550,0.00757505446788311,6880.87453926104,1.77083333333333,5,"May","yes"
"3829","May 2022",2022-05-16 02:30:00,2565,0.00761897025301095,6896.15922485952,1.78125,5,"May","yes"
"3830","May 2022",2022-05-16 02:45:00,2580,0.00719620122518212,6895.98818248511,1.79166666666667,5,"May","yes"
"3831","May 2022",2022-05-16 03:00:00,2595,0.00759023105558147,6947.13212624008,1.80208333333333,5,"May","yes"
"3832","May 2022",2022-05-16 03:15:00,2610,0.00727871434336424,6983.96498698942,1.8125,5,"May","yes"
"3833","May 2022",2022-05-16 03:30:00,2625,0.0074313703225733,6991.27982858801,1.82291666666667,5,"May","yes"
"3834","May 2022",2022-05-16 03:45:00,2640,0.00739335330329991,6998.8310728336,1.83333333333333,5,"May","yes"
"3835","May 2022",2022-05-16 04:00:00,2655,0.00687157405801764,7034.77529810245,1.84375,5,"May","yes"
"3836","May 2022",2022-05-16 04:15:00,2670,0.00744961356027706,7019.13579673397,1.85416666666667,5,"May","yes"
"3837","May 2022",2022-05-16 04:30:00,2685,0.00801178433636065,6949.1609828641,1.86458333333333,5,"May","yes"
"3838","May 2022",2022-05-16 04:45:00,2700,0.00895194084104577,6818.72885085808,1.875,5,"May","yes"
"3839","May 2022",2022-05-16 05:00:00,2715,0.0120350214531304,6522.61573283334,1.88541666666667,5,"May","yes"
"3840","May 2022",2022-05-16 05:15:00,2730,0.0145435549394803,6139.93862827856,1.89583333333333,5,"May","yes"
"3841","May 2022",2022-05-16 05:30:00,2745,0.0197158782364009,5674.16774420117,1.90625,5,"May","yes"
"3842","May 2022",2022-05-16 05:45:00,2760,0.0211547390773589,5263.14373195537,1.91666666666667,5,"May","yes"
"3843","May 2022",2022-05-16 06:00:00,2775,0.0230442949164632,5059.39525401433,1.92708333333333,5,"May","yes"
"3844","May 2022",2022-05-16 06:15:00,2790,0.0223838569302744,5047.13439865418,1.9375,5,"May","yes"
"3845","May 2022",2022-05-16 06:30:00,2805,0.025017227459889,5153.31793472982,1.94791666666667,5,"May","yes"
"3846","May 2022",2022-05-16 06:45:00,2820,0.0240873337439088,5230.74413781579,1.95833333333333,5,"May","yes"
"3847","May 2022",2022-05-16 07:00:00,2835,0.022664511844825,5296.92604928856,1.96875,5,"May","yes"
"3848","May 2022",2022-05-16 07:15:00,2850,0.0233514939311713,5347.80084526582,1.97916666666667,5,"May","yes"
"3849","May 2022",2022-05-16 07:30:00,2865,0.0248551942686934,5376.57042613002,1.98958333333333,5,"May","yes"
"3850","May 2022",2022-05-16 07:45:00,2880,0.0264871453670892,5354.44619860238,2,5,"May","yes"
"3851","May 2022",2022-05-16 08:00:00,2895,0.0290176455493082,5361.69149998346,2.01041666666667,5,"May","yes"
"3852","May 2022",2022-05-16 08:15:00,2910,0.0312404946245296,5346.39596754906,2.02083333333333,5,"May","yes"
"3853","May 2022",2022-05-16 08:30:00,2925,0.032627090366843,5337.47926503801,2.03125,5,"May","yes"
"3854","May 2022",2022-05-16 08:45:00,2940,0.0351388220153449,5276.9877383238,2.04166666666667,5,"May","yes"
"3855","May 2022",2022-05-16 09:00:00,2955,0.0370208096872124,5225.25578002435,2.05208333333333,5,"May","yes"
"3856","May 2022",2022-05-16 09:15:00,2970,0.0451928213012155,5202.86194362305,2.0625,5,"May","yes"
"3857","May 2022",2022-05-16 09:30:00,2985,0.0479617341120692,5057.14530004717,2.07291666666667,5,"May","yes"
"3858","May 2022",2022-05-16 09:45:00,3000,0.0454709882431664,5028.175641058,2.08333333333333,5,"May","yes"
"3859","May 2022",2022-05-16 10:00:00,3015,0.0498476224845181,4977.1905132497,2.09375,5,"May","yes"
"3860","May 2022",2022-05-16 10:15:00,3030,0.0513955997623688,4941.0027753339,2.10416666666667,5,"May","yes"
"3861","May 2022",2022-05-16 10:30:00,3045,0.0545848030259167,4883.6896614854,2.11458333333333,5,"May","yes"
"3862","May 2022",2022-05-16 10:45:00,3060,0.0506407259516648,4902.62117277459,2.125,5,"May","yes"
"3863","May 2022",2022-05-16 11:00:00,3075,0.0536213260157177,4810.91455395089,2.13541666666667,5,"May","yes"
"3864","May 2022",2022-05-16 11:15:00,3090,0.0542375933329536,4777.07723756696,2.14583333333333,5,"May","yes"
"3865","May 2022",2022-05-16 11:30:00,3105,0.0478914330287328,4765.32104992621,2.15625,5,"May","yes"
"3866","May 2022",2022-05-16 11:45:00,3120,0.0505906130517275,4701.27527790796,2.16666666666667,5,"May","yes"
"3867","May 2022",2022-05-16 12:00:00,3135,0.0505683491587611,4675.37774197805,2.17708333333333,5,"May","yes"
"3868","May 2022",2022-05-16 12:15:00,3150,0.0505460905008764,4626.03503952363,2.1875,5,"May","yes"
"3869","May 2022",2022-05-16 12:30:00,3165,0.051530423834334,4591.81442050669,2.19791666666667,5,"May","yes"
"3870","May 2022",2022-05-16 12:45:00,3180,0.0506574361411107,4590.60891732248,2.20833333333333,5,"May","yes"
"3871","May 2022",2022-05-16 13:00:00,3195,0.0506685779033703,4564.94808856498,2.21875,5,"May","yes"
"3872","May 2022",2022-05-16 13:15:00,3210,0.0481133396385496,4539.02056423692,2.22916666666667,5,"May","yes"
"3873","May 2022",2022-05-16 13:30:00,3225,0.0494013503499286,4436.00678082962,2.23958333333333,5,"May","yes"
"3874","May 2022",2022-05-16 13:45:00,3240,0.0463375532976762,4393.19002142344,2.25,5,"May","yes"
"3875","May 2022",2022-05-16 14:00:00,3255,0.0462685410258139,4303.69100640752,2.26041666666667,5,"May","yes"
"3876","May 2022",2022-05-16 14:15:00,3270,0.0460671298961095,4238.2368004972,2.27083333333333,5,"May","yes"
"3877","May 2022",2022-05-16 14:30:00,3285,0.0449312421786945,4203.48583919398,2.28125,5,"May","yes"
"3878","May 2022",2022-05-16 14:45:00,3300,0.0440945149333163,4137.36968894193,2.29166666666667,5,"May","yes"
"3879","May 2022",2022-05-16 15:00:00,3315,0.0433379535638991,4152.17916941975,2.30208333333333,5,"May","yes"
"3880","May 2022",2022-05-16 15:15:00,3330,0.0414999967611182,4152.25629616297,2.3125,5,"May","yes"
"3881","May 2022",2022-05-16 15:30:00,3345,0.0431844219806593,4130.54557005776,2.32291666666667,5,"May","yes"
"3882","May 2022",2022-05-16 15:45:00,3360,0.0414699795119905,4145.45263034711,2.33333333333333,5,"May","yes"
"3883","May 2022",2022-05-16 16:00:00,3375,0.0397246967537802,4145.9521624955,2.34375,5,"May","yes"
"3884","May 2022",2022-05-16 16:15:00,3390,0.0405354057227631,4154.14402987193,2.35416666666667,5,"May","yes"
"3885","May 2022",2022-05-16 16:30:00,3405,0.0388166618169658,4124.97603643427,2.36458333333333,5,"May","yes"
"3886","May 2022",2022-05-16 16:45:00,3420,0.038034499291007,4154.07723115258,2.375,5,"May","yes"
"3887","May 2022",2022-05-16 17:00:00,3435,0.0375826474408827,4123.11935195587,2.38541666666667,5,"May","yes"
"3888","May 2022",2022-05-16 17:15:00,3450,0.0364542801181172,4091.89370964515,2.39583333333333,5,"May","yes"
"3889","May 2022",2022-05-16 17:30:00,3465,0.036082345741898,4127.31316461248,2.40625,5,"May","yes"
"3890","May 2022",2022-05-16 17:45:00,3480,0.0359249077311758,4147.57223580484,2.41666666666667,5,"May","yes"
"3891","May 2022",2022-05-16 18:00:00,3495,0.037091374361936,4167.87027188797,2.42708333333333,5,"May","yes"
"3892","May 2022",2022-05-16 18:15:00,3510,0.037053730707359,4173.13926616404,2.4375,5,"May","yes"
"3893","May 2022",2022-05-16 18:30:00,3525,0.0361751330204197,4230.73315895749,2.44791666666667,5,"May","yes"
"3894","May 2022",2022-05-16 18:45:00,3540,0.0384700948306647,4302.97624315258,2.45833333333333,5,"May","yes"
"3895","May 2022",2022-05-16 19:00:00,3555,0.034878919540623,4384.24739359662,2.46875,5,"May","yes"
"3896","May 2022",2022-05-16 19:15:00,3570,0.0336221014916787,4427.30527317528,2.47916666666667,5,"May","yes"
"3897","May 2022",2022-05-16 19:30:00,3585,0.0361797758198671,4528.89261909839,2.48958333333333,5,"May","yes"
"3898","May 2022",2022-05-16 19:45:00,3600,0.0335463443969208,4571.92746877404,2.5,5,"May","yes"
"3899","May 2022",2022-05-16 20:00:00,3615,0.0319946379155675,4658.9711020517,2.51041666666667,5,"May","yes"
"3900","May 2022",2022-05-16 20:15:00,3630,0.032155368603444,4701.45807797039,2.52083333333333,5,"May","yes"
"3901","May 2022",2022-05-16 20:30:00,3645,0.0327500115764229,4773.5112399094,2.53125,5,"May","yes"
"3902","May 2022",2022-05-16 20:45:00,3660,0.0350429447932403,4846.04594305817,2.54166666666667,5,"May","yes"
"3903","May 2022",2022-05-16 21:00:00,3675,0.0329569202836673,4888.13682335574,2.55208333333333,5,"May","yes"
"3904","May 2022",2022-05-16 21:15:00,3690,0.0314248698321422,4938.18703354233,2.5625,5,"May","yes"
"3905","May 2022",2022-05-16 21:30:00,3705,0.0315409495083052,4990.12119719273,2.57291666666667,5,"May","yes"
"3906","May 2022",2022-05-16 21:45:00,3720,0.0328864021331925,5018.09492072435,2.58333333333333,5,"May","yes"
"3907","May 2022",2022-05-16 22:00:00,3735,0.0333684654087675,5076.23834679468,2.59375,5,"May","yes"
"3908","May 2022",2022-05-16 22:15:00,3750,0.029384495441458,5105.10911946084,2.60416666666667,5,"May","yes"
"3909","May 2022",2022-05-16 22:30:00,3765,0.0307588576052839,5155.88155499608,2.61458333333333,5,"May","yes"
"3910","May 2022",2022-05-16 22:45:00,3780,0.0310823304350529,5222.30286245032,2.625,5,"May","yes"
"3911","May 2022",2022-05-16 23:00:00,3795,0.0304246193475984,5200.28183915769,2.63541666666667,5,"May","yes"
"3912","May 2022",2022-05-16 23:15:00,3810,0.027672037973213,5288.84082849668,2.64583333333333,5,"May","yes"
"3913","May 2022",2022-05-16 23:30:00,3825,0.0263936260832525,5318.09077202488,2.65625,5,"May","yes"
"3914","May 2022",2022-05-16 23:45:00,3840,0.0273690801166345,5318.2276661899,2.66666666666667,5,"May","yes"
"3915","May 2022",2022-05-17,3855,0.026584761693192,5340.53300804198,2.67708333333333,5,"May","yes"
"3916","May 2022",2022-05-17 00:15:00,3870,0.0267256884602055,5392.67564475771,2.6875,5,"May","yes"
"3917","May 2022",2022-05-17 00:30:00,3885,0.0259172977378825,5377.78720589637,2.69791666666667,5,"May","yes"
"3918","May 2022",2022-05-17 00:45:00,3900,0.0254649846843183,5414.79694102417,2.70833333333333,5,"May","yes"
"3919","May 2022",2022-05-17 01:00:00,3915,0.0256254552667778,5466.71346424483,2.71875,5,"May","yes"
"3920","May 2022",2022-05-17 01:15:00,3930,0.0257404304793508,5474.20639434865,2.72916666666667,5,"May","yes"
"3921","May 2022",2022-05-17 01:30:00,3945,0.0249191815928675,5482.06261316314,2.73958333333333,5,"May","yes"
"3922","May 2022",2022-05-17 01:45:00,3960,0.0238699703534432,5467.861033055,2.75,5,"May","yes"
"3923","May 2022",2022-05-17 02:00:00,3975,0.0249530955166057,5512.20065015086,2.76041666666667,5,"May","yes"
"3924","May 2022",2022-05-17 02:15:00,3990,0.0247725275088979,5550.97097073531,2.77083333333333,5,"May","yes"
"3925","May 2022",2022-05-17 02:30:00,4005,0.0245852374559615,5512.6160849312,2.78125,5,"May","yes"
"3926","May 2022",2022-05-17 02:45:00,4020,0.0242501766737719,5551.0177904314,2.79166666666667,5,"May","yes"
"3927","May 2022",2022-05-17 03:00:00,4035,0.0236318207974007,5566.07389757984,2.80208333333333,5,"May","yes"
"3928","May 2022",2022-05-17 03:15:00,4050,0.0218740444283804,5624.66988929948,2.8125,5,"May","yes"
"3929","May 2022",2022-05-17 03:30:00,4065,0.0235223718670795,5609.41953828342,2.82291666666667,5,"May","yes"
"3930","May 2022",2022-05-17 03:45:00,4080,0.0239545697767544,5542.34151539549,2.83333333333333,5,"May","yes"
"3931","May 2022",2022-05-17 04:00:00,4095,0.0252215679196223,5503.39267667155,2.84375,5,"May","yes"
"3932","May 2022",2022-05-17 04:15:00,4110,0.0250625539984171,5466.02247576115,2.85416666666667,5,"May","yes"
"3933","May 2022",2022-05-17 04:30:00,4125,0.0241242878779615,5443.59299008448,2.86458333333333,5,"May","yes"
"3934","May 2022",2022-05-17 04:45:00,4140,0.0232283306493428,5442.77783314381,2.875,5,"May","yes"
"3935","May 2022",2022-05-17 05:00:00,4155,0.0242946983186152,5471.83936087297,2.88541666666667,5,"May","yes"
"3936","May 2022",2022-05-17 05:15:00,4170,0.0222319536205778,5500.9603296648,2.89583333333333,5,"May","yes"
"3937","May 2022",2022-05-17 05:30:00,4185,0.0242205217526146,5492.74562571311,2.90625,5,"May","yes"
"3938","May 2022",2022-05-17 05:45:00,4200,0.0217450559990224,5514.20371115853,2.91666666666667,5,"May","yes"
"3939","May 2022",2022-05-17 06:00:00,4215,0.020543688856837,5558.91015551701,2.92708333333333,5,"May","yes"
"3940","May 2022",2022-05-17 06:15:00,4230,0.02291848830889,5601.95933307783,2.9375,5,"May","yes"
"3941","May 2022",2022-05-17 06:30:00,4245,0.0218915096524311,5623.54597492517,2.94791666666667,5,"May","yes"
"3942","May 2022",2022-05-17 06:45:00,4260,0.02209119135585,5600.90727481208,2.95833333333333,5,"May","yes"
"3943","May 2022",2022-05-17 07:00:00,4275,0.020987347503934,5578.0136922584,2.96875,5,"May","yes"
"3944","May 2022",2022-05-17 07:15:00,4290,0.0214676933588649,5599.61311939694,2.97916666666667,5,"May","yes"
"3945","May 2022",2022-05-17 07:30:00,4305,0.0225434733514484,5584.35246486837,2.98958333333333,5,"May","yes"
"3946","May 2022",2022-05-17 07:45:00,4320,0.0216650997652571,5570.0424667635,3,5,"May","yes"
"3947","May 2022",2022-05-17 08:00:00,4335,0.0239177661512773,5509.84383816512,3.01041666666667,5,"May","yes"
"3948","May 2022",2022-05-17 08:15:00,4350,0.022105244024459,5348.82739564099,3.02083333333333,5,"May","yes"
"3949","May 2022",2022-05-17 08:30:00,4365,0.0226253109424041,5291.46879284838,3.03125,5,"May","yes"
"3950","May 2022",2022-05-17 08:45:00,4380,0.0245441434174176,5189.82933197431,3.04166666666667,5,"May","yes"
"3951","May 2022",2022-05-17 09:00:00,4395,0.025085234936079,5146.87505558765,3.05208333333333,5,"May","yes"
"3952","May 2022",2022-05-17 09:15:00,4410,0.0229687628546137,5052.82676512295,3.0625,5,"May","yes"
"3953","May 2022",2022-05-17 09:30:00,4425,0.0248551942686934,4996.82060619284,3.07291666666667,5,"May","yes"
"3954","May 2022",2022-05-17 09:45:00,4440,0.0235078009254635,4931.23020839514,3.08333333333333,5,"May","yes"
"3955","May 2022",2022-05-17 10:00:00,4455,0.0236099074534723,4882.01744094389,3.09375,5,"May","yes"
"3956","May 2022",2022-05-17 10:15:00,4470,0.025526048278728,4811.14708297006,3.10416666666667,5,"May","yes"
"3957","May 2022",2022-05-17 10:30:00,4485,0.0244732560552656,4776.05276342516,3.11458333333333,5,"May","yes"
"3958","May 2022",2022-05-17 10:45:00,4500,0.0246525676435629,4747.63656269625,3.125,5,"May","yes"
"3959","May 2022",2022-05-17 11:00:00,4515,0.0256790737204123,4705.87232806912,3.13541666666667,5,"May","yes"
"3960","May 2022",2022-05-17 11:15:00,4530,0.0224795472751879,4656.18626187957,3.14583333333333,5,"May","yes"
"3961","May 2022",2022-05-17 11:30:00,4545,0.0235405929059318,4628.76118761966,3.15625,5,"May","yes"
"3962","May 2022",2022-05-17 11:45:00,4560,0.026025295040649,4600.85352470529,3.16666666666667,5,"May","yes"
"3963","May 2022",2022-05-17 12:00:00,4575,0.0255948449433598,4490.92578575936,3.17708333333333,5,"May","yes"
"3964","May 2022",2022-05-17 12:15:00,4590,0.0265261673580886,4410.80252843076,3.1875,5,"May","yes"
"3965","May 2022",2022-05-17 12:30:00,4605,0.0267178480708243,4344.3687136852,3.19791666666667,5,"May","yes"
"3966","May 2022",2022-05-17 12:45:00,4620,0.0255795476342725,4368.09003616219,3.20833333333333,5,"May","yes"
"3967","May 2022",2022-05-17 13:00:00,4635,0.0274565840911613,4339.17348680764,3.21875,5,"May","yes"
"3968","May 2022",2022-05-17 13:15:00,4650,0.0257557827567879,4340.09248474692,3.22916666666667,5,"May","yes"
"3969","May 2022",2022-05-17 13:30:00,4665,0.0253963882615298,4304.0686877552,3.23958333333333,5,"May","yes"
"3970","May 2022",2022-05-17 13:45:00,4680,0.0286901046589345,4312.25843601527,3.25,5,"May","yes"
"3971","May 2022",2022-05-17 14:00:00,4695,0.025206398870016,4259.56907064676,3.26041666666667,5,"May","yes"
"3972","May 2022",2022-05-17 14:15:00,4710,0.0279366661782384,4229.16874905263,3.27083333333333,5,"May","yes"
"3973","May 2022",2022-05-17 14:30:00,4725,0.0307715904420317,4081.69405328892,3.28125,5,"May","yes"
"3974","May 2022",2022-05-17 14:45:00,4740,0.0346790200907645,4009.99673885923,3.29166666666667,5,"May","yes"
"3975","May 2022",2022-05-17 15:00:00,4755,0.0317997583167915,3990.48304728318,3.30208333333333,5,"May","yes"
"3976","May 2022",2022-05-17 15:15:00,4770,0.0332885906586124,3969.46105071975,3.3125,5,"May","yes"
"3977","May 2022",2022-05-17 15:30:00,4785,0.0319816253291844,3946.59415588633,3.32291666666667,5,"May","yes"
"3978","May 2022",2022-05-17 15:45:00,4800,0.0371902885853344,3961.08967433007,3.33333333333333,5,"May","yes"
"3979","May 2022",2022-05-17 16:00:00,4815,0.0379629579465071,3857.21181940281,3.34375,5,"May","yes"
"3980","May 2022",2022-05-17 16:15:00,4830,0.0347970659298957,3833.76371014195,3.35416666666667,5,"May","yes"
"3981","May 2022",2022-05-17 16:30:00,4845,0.0341190751333611,3810.73911476533,3.36458333333333,5,"May","yes"
"3982","May 2022",2022-05-17 16:45:00,4860,0.0380870097321753,3778.6976360275,3.375,5,"May","yes"
"3983","May 2022",2022-05-17 17:00:00,4875,0.0393542757186963,3792.06367766777,3.38541666666667,5,"May","yes"
"3984","May 2022",2022-05-17 17:15:00,4890,0.0351662420099716,3821.85796929986,3.39583333333333,5,"May","yes"
"3985","May 2022",2022-05-17 17:30:00,4905,0.0401166553143585,3857.42185797721,3.40625,5,"May","yes"
"3986","May 2022",2022-05-17 17:45:00,4920,0.0387973635973176,3893.00153742983,3.41666666666667,5,"May","yes"
"3987","May 2022",2022-05-17 18:00:00,4935,0.0376917722365298,3928.25704622266,3.42708333333333,5,"May","yes"
"3988","May 2022",2022-05-17 18:15:00,4950,0.0374973661609508,3955.95652875505,3.4375,5,"May","yes"
"3989","May 2022",2022-05-17 18:30:00,4965,0.040624385587336,4064.32059050761,3.44791666666667,5,"May","yes"
"3990","May 2022",2022-05-17 18:45:00,4980,0.0409614884534173,4113.42137733814,3.45833333333333,5,"May","yes"
"3991","May 2022",2022-05-17 19:00:00,4995,0.0426595379836076,4125.55442496096,3.46875,5,"May","yes"
"3992","May 2022",2022-05-17 19:15:00,5010,0.0417104473151051,4137.68763944967,3.47916666666667,5,"May","yes"
"3993","May 2022",2022-05-17 19:30:00,5025,0.0393251124421379,4165.28517290294,3.48958333333333,5,"May","yes"
"3994","May 2022",2022-05-17 19:45:00,5040,0.0406491210299556,4237.46365101567,3.5,5,"May","yes"
"3995","May 2022",2022-05-17 20:00:00,5055,0.0426646172579235,4295.13050300816,3.51041666666667,5,"May","yes"
"3996","May 2022",2022-05-17 20:15:00,5070,0.0412003543217832,4345.1968342657,3.52083333333333,5,"May","yes"
"3997","May 2022",2022-05-17 20:30:00,5085,0.0430771250840043,4396.35168894204,3.53125,5,"May","yes"
"3998","May 2022",2022-05-17 20:45:00,5100,0.0440118252198004,4424.26611991382,3.54166666666667,5,"May","yes"
"3999","May 2022",2022-05-17 21:00:00,5115,0.042827326793709,4452.62630042129,3.55208333333333,5,"May","yes"
"4000","May 2022",2022-05-17 21:15:00,5130,0.0394856562274959,4488.4386229607,3.5625,5,"May","yes"
"4001","May 2022",2022-05-17 21:30:00,5145,0.039266821225815,4546.52040090074,3.57291666666667,5,"May","yes"
"4002","May 2022",2022-05-17 21:45:00,5160,0.0384989106287305,4567.79031906388,3.58333333333333,5,"May","yes"
"4003","May 2022",2022-05-17 22:00:00,5175,0.0407877906715868,4596.39774669712,3.59375,5,"May","yes"
"4004","May 2022",2022-05-17 22:15:00,5190,0.0408572216870137,4603.49305250251,3.60416666666667,5,"May","yes"
"4005","May 2022",2022-05-17 22:30:00,5205,0.0413600170404972,4668.82552737881,3.61458333333333,5,"May","yes"
"4006","May 2022",2022-05-17 22:45:00,5220,0.0402838718017754,4653.61487469417,3.625,5,"May","yes"
"4007","May 2022",2022-05-17 23:00:00,5235,0.0398371703652268,4697.37483204063,3.63541666666667,5,"May","yes"
"4008","May 2022",2022-05-17 23:15:00,5250,0.0401903806691622,4748.09774819485,3.64583333333333,5,"May","yes"
"4009","May 2022",2022-05-17 23:30:00,5265,0.0382830792547033,4733.49573206673,3.65625,5,"May","yes"
"4010","May 2022",2022-05-17 23:45:00,5280,0.0380297275776916,4784.69074976477,3.66666666666667,5,"May","yes"
"4011","May 2022",2022-05-18,5295,0.0359064104789016,4807.2789833024,3.67708333333333,5,"May","yes"
"4012","May 2022",2022-05-18 00:15:00,5310,0.0345566681333242,4836.8323226111,3.6875,5,"May","yes"
"4013","May 2022",2022-05-18 00:30:00,5325,0.0334617866026335,4888.66439275252,3.69791666666667,5,"May","yes"
"4014","May 2022",2022-05-18 00:45:00,5340,0.0341955441991181,4910.80728929175,3.70833333333333,5,"May","yes"
"4015","May 2022",2022-05-18 01:00:00,5355,0.0357632342757367,4889.11434382292,3.71875,5,"May","yes"
"4016","May 2022",2022-05-18 01:15:00,5370,0.0329657409419423,4942.5125809441,3.72916666666667,5,"May","yes"
"4017","May 2022",2022-05-18 01:30:00,5385,0.0317954351844699,5008.83473678321,3.73958333333333,5,"May","yes"
"4018","May 2022",2022-05-18 01:45:00,5400,0.0353952000347717,5009.39986068238,3.75,5,"May","yes"
"4019","May 2022",2022-05-18 02:00:00,5415,0.0358324738206131,5017.23613834024,3.76041666666667,5,"May","yes"
"4020","May 2022",2022-05-18 02:15:00,5430,0.0305470771896146,5098.4284817664,3.77083333333333,5,"May","yes"
"4021","May 2022",2022-05-18 02:30:00,5445,0.0311848723807828,5047.78152124913,3.78125,5,"May","yes"
"4022","May 2022",2022-05-18 02:45:00,5460,0.0306359253340628,5121.77526671084,3.79166666666667,5,"May","yes"
"4023","May 2022",2022-05-18 03:00:00,5475,0.0312704679669484,5143.59784323991,3.80208333333333,5,"May","yes"
"4024","May 2022",2022-05-18 03:15:00,5490,0.027361133062481,5121.87764979695,3.8125,5,"May","yes"
"4025","May 2022",2022-05-18 03:30:00,5505,0.0278603392398615,5114.94810123388,3.82291666666667,5,"May","yes"
"4026","May 2022",2022-05-18 03:45:00,5520,0.0273492149351943,5158.89239958816,3.83333333333333,5,"May","yes"
"4027","May 2022",2022-05-18 04:00:00,5535,0.0264832449675481,5151.335871209,3.84375,5,"May","yes"
"4028","May 2022",2022-05-18 04:15:00,5550,0.026502750237178,5165.98130115626,3.85416666666667,5,"May","yes"
"4029","May 2022",2022-05-18 04:30:00,5565,0.0258441599453377,5180.74303076702,3.86458333333333,5,"May","yes"
"4030","May 2022",2022-05-18 04:45:00,5580,0.0271193766112829,5247.30321710003,3.875,5,"May","yes"
"4031","May 2022",2022-05-18 05:00:00,5595,0.025149561558932,5305.95963035988,3.88541666666667,5,"May","yes"
"4032","May 2022",2022-05-18 05:15:00,5610,0.0248627172812958,5254.46126430854,3.89583333333333,5,"May","yes"
"4033","May 2022",2022-05-18 05:30:00,5625,0.0242390536243938,5320.12138045152,3.90625,5,"May","yes"
"4034","May 2022",2022-05-18 05:45:00,5640,0.0243950442863916,5282.8978936532,3.91666666666667,5,"May","yes"
"4035","May 2022",2022-05-18 06:00:00,5655,0.0254878737164454,5319.10649775566,3.92708333333333,5,"May","yes"
"4036","May 2022",2022-05-18 06:15:00,5670,0.0262420592030714,5348.28779510542,3.9375,5,"May","yes"
"4037","May 2022",2022-05-18 06:30:00,5685,0.0237818772309369,5340.31638122438,3.94791666666667,5,"May","yes"
"4038","May 2022",2022-05-18 06:45:00,5700,0.0260098511492969,5340.07259890478,3.95833333333333,5,"May","yes"
"4039","May 2022",2022-05-18 07:00:00,5715,0.0224015593689269,5398.13637886399,3.96875,5,"May","yes"
"4040","May 2022",2022-05-18 07:15:00,5730,0.0228539438387009,5353.32151893756,3.97916666666667,5,"May","yes"
"4041","May 2022",2022-05-18 07:30:00,5745,0.0237782107740724,5360.48969656454,3.98958333333333,5,"May","yes"
"4042","May 2022",2022-05-18 07:45:00,5760,0.0246900191102992,5353.67696798925,4,5,"May","yes"
"4043","May 2022",2022-05-18 08:00:00,5775,0.0235953051013716,5295.1525220535,4.01041666666667,5,"May","yes"
"4044","May 2022",2022-05-18 08:15:00,5790,0.025316493086961,5287.722659392,4.02083333333333,5,"May","yes"
"4045","May 2022",2022-05-18 08:30:00,5805,0.023500517417811,5200.10322856586,4.03125,5,"May","yes"
"4046","May 2022",2022-05-18 08:45:00,5820,0.0237379013432751,5149.26605747985,4.04166666666667,5,"May","yes"
"4047","May 2022",2022-05-18 09:00:00,5835,0.0227644746072142,5121.32002127211,4.05208333333333,5,"May","yes"
"4048","May 2022",2022-05-18 09:15:00,5850,0.0231632796850787,5063.21256629468,4.0625,5,"May","yes"
"4049","May 2022",2022-05-18 09:30:00,5865,0.0225968260618226,5013.80655699878,4.07291666666667,5,"May","yes"
"4050","May 2022",2022-05-18 09:45:00,5880,0.0245292099464511,4979.32863880232,4.08333333333333,5,"May","yes"
"4051","May 2022",2022-05-18 10:00:00,5895,0.0228646938885664,4921.11485849088,4.09375,5,"May","yes"
"4052","May 2022",2022-05-18 10:15:00,5910,0.0214400722666285,4872.27029204901,4.10416666666667,5,"May","yes"
"4053","May 2022",2022-05-18 10:30:00,5925,0.0235405929059315,4785.83205122745,4.11458333333333,5,"May","yes"
"4054","May 2022",2022-05-18 10:45:00,5940,0.0252215679196223,4788.80023062258,4.125,5,"May","yes"
"4055","May 2022",2022-05-18 11:00:00,5955,0.0227716246203043,4757.92081131962,4.13541666666667,5,"May","yes"
"4056","May 2022",2022-05-18 11:15:00,5970,0.0239693003883369,4720.04471900208,4.14583333333333,5,"May","yes"
"4057","May 2022",2022-05-18 11:30:00,5985,0.0226609464904606,4732.0361434838,4.15625,5,"May","yes"
"4058","May 2022",2022-05-18 11:45:00,6000,0.0246001905584816,4698.7590472102,4.16666666666667,5,"May","yes"
"4059","May 2022",2022-05-18 12:00:00,6015,0.0232717568535125,4665.67416676429,4.17708333333333,5,"May","yes"
"4060","May 2022",2022-05-18 12:15:00,6030,0.0223166622632967,4595.14079135865,4.1875,5,"May","yes"
"4061","May 2022",2022-05-18 12:30:00,6045,0.0226395612353161,4593.01302029406,4.19791666666667,5,"May","yes"
"4062","May 2022",2022-05-18 12:45:00,6060,0.021505706552312,4545.84160323907,4.20833333333333,5,"May","yes"
"4063","May 2022",2022-05-18 13:00:00,6075,0.0227823520938838,4544.16547219716,4.21875,5,"May","yes"
"4064","May 2022",2022-05-18 13:15:00,6090,0.023566116102412,4548.73920691425,4.22916666666667,5,"May","yes"
"4065","May 2022",2022-05-18 13:30:00,6105,0.0214366211024656,4544.50451406366,4.23958333333333,5,"May","yes"
"4066","May 2022",2022-05-18 13:45:00,6120,0.0221228172220524,4493.53777766124,4.25,5,"May","yes"
"4067","May 2022",2022-05-18 14:00:00,6135,0.0209737175681064,4490.66150037074,4.26041666666667,5,"May","yes"
"4068","May 2022",2022-05-18 14:15:00,6150,0.0227573259028943,4536.27168903058,4.27083333333333,5,"May","yes"
"4069","May 2022",2022-05-18 14:30:00,6165,0.0213470056788125,4533.09390236894,4.28125,5,"May","yes"
"4070","May 2022",2022-05-18 14:45:00,6180,0.0215057065523118,4516.48726411397,4.29166666666667,5,"May","yes"
"4071","May 2022",2022-05-18 15:00:00,6195,0.0218600781386061,4494.00884931398,4.30208333333333,5,"May","yes"
"4072","May 2022",2022-05-18 15:15:00,6210,0.0199994954391954,4447.1893560685,4.3125,5,"May","yes"
"4073","May 2022",2022-05-18 15:30:00,6225,0.0191785042917999,4392.73017952487,4.32291666666667,5,"May","yes"
"4074","May 2022",2022-05-18 15:45:00,6240,0.02126448006482,4415.30041444362,4.33333333333333,5,"May","yes"
"4075","May 2022",2022-05-18 16:00:00,6255,0.0208580744799589,4376.50424632427,4.34375,5,"May","yes"
"4076","May 2022",2022-05-18 16:15:00,6270,0.0201355601375071,4397.74037560707,4.35416666666667,5,"May","yes"
"4077","May 2022",2022-05-18 16:30:00,6285,0.0203691368630664,4404.64600147293,4.36458333333333,5,"May","yes"
"4078","May 2022",2022-05-18 16:45:00,6300,0.0197520198884343,4373.08627380002,4.375,5,"May","yes"
"4079","May 2022",2022-05-18 17:00:00,6315,0.0186595671317562,4393.96343430218,4.38541666666667,5,"May","yes"
"4080","May 2022",2022-05-18 17:15:00,6330,0.018876346898937,4376.65521731417,4.39583333333333,5,"May","yes"
"4081","May 2022",2022-05-18 17:30:00,6345,0.0192366940281882,4457.56123322672,4.40625,5,"May","yes"
"4082","May 2022",2022-05-18 17:45:00,6360,0.0197914922977706,4408.38584630639,4.41666666666667,5,"May","yes"
"4083","May 2022",2022-05-18 18:00:00,6375,0.0186500381645054,4450.91834049678,4.42708333333333,5,"May","yes"
"4084","May 2022",2022-05-18 18:15:00,6390,0.0187805222666012,4582.06024548762,4.4375,5,"May","yes"
"4085","May 2022",2022-05-18 18:30:00,6405,0.0175830386226793,4653.11131244977,4.44791666666667,5,"May","yes"
"4086","May 2022",2022-05-18 18:45:00,6420,0.0184379918291101,4717.32502976235,4.45833333333333,5,"May","yes"
"4087","May 2022",2022-05-18 19:00:00,6435,0.0173663241555343,4796.53655091425,4.46875,5,"May","yes"
"4088","May 2022",2022-05-18 19:15:00,6450,0.0177705472026636,4860.70450705048,4.47916666666667,5,"May","yes"
"4089","May 2022",2022-05-18 19:30:00,6465,0.0162199032891156,4895.62593718177,4.48958333333333,5,"May","yes"
"4090","May 2022",2022-05-18 19:45:00,6480,0.0164423678508839,4930.70460196362,4.5,5,"May","yes"
"4091","May 2022",2022-05-18 20:00:00,6495,0.0166607940007587,5049.14813650745,4.51041666666667,5,"May","yes"
"4092","May 2022",2022-05-18 20:15:00,6510,0.0168660758314631,5076.46562586856,4.52083333333333,5,"May","yes"
"4093","May 2022",2022-05-18 20:30:00,6525,0.0161936839526902,5089.40351282636,4.53125,5,"May","yes"
"4094","May 2022",2022-05-18 20:45:00,6540,0.0164776665919899,5124.90859573652,4.54166666666667,5,"May","yes"
"4095","May 2022",2022-05-18 21:00:00,6555,0.0169618077424945,5219.1569812531,4.55208333333333,5,"May","yes"
"4096","May 2022",2022-05-18 21:15:00,6570,0.0162665808812724,5202.94905240989,4.5625,5,"May","yes"
"4097","May 2022",2022-05-18 21:30:00,6585,0.016057191336759,5230.97148734455,4.57291666666667,5,"May","yes"
"4098","May 2022",2022-05-18 21:45:00,6600,0.0159993285915448,5244.60067964104,4.58333333333333,5,"May","yes"
"4099","May 2022",2022-05-18 22:00:00,6615,0.0178384719747067,5265.18175813494,4.59375,5,"May","yes"
"4100","May 2022",2022-05-18 22:15:00,6630,0.0163104171961878,5315.53229319283,4.60416666666667,5,"May","yes"
"4101","May 2022",2022-05-18 22:30:00,6645,0.0172177225961508,5336.43821916696,4.61458333333333,5,"May","yes"
"4102","May 2022",2022-05-18 22:45:00,6660,0.0163338266658578,5365.29504859195,4.625,5,"May","yes"
"4103","May 2022",2022-05-18 23:00:00,6675,0.016158766063718,5363.84970621455,4.63541666666667,5,"May","yes"
"4104","May 2022",2022-05-18 23:15:00,6690,0.0149663228582707,5400.03908280665,4.64583333333333,5,"May","yes"
"4105","May 2022",2022-05-18 23:30:00,6705,0.0160079996599167,5406.35734470338,4.65625,5,"May","yes"
"4106","May 2022",2022-05-18 23:45:00,6720,0.0167974754696998,5405.59037525342,4.66666666666667,5,"May","yes"
"4107","May 2022",2022-05-19,6735,0.0169887927094981,5448.79200980918,4.67708333333333,5,"May","yes"
"4108","May 2022",2022-05-19 00:15:00,6750,0.0168004544950063,5441.35710689368,4.6875,5,"May","yes"
"4109","May 2022",2022-05-19 00:30:00,6765,0.0164306120740103,5410.845057982,4.69791666666667,5,"May","yes"
"4110","May 2022",2022-05-19 00:45:00,6780,0.018362392227119,5455.13488397961,4.70833333333333,5,"May","yes"
"4111","May 2022",2022-05-19 01:00:00,6795,0.0175248829772224,5454.8561768272,4.71875,5,"May","yes"
"4112","May 2022",2022-05-19 01:15:00,6810,0.0160948723039513,5440.09092454477,4.72916666666667,5,"May","yes"
"4113","May 2022",2022-05-19 01:30:00,6825,0.0185454138771232,5476.71187322425,4.73958333333333,5,"May","yes"
"4114","May 2022",2022-05-19 01:45:00,6840,0.0167439089641121,5498.72342211737,4.75,5,"May","yes"
"4115","May 2022",2022-05-19 02:00:00,6855,0.0161413247876299,5498.76743057488,4.76041666666667,5,"May","yes"
"4116","May 2022",2022-05-19 02:15:00,6870,0.0177582142581232,5498.30576708064,4.77083333333333,5,"May","yes"
"4117","May 2022",2022-05-19 02:30:00,6885,0.0171693697781135,5534.5618206965,4.78125,5,"May","yes"
"4118","May 2022",2022-05-19 02:45:00,6900,0.0171754092996724,5526.45010921536,4.79166666666667,5,"May","yes"
"4119","May 2022",2022-05-19 03:00:00,6915,0.0189949361673231,5540.43278924075,4.80208333333333,5,"May","yes"
"4120","May 2022",2022-05-19 03:15:00,6930,0.0171211007213702,5524.86792330158,4.8125,5,"May","yes"
"4121","May 2022",2022-05-19 03:30:00,6945,0.0171120595982188,5546.1454458104,4.82291666666667,5,"May","yes"
"4122","May 2022",2022-05-19 03:45:00,6960,0.0171935357169706,5516.25073984736,4.83333333333333,5,"May","yes"
"4123","May 2022",2022-05-19 04:00:00,6975,0.0158322667399824,5508.72361306266,4.84375,5,"May","yes"
"4124","May 2022",2022-05-19 04:15:00,6990,0.0178786837763108,5554.12984187565,4.85416666666667,5,"May","yes"
"4125","May 2022",2022-05-19 04:30:00,7005,0.0182117584118716,5575.78822757418,4.86458333333333,5,"May","yes"
"4126","May 2022",2022-05-19 04:45:00,7020,0.0172904088756335,5575.53739122513,4.875,5,"May","yes"
"4127","May 2022",2022-05-19 05:00:00,7035,0.0175799748545013,5582.3776764598,4.88541666666667,5,"May","yes"
"4128","May 2022",2022-05-19 05:15:00,7050,0.0155439758807431,5596.32432431441,4.89583333333333,5,"May","yes"
"4129","May 2022",2022-05-19 05:30:00,7065,0.0161587660637182,5646.9661953971,4.90625,5,"May","yes"
"4130","May 2022",2022-05-19 05:45:00,7080,0.0167855626404001,5638.60801200881,4.91666666666667,5,"May","yes"
"4131","May 2022",2022-05-19 06:00:00,7095,0.0161384190534559,5637.9602888172,4.92708333333333,5,"May","yes"
"4132","May 2022",2022-05-19 06:15:00,7110,0.0159098999821771,5637.12158600145,4.9375,5,"May","yes"
"4133","May 2022",2022-05-19 06:30:00,7125,0.0158926275374474,5672.9412333055,4.94791666666667,5,"May","yes"
"4134","May 2022",2022-05-19 06:45:00,7140,0.0167498555629856,5657.99340913728,4.95833333333333,5,"May","yes"
"4135","May 2022",2022-05-19 07:00:00,7155,0.0162432316150323,5701.70668075564,4.96875,5,"May","yes"
"4136","May 2022",2022-05-19 07:15:00,7170,0.0169977935879658,5671.592140984,4.97916666666667,5,"May","yes"
"4137","May 2022",2022-05-19 07:30:00,7185,0.0162024207867659,5619.42392869403,4.98958333333333,5,"May","yes"
"4138","May 2022",2022-05-19 07:45:00,7200,0.0159358307347691,5655.51388398336,5,5,"May","yes"
"4139","May 2022",2022-05-19 08:00:00,7215,0.0153799313989216,5582.26770857395,5.01041666666667,5,"May","yes"
"4140","May 2022",2022-05-19 08:15:00,7230,0.0157119780208023,5529.90553374877,5.02083333333333,5,"May","yes"
"4141","May 2022",2022-05-19 08:30:00,7245,0.0163895080812148,5538.8531849641,5.03125,5,"May","yes"
"4142","May 2022",2022-05-19 08:45:00,7260,0.0163045681006961,5518.80343313582,5.04166666666667,5,"May","yes"
"4143","May 2022",2022-05-19 09:00:00,7275,0.0155553298651591,5453.71954712797,5.05208333333333,5,"May","yes"
"4144","May 2022",2022-05-19 09:15:00,7290,0.0151219805391443,5389.04596169961,5.0625,5,"May","yes"
"4145","May 2022",2022-05-19 09:30:00,7305,0.0169258690127508,5317.93870020173,5.07291666666667,5,"May","yes"
"4146","May 2022",2022-05-19 09:45:00,7320,0.0142678116504339,5299.68730090562,5.08333333333333,5,"May","yes"
"4147","May 2022",2022-05-19 10:00:00,7335,0.0158523709733687,5275.253161913,5.09375,5,"May","yes"
"4148","May 2022",2022-05-19 10:15:00,7350,0.016554308830842,5236.19115383143,5.10416666666667,5,"May","yes"
"4149","May 2022",2022-05-19 10:30:00,7365,0.0158955054602542,5193.6193825007,5.11458333333333,5,"May","yes"
"4150","May 2022",2022-05-19 10:45:00,7380,0.0153011314509821,5189.05593671268,5.125,5,"May","yes"
"4151","May 2022",2022-05-19 11:00:00,7395,0.0146744943804643,5112.54071031277,5.13541666666667,5,"May","yes"
"4152","May 2022",2022-05-19 11:15:00,7410,0.0162286489573904,5180.2179596704,5.14583333333333,5,"May","yes"
"4153","May 2022",2022-05-19 11:30:00,7425,0.017342009016872,5110.0788199413,5.15625,5,"May","yes"
"4154","May 2022",2022-05-19 11:45:00,7440,0.0162140744795623,5101.82999706179,5.16666666666667,5,"May","yes"
"4155","May 2022",2022-05-19 12:00:00,7455,0.0171030214198002,5119.0691865123,5.17708333333333,5,"May","yes"
"4156","May 2022",2022-05-19 12:15:00,7470,0.0164482477024762,5089.07560947479,5.1875,5,"May","yes"
"4157","May 2022",2022-05-19 12:30:00,7485,0.0160774742172803,5118.22824157946,5.19791666666667,5,"May","yes"
"4158","May 2022",2022-05-19 12:45:00,7500,0.0153236195464176,5163.69163731078,5.20833333333333,5,"May","yes"
"4159","May 2022",2022-05-19 13:00:00,7515,0.0157520101307881,5081.18184145752,5.21875,5,"May","yes"
"4160","May 2022",2022-05-19 13:15:00,7530,0.016979794775764,5104.91563846836,5.22916666666667,5,"May","yes"
"4161","May 2022",2022-05-19 13:30:00,7545,0.0165041715675159,5165.20081004526,5.23958333333333,5,"May","yes"
"4162","May 2022",2022-05-19 13:45:00,7560,0.0149414021490955,5165.17743611799,5.25,5,"May","yes"
"4163","May 2022",2022-05-19 14:00:00,7575,0.0168541329004479,5133.01876593078,5.26041666666667,5,"May","yes"
"4164","May 2022",2022-05-19 14:15:00,7590,0.0145626033224922,5185.07851730937,5.27083333333333,5,"May","yes"
"4165","May 2022",2022-05-19 14:30:00,7605,0.0155241190049281,5133.83630623908,5.28125,5,"May","yes"
"4166","May 2022",2022-05-19 14:45:00,7620,0.0142973849119278,5104.68157018418,5.29166666666667,5,"May","yes"
"4167","May 2022",2022-05-19 15:00:00,7635,0.015016243784412,5098.21064208932,5.30208333333333,5,"May","yes"
"4168","May 2022",2022-05-19 15:15:00,7650,0.014206104581417,5067.676510053,5.3125,5,"May","yes"
"4169","May 2022",2022-05-19 15:30:00,7665,0.0158322667399822,4995.79266439189,5.32291666666667,5,"May","yes"
"4170","May 2022",2022-05-19 15:45:00,7680,0.0130007265601058,5008.28076160522,5.33333333333333,5,"May","yes"
"4171","May 2022",2022-05-19 16:00:00,7695,0.0138289635639199,4959.26287786834,5.34375,5,"May","yes"
"4172","May 2022",2022-05-19 16:15:00,7710,0.0140698932755135,4962.2170283131,5.35416666666667,5,"May","yes"
"4173","May 2022",2022-05-19 16:30:00,7725,0.0135829360538464,4937.54078729912,5.36458333333333,5,"May","yes"
"4174","May 2022",2022-05-19 16:45:00,7740,0.0137606241633408,4925.03100403558,5.375,5,"May","yes"
"4175","May 2022",2022-05-19 17:00:00,7755,0.012699762765271,4935.76905736569,5.38541666666667,5,"May","yes"
"4176","May 2022",2022-05-19 17:15:00,7770,0.0127620750147026,4946.68391209776,5.39583333333333,5,"May","yes"
"4177","May 2022",2022-05-19 17:30:00,7785,0.0132935713862206,4949.89050655699,5.40625,5,"May","yes"
"4178","May 2022",2022-05-19 17:45:00,7800,0.0122450078348548,4967.9950816768,5.41666666666667,5,"May","yes"
"4179","May 2022",2022-05-19 18:00:00,7815,0.0114987867668535,5038.04017341579,5.42708333333333,5,"May","yes"
"4180","May 2022",2022-05-19 18:15:00,7830,0.0121119698939715,5087.83974771356,5.4375,5,"May","yes"
"4181","May 2022",2022-05-19 18:30:00,7845,0.0113506484741373,5189.11471480219,5.44791666666667,5,"May","yes"
"4182","May 2022",2022-05-19 18:45:00,7860,0.0118298826933934,5253.4828938314,5.45833333333333,5,"May","yes"
"4183","May 2022",2022-05-19 19:00:00,7875,0.0115780303376554,5317.08145593701,5.46875,5,"May","yes"
"4184","May 2022",2022-05-19 19:15:00,7890,0.0122474358678988,5418.95040116515,5.47916666666667,5,"May","yes"
"4185","May 2022",2022-05-19 19:30:00,7905,0.0103124215388985,5453.4804208387,5.48958333333333,5,"May","yes"
"4186","May 2022",2022-05-19 19:45:00,7920,0.0113299240094783,5510.22419160078,5.5,5,"May","yes"
"4187","May 2022",2022-05-19 20:00:00,7935,0.0111037040696282,5589.61057725308,5.51041666666667,5,"May","yes"
"4188","May 2022",2022-05-19 20:15:00,7950,0.0101881721787565,5655.56579112278,5.52083333333333,5,"May","yes"
"4189","May 2022",2022-05-19 20:30:00,7965,0.0111400476121313,5683.26757567331,5.53125,5,"May","yes"
"4190","May 2022",2022-05-19 20:45:00,7980,0.0118393703714768,5778.06601062058,5.54166666666667,5,"May","yes"
"4191","May 2022",2022-05-19 21:00:00,7995,0.0108941156042928,5768.5787047595,5.55208333333333,5,"May","yes"
"4192","May 2022",2022-05-19 21:15:00,8010,0.0103857690998614,5826.11357644229,5.5625,5,"May","yes"
"4193","May 2022",2022-05-19 21:30:00,8025,0.0105226775526151,5854.10253990949,5.57291666666667,5,"May","yes"
"4194","May 2022",2022-05-19 21:45:00,8040,0.0105839425971538,5859.9579913849,5.58333333333333,5,"May","yes"
"4195","May 2022",2022-05-19 22:00:00,8055,0.00971658734358634,5970.06901624705,5.59375,5,"May","yes"
"4196","May 2022",2022-05-19 22:15:00,8070,0.0102223379276145,5939.0474412406,5.60416666666667,5,"May","yes"
"4197","May 2022",2022-05-19 22:30:00,8085,0.00983241129405893,5974.51268109102,5.61458333333333,5,"May","yes"
"4198","May 2022",2022-05-19 22:45:00,8100,0.00950825880854672,6025.08879708305,5.625,5,"May","yes"
"4199","May 2022",2022-05-19 23:00:00,8115,0.00942749057068124,6083.72148959347,5.63541666666667,5,"May","yes"
"4200","May 2022",2022-05-19 23:15:00,8130,0.00952853266615192,6082.26562544737,5.64583333333333,5,"May","yes"
"4201","May 2022",2022-05-19 23:30:00,8145,0.00986569231424852,6110.47443454847,5.65625,5,"May","yes"
"4202","May 2022",2022-05-19 23:45:00,8160,0.00922192196774788,6117.2265729766,5.66666666666667,5,"May","yes"
"4203","May 2022",2022-05-20,8175,0.00956917853912849,6138.68719517526,5.67708333333333,5,"May","yes"
"4204","May 2022",2022-05-20 00:15:00,8190,0.0101073642247803,6153.37996401,5.6875,5,"May","yes"
"4205","May 2022",2022-05-20 00:30:00,8205,0.0100122816271678,6206.62032311253,5.69791666666667,5,"May","yes"
"4206","May 2022",2022-05-20 00:45:00,8220,0.0102995171147762,6205.74579573919,5.70833333333333,5,"May","yes"
"4207","May 2022",2022-05-20 01:00:00,8235,0.0101775125598477,6264.93174101311,5.71875,5,"May","yes"
"4208","May 2022",2022-05-20 01:15:00,8250,0.00981787718672678,6242.46659850333,5.72916666666667,5,"May","yes"
"4209","May 2022",2022-05-20 01:30:00,8265,0.0095102847219408,6294.47723077343,5.73958333333333,5,"May","yes"
"4210","May 2022",2022-05-20 01:45:00,8280,0.00946982862064592,6330.72388854024,5.75,5,"May","yes"
"4211","May 2022",2022-05-20 02:00:00,8295,0.0099429754857369,6307.90583411972,5.76041666666667,5,"May","yes"
"4212","May 2022",2022-05-20 02:15:00,8310,0.00941944253983939,6313.77241955701,5.77083333333333,5,"May","yes"
"4213","May 2022",2022-05-20 02:30:00,8325,0.00934724584090341,6349.2387312138,5.78125,5,"May","yes"
"4214","May 2022",2022-05-20 02:45:00,8340,0.00976610053756202,6310.74708557888,5.79166666666667,5,"May","yes"
"4215","May 2022",2022-05-20 03:00:00,8355,0.00858668038577278,6338.712787569,5.80208333333333,5,"May","yes"
"4216","May 2022",2022-05-20 03:15:00,8370,0.00949813414946493,6307.59345058438,5.8125,5,"May","yes"
"4217","May 2022",2022-05-20 03:30:00,8385,0.00852883698249769,6402.97854749314,5.82291666666667,5,"May","yes"
"4218","May 2022",2022-05-20 03:45:00,8400,0.00848983138870444,6394.06565178212,5.83333333333333,5,"May","yes"
"4219","May 2022",2022-05-20 04:00:00,8415,0.00904514058398032,6400.00216969849,5.84375,5,"May","yes"
"4220","May 2022",2022-05-20 04:15:00,8430,0.00846575737829179,6332.17132011376,5.85416666666667,5,"May","yes"
"4221","May 2022",2022-05-20 04:30:00,8445,0.00918438076201867,6405.72215957993,5.86458333333333,5,"May","yes"
"4222","May 2022",2022-05-20 04:45:00,8460,0.00907442010212934,6389.7096365233,5.875,5,"May","yes"
"4223","May 2022",2022-05-20 05:00:00,8475,0.00967341789733957,6418.42928869562,5.88541666666667,5,"May","yes"
"4224","May 2022",2022-05-20 05:15:00,8490,0.00961404016236322,6432.61243447486,5.89583333333333,5,"May","yes"
"4225","May 2022",2022-05-20 05:30:00,8505,0.00795890372685209,6461.62529011243,5.90625,5,"May","yes"
"4226","May 2022",2022-05-20 05:45:00,8520,0.00834621675935529,6468.25269264749,5.91666666666667,5,"May","yes"
"4227","May 2022",2022-05-20 06:00:00,8535,0.00873550941996329,6475.28239877763,5.92708333333333,5,"May","yes"
"4228","May 2022",2022-05-20 06:15:00,8550,0.00895387481333192,6497.07393414008,5.9375,5,"May","yes"
"4229","May 2022",2022-05-20 06:30:00,8565,0.00845466494653866,6489.22887642009,5.94791666666667,5,"May","yes"
"4230","May 2022",2022-05-20 06:45:00,8580,0.00799941918847464,6496.23861675586,5.95833333333333,5,"May","yes"
"4231","May 2022",2022-05-20 07:00:00,8595,0.00814527418081656,6576.80557719966,5.96875,5,"May","yes"
"4232","May 2022",2022-05-20 07:15:00,8610,0.00781413507669822,6509.10993978257,5.97916666666667,5,"May","yes"
"4233","May 2022",2022-05-20 07:30:00,8625,0.00902760820988671,6522.67725352505,5.98958333333333,5,"May","yes"
"4234","May 2022",2022-05-20 07:45:00,8640,0.00817938379103021,6477.45850512019,6,5,"May","yes"
"4235","May 2022",2022-05-20 08:00:00,8655,0.00827152520452471,6402.71497273016,6.01041666666667,5,"May","yes"
"4236","May 2022",2022-05-20 08:15:00,8670,0.00794485196425167,6424.70238157126,6.02083333333333,5,"May","yes"
"4237","May 2022",2022-05-20 08:30:00,8685,0.00794836294174648,6365.68538386348,6.03125,5,"May","yes"
"4238","May 2022",2022-05-20 08:45:00,8700,0.00812200408251124,6300.12227822039,6.04166666666667,5,"May","yes"
"4239","May 2022",2022-05-20 09:00:00,8715,0.00882119831932537,6278.90428569418,6.05208333333333,5,"May","yes"
"4240","May 2022",2022-05-20 09:15:00,8730,0.00863731631587964,6244.06042464403,6.0625,5,"May","yes"
"4241","May 2022",2022-05-20 09:30:00,8745,0.00906465208293237,6253.98173095553,6.07291666666667,5,"May","yes"
"4242","May 2022",2022-05-20 09:45:00,8760,0.00859603941427615,6160.17837197311,6.08333333333333,5,"May","yes"
"4243","May 2022",2022-05-20 10:00:00,8775,0.00829332921589747,6116.94493229897,6.09375,5,"May","yes"
"4244","May 2022",2022-05-20 10:15:00,8790,0.00827334040591344,6068.67086721168,6.10416666666667,5,"May","yes"
"4245","May 2022",2022-05-20 10:30:00,8805,0.00819378106896871,6035.43159462749,6.11458333333333,5,"May","yes"
"4246","May 2022",2022-05-20 10:45:00,8820,0.00869574801136827,6009.114379356,6.125,5,"May","yes"
"4247","May 2022",2022-05-20 11:00:00,8835,0.00871655742027993,5990.14965484263,6.13541666666667,5,"May","yes"
"4248","May 2022",2022-05-20 11:15:00,8850,0.00837551388299656,5948.3470504842,6.14583333333333,5,"May","yes"
"4249","May 2022",2022-05-20 11:30:00,8865,0.0091273087529764,5936.06599973282,6.15625,5,"May","yes"
"4250","May 2022",2022-05-20 11:45:00,8880,0.00861665806992833,5864.43908694018,6.16666666666667,5,"May","yes"
"4251","May 2022",2022-05-20 12:00:00,8895,0.0089326191137754,5908.64451578162,6.17708333333333,5,"May","yes"
"4252","May 2022",2022-05-20 12:15:00,8910,0.0087659006755082,5905.59905916919,6.1875,5,"May","yes"
"4253","May 2022",2022-05-20 12:30:00,8925,0.00824614674030161,5920.14490615051,6.19791666666667,5,"May","yes"
"4254","May 2022",2022-05-20 12:45:00,8940,0.00932327450604727,5910.69923297568,6.20833333333333,5,"May","yes"
"4255","May 2022",2022-05-20 13:00:00,8955,0.0085530556120196,5947.43778099296,6.21875,5,"May","yes"
"4256","May 2022",2022-05-20 13:15:00,8970,0.00869385821007715,5969.2804508064,6.22916666666667,5,"May","yes"
"4257","May 2022",2022-05-20 13:30:00,8985,0.00937727626596617,5918.18620231426,6.23958333333333,5,"May","yes"
"4258","May 2022",2022-05-20 13:45:00,9000,0.00883458725271545,5970.05571557788,6.25,5,"May","yes"
"4259","May 2022",2022-05-20 14:00:00,9015,0.00941542048757387,5965.20190490861,6.26041666666667,5,"May","yes"
"4260","May 2022",2022-05-20 14:15:00,9030,0.0084916855260072,5970.3034761542,6.27083333333333,5,"May","yes"
"4261","May 2022",2022-05-20 14:30:00,9045,0.00868252627337359,5999.19154667203,6.28125,5,"May","yes"
"4262","May 2022",2022-05-20 14:45:00,9060,0.00889214998768418,5994.66493135241,6.29166666666667,5,"May","yes"
"4263","May 2022",2022-05-20 15:00:00,9075,0.00891718528982293,5942.08474507826,6.30208333333333,5,"May","yes"
"4264","May 2022",2022-05-20 15:15:00,9090,0.008452817353087,5904.40228679877,6.3125,5,"May","yes"
"4265","May 2022",2022-05-20 15:30:00,9105,0.00853255932638308,5865.40561759179,6.32291666666667,5,"May","yes"
"4266","May 2022",2022-05-20 15:45:00,9120,0.0084787134359319,5841.17518588376,6.33333333333333,5,"May","yes"
"4267","May 2022",2022-05-20 16:00:00,9135,0.00780721520578585,5840.3006609817,6.34375,5,"May","yes"
"4268","May 2022",2022-05-20 16:15:00,9150,0.00796945629088992,5898.59596208279,6.35416666666667,5,"May","yes"
"4269","May 2022",2022-05-20 16:30:00,9165,0.00761897025301095,5828.50599653868,6.36458333333333,5,"May","yes"
"4270","May 2022",2022-05-20 16:45:00,9180,0.007743454575398,5810.43637457994,6.375,5,"May","yes"
"4271","May 2022",2022-05-20 17:00:00,9195,0.00797649787743283,5866.82215150972,6.38541666666667,5,"May","yes"
"4272","May 2022",2022-05-20 17:15:00,9210,0.00735879327474977,5878.9947450355,6.39583333333333,5,"May","yes"
"4273","May 2022",2022-05-20 17:30:00,9225,0.00813094757646979,5905.38722358301,6.40625,5,"May","yes"
"4274","May 2022",2022-05-20 17:45:00,9240,0.00736865284495625,5909.13693446195,6.41666666666667,5,"May","yes"
"4275","May 2022",2022-05-20 18:00:00,9255,0.00796945629088992,5957.28579853769,6.42708333333333,5,"May","yes"
"4276","May 2022",2022-05-20 18:15:00,9270,0.00705740768989603,6020.43818026144,6.4375,5,"May","yes"
"4277","May 2022",2022-05-20 18:30:00,9285,0.00698032682389096,6062.11407904984,6.44791666666667,5,"May","yes"
"4278","May 2022",2022-05-20 18:45:00,9300,0.00691333161814779,6155.36640545475,6.45833333333333,5,"May","yes"
"4279","May 2022",2022-05-20 19:00:00,9315,0.00722684193992908,6213.960511382,6.46875,5,"May","yes"
"4280","May 2022",2022-05-20 19:15:00,9330,0.00680250817640613,6233.42282440296,6.47916666666667,5,"May","yes"
"4281","May 2022",2022-05-20 19:30:00,9345,0.00695532770165054,6312.27075966321,6.48958333333333,5,"May","yes"
"4282","May 2022",2022-05-20 19:45:00,9360,0.00688237718864666,6422.32450128217,6.5,5,"May","yes"
"4283","May 2022",2022-05-20 20:00:00,9375,0.0069210906750578,6412.77012581498,6.51041666666667,5,"May","yes"
"4284","May 2022",2022-05-20 20:15:00,9390,0.00694597462551901,6478.15707029142,6.52083333333333,5,"May","yes"
"4285","May 2022",2022-05-20 20:30:00,9405,0.00713048423493939,6506.06741430437,6.53125,5,"May","yes"
"4286","May 2022",2022-05-20 20:45:00,9420,0.00648458660660923,6526.57579876545,6.54166666666667,5,"May","yes"
"4287","May 2022",2022-05-20 21:00:00,9435,0.00695220870083637,6553.94927929825,6.55208333333333,5,"May","yes"
"4288","May 2022",2022-05-20 21:15:00,9450,0.00646275726293473,6574.634882869,6.5625,5,"May","yes"
"4289","May 2022",2022-05-20 21:30:00,9465,0.00630917686386145,6647.65863409305,6.57291666666667,5,"May","yes"
"4290","May 2022",2022-05-20 21:45:00,9480,0.00625834714752917,6631.33549771534,6.58333333333333,5,"May","yes"
"4291","May 2022",2022-05-20 22:00:00,9495,0.00685001589406529,6620.72377868034,6.59375,5,"May","yes"
"4292","May 2022",2022-05-20 22:15:00,9510,0.00642798343917091,6641.12587732294,6.60416666666667,5,"May","yes"
"4293","May 2022",2022-05-20 22:30:00,9525,0.00624851283405525,6670.35703387756,6.61458333333333,5,"May","yes"
"4294","May 2022",2022-05-20 22:45:00,9540,0.00688083290269337,6706.73020907894,6.625,5,"May","yes"
"4295","May 2022",2022-05-20 23:00:00,9555,0.00636758273646556,6720.98910510427,6.63541666666667,5,"May","yes"
"4296","May 2022",2022-05-20 23:15:00,9570,0.00690248268056109,6795.56077949746,6.64583333333333,5,"May","yes"
"4297","May 2022",2022-05-20 23:30:00,9585,0.00683926086074185,6817.09223926002,6.65625,5,"May","yes"
"4298","May 2022",2022-05-20 23:45:00,9600,0.00648604451372803,6809.06517010992,6.66666666666667,5,"May","yes"
"4299","May 2022",2022-05-21,9615,0.00637044587270171,6822.91987002469,6.67708333333333,5,"May","yes"
"4300","May 2022",2022-05-21 00:15:00,9630,0.00639483537230665,6829.53623952483,6.6875,5,"May","yes"
"4301","May 2022",2022-05-21 00:30:00,9645,0.00643955377343537,6873.49473733126,6.69791666666667,5,"May","yes"
"4302","May 2022",2022-05-21 00:45:00,9660,0.00598904663075888,6887.76085015068,6.70833333333333,5,"May","yes"
"4303","May 2022",2022-05-21 01:00:00,9675,0.00656230655524337,6924.96966496607,6.71875,5,"May","yes"
"4304","May 2022",2022-05-21 01:15:00,9690,0.00607151233134784,6939.40811293907,6.72916666666667,5,"May","yes"
"4305","May 2022",2022-05-21 01:30:00,9705,0.00601729904123609,6968.95176700172,6.73958333333333,5,"May","yes"
"4306","May 2022",2022-05-21 01:45:00,9720,0.00589064059947896,6945.92222691671,6.75,5,"May","yes"
"4307","May 2022",2022-05-21 02:00:00,9735,0.0063319039610009,7004.89931053425,6.76041666666667,5,"May","yes"
"4308","May 2022",2022-05-21 02:15:00,9750,0.00638621651626826,6990.01788560878,6.77083333333333,5,"May","yes"
"4309","May 2022",2022-05-21 02:30:00,9765,0.00618984363435021,6952.97498535455,6.78125,5,"May","yes"
"4310","May 2022",2022-05-21 02:45:00,9780,0.00626397395346479,7033.9157286725,6.79166666666667,5,"May","yes"
"4311","May 2022",2022-05-21 03:00:00,9795,0.0062177093661333,7040.75662461056,6.80208333333333,5,"May","yes"
"4312","May 2022",2022-05-21 03:15:00,9810,0.00581736215130214,7070.33685012938,6.8125,5,"May","yes"
"4313","May 2022",2022-05-21 03:30:00,9825,0.00628512110066248,7039.72082447305,6.82291666666667,5,"May","yes"
"4314","May 2022",2022-05-21 03:45:00,9840,0.00631627008392228,7083.5555302138,6.83333333333333,5,"May","yes"
"4315","May 2022",2022-05-21 04:00:00,9855,0.00558381451890392,7075.32350095052,6.84375,5,"May","yes"
"4316","May 2022",2022-05-21 04:15:00,9870,0.00590251319675828,7065.79229811336,6.85416666666667,5,"May","yes"
"4317","May 2022",2022-05-21 04:30:00,9885,0.0063833461817959,6967.53254154078,6.86458333333333,5,"May","yes"
"4318","May 2022",2022-05-21 04:45:00,9900,0.00592633789910767,6994.820651411,6.875,5,"May","yes"
"4319","May 2022",2022-05-21 05:00:00,9915,0.00591176576186972,7021.88998370848,6.88541666666667,5,"May","yes"
"4320","May 2022",2022-05-21 05:15:00,9930,0.00605383558976806,6982.15313309988,6.89583333333333,5,"May","yes"
"4321","May 2022",2022-05-21 05:30:00,9945,0.00552960736988142,6994.16290976863,6.90625,5,"May","yes"
"4322","May 2022",2022-05-21 05:45:00,9960,0.00590779841366661,6970.52714653045,6.91666666666667,5,"May","yes"
"4323","May 2022",2022-05-21 06:00:00,9975,0.00569159386201159,7013.21400653381,6.92708333333333,5,"May","yes"
"4324","May 2022",2022-05-21 06:15:00,9990,0.00579402627462964,6959.71872749583,6.9375,5,"May","yes"
"4325","May 2022",2022-05-21 06:30:00,10005,0.00597698262583485,6936.21052544082,6.94791666666667,5,"May","yes"
"4326","May 2022",2022-05-21 06:45:00,10020,0.00543267179218531,6956.75777358213,6.95833333333333,5,"May","yes"
"4327","May 2022",2022-05-21 07:00:00,10035,0.00568779338201146,6962.42671787574,6.96875,5,"May","yes"
"4328","May 2022",2022-05-21 07:15:00,10050,0.00566001317329677,6968.0020962719,6.97916666666667,5,"May","yes"
"4329","May 2022",2022-05-21 07:30:00,10065,0.00552715845941974,6951.64143281738,6.98958333333333,5,"May","yes"
"4330","May 2022",2022-05-21 07:45:00,10080,0.00544107005753597,6936.45241981191,7,5,"May","yes"
"4331","May 2022",2022-05-21 08:00:00,10095,0.00521880538344235,6959.5272707305,7.01041666666667,5,"May","yes"
"4332","May 2022",2022-05-21 08:15:00,10110,0.00553818886306281,6968.10049189661,7.02083333333333,5,"May","yes"
"4333","May 2022",2022-05-21 08:30:00,10125,0.00573998815834634,6977.19211900595,7.03125,5,"May","yes"
"4334","May 2022",2022-05-21 08:45:00,10140,0.00570555414917201,6920.38191928112,7.04166666666667,5,"May","yes"
"4335","May 2022",2022-05-21 09:00:00,10155,0.00631768970951216,6944.90471350976,7.05208333333333,5,"May","yes"
"4336","May 2022",2022-05-21 09:15:00,10170,0.00590647661865065,6948.88745858245,7.0625,5,"May","yes"
"4337","May 2022",2022-05-21 09:30:00,10185,0.00572337904607331,6900.4996691904,7.07291666666667,5,"May","yes"
"4338","May 2022",2022-05-21 09:45:00,10200,0.00610155278623163,6912.40770630439,7.08333333333333,5,"May","yes"
"4339","May 2022",2022-05-21 10:00:00,10215,0.00610840224783908,6940.56207823182,7.09375,5,"May","yes"
"4340","May 2022",2022-05-21 10:15:00,10230,0.00620376014061401,6960.83524916102,7.10416666666667,5,"May","yes"
"4341","May 2022",2022-05-21 10:30:00,10245,0.00654021709348764,6936.99037890938,7.11458333333333,5,"May","yes"
"4342","May 2022",2022-05-21 10:45:00,10260,0.00624991675440239,6876.27637683778,7.125,5,"May","yes"
"4343","May 2022",2022-05-21 11:00:00,10275,0.00595560094448116,6936.4286122824,7.13541666666667,5,"May","yes"
"4344","May 2022",2022-05-21 11:15:00,10290,0.00606606744447264,7005.83853344627,7.14583333333333,5,"May","yes"
"4345","May 2022",2022-05-21 11:30:00,10305,0.00628653352801615,7128.47169142024,7.15625,5,"May","yes"
"4346","May 2022",2022-05-21 11:45:00,10320,0.00606198721483809,7062.1646919509,7.16666666666667,5,"May","yes"
"4347","May 2022",2022-05-21 12:00:00,10335,0.00654757206759238,7077.3387538126,7.17708333333333,5,"May","yes"
"4348","May 2022",2022-05-21 12:15:00,10350,0.00643376598876275,7007.50513488546,7.1875,5,"May","yes"
"4349","May 2022",2022-05-21 12:30:00,10365,0.00635757206620456,7041.68363471228,7.19791666666667,5,"May","yes"
"4350","May 2022",2022-05-21 12:45:00,10380,0.00612075189186332,7108.50238859152,7.20833333333333,5,"May","yes"
"4351","May 2022",2022-05-21 13:00:00,10395,0.00644679586610858,7100.33397107944,7.21875,5,"May","yes"
"4352","May 2022",2022-05-21 13:15:00,10410,0.00667985925311316,7178.70508470502,7.22916666666667,5,"May","yes"
"4353","May 2022",2022-05-21 13:30:00,10425,0.0064671172422036,7096.5902875988,7.23958333333333,5,"May","yes"
"4354","May 2022",2022-05-21 13:45:00,10440,0.00608378246758124,7137.19765063721,7.25,5,"May","yes"
"4355","May 2022",2022-05-21 14:00:00,10455,0.00631343181432031,7145.43975651388,7.26041666666667,5,"May","yes"
"4356","May 2022",2022-05-21 14:15:00,10470,0.00609471150443804,7224.72762172068,7.27083333333333,5,"May","yes"
"4357","May 2022",2022-05-21 14:30:00,10485,0.00600382751684683,7267.917142808,7.28125,5,"May","yes"
"4358","May 2022",2022-05-21 14:45:00,10500,0.00645259542971328,7318.47686755328,7.29166666666667,5,"May","yes"
"4359","May 2022",2022-05-21 15:00:00,10515,0.00584210947375053,7307.15099014313,7.30208333333333,5,"May","yes"
"4360","May 2022",2022-05-21 15:15:00,10530,0.00645114504802324,7370.2457173076,7.3125,5,"May","yes"
"4361","May 2022",2022-05-21 15:30:00,10545,0.00583819414916364,7409.14359759903,7.32291666666667,5,"May","yes"
"4362","May 2022",2022-05-21 15:45:00,10560,0.0053766986464689,7379.06394355401,7.33333333333333,5,"May","yes"
"4363","May 2022",2022-05-21 16:00:00,10575,0.00590912053587512,7325.22789106609,7.34375,5,"May","yes"
"4364","May 2022",2022-05-21 16:15:00,10590,0.00598502235105121,7368.43369550948,7.35416666666667,5,"May","yes"
"4365","May 2022",2022-05-21 16:30:00,10605,0.00595693484562165,7310.97194868643,7.36458333333333,5,"May","yes"
"4366","May 2022",2022-05-21 16:45:00,10620,0.00573231554317674,7313.72418930725,7.375,5,"May","yes"
"4367","May 2022",2022-05-21 17:00:00,10635,0.0054748234432904,7279.04385484233,7.38541666666667,5,"May","yes"
"4368","May 2022",2022-05-21 17:15:00,10650,0.00560741797618047,7335.26340777933,7.39583333333333,5,"May","yes"
"4369","May 2022",2022-05-21 17:30:00,10665,0.00560617274422244,7376.03509360415,7.40625,5,"May","yes"
"4370","May 2022",2022-05-21 17:45:00,10680,0.00539092095196002,7371.73172144308,7.41666666666667,5,"May","yes"
"4371","May 2022",2022-05-21 18:00:00,10695,0.0052176668162572,7381.23315442204,7.42708333333333,5,"May","yes"
"4372","May 2022",2022-05-21 18:15:00,10710,0.0050922177660037,7391.64883939128,7.4375,5,"May","yes"
"4373","May 2022",2022-05-21 18:30:00,10725,0.00535427635431546,7523.93975171958,7.44791666666667,5,"May","yes"
"4374","May 2022",2022-05-21 18:45:00,10740,0.00542787998164974,7571.32377276635,7.45833333333333,5,"May","yes"
"4375","May 2022",2022-05-21 19:00:00,10755,0.00539329591690421,7650.99657301766,7.46875,5,"May","yes"
"4376","May 2022",2022-05-21 19:15:00,10770,0.00526116238566032,7662.96563720653,7.47916666666667,5,"May","yes"
"4377","May 2022",2022-05-21 19:30:00,10785,0.00496767915415512,7711.51830349631,7.48958333333333,5,"May","yes"
"4378","May 2022",2022-05-21 19:45:00,10800,0.00480363049275082,7708.81558209127,7.5,5,"May","yes"
"4379","May 2022",2022-05-21 20:00:00,10815,0.00493168782156751,7750.24071985396,7.51041666666667,5,"May","yes"
"4380","May 2022",2022-05-21 20:15:00,10830,0.00496555154678234,7805.82211825295,7.52083333333333,5,"May","yes"
"4381","May 2022",2022-05-21 20:30:00,10845,0.00505712903186334,7802.30289786097,7.53125,5,"May","yes"
"4382","May 2022",2022-05-21 20:45:00,10860,0.004693265937949,7872.61054976032,7.54166666666667,5,"May","yes"
"4383","May 2022",2022-05-21 21:00:00,10875,0.00473158329507281,7892.67951173008,7.55208333333333,5,"May","yes"
"4384","May 2022",2022-05-21 21:15:00,10890,0.00473257233526045,7965.19874556697,7.5625,5,"May","yes"
"4385","May 2022",2022-05-21 21:30:00,10905,0.00458693272261582,8010.06724975792,7.57291666666667,5,"May","yes"
"4386","May 2022",2022-05-21 21:45:00,10920,0.00475640745752949,8046.18063429558,7.58333333333333,5,"May","yes"
"4387","May 2022",2022-05-21 22:00:00,10935,0.00456260857328882,8090.40063978546,7.59375,5,"May","yes"
"4388","May 2022",2022-05-21 22:15:00,10950,0.00480363049275082,8157.27366702689,7.60416666666667,5,"May","yes"
"4389","May 2022",2022-05-21 22:30:00,10965,0.00454497310821323,8149.8558997635,7.61458333333333,5,"May","yes"
"4390","May 2022",2022-05-21 22:45:00,10980,0.00504840919913706,8246.06845480016,7.625,5,"May","yes"
"4391","May 2022",2022-05-21 23:00:00,10995,0.00437597793668833,8237.8734185975,7.63541666666667,5,"May","yes"
"4392","May 2022",2022-05-21 23:15:00,11010,0.00454312361451202,8341.78079712446,7.64583333333333,5,"May","yes"
"4393","May 2022",2022-05-21 23:30:00,11025,0.00458505378158468,8311.63643335637,7.65625,5,"May","yes"
"4394","May 2022",2022-05-21 23:45:00,11040,0.00465448304872535,8348.95317062148,7.66666666666667,5,"May","yes"
"4395","May 2022",2022-05-22,11055,0.00461432444061995,8402.0874017075,7.67708333333333,5,"May","yes"
"4396","May 2022",2022-05-22 00:15:00,11070,0.00435963553658962,8432.01769515572,7.6875,5,"May","yes"
"4397","May 2022",2022-05-22 00:30:00,11085,0.00468838944744746,8357.2308741563,7.69791666666667,5,"May","yes"
"4398","May 2022",2022-05-22 00:45:00,11100,0.0046535201839421,8378.99910493554,7.70833333333333,5,"May","yes"
"4399","May 2022",2022-05-22 01:00:00,11115,0.00445142607467834,8408.4048738442,7.71875,5,"May","yes"
"4400","May 2022",2022-05-22 01:15:00,11130,0.00469228998546362,8363.05301024393,7.72916666666667,5,"May","yes"
"4401","May 2022",2022-05-22 01:30:00,11145,0.00443986587071954,8406.52936564564,7.73958333333333,5,"May","yes"
"4402","May 2022",2022-05-22 01:45:00,11160,0.00457474300018143,8360.4096440535,7.75,5,"May","yes"
"4403","May 2022",2022-05-22 02:00:00,11175,0.00448011753998567,8388.71978119258,7.76041666666667,5,"May","yes"
"4404","May 2022",2022-05-22 02:15:00,11190,0.00452653706586162,8394.5102527256,7.77083333333333,5,"May","yes"
"4405","May 2022",2022-05-22 02:30:00,11205,0.00455145664273267,8362.93897351668,7.78125,5,"May","yes"
"4406","May 2022",2022-05-22 02:45:00,11220,0.00447111546589605,8339.22040488731,7.79166666666667,5,"May","yes"
"4407","May 2022",2022-05-22 03:00:00,11235,0.00432984031231953,8345.08620187123,7.80208333333333,5,"May","yes"
"4408","May 2022",2022-05-22 03:15:00,11250,0.0047544139991042,8456.56628839946,7.8125,5,"May","yes"
"4409","May 2022",2022-05-22 03:30:00,11265,0.00439678979975031,8350.67819730489,7.82291666666667,5,"May","yes"
"4410","May 2022",2022-05-22 03:45:00,11280,0.00426570167322189,8349.07105773274,7.83333333333333,5,"May","yes"
"4411","May 2022",2022-05-22 04:00:00,11295,0.0043281498342,8399.39698801234,7.84375,5,"May","yes"
"4412","May 2022",2022-05-22 04:15:00,11310,0.00435449931810534,8382.0518897852,7.85416666666667,5,"May","yes"
"4413","May 2022",2022-05-22 04:30:00,11325,0.00423718904376681,8408.80309360379,7.86458333333333,5,"May","yes"
"4414","May 2022",2022-05-22 04:45:00,11340,0.00426898578046454,8406.35401358598,7.875,5,"May","yes"
"4415","May 2022",2022-05-22 05:00:00,11355,0.00430294971483419,8404.38551464737,7.88541666666667,5,"May","yes"
"4416","May 2022",2022-05-22 05:15:00,11370,0.00424529461025606,8453.95416473852,7.89583333333333,5,"May","yes"
"4417","May 2022",2022-05-22 05:30:00,11385,0.00421786917875513,8436.31435310166,7.90625,5,"May","yes"
"4418","May 2022",2022-05-22 05:45:00,11400,0.00436049271817758,8375.15505054909,7.91666666666667,5,"May","yes"
"4419","May 2022",2022-05-22 06:00:00,11415,0.00422992200889001,8373.39473499646,7.92708333333333,5,"May","yes"
"4420","May 2022",2022-05-22 06:15:00,11430,0.00439766105061812,8409.14187277702,7.9375,5,"May","yes"
"4421","May 2022",2022-05-22 06:30:00,11445,0.00433153209920923,8362.96964490887,7.94791666666667,5,"May","yes"
"4422","May 2022",2022-05-22 06:45:00,11460,0.00416961276854883,8405.81719305472,7.95833333333333,5,"May","yes"
"4423","May 2022",2022-05-22 07:00:00,11475,0.00422187860898618,8368.47332352716,7.96875,5,"May","yes"
"4424","May 2022",2022-05-22 07:15:00,11490,0.00423961727819177,8389.1741979913,7.97916666666667,5,"May","yes"
"4425","May 2022",2022-05-22 07:30:00,11505,0.00432730508592913,8342.65249267943,7.98958333333333,5,"May","yes"
"4426","May 2022",2022-05-22 07:45:00,11520,0.00415250754412954,8379.40823280678,8,5,"May","yes"
"4427","May 2022",2022-05-22 08:00:00,11535,0.00431887559881055,8358.13695998701,8.01041666666667,5,"May","yes"
"4428","May 2022",2022-05-22 08:15:00,11550,0.00435449931810534,8485.14704443164,8.02083333333333,5,"May","yes"
"4429","May 2022",2022-05-22 08:30:00,11565,0.00418136621749605,8472.64432396113,8.03125,5,"May","yes"
"4430","May 2022",2022-05-22 08:45:00,11580,0.00420032486192719,8529.04708130712,8.04166666666667,5,"May","yes"
"4431","May 2022",2022-05-22 09:00:00,11595,0.00440202221284573,8523.70570013984,8.05208333333333,5,"May","yes"
"4432","May 2022",2022-05-22 09:15:00,11610,0.0044532094754834,8498.24512891175,8.0625,5,"May","yes"
"4433","May 2022",2022-05-22 09:30:00,11625,0.00440114932601507,8549.28934970683,8.07291666666667,5,"May","yes"
"4434","May 2022",2022-05-22 09:45:00,11640,0.00446214611106198,8689.06777446746,8.08333333333333,5,"May","yes"
"4435","May 2022",2022-05-22 10:00:00,11655,0.00456447180907726,8620.59271718744,8.09375,5,"May","yes"
"4436","May 2022",2022-05-22 10:15:00,11670,0.00453942855342046,8678.55996597667,8.10416666666667,5,"May","yes"
"4437","May 2022",2022-05-22 10:30:00,11685,0.0044345490419449,8685.5073809779,8.11458333333333,5,"May","yes"
"4438","May 2022",2022-05-22 10:45:00,11700,0.00455981617355027,8639.1060839366,8.125,5,"May","yes"
"4439","May 2022",2022-05-22 11:00:00,11715,0.00452011537073498,8620.97277609896,8.13541666666667,5,"May","yes"
"4440","May 2022",2022-05-22 11:15:00,11730,0.00448463084675122,8699.32163671912,8.14583333333333,5,"May","yes"
"4441","May 2022",2022-05-22 11:30:00,11745,0.00432814983420006,8742.15020163125,8.15625,5,"May","yes"
"4442","May 2022",2022-05-22 11:45:00,11760,0.00438289428405213,8709.86058603661,8.16666666666667,5,"May","yes"
"4443","May 2022",2022-05-22 12:00:00,11775,0.00455888602802258,8675.89277885865,8.17708333333333,5,"May","yes"
"4444","May 2022",2022-05-22 12:15:00,11790,0.00439940453393155,8701.93107381318,8.1875,5,"May","yes"
"4445","May 2022",2022-05-22 12:30:00,11805,0.0045064085822352,8773.86837757236,8.19791666666667,5,"May","yes"
"4446","May 2022",2022-05-22 12:45:00,11820,0.00440202221284573,8808.6748416656,8.20833333333333,5,"May","yes"
"4447","May 2022",2022-05-22 13:00:00,11835,0.00448915233333078,8897.28975780678,8.21875,5,"May","yes"
"4448","May 2022",2022-05-22 13:15:00,11850,0.00449912839675038,8986.62071251648,8.22916666666667,5,"May","yes"
"4449","May 2022",2022-05-22 13:30:00,11865,0.00473059458207779,9007.02607058266,8.23958333333333,5,"May","yes"
"4450","May 2022",2022-05-22 13:45:00,11880,0.00462764651358102,8995.85658373798,8.25,5,"May","yes"
