"","date","GPP_mean","GPP_se_mean","GPP_sd","GPP_2.5pct","GPP_25pct","GPP_50pct","GPP_75pct","GPP_97.5pct","GPP_n_eff","GPP_Rhat","ER_mean","ER_se_mean","ER_sd","ER_2.5pct","ER_25pct","ER_50pct","ER_75pct","ER_97.5pct","ER_n_eff","ER_Rhat","DO_R2_mean","DO_R2_se_mean","DO_R2_sd","DO_R2_2.5pct","DO_R2_25pct","DO_R2_50pct","DO_R2_75pct","DO_R2_97.5pct","DO_R2_n_eff","DO_R2_Rhat","GPP_daily_mean","GPP_daily_se_mean","GPP_daily_sd","GPP_daily_2.5pct","GPP_daily_25pct","GPP_daily_50pct","GPP_daily_75pct","GPP_daily_97.5pct","GPP_daily_n_eff","GPP_daily_Rhat","ER_daily_mean","ER_daily_se_mean","ER_daily_sd","ER_daily_2.5pct","ER_daily_25pct","ER_daily_50pct","ER_daily_75pct","ER_daily_97.5pct","ER_daily_n_eff","ER_daily_Rhat","K600_daily_mean","K600_daily_se_mean","K600_daily_sd","K600_daily_2.5pct","K600_daily_25pct","K600_daily_50pct","K600_daily_75pct","K600_daily_97.5pct","K600_daily_n_eff","K600_daily_Rhat","K600_daily_predlog_mean","K600_daily_predlog_se_mean","K600_daily_predlog_sd","K600_daily_predlog_2.5pct","K600_daily_predlog_25pct","K600_daily_predlog_50pct","K600_daily_predlog_75pct","K600_daily_predlog_97.5pct","K600_daily_predlog_n_eff","K600_daily_predlog_Rhat","valid_day","warnings","errors"
"1",2019-07-12,NA,NA,NA,NA,NA,NA,NA,NA,NA,NA,NA,NA,NA,NA,NA,NA,NA,NA,NA,NA,NA,NA,NA,NA,NA,NA,NA,NA,NA,NA,NA,NA,NA,NA,NA,NA,NA,NA,NA,NA,NA,NA,NA,NA,NA,NA,NA,NA,NA,NA,NA,NA,NA,NA,NA,NA,NA,NA,NA,NA,NA,NA,NA,NA,NA,NA,NA,NA,NA,NA,FALSE,"","data don't start when expected"
"2",2019-07-13,1.42111217695481,0.00551442952606367,0.0865422671607145,1.25397047162403,1.36267462966835,1.42025567795464,1.47903756104059,1.58918099142937,246.294863612219,1.00823090230941,-4.42783695839877,0.0218630128396854,0.29792121251824,-5.0051905302388,-4.62059456231421,-4.43727151335982,-4.22686096111465,-3.83504837925274,185.687570502205,1.00826015023833,0.999998851797609,1.73504809215165e-07,5.07775635762761e-07,0.999997532729557,0.999998616570243,0.999998967797403,0.999999184489029,0.999999582316853,8.56486817577404,1.76273163543486,1.42111217695197,0.0055144295260527,0.0865422671605415,1.25397047162152,1.36267462966563,1.4202556779518,1.47903756103763,1.58918099142619,246.294863612214,1.00823090230941,-4.42783695839877,0.0218630128396854,0.297921212518241,-5.00519053023879,-4.6205945623142,-4.43727151335982,-4.22686096111465,-3.83504837925275,185.687570502205,1.00826015023833,9.20350193524394,0.0471335182906286,0.658845996444258,7.91334107491102,8.76691223672455,9.22011163436165,9.63388816450201,10.4789789994243,195.392596696456,1.0076758445257,1.80551740880359,0.00241532541316399,0.0401164023803886,1.72469255398036,1.77828639916422,1.80581685893815,1.83388744211518,1.88004078187384,275.8624924586,1.00749463662812,TRUE,"",""
"3",2019-07-14,1.80089369575235,0.00753871245747267,0.0951796663721666,1.60321343493557,1.74029713492085,1.80157808511643,1.86227674014913,1.98737277169077,159.402085427353,1.00853947860329,-5.38144647402892,0.0299526619757529,0.33131319849005,-6.05252733979154,-5.59190208712329,-5.38149817810716,-5.1606715498983,-4.72828631338865,122.350746528523,1.01140583861403,0.999998808838936,1.79739907785995e-07,5.27154503991611e-07,0.999997314561381,0.999998575049042,0.99999893122543,0.999999146098498,0.999999551874174,8.60174995482197,1.71316316701497,1.80089369574875,0.0075387124574576,0.0951796663719762,1.60321343493237,1.74029713491737,1.80157808511283,1.86227674014541,1.98737277168679,159.402085427353,1.00853947860329,-5.38144647402892,0.0299526619757529,0.33131319849005,-6.05252733979153,-5.59190208712328,-5.38149817810716,-5.1606715498983,-4.72828631338866,122.350746528523,1.01140583861403,12.6568967764348,0.0724512117717674,0.806677137567696,11.0805711316158,12.1104079214566,12.6468529077534,13.1952406212087,14.2903230655521,123.967599015455,1.01079527263553,2.06002206762138,0.00430595019698537,0.0908989330215523,1.87675820141966,1.99893941250453,2.06299523017765,2.12197957698122,2.23427631844164,445.635280398691,1.00969910429883,TRUE,"",""
"4",2019-07-15,1.3681723515986,0.00816388077820459,0.0899968342109739,1.19601826334395,1.30779783105336,1.36815608696976,1.42832413022617,1.54269634861018,121.523748621441,1.03023652662585,-3.80717888743427,0.0265524325420628,0.275022557650155,-4.3558170574672,-4.00374064035351,-3.79692143738985,-3.61921114002292,-3.28610252125638,107.282282507886,1.03736506087744,0.999998090731327,2.8579443277502e-07,8.33848181897476e-07,0.999995847711392,0.999997695872312,0.999998259133144,0.999998649367265,0.999999275350129,8.51268264775562,1.74433130557259,1.36817235159587,0.00816388077818824,0.0899968342107939,1.19601826334156,1.30779783105074,1.36815608696703,1.42832413022332,1.5426963486071,121.523748621442,1.03023652662585,-3.80717888743427,0.0265524325420628,0.275022557650155,-4.3558170574672,-4.00374064035351,-3.79692143738986,-3.61921114002292,-3.28610252125638,107.282282507886,1.03736506087744,8.9302610207995,0.0640595504857048,0.701325970788926,7.63858130643679,8.44434038043795,8.90455286545982,9.42011173822201,10.2927439409167,119.859391740998,1.03252067724691,2.04052871163333,0.00403525861509253,0.0849641943926031,1.86855779774989,1.98351130259473,2.04370415550678,2.09804494664731,2.20276505976025,443.332062210893,1.00967948970917,TRUE,"",""
"5",2019-07-16,NA,NA,NA,NA,NA,NA,NA,NA,NA,NA,NA,NA,NA,NA,NA,NA,NA,NA,NA,NA,NA,NA,NA,NA,NA,NA,NA,NA,NA,NA,NA,NA,NA,NA,NA,NA,NA,NA,NA,NA,NA,NA,NA,NA,NA,NA,NA,NA,NA,NA,NA,NA,NA,NA,NA,NA,NA,NA,NA,NA,NA,NA,NA,NA,NA,NA,NA,NA,NA,NA,FALSE,"","NAs in DO.sat"
"6",2019-07-17,NA,NA,NA,NA,NA,NA,NA,NA,NA,NA,NA,NA,NA,NA,NA,NA,NA,NA,NA,NA,NA,NA,NA,NA,NA,NA,NA,NA,NA,NA,NA,NA,NA,NA,NA,NA,NA,NA,NA,NA,NA,NA,NA,NA,NA,NA,NA,NA,NA,NA,NA,NA,NA,NA,NA,NA,NA,NA,NA,NA,NA,NA,NA,NA,NA,NA,NA,NA,NA,NA,FALSE,"","NAs in DO.sat"
"7",2019-07-18,1.27088522437928,0.00706961416163737,0.0962608342851746,1.0856180363893,1.20565667195538,1.26786449393129,1.33419145717693,1.46321757955394,185.399184195647,1.00651934275682,-3.91694677831239,0.026349159418001,0.330926060989523,-4.58748041044426,-4.13317921874379,-3.90945599186394,-3.68586128743631,-3.30908244176109,157.73512335691,1.00876250174689,0.999998333323641,2.5048936466393e-07,7.31887961441784e-07,0.999996374396345,0.999997994486568,0.999998491322914,0.999998815188763,0.999999365173348,8.53710503820029,1.72265129520762,1.27088522437674,0.00706961416162323,0.0962608342849821,1.08561803638712,1.20565667195297,1.26786449392876,1.33419145717427,1.46321757955101,185.399184195647,1.00651934275682,-3.91694677831239,0.026349159418001,0.330926060989523,-4.58748041044427,-4.13317921874379,-3.90945599186393,-3.68586128743631,-3.30908244176109,157.73512335691,1.00876250174689,8.56971122035888,0.0622312856293608,0.808286928568973,7.10141555306221,7.99368862624413,8.56210223455301,9.10300944568015,10.1915095650464,168.699410441075,1.00799659780279,1.80551740880359,0.00241532541316399,0.0401164023803886,1.72469255398036,1.77828639916422,1.80581685893815,1.83388744211518,1.88004078187384,275.8624924586,1.00749463662812,TRUE,"",""
"8",2019-07-19,1.03683905091707,0.00860911232683744,0.0870814719970935,0.862599708402672,0.977532481945358,1.03677694320869,1.09752945430458,1.20394110183938,102.313931857977,1.06428506505521,-3.60940302598586,0.0394266718926179,0.338100285213047,-4.23498932648904,-3.84528143190515,-3.61111477325503,-3.38078982054532,-2.93361728913193,73.537834497757,1.08304444873552,0.999997899641306,3.19767782509521e-07,9.28713886639636e-07,0.999995445451128,0.999997465637911,0.999998107819564,0.999998508933588,0.999999222550367,8.4351822104588,1.72880967898861,1.036839050915,0.00860911232682009,0.0870814719969193,0.862599708400947,0.977532481943403,1.03677694320662,1.09752945430239,1.20394110183697,102.31393185798,1.06428506505521,-3.60940302598586,0.0394266718926179,0.338100285213047,-4.23498932648903,-3.84528143190514,-3.61111477325503,-3.38078982054533,-2.93361728913193,73.5378344977569,1.08304444873552,8.64469650604373,0.0959910831570264,0.849334107344742,6.96796422051243,8.06647285379949,8.65165671596375,9.23566819225666,10.2363382266008,78.2880264133838,1.07699953606011,1.80551740880359,0.00241532541316399,0.0401164023803886,1.72469255398036,1.77828639916422,1.80581685893815,1.83388744211518,1.88004078187384,275.8624924586,1.00749463662812,TRUE,"",""
"9",2019-07-20,1.13921236895899,0.00682980723833233,0.0915584670814803,0.944505301153528,1.08228711406213,1.14464614544568,1.20069727588291,1.30558356530461,179.713264300135,1.03123826424503,-3.18972649376746,0.0227965564106728,0.290963717257789,-3.72180627583366,-3.38469304955487,-3.20376456021649,-3.01260032388482,-2.55332756991934,162.90678613086,1.03021391841985,0.999998215485179,2.65588990426768e-07,7.75145410954996e-07,0.999996135072826,0.999997836641933,0.999998389721423,0.999998725281493,0.999999337742201,8.51816845372057,1.74016855285879,1.13921236895671,0.0068298072383186,0.0915584670812972,0.944505301151639,1.08228711405997,1.14464614544339,1.20069727588051,1.305583565302,179.713264300139,1.03123826424503,-3.18972649376746,0.0227965564106728,0.290963717257789,-3.72180627583366,-3.38469304955486,-3.20376456021649,-3.01260032388482,-2.55332756991934,162.90678613086,1.03021391841985,8.17383222182765,0.0608637000124441,0.810394419454456,6.4060249150992,7.66511254518637,8.21272071240815,8.71452941025908,9.73711653657955,177.286710840284,1.0266566307956,1.80551740880359,0.00241532541316399,0.0401164023803886,1.72469255398036,1.77828639916422,1.80581685893815,1.83388744211518,1.88004078187384,275.8624924586,1.00749463662812,TRUE,"",""
"10",2019-07-21,1.28447697121274,0.00751902219299861,0.0933962130544046,1.10252456705359,1.22241305373638,1.28715946141369,1.34578412872373,1.46795662484714,154.289297287373,1.01387886233976,-3.53895877557097,0.0250639006934818,0.285082691772065,-4.09526875582313,-3.72623940790821,-3.54646886897097,-3.34720218340789,-2.97936236192744,129.373217540137,1.01920679855375,0.999998363995746,2.4384958485501e-07,7.10278805640327e-07,0.999996459234614,0.999998008935396,0.999998530906348,0.999998844339831,0.999999381196688,8.484254165957,1.75292654543532,1.28447697121017,0.00751902219298356,0.0933962130542178,1.10252456705139,1.22241305373394,1.28715946141112,1.34578412872104,1.4679566248442,154.289297287373,1.01387886233976,-3.53895877557097,0.0250639006934817,0.285082691772065,-4.09526875582312,-3.72623940790822,-3.54646886897097,-3.34720218340789,-2.97936236192744,129.373217540137,1.01920679855375,8.03536960176949,0.0637070210015822,0.735447631334084,6.56826728483409,7.55515992959989,8.06498963243281,8.5111695910319,9.44125711664052,133.268930366498,1.01870810481172,1.80551740880359,0.00241532541316399,0.0401164023803886,1.72469255398036,1.77828639916422,1.80581685893815,1.83388744211518,1.88004078187384,275.8624924586,1.00749463662812,TRUE,"",""
"11",2019-07-22,1.28874240699349,0.00700428754540961,0.0944757606861045,1.09745090303727,1.22663452259584,1.29256204179093,1.35020992691534,1.46864461609742,181.933578245493,1.02792066538006,-3.74021926525972,0.0234441953460113,0.299095242263889,-4.29466533474992,-3.93751163518225,-3.75982475230955,-3.54631907601057,-3.11545074374902,162.760249371297,1.02927441719122,0.999998272312031,2.63398564152311e-07,7.69135254448167e-07,0.999996099199408,0.999997934520307,0.999998447466783,0.999998783318052,0.999999351511965,8.5266538043382,1.75996844229456,1.28874240699091,0.0070042875453956,0.0944757606859156,1.09745090303507,1.22663452259339,1.29256204178835,1.35020992691264,1.46864461609449,181.933578245493,1.02792066538006,-3.74021926525972,0.0234441953460113,0.299095242263889,-4.29466533474991,-3.93751163518224,-3.75982475230955,-3.54631907601057,-3.11545074374902,162.760249371298,1.02927441719122,8.27132875598074,0.0548130338038595,0.715347482854761,6.83654224795791,7.79952640374651,8.29363465163969,8.75351533719915,9.59527274138081,170.32030505813,1.02775519658509,1.80551740880359,0.00241532541316399,0.0401164023803886,1.72469255398036,1.77828639916422,1.80581685893815,1.83388744211518,1.88004078187384,275.8624924586,1.00749463662812,TRUE,"",""
"12",2019-07-23,NA,NA,NA,NA,NA,NA,NA,NA,NA,NA,NA,NA,NA,NA,NA,NA,NA,NA,NA,NA,NA,NA,NA,NA,NA,NA,NA,NA,NA,NA,NA,NA,NA,NA,NA,NA,NA,NA,NA,NA,NA,NA,NA,NA,NA,NA,NA,NA,NA,NA,NA,NA,NA,NA,NA,NA,NA,NA,NA,NA,NA,NA,NA,NA,NA,NA,NA,NA,NA,NA,FALSE,"","NAs in DO.sat"
"13",2019-07-24,NA,NA,NA,NA,NA,NA,NA,NA,NA,NA,NA,NA,NA,NA,NA,NA,NA,NA,NA,NA,NA,NA,NA,NA,NA,NA,NA,NA,NA,NA,NA,NA,NA,NA,NA,NA,NA,NA,NA,NA,NA,NA,NA,NA,NA,NA,NA,NA,NA,NA,NA,NA,NA,NA,NA,NA,NA,NA,NA,NA,NA,NA,NA,NA,NA,NA,NA,NA,NA,NA,FALSE,"","NAs in DO.sat"
"14",2019-07-25,NA,NA,NA,NA,NA,NA,NA,NA,NA,NA,NA,NA,NA,NA,NA,NA,NA,NA,NA,NA,NA,NA,NA,NA,NA,NA,NA,NA,NA,NA,NA,NA,NA,NA,NA,NA,NA,NA,NA,NA,NA,NA,NA,NA,NA,NA,NA,NA,NA,NA,NA,NA,NA,NA,NA,NA,NA,NA,NA,NA,NA,NA,NA,NA,NA,NA,NA,NA,NA,NA,FALSE,"","NAs in DO.sat"
"15",2019-07-26,1.24315994305029,0.00680996787564164,0.093973120999552,1.05403092428054,1.17968100540245,1.24496039954654,1.30887176345364,1.41952507673171,190.422023116731,1.01659413358895,-3.61601482048409,0.0245834834622993,0.302231550757236,-4.20639025848958,-3.81522870806869,-3.6193940366862,-3.42309455341121,-2.96979152790824,151.144641484894,1.01790131278905,0.999998251606042,2.69974833054196e-07,7.88563752750115e-07,0.999996141915961,0.999997887338951,0.999998431946502,0.999998778665877,0.999999355084755,8.5315326688978,1.74678722011477,1.24315994304781,0.00680996787562798,0.0939731209993641,1.05403092427844,1.17968100540009,1.24496039954405,1.30887176345102,1.41952507672887,190.422023116734,1.01659413358895,-3.61601482048409,0.0245834834622993,0.302231550757236,-4.20639025848958,-3.81522870806869,-3.6193940366862,-3.42309455341121,-2.96979152790824,151.144641484894,1.01790131278905,8.08141761747175,0.0603390343527469,0.758293873816585,6.47242679027687,7.60374472068615,8.08615229357538,8.57471255304021,9.54424672862428,157.934999582735,1.01664299572199,1.80551740880359,0.00241532541316399,0.0401164023803886,1.72469255398036,1.77828639916422,1.80581685893815,1.83388744211518,1.88004078187384,275.8624924586,1.00749463662812,TRUE,"",""
"16",2019-07-27,1.13970021873392,0.00398384958898825,0.075348289236453,0.994358723253449,1.08927789942718,1.13862386429263,1.1890180893017,1.28525958260809,357.718108815591,1.00826244559167,-3.15054071166157,0.0137845528087728,0.237011945672979,-3.607337409255,-3.30855976655146,-3.15480921281854,-2.99313011590941,-2.66100672837291,295.634495863077,1.0067410230406,0.999998477236663,2.27677395734379e-07,6.65715890184444e-07,0.999996663070279,0.999998160079221,0.999998614748223,0.99999892030658,0.999999435250408,8.54944684538882,1.72806844328889,1.13970021873164,0.0039838495889803,0.0753482892363023,0.99435872325146,1.089277899425,1.13862386429035,1.18901808929932,1.28525958260552,357.718108815588,1.00826244559167,-3.15054071166157,0.0137845528087728,0.237011945672979,-3.607337409255,-3.30855976655146,-3.15480921281854,-2.99313011590941,-2.6610067283729,295.634495863077,1.0067410230406,6.9263553749313,0.0330790953904916,0.593654703202481,5.73855253976628,6.53650763306697,6.92184484750553,7.32453601661841,8.08933388406678,322.077641085877,1.00554725863183,1.80551740880359,0.00241532541316399,0.0401164023803886,1.72469255398036,1.77828639916422,1.80581685893815,1.83388744211518,1.88004078187384,275.8624924586,1.00749463662812,TRUE,"",""
"17",2019-07-28,1.28410406956266,0.00608773391760309,0.0887202214671775,1.11355332268709,1.22420394415,1.28505292722509,1.34255588454893,1.45574963428005,212.389924426324,1.03730844881571,-3.7602857935741,0.0207992814054447,0.286978415259091,-4.31114973820751,-3.95184530732211,-3.76069092838203,-3.57157276165023,-3.20697336836798,190.371444160178,1.03680292714662,0.999998601415841,2.16971086597209e-07,6.39441986301849e-07,0.999996835391949,0.999998309332978,0.999998742703225,0.9999990223516,0.999999491433024,8.68557490706585,1.7283398013161,1.28410406956009,0.0060877339175909,0.088720221467,1.11355332268487,1.22420394414755,1.28505292722252,1.34255588454624,1.45574963427714,212.389924426325,1.03730844881571,-3.7602857935741,0.0207992814054447,0.286978415259091,-4.3111497382075,-3.95184530732211,-3.76069092838203,-3.57157276165023,-3.20697336836798,190.371444160178,1.03680292714662,7.78046276857155,0.0469386513345535,0.67248735187734,6.45638538484161,7.34616059822286,7.77989857569919,8.23321214332093,9.08424576390559,205.261277234793,1.03035922183832,1.80551740880359,0.00241532541316399,0.0401164023803886,1.72469255398036,1.77828639916422,1.80581685893815,1.83388744211518,1.88004078187384,275.8624924586,1.00749463662812,TRUE,"",""
"18",2019-07-29,1.6600629030319,0.00923133448015416,0.122579089388481,1.42823261805678,1.58125430263414,1.65674460978783,1.74186532014298,1.90378952542939,176.320905419619,1.02981459721568,-5.65278273163889,0.0352331993598053,0.434139804207,-6.51504437076846,-5.94024502458955,-5.63465960295812,-5.36076306350629,-4.82040031735127,151.829111206321,1.03501286132585,0.999998719421278,1.91410190509667e-07,5.64788267609985e-07,0.999997207623132,0.999998454020936,0.999998841107977,0.999999090820679,0.999999508076184,8.70645223967767,1.68897633045284,1.66006290302858,0.00923133448013576,0.122579089388236,1.42823261805393,1.58125430263098,1.65674460978452,1.74186532013949,1.90378952542558,176.320905419617,1.02981459721568,-5.65278273163889,0.0352331993598053,0.434139804207,-6.51504437076845,-5.94024502458955,-5.63465960295812,-5.36076306350629,-4.82040031735128,151.829111206321,1.03501286132585,10.5157351112025,0.0687429477765416,0.858805355321714,8.85648743240339,9.93149534743426,10.4916552657793,11.1026249591139,12.2325529312361,156.074943139152,1.03273160280243,1.80551740880359,0.00241532541316399,0.0401164023803886,1.72469255398036,1.77828639916422,1.80581685893815,1.83388744211518,1.88004078187384,275.8624924586,1.00749463662812,TRUE,"",""
"19",2019-07-30,1.18906430277809,0.00568255808361524,0.0892736716969184,1.01401347134642,1.12572972917957,1.19053400726629,1.25170552225363,1.35948089623721,246.807883111492,1.01200697923037,-4.51373940810007,0.02508141316875,0.377895030423342,-5.24658956163133,-4.77070479132146,-4.51632301101912,-4.2540906170867,-3.79252445808618,227.006533336706,1.01539441271134,0.99999854341876,2.208510302046e-07,6.437048823215e-07,0.999996769284058,0.999998236964392,0.999998691352556,0.999998971722726,0.999999459626044,8.49522229138088,1.75107542906137,1.18906430277571,0.00568255808360392,0.0892736716967399,1.01401347134439,1.12572972917732,1.19053400726391,1.25170552225113,1.35948089623449,246.807883111488,1.01200697923037,-4.51373940810007,0.02508141316875,0.377895030423342,-5.24658956163132,-4.77070479132146,-4.51632301101912,-4.2540906170867,-3.79252445808617,227.006533336706,1.01539441271134,8.90393971736199,0.0502316807244647,0.789168207165288,7.38578496316496,8.3715889274795,8.90804909779987,9.4232280714916,10.4681165378531,246.821928985935,1.01333956564932,1.80551740880359,0.00241532541316399,0.0401164023803886,1.72469255398036,1.77828639916422,1.80581685893815,1.83388744211518,1.88004078187384,275.8624924586,1.00749463662812,TRUE,"",""
"20",2019-07-31,0.889826509492499,0.00453929007139348,0.0719297561252134,0.744499960970877,0.840951562332567,0.891135733758374,0.940706524705771,1.02483154089788,251.096872548656,1.03569673201917,-2.54498282594998,0.0202438710894487,0.256039096116719,-3.0363453324695,-2.71898037954826,-2.54553885439701,-2.37306839592188,-2.05343153328917,159.965174643864,1.03967649649902,0.999998498391085,2.28156203524316e-07,6.69875153661874e-07,0.999996646561145,0.999998191128659,0.99999864810847,0.999998942118557,0.999999422884674,8.62031579622351,1.75208484068638,0.88982650949072,0.00453929007138438,0.0719297561250695,0.744499960969388,0.840951562330885,0.891135733756592,0.940706524703889,1.02483154089583,251.096872548659,1.03569673201917,-2.54498282594998,0.0202438710894487,0.256039096116719,-3.03634533246949,-2.71898037954826,-2.54553885439701,-2.37306839592188,-2.05343153328917,159.965174643864,1.03967649649902,5.84658671186869,0.0528385644372808,0.675095997382499,4.52775696612953,5.391333821699,5.8448885354437,6.31517327253452,7.15938122285087,163.240924808477,1.03369010404193,1.80551740880359,0.00241532541316399,0.0401164023803886,1.72469255398036,1.77828639916422,1.80581685893815,1.83388744211518,1.88004078187384,275.8624924586,1.00749463662812,TRUE,"",""
"21",2019-08-01,1.03483562232336,0.00511281957969017,0.0866411866011142,0.862718339291195,0.976073750547867,1.03520696347671,1.09406955087047,1.20213683372957,287.162580787477,1.01168294765039,-3.30945292540184,0.0204544036345193,0.309738827443906,-3.89387676459688,-3.52587530791077,-3.31429052914757,-3.10441703470496,-2.70873714099135,229.307181502464,1.01563538006455,0.99999858016708,2.15216628627487e-07,6.29307197822333e-07,0.999996808659117,0.999998303591554,0.999998736101196,0.999998988213503,0.999999468550464,8.55015032640258,1.72995071354395,1.03483562232129,0.00511281957967997,0.0866411866009409,0.86271833928947,0.976073750545916,1.03520696347464,1.09406955086828,1.20213683372716,287.162580787474,1.01168294765039,-3.30945292540184,0.0204544036345193,0.309738827443906,-3.89387676459688,-3.52587530791076,-3.31429052914757,-3.10441703470496,-2.70873714099135,229.307181502464,1.01563538006455,6.47123086001202,0.046564513800269,0.7263747777776,5.05321644594188,5.97964914377005,6.49085733865945,6.97373563591793,7.88011586070109,243.338802125704,1.01518101480452,1.80551740880359,0.00241532541316399,0.0401164023803886,1.72469255398036,1.77828639916422,1.80581685893815,1.83388744211518,1.88004078187384,275.8624924586,1.00749463662812,TRUE,"",""
"22",2019-08-02,0.799053347776635,0.00393959490809349,0.0718435088351276,0.65507458634137,0.751658619325603,0.800148622605212,0.848026932943704,0.938064664441155,332.561473157265,1.01339317081223,-2.90052978329555,0.0222644851100244,0.344993557126001,-3.57427230583472,-3.13243693232785,-2.90055923935887,-2.67546081187737,-2.18483250385822,240.102486139014,1.01365441125319,0.999997769261061,3.32493815589863e-07,9.61786551525456e-07,0.99999515779861,0.999997315409806,0.999997981568176,0.99999840722559,0.999999157738233,8.36739471894788,1.77280555556831,0.799053347775037,0.00393959490808564,0.071843508834984,0.655074586340059,0.7516586193241,0.800148622603612,0.848026932942008,0.938064664439279,332.56147315726,1.01339317081223,-2.90052978329555,0.0222644851100244,0.344993557126002,-3.57427230583473,-3.13243693232785,-2.90055923935887,-2.67546081187737,-2.18483250385822,240.102486139014,1.01365441125319,5.73043351219089,0.047717424086741,0.760463084408279,4.20368686674159,5.24100389722087,5.73055165553249,6.2401408916295,7.23301292691928,253.981621107386,1.01277518880506,1.80551740880359,0.00241532541316399,0.0401164023803886,1.72469255398036,1.77828639916422,1.80581685893815,1.83388744211518,1.88004078187384,275.8624924586,1.00749463662812,TRUE,"",""
"23",2019-08-03,1.1555609571084,0.00633848604274306,0.0884568498666706,0.984143909291437,1.0961885896383,1.15300541427853,1.21819986613645,1.33116047745552,194.756455366569,1.04884271609838,-3.25417092207992,0.0220049065432599,0.276504156817901,-3.80372056674361,-3.44682610393161,-3.25042386672413,-3.06624250145565,-2.72943488158089,157.893507516776,1.06087744130832,0.99999816411181,2.68587287332307e-07,7.90139551764009e-07,0.999995983048047,0.999997803480773,0.99999833831935,0.999998688046104,0.999999319158601,8.65439468607175,1.72305409167881,1.15556095710609,0.00633848604273038,0.0884568498664937,0.984143909289469,1.0961885896361,1.15300541427623,1.21819986613402,1.33116047745286,194.756455366569,1.04884271609838,-3.25417092207992,0.0220049065432599,0.276504156817901,-3.80372056674362,-3.44682610393161,-3.25042386672413,-3.06624250145565,-2.72943488158089,157.893507516776,1.06087744130832,8.08369562220767,0.0554778218835284,0.730309254660704,6.64506427551531,7.59860676628399,8.06678158867552,8.58000135079358,9.51160761302419,173.290519850918,1.05543463724346,1.80551740880359,0.00241532541316399,0.0401164023803886,1.72469255398036,1.77828639916422,1.80581685893815,1.83388744211518,1.88004078187384,275.8624924586,1.00749463662812,TRUE,"",""
"24",2019-08-04,1.3584518265767,0.00867806826079104,0.104181257311416,1.15277677272605,1.28854765500381,1.35855119730554,1.42647630616261,1.56747811080649,144.122924122138,1.02716357791793,-4.32080015839671,0.0319190099513706,0.368139015360309,-5.03850615672436,-4.57340150133339,-4.32334710652679,-4.06760487232002,-3.59464718268003,133.022427370985,1.02934260367189,0.999998016919075,3.01330959776409e-07,8.7745386645516e-07,0.999995663590252,0.999997616732603,0.999998209562442,0.999998601318623,0.999999257497259,8.47932095508029,1.74768457980747,1.35845182657398,0.00867806826077372,0.104181257311208,1.15277677272375,1.28854765500123,1.35855119730282,1.42647630615976,1.56747811080336,144.122924122137,1.02716357791793,-4.32080015839671,0.0319190099513706,0.368139015360309,-5.03850615672437,-4.57340150133339,-4.32334710652679,-4.06760487232002,-3.59464718268004,133.022427370984,1.02934260367189,10.288000907758,0.0787946134818151,0.932328418823372,8.47378479247559,9.64452448237631,10.2996692543926,10.9134152316982,12.0904038220471,140.005399714728,1.0263747154551,1.80551740880359,0.00241532541316399,0.0401164023803886,1.72469255398036,1.77828639916422,1.80581685893815,1.83388744211518,1.88004078187384,275.8624924586,1.00749463662812,TRUE,"",""
"25",2019-08-05,1.21139818268976,0.00674774979465852,0.0870510039582028,1.04924997785673,1.14985490542409,1.2091224849666,1.27031134112133,1.39238609270881,166.429238889891,1.04249813347579,-3.65632776601453,0.0258299489777903,0.290544544516972,-4.23633316772322,-3.85195114499312,-3.65719281055973,-3.45428462918989,-3.09259053562009,126.525584950998,1.05397991962049,0.999998360188003,2.46039675207604e-07,7.17794281145095e-07,0.99999640481028,0.999998005255518,0.999998520015482,0.999998841127031,0.999999383356542,8.51117847714054,1.74677333203671,1.21139818268734,0.00674774979464508,0.0870510039580287,1.04924997785463,1.14985490542179,1.20912248496419,1.27031134111879,1.39238609270603,166.429238889888,1.04249813347579,-3.65632776601453,0.0258299489777903,0.290544544516972,-4.23633316772321,-3.85195114499312,-3.65719281055973,-3.45428462918989,-3.09259053562009,126.525584950998,1.05397991962049,7.88138603797351,0.0611951796506949,0.714566368608312,6.48173549915506,7.39011515367048,7.89160164188196,8.35909552362914,9.29594805809304,136.348610343358,1.04813956049226,1.80551740880359,0.00241532541316399,0.0401164023803886,1.72469255398036,1.77828639916422,1.80581685893815,1.83388744211518,1.88004078187384,275.8624924586,1.00749463662812,TRUE,"",""
"26",2019-08-06,1.140933192953,0.00542677472269373,0.0873736088288383,0.969781818627441,1.08080152511222,1.1418987257019,1.20064492542163,1.30618258564195,259.225046457389,1.03078527499684,-3.78044131142067,0.0215734717298446,0.324651756233143,-4.39713000550547,-4.01166052332249,-3.78109962086307,-3.54974189208729,-3.14143260951959,226.462049422248,1.02838037690612,0.999998344487817,2.43964168882985e-07,7.12048426588947e-07,0.999996425177051,0.999998004361395,0.999998497927019,0.999998821546367,0.999999357389817,8.51857536861103,1.78208166032274,1.14093319295072,0.00542677472268287,0.0873736088286635,0.969781818625502,1.08080152511005,1.14189872569962,1.20064492541923,1.30618258563934,259.225046457389,1.03078527499684,-3.78044131142067,0.0215734717298446,0.324651756233143,-4.39713000550548,-4.01166052332248,-3.78109962086307,-3.54974189208729,-3.14143260951958,226.462049422248,1.02838037690612,7.85277098125765,0.0481708800651112,0.756136796109732,6.40096280550069,7.31742238135408,7.86089025705034,8.36085666866242,9.30038856739137,246.394826027426,1.02247838770873,1.80551740880359,0.00241532541316399,0.0401164023803886,1.72469255398036,1.77828639916422,1.80581685893815,1.83388744211518,1.88004078187384,275.8624924586,1.00749463662812,TRUE,"",""
"27",2019-08-07,0.974523703827303,0.0047213385855164,0.0782904839541818,0.81796638199965,0.9224794287104,0.978464389572394,1.02553904304447,1.118530060058,274.971487062759,1.00491877344338,-3.62711504519607,0.0251904255714664,0.341418243210402,-4.2980716366466,-3.85923433912808,-3.63554348133528,-3.39429702908846,-2.9582600941972,183.697158039045,1.0134188904919,0.999998249101088,2.63137339339571e-07,7.68808620945297e-07,0.99999616161504,0.999997907956631,0.999998419482681,0.999998754574088,0.999999341459432,8.53633658815904,1.75577726243826,0.974523703825354,0.00472133858550695,0.0782904839540253,0.817966381998014,0.922479428708555,0.978464389570437,1.02553904304242,1.11853006005577,274.97148706276,1.00491877344338,-3.62711504519607,0.0251904255714664,0.341418243210402,-4.2980716366466,-3.85923433912808,-3.63554348133529,-3.39429702908846,-2.9582600941972,183.697158039045,1.0134188904919,7.58762895551555,0.0572950955251542,0.795496746569653,6.06228974439031,7.04295350498558,7.57810490547626,8.12007496599309,9.16195659717321,192.771097498077,1.01313619308722,1.80551740880359,0.00241532541316399,0.0401164023803886,1.72469255398036,1.77828639916422,1.80581685893815,1.83388744211518,1.88004078187384,275.8624924586,1.00749463662812,TRUE,"",""
"28",2019-08-08,0.956984355781231,0.00606924390914621,0.0853627357774509,0.791798908273525,0.900667640892432,0.954697089379732,1.0144607090199,1.13201449361784,197.818756826847,1.01442694437928,-3.81889768315861,0.031842231907824,0.376386446836795,-4.54542151766085,-4.06043503819371,-3.82994010215203,-3.59183126949806,-3.014689006605,139.720763886396,1.02012272131379,0.999998025319289,3.00979795600473e-07,8.79734885440212e-07,0.999995629901534,0.999997613837931,0.999998235190953,0.99999859720726,0.999999246746428,8.54336462656467,1.74909883937036,0.956984355779317,0.00606924390913409,0.0853627357772802,0.791798908271941,0.90066764089063,0.954697089377823,1.01446070901787,1.13201449361557,197.818756826846,1.01442694437928,-3.81889768315861,0.0318422319078239,0.376386446836795,-4.54542151766086,-4.06043503819371,-3.82994010215203,-3.59183126949807,-3.014689006605,139.720763886396,1.02012272131379,8.76881825012821,0.0780646014961553,0.941705085497749,6.80804192494992,8.21546485152439,8.79446747328135,9.3662702906249,10.5695364455775,145.519615106845,1.01848794518853,1.80551740880359,0.00241532541316399,0.0401164023803886,1.72469255398036,1.77828639916422,1.80581685893815,1.83388744211518,1.88004078187384,275.8624924586,1.00749463662812,TRUE,"",""
"29",2019-08-09,0.82224787630344,0.00602436013759961,0.0851069185199053,0.656442564552977,0.763886228538349,0.821886394443887,0.88142304964674,0.98614956699529,199.57580057933,1.02205107261404,-3.41134632941814,0.0340600408938739,0.410455156568958,-4.26031887238196,-3.68572830331055,-3.40755202395048,-3.13023265049465,-2.63258221645911,145.224905344872,1.03239726769279,0.999997729120614,3.40216829167733e-07,9.85678952863504e-07,0.999995082727549,0.9999972506839,0.999997953249098,0.999998384766035,0.999999135399704,8.39381476861568,1.75673412301416,0.822247876301796,0.00602436013758754,0.0851069185197351,0.656442564551664,0.763886228536821,0.821886394442243,0.881423049644978,0.986149566993318,199.575800579332,1.02205107261404,-3.41134632941814,0.0340600408938739,0.410455156568958,-4.26031887238196,-3.68572830331056,-3.40755202395049,-3.13023265049464,-2.63258221645911,145.224905344872,1.03239726769279,8.15551412366776,0.0870452661288645,1.06362690816761,6.12305454911367,7.41078576906847,8.13268839921283,8.85224603741635,10.3232058029234,149.309801042962,1.03145031145929,1.80551740880359,0.00241532541316399,0.0401164023803886,1.72469255398036,1.77828639916422,1.80581685893815,1.83388744211518,1.88004078187384,275.8624924586,1.00749463662812,TRUE,"",""
"30",2019-08-10,0.947903739270215,0.00586369532492646,0.0848306914245064,0.785481116755249,0.890869544228187,0.945250362380201,1.00460993171424,1.11603594965126,209.29710473177,1.00669045829052,-3.26152882944131,0.0273392993734796,0.340670404376768,-3.93808590840819,-3.48153580967976,-3.25641565393743,-3.02785725579925,-2.62995016845393,155.272323089597,1.01038268548462,0.999998214421881,2.67013551775132e-07,7.81822871843857e-07,0.999996092653136,0.999997838234006,0.999998383888675,0.999998727244501,0.999999346232049,8.57334173726693,1.6955857831047,0.947903739268319,0.00586369532491478,0.0848306914243367,0.785481116753678,0.890869544226405,0.945250362378311,1.00460993171223,1.11603594964903,209.297104731767,1.00669045829052,-3.26152882944131,0.0273392993734796,0.340670404376768,-3.9380859084082,-3.48153580967977,-3.25641565393743,-3.02785725579926,-2.62995016845393,155.272323089597,1.01038268548462,7.34386974523268,0.068597592522951,0.878514359847722,5.68429220849812,6.75296772332994,7.32760963994257,7.9181612545052,9.11145642721078,164.013645286985,1.01098192468471,1.80551740880359,0.00241532541316399,0.0401164023803886,1.72469255398036,1.77828639916422,1.80581685893815,1.83388744211518,1.88004078187384,275.8624924586,1.00749463662812,TRUE,"",""
"31",2019-08-11,0.967115598101878,0.00531881045052144,0.0802173013003992,0.815208361829118,0.911940366354171,0.966954222295854,1.02185704496428,1.12571797758752,227.461064670351,1.01358593642865,-3.35001176826929,0.0232656275832807,0.319192065800208,-3.99311790105121,-3.56567150111599,-3.34485351894549,-3.12905323088818,-2.7399856226207,188.223840734993,1.02563932297837,0.99999838079397,2.38994129773929e-07,7.09040712304026e-07,0.999996467627568,0.999998057119936,0.999998534774524,0.999998841235795,0.999999382251107,8.80172666384001,1.74408972536658,0.967115598099944,0.00531881045051076,0.0802173013002388,0.815208361827487,0.911940366352347,0.966954222293921,1.02185704496224,1.12571797758527,227.461064670355,1.01358593642865,-3.35001176826929,0.0232656275832807,0.319192065800208,-3.99311790105121,-3.56567150111599,-3.34485351894549,-3.12905323088818,-2.7399856226207,188.223840734993,1.02563932297837,7.43525713475053,0.0560077348005538,0.799557939849145,5.898826615799,6.90226471804839,7.43092523042391,7.9821794153704,9.06074355922707,203.799851928508,1.02677226652095,1.80551740880359,0.00241532541316399,0.0401164023803886,1.72469255398036,1.77828639916422,1.80581685893815,1.83388744211518,1.88004078187384,275.8624924586,1.00749463662812,TRUE,"",""
"32",2019-08-12,0.935895991925558,0.00455189403903919,0.0776407338916347,0.785832101095431,0.882333527774486,0.934652582711112,0.987929324904695,1.08815516692072,290.934333658632,1.00339232434428,-3.70496807893985,0.027268109940203,0.380807441306619,-4.47621129768648,-3.9598246364156,-3.69854573036226,-3.44498338891928,-2.98366189791621,195.02971221331,1.00943063360658,0.999998104080208,2.91584847278586e-07,8.49895996436786e-07,0.999995810482264,0.999997734121404,0.999998308478686,0.999998662343828,0.999999293479352,8.495748826202,1.76837390440319,0.935895991923686,0.00455189403903008,0.0776407338914795,0.785832101093859,0.882333527772721,0.934652582709243,0.987929324902719,1.08815516691854,290.934333658632,1.00339232434428,-3.70496807893985,0.027268109940203,0.380807441306619,-4.47621129768649,-3.95982463641561,-3.69854573036227,-3.44498338891927,-2.9836618979162,195.02971221331,1.00943063360658,7.31568524828707,0.0607034642344335,0.868954127180208,5.65056132434531,6.72510961633743,7.28754033061711,7.89976846260996,9.07793622108308,204.911696169328,1.00915760728235,1.80551740880359,0.00241532541316399,0.0401164023803886,1.72469255398036,1.77828639916422,1.80581685893815,1.83388744211518,1.88004078187384,275.8624924586,1.00749463662812,TRUE,"",""
"33",2019-08-13,0.310854789394683,0.00293568943649028,0.0641653434984382,0.188721189587483,0.264958523287722,0.311164946877601,0.356134940970227,0.433504170483281,477.728143521671,1.00338452528247,-1.05609573771211,0.0244620166375867,0.314508478061199,-1.65612039574137,-1.27964934699782,-1.05264287804124,-0.834898018723624,-0.453006804238304,165.302796049329,1.01569494390885,0.999998572504166,2.14287136035404e-07,6.25182606272604e-07,0.999996915461244,0.999998288136699,0.999998703973427,0.999998977578181,0.99999947639651,8.51180317001673,1.75230195019725,0.310854789394061,0.00293568943648441,0.0641653434983099,0.188721189587106,0.264958523287193,0.311164946876979,0.356134940969514,0.433504170482414,477.728143521671,1.00338452528247,-1.05609573771211,0.0244620166375867,0.314508478061199,-1.65612039574138,-1.27964934699782,-1.05264287804124,-0.834898018723624,-0.453006804238303,165.302796049329,1.01569494390885,3.59742967977289,0.0692905421107443,0.900959604235738,1.88477761243719,2.96333479633607,3.56162133957424,4.2353196351404,5.37024862591362,169.068508017509,1.01756025457093,1.80551740880359,0.00241532541316399,0.0401164023803886,1.72469255398036,1.77828639916422,1.80581685893815,1.83388744211518,1.88004078187384,275.8624924586,1.00749463662812,TRUE,"",""
"34",2019-08-14,NA,NA,NA,NA,NA,NA,NA,NA,NA,NA,NA,NA,NA,NA,NA,NA,NA,NA,NA,NA,NA,NA,NA,NA,NA,NA,NA,NA,NA,NA,NA,NA,NA,NA,NA,NA,NA,NA,NA,NA,NA,NA,NA,NA,NA,NA,NA,NA,NA,NA,NA,NA,NA,NA,NA,NA,NA,NA,NA,NA,NA,NA,NA,NA,NA,NA,NA,NA,NA,NA,FALSE,"","NAs in DO.obs; NAs in DO.sat; NAs in light"
"35",2019-08-15,0.529957663255146,0.00459405781201461,0.0693850590349897,0.390202785601251,0.485385970829276,0.531762661367006,0.576269792319064,0.663470903809425,228.107209706398,1.00856042323488,-1.11339403528358,0.0208143569941713,0.255221381556507,-1.59213473710783,-1.28616889300543,-1.12685716266,-0.951959227411965,-0.562822252058466,150.351620200426,1.00995703442978,0.99999471864683,7.82975579584571e-07,2.27478478347757e-06,0.999988465632237,0.999993599948718,0.999995223366657,0.999996227972295,0.999997946470902,8.44081137117719,1.77268426480047,0.529957663254086,0.00459405781200542,0.0693850590348509,0.39020278560047,0.485385970828305,0.531762661365943,0.576269792317911,0.663470903808098,228.107209706398,1.00856042323488,-1.11339403528358,0.0208143569941713,0.255221381556507,-1.59213473710783,-1.28616889300544,-1.12685716266,-0.951959227411966,-0.562822252058465,150.351620200426,1.00995703442978,2.8659311643416,0.0838555693032819,1.07166098989408,0.490935934227626,2.20788999973226,2.91659366580895,3.61405637297188,4.82990906729336,163.324380862987,1.00719509178446,1.80551740880359,0.00241532541316399,0.0401164023803886,1.72469255398036,1.77828639916422,1.80581685893815,1.83388744211518,1.88004078187384,275.8624924586,1.00749463662812,TRUE,"",""
"36",2019-08-16,0.582196514680544,0.00582783821273946,0.0832342561400613,0.422637300333164,0.521749122816049,0.58354100997386,0.640513411501992,0.738229642191376,203.980772278835,1.01224762992772,-1.67910878851756,0.0175670466543195,0.219775527367662,-2.09940788845166,-1.83392032949581,-1.67871605300702,-1.52352362719323,-1.25994327484073,156.516869262603,1.01725560041607,0.999998242999184,2.63984510333357e-07,7.76147275741807e-07,0.999996117068881,0.999997897356756,0.999998402879276,0.999998755698153,0.999999329118788,8.64433094594068,1.71346854525567,0.582196514679379,0.0058278382127278,0.0832342561398948,0.422637300332319,0.521749122815006,0.583541009972693,0.640513411500711,0.7382296421899,203.980772278835,1.01224762992772,-1.67910878851756,0.0175670466543195,0.219775527367662,-2.09940788845166,-1.8339203294958,-1.67871605300702,-1.52352362719322,-1.25994327484073,156.516869262603,1.01725560041607,3.63921761068874,0.0553227707459402,0.713052660298865,2.25071173676411,3.12281758043079,3.64825338108635,4.15835439326615,4.99597489270913,166.125141272411,1.01670578866234,1.80551740880359,0.00241532541316399,0.0401164023803886,1.72469255398036,1.77828639916422,1.80581685893815,1.83388744211518,1.88004078187384,275.8624924586,1.00749463662812,TRUE,"",""
"37",2019-08-17,1.04671404884064,0.0073960092940518,0.0880572364201802,0.869276748037321,0.987367427564297,1.04547302410459,1.10633830349688,1.22036596303313,141.753962097215,1.0439014538119,-2.94598983718747,0.0264223301834571,0.276343516080793,-3.47334290809287,-3.13774223632555,-2.95064226285524,-2.75831497173396,-2.38134036571646,109.384636371653,1.05285223602797,0.999998796870751,1.79802457371853e-07,5.26035259397752e-07,0.999997380419781,0.999998553132934,0.999998915006147,0.999999152020531,0.999999553433888,8.55930425938963,1.73785089507379,1.04671404883855,0.00739600929403735,0.0880572364200042,0.869276748035583,0.987367427562322,1.0454730241025,1.10633830349467,1.22036596303068,141.753962097203,1.0439014538119,-2.94598983718747,0.0264223301834571,0.276343516080793,-3.47334290809288,-3.13774223632555,-2.95064226285524,-2.75831497173396,-2.38134036571645,109.384636371652,1.05285223602797,5.46706316552662,0.0588278680117771,0.638737108310006,4.19150262126136,5.02582550333888,5.48217447402827,5.92662229704503,6.65319594938601,117.890301108191,1.04805801157504,1.80551740880359,0.00241532541316399,0.0401164023803886,1.72469255398036,1.77828639916422,1.80581685893815,1.83388744211518,1.88004078187384,275.8624924586,1.00749463662812,TRUE,"",""
"38",2019-08-18,NA,NA,NA,NA,NA,NA,NA,NA,NA,NA,NA,NA,NA,NA,NA,NA,NA,NA,NA,NA,NA,NA,NA,NA,NA,NA,NA,NA,NA,NA,NA,NA,NA,NA,NA,NA,NA,NA,NA,NA,NA,NA,NA,NA,NA,NA,NA,NA,NA,NA,NA,NA,NA,NA,NA,NA,NA,NA,NA,NA,NA,NA,NA,NA,NA,NA,NA,NA,NA,NA,FALSE,"","NAs in DO.obs; NAs in DO.sat; NAs in depth; NAs in temp.water; NAs in light; NAs in discharge"
"39",2019-08-19,NA,NA,NA,NA,NA,NA,NA,NA,NA,NA,NA,NA,NA,NA,NA,NA,NA,NA,NA,NA,NA,NA,NA,NA,NA,NA,NA,NA,NA,NA,NA,NA,NA,NA,NA,NA,NA,NA,NA,NA,NA,NA,NA,NA,NA,NA,NA,NA,NA,NA,NA,NA,NA,NA,NA,NA,NA,NA,NA,NA,NA,NA,NA,NA,NA,NA,NA,NA,NA,NA,FALSE,"","NAs in DO.obs; NAs in DO.sat; NAs in depth; NAs in temp.water; NAs in light; NAs in discharge"
"40",2019-08-20,NA,NA,NA,NA,NA,NA,NA,NA,NA,NA,NA,NA,NA,NA,NA,NA,NA,NA,NA,NA,NA,NA,NA,NA,NA,NA,NA,NA,NA,NA,NA,NA,NA,NA,NA,NA,NA,NA,NA,NA,NA,NA,NA,NA,NA,NA,NA,NA,NA,NA,NA,NA,NA,NA,NA,NA,NA,NA,NA,NA,NA,NA,NA,NA,NA,NA,NA,NA,NA,NA,FALSE,"","NAs in DO.obs; NAs in DO.sat; NAs in depth; NAs in temp.water; NAs in light; NAs in discharge"
"41",2019-08-21,NA,NA,NA,NA,NA,NA,NA,NA,NA,NA,NA,NA,NA,NA,NA,NA,NA,NA,NA,NA,NA,NA,NA,NA,NA,NA,NA,NA,NA,NA,NA,NA,NA,NA,NA,NA,NA,NA,NA,NA,NA,NA,NA,NA,NA,NA,NA,NA,NA,NA,NA,NA,NA,NA,NA,NA,NA,NA,NA,NA,NA,NA,NA,NA,NA,NA,NA,NA,NA,NA,FALSE,"","NAs in DO.obs; NAs in DO.sat; NAs in depth; NAs in temp.water; NAs in light; NAs in discharge"
"42",2019-08-22,NA,NA,NA,NA,NA,NA,NA,NA,NA,NA,NA,NA,NA,NA,NA,NA,NA,NA,NA,NA,NA,NA,NA,NA,NA,NA,NA,NA,NA,NA,NA,NA,NA,NA,NA,NA,NA,NA,NA,NA,NA,NA,NA,NA,NA,NA,NA,NA,NA,NA,NA,NA,NA,NA,NA,NA,NA,NA,NA,NA,NA,NA,NA,NA,NA,NA,NA,NA,NA,NA,FALSE,"","NAs in DO.obs; NAs in DO.sat; NAs in depth; NAs in temp.water; NAs in light; NAs in discharge"
"43",2019-08-23,NA,NA,NA,NA,NA,NA,NA,NA,NA,NA,NA,NA,NA,NA,NA,NA,NA,NA,NA,NA,NA,NA,NA,NA,NA,NA,NA,NA,NA,NA,NA,NA,NA,NA,NA,NA,NA,NA,NA,NA,NA,NA,NA,NA,NA,NA,NA,NA,NA,NA,NA,NA,NA,NA,NA,NA,NA,NA,NA,NA,NA,NA,NA,NA,NA,NA,NA,NA,NA,NA,FALSE,"","NAs in DO.obs; NAs in DO.sat; NAs in depth; NAs in temp.water; NAs in light; NAs in discharge"
"44",2019-08-24,NA,NA,NA,NA,NA,NA,NA,NA,NA,NA,NA,NA,NA,NA,NA,NA,NA,NA,NA,NA,NA,NA,NA,NA,NA,NA,NA,NA,NA,NA,NA,NA,NA,NA,NA,NA,NA,NA,NA,NA,NA,NA,NA,NA,NA,NA,NA,NA,NA,NA,NA,NA,NA,NA,NA,NA,NA,NA,NA,NA,NA,NA,NA,NA,NA,NA,NA,NA,NA,NA,FALSE,"","NAs in DO.obs; NAs in DO.sat; NAs in depth; NAs in temp.water; NAs in light; NAs in discharge"
"45",2019-08-25,NA,NA,NA,NA,NA,NA,NA,NA,NA,NA,NA,NA,NA,NA,NA,NA,NA,NA,NA,NA,NA,NA,NA,NA,NA,NA,NA,NA,NA,NA,NA,NA,NA,NA,NA,NA,NA,NA,NA,NA,NA,NA,NA,NA,NA,NA,NA,NA,NA,NA,NA,NA,NA,NA,NA,NA,NA,NA,NA,NA,NA,NA,NA,NA,NA,NA,NA,NA,NA,NA,FALSE,"","NAs in DO.obs; NAs in DO.sat; NAs in depth; NAs in temp.water; NAs in light; NAs in discharge"
"46",2019-08-26,NA,NA,NA,NA,NA,NA,NA,NA,NA,NA,NA,NA,NA,NA,NA,NA,NA,NA,NA,NA,NA,NA,NA,NA,NA,NA,NA,NA,NA,NA,NA,NA,NA,NA,NA,NA,NA,NA,NA,NA,NA,NA,NA,NA,NA,NA,NA,NA,NA,NA,NA,NA,NA,NA,NA,NA,NA,NA,NA,NA,NA,NA,NA,NA,NA,NA,NA,NA,NA,NA,FALSE,"","NAs in DO.obs; NAs in DO.sat; NAs in depth; NAs in temp.water; NAs in light; NAs in discharge"
"47",2019-08-27,NA,NA,NA,NA,NA,NA,NA,NA,NA,NA,NA,NA,NA,NA,NA,NA,NA,NA,NA,NA,NA,NA,NA,NA,NA,NA,NA,NA,NA,NA,NA,NA,NA,NA,NA,NA,NA,NA,NA,NA,NA,NA,NA,NA,NA,NA,NA,NA,NA,NA,NA,NA,NA,NA,NA,NA,NA,NA,NA,NA,NA,NA,NA,NA,NA,NA,NA,NA,NA,NA,FALSE,"","NAs in DO.obs; NAs in DO.sat; NAs in depth; NAs in temp.water; NAs in light; NAs in discharge"
"48",2019-08-28,NA,NA,NA,NA,NA,NA,NA,NA,NA,NA,NA,NA,NA,NA,NA,NA,NA,NA,NA,NA,NA,NA,NA,NA,NA,NA,NA,NA,NA,NA,NA,NA,NA,NA,NA,NA,NA,NA,NA,NA,NA,NA,NA,NA,NA,NA,NA,NA,NA,NA,NA,NA,NA,NA,NA,NA,NA,NA,NA,NA,NA,NA,NA,NA,NA,NA,NA,NA,NA,NA,FALSE,"","NAs in DO.obs; NAs in DO.sat; NAs in depth; NAs in temp.water; NAs in light; NAs in discharge"
"49",2019-08-29,NA,NA,NA,NA,NA,NA,NA,NA,NA,NA,NA,NA,NA,NA,NA,NA,NA,NA,NA,NA,NA,NA,NA,NA,NA,NA,NA,NA,NA,NA,NA,NA,NA,NA,NA,NA,NA,NA,NA,NA,NA,NA,NA,NA,NA,NA,NA,NA,NA,NA,NA,NA,NA,NA,NA,NA,NA,NA,NA,NA,NA,NA,NA,NA,NA,NA,NA,NA,NA,NA,FALSE,"","NAs in DO.obs; NAs in DO.sat; NAs in depth; NAs in temp.water; NAs in light; NAs in discharge"
"50",2019-08-30,NA,NA,NA,NA,NA,NA,NA,NA,NA,NA,NA,NA,NA,NA,NA,NA,NA,NA,NA,NA,NA,NA,NA,NA,NA,NA,NA,NA,NA,NA,NA,NA,NA,NA,NA,NA,NA,NA,NA,NA,NA,NA,NA,NA,NA,NA,NA,NA,NA,NA,NA,NA,NA,NA,NA,NA,NA,NA,NA,NA,NA,NA,NA,NA,NA,NA,NA,NA,NA,NA,FALSE,"","NAs in DO.obs; NAs in DO.sat; NAs in depth; NAs in temp.water; NAs in light; NAs in discharge"
"51",2019-08-31,NA,NA,NA,NA,NA,NA,NA,NA,NA,NA,NA,NA,NA,NA,NA,NA,NA,NA,NA,NA,NA,NA,NA,NA,NA,NA,NA,NA,NA,NA,NA,NA,NA,NA,NA,NA,NA,NA,NA,NA,NA,NA,NA,NA,NA,NA,NA,NA,NA,NA,NA,NA,NA,NA,NA,NA,NA,NA,NA,NA,NA,NA,NA,NA,NA,NA,NA,NA,NA,NA,FALSE,"","NAs in DO.obs; NAs in DO.sat; NAs in depth; NAs in temp.water; NAs in light; NAs in discharge"
"52",2019-09-01,NA,NA,NA,NA,NA,NA,NA,NA,NA,NA,NA,NA,NA,NA,NA,NA,NA,NA,NA,NA,NA,NA,NA,NA,NA,NA,NA,NA,NA,NA,NA,NA,NA,NA,NA,NA,NA,NA,NA,NA,NA,NA,NA,NA,NA,NA,NA,NA,NA,NA,NA,NA,NA,NA,NA,NA,NA,NA,NA,NA,NA,NA,NA,NA,NA,NA,NA,NA,NA,NA,FALSE,"","NAs in DO.obs; NAs in DO.sat; NAs in depth; NAs in temp.water; NAs in light; NAs in discharge"
"53",2019-09-02,NA,NA,NA,NA,NA,NA,NA,NA,NA,NA,NA,NA,NA,NA,NA,NA,NA,NA,NA,NA,NA,NA,NA,NA,NA,NA,NA,NA,NA,NA,NA,NA,NA,NA,NA,NA,NA,NA,NA,NA,NA,NA,NA,NA,NA,NA,NA,NA,NA,NA,NA,NA,NA,NA,NA,NA,NA,NA,NA,NA,NA,NA,NA,NA,NA,NA,NA,NA,NA,NA,FALSE,"","NAs in DO.obs; NAs in DO.sat; NAs in depth; NAs in temp.water; NAs in light; NAs in discharge"
"54",2019-09-03,NA,NA,NA,NA,NA,NA,NA,NA,NA,NA,NA,NA,NA,NA,NA,NA,NA,NA,NA,NA,NA,NA,NA,NA,NA,NA,NA,NA,NA,NA,NA,NA,NA,NA,NA,NA,NA,NA,NA,NA,NA,NA,NA,NA,NA,NA,NA,NA,NA,NA,NA,NA,NA,NA,NA,NA,NA,NA,NA,NA,NA,NA,NA,NA,NA,NA,NA,NA,NA,NA,FALSE,"","NAs in DO.obs; NAs in DO.sat; NAs in depth; NAs in temp.water; NAs in light; NAs in discharge"
"55",2019-09-04,NA,NA,NA,NA,NA,NA,NA,NA,NA,NA,NA,NA,NA,NA,NA,NA,NA,NA,NA,NA,NA,NA,NA,NA,NA,NA,NA,NA,NA,NA,NA,NA,NA,NA,NA,NA,NA,NA,NA,NA,NA,NA,NA,NA,NA,NA,NA,NA,NA,NA,NA,NA,NA,NA,NA,NA,NA,NA,NA,NA,NA,NA,NA,NA,NA,NA,NA,NA,NA,NA,FALSE,"","NAs in DO.obs; NAs in DO.sat; NAs in depth; NAs in temp.water; NAs in light; NAs in discharge"
"56",2019-09-05,NA,NA,NA,NA,NA,NA,NA,NA,NA,NA,NA,NA,NA,NA,NA,NA,NA,NA,NA,NA,NA,NA,NA,NA,NA,NA,NA,NA,NA,NA,NA,NA,NA,NA,NA,NA,NA,NA,NA,NA,NA,NA,NA,NA,NA,NA,NA,NA,NA,NA,NA,NA,NA,NA,NA,NA,NA,NA,NA,NA,NA,NA,NA,NA,NA,NA,NA,NA,NA,NA,FALSE,"","NAs in DO.obs; NAs in DO.sat; NAs in depth; NAs in temp.water; NAs in light; NAs in discharge"
"57",2019-09-06,NA,NA,NA,NA,NA,NA,NA,NA,NA,NA,NA,NA,NA,NA,NA,NA,NA,NA,NA,NA,NA,NA,NA,NA,NA,NA,NA,NA,NA,NA,NA,NA,NA,NA,NA,NA,NA,NA,NA,NA,NA,NA,NA,NA,NA,NA,NA,NA,NA,NA,NA,NA,NA,NA,NA,NA,NA,NA,NA,NA,NA,NA,NA,NA,NA,NA,NA,NA,NA,NA,FALSE,"","NAs in DO.obs; NAs in DO.sat; NAs in depth; NAs in temp.water; NAs in light; NAs in discharge"
"58",2019-09-07,NA,NA,NA,NA,NA,NA,NA,NA,NA,NA,NA,NA,NA,NA,NA,NA,NA,NA,NA,NA,NA,NA,NA,NA,NA,NA,NA,NA,NA,NA,NA,NA,NA,NA,NA,NA,NA,NA,NA,NA,NA,NA,NA,NA,NA,NA,NA,NA,NA,NA,NA,NA,NA,NA,NA,NA,NA,NA,NA,NA,NA,NA,NA,NA,NA,NA,NA,NA,NA,NA,FALSE,"","NAs in DO.obs; NAs in DO.sat; NAs in depth; NAs in temp.water; NAs in light; NAs in discharge"
"59",2019-09-08,NA,NA,NA,NA,NA,NA,NA,NA,NA,NA,NA,NA,NA,NA,NA,NA,NA,NA,NA,NA,NA,NA,NA,NA,NA,NA,NA,NA,NA,NA,NA,NA,NA,NA,NA,NA,NA,NA,NA,NA,NA,NA,NA,NA,NA,NA,NA,NA,NA,NA,NA,NA,NA,NA,NA,NA,NA,NA,NA,NA,NA,NA,NA,NA,NA,NA,NA,NA,NA,NA,FALSE,"","NAs in DO.obs; NAs in DO.sat; NAs in depth; NAs in temp.water; NAs in light; NAs in discharge"
"60",2019-09-09,NA,NA,NA,NA,NA,NA,NA,NA,NA,NA,NA,NA,NA,NA,NA,NA,NA,NA,NA,NA,NA,NA,NA,NA,NA,NA,NA,NA,NA,NA,NA,NA,NA,NA,NA,NA,NA,NA,NA,NA,NA,NA,NA,NA,NA,NA,NA,NA,NA,NA,NA,NA,NA,NA,NA,NA,NA,NA,NA,NA,NA,NA,NA,NA,NA,NA,NA,NA,NA,NA,FALSE,"","NAs in DO.obs; NAs in DO.sat; NAs in depth; NAs in temp.water; NAs in light; NAs in discharge"
"61",2019-09-10,NA,NA,NA,NA,NA,NA,NA,NA,NA,NA,NA,NA,NA,NA,NA,NA,NA,NA,NA,NA,NA,NA,NA,NA,NA,NA,NA,NA,NA,NA,NA,NA,NA,NA,NA,NA,NA,NA,NA,NA,NA,NA,NA,NA,NA,NA,NA,NA,NA,NA,NA,NA,NA,NA,NA,NA,NA,NA,NA,NA,NA,NA,NA,NA,NA,NA,NA,NA,NA,NA,FALSE,"","NAs in DO.obs; NAs in DO.sat; NAs in depth; NAs in temp.water; NAs in light; NAs in discharge"
"62",2019-09-11,NA,NA,NA,NA,NA,NA,NA,NA,NA,NA,NA,NA,NA,NA,NA,NA,NA,NA,NA,NA,NA,NA,NA,NA,NA,NA,NA,NA,NA,NA,NA,NA,NA,NA,NA,NA,NA,NA,NA,NA,NA,NA,NA,NA,NA,NA,NA,NA,NA,NA,NA,NA,NA,NA,NA,NA,NA,NA,NA,NA,NA,NA,NA,NA,NA,NA,NA,NA,NA,NA,FALSE,"","NAs in DO.obs; NAs in DO.sat; NAs in depth; NAs in temp.water; NAs in light; NAs in discharge"
"63",2019-09-12,NA,NA,NA,NA,NA,NA,NA,NA,NA,NA,NA,NA,NA,NA,NA,NA,NA,NA,NA,NA,NA,NA,NA,NA,NA,NA,NA,NA,NA,NA,NA,NA,NA,NA,NA,NA,NA,NA,NA,NA,NA,NA,NA,NA,NA,NA,NA,NA,NA,NA,NA,NA,NA,NA,NA,NA,NA,NA,NA,NA,NA,NA,NA,NA,NA,NA,NA,NA,NA,NA,FALSE,"","NAs in DO.obs; NAs in DO.sat; NAs in depth; NAs in temp.water; NAs in light; NAs in discharge"
"64",2019-09-13,NA,NA,NA,NA,NA,NA,NA,NA,NA,NA,NA,NA,NA,NA,NA,NA,NA,NA,NA,NA,NA,NA,NA,NA,NA,NA,NA,NA,NA,NA,NA,NA,NA,NA,NA,NA,NA,NA,NA,NA,NA,NA,NA,NA,NA,NA,NA,NA,NA,NA,NA,NA,NA,NA,NA,NA,NA,NA,NA,NA,NA,NA,NA,NA,NA,NA,NA,NA,NA,NA,FALSE,"","NAs in DO.obs; NAs in DO.sat; NAs in depth; NAs in temp.water; NAs in light; NAs in discharge"
"65",2019-09-14,NA,NA,NA,NA,NA,NA,NA,NA,NA,NA,NA,NA,NA,NA,NA,NA,NA,NA,NA,NA,NA,NA,NA,NA,NA,NA,NA,NA,NA,NA,NA,NA,NA,NA,NA,NA,NA,NA,NA,NA,NA,NA,NA,NA,NA,NA,NA,NA,NA,NA,NA,NA,NA,NA,NA,NA,NA,NA,NA,NA,NA,NA,NA,NA,NA,NA,NA,NA,NA,NA,FALSE,"","NAs in DO.obs; NAs in DO.sat; NAs in depth; NAs in temp.water; NAs in light; NAs in discharge"
"66",2019-09-15,NA,NA,NA,NA,NA,NA,NA,NA,NA,NA,NA,NA,NA,NA,NA,NA,NA,NA,NA,NA,NA,NA,NA,NA,NA,NA,NA,NA,NA,NA,NA,NA,NA,NA,NA,NA,NA,NA,NA,NA,NA,NA,NA,NA,NA,NA,NA,NA,NA,NA,NA,NA,NA,NA,NA,NA,NA,NA,NA,NA,NA,NA,NA,NA,NA,NA,NA,NA,NA,NA,FALSE,"","NAs in DO.obs; NAs in DO.sat; NAs in depth; NAs in temp.water; NAs in light; NAs in discharge"
"67",2019-09-16,NA,NA,NA,NA,NA,NA,NA,NA,NA,NA,NA,NA,NA,NA,NA,NA,NA,NA,NA,NA,NA,NA,NA,NA,NA,NA,NA,NA,NA,NA,NA,NA,NA,NA,NA,NA,NA,NA,NA,NA,NA,NA,NA,NA,NA,NA,NA,NA,NA,NA,NA,NA,NA,NA,NA,NA,NA,NA,NA,NA,NA,NA,NA,NA,NA,NA,NA,NA,NA,NA,FALSE,"","NAs in DO.obs; NAs in DO.sat; NAs in depth; NAs in temp.water; NAs in light; NAs in discharge"
"68",2019-09-17,NA,NA,NA,NA,NA,NA,NA,NA,NA,NA,NA,NA,NA,NA,NA,NA,NA,NA,NA,NA,NA,NA,NA,NA,NA,NA,NA,NA,NA,NA,NA,NA,NA,NA,NA,NA,NA,NA,NA,NA,NA,NA,NA,NA,NA,NA,NA,NA,NA,NA,NA,NA,NA,NA,NA,NA,NA,NA,NA,NA,NA,NA,NA,NA,NA,NA,NA,NA,NA,NA,FALSE,"","NAs in DO.obs; NAs in DO.sat; NAs in depth; NAs in temp.water; NAs in light; NAs in discharge"
"69",2019-09-18,NA,NA,NA,NA,NA,NA,NA,NA,NA,NA,NA,NA,NA,NA,NA,NA,NA,NA,NA,NA,NA,NA,NA,NA,NA,NA,NA,NA,NA,NA,NA,NA,NA,NA,NA,NA,NA,NA,NA,NA,NA,NA,NA,NA,NA,NA,NA,NA,NA,NA,NA,NA,NA,NA,NA,NA,NA,NA,NA,NA,NA,NA,NA,NA,NA,NA,NA,NA,NA,NA,FALSE,"","NAs in DO.obs; NAs in DO.sat; NAs in depth; NAs in temp.water; NAs in light; NAs in discharge"
"70",2019-09-19,NA,NA,NA,NA,NA,NA,NA,NA,NA,NA,NA,NA,NA,NA,NA,NA,NA,NA,NA,NA,NA,NA,NA,NA,NA,NA,NA,NA,NA,NA,NA,NA,NA,NA,NA,NA,NA,NA,NA,NA,NA,NA,NA,NA,NA,NA,NA,NA,NA,NA,NA,NA,NA,NA,NA,NA,NA,NA,NA,NA,NA,NA,NA,NA,NA,NA,NA,NA,NA,NA,FALSE,"","NAs in DO.obs; NAs in DO.sat; NAs in depth; NAs in temp.water; NAs in light; NAs in discharge"
"71",2019-09-20,NA,NA,NA,NA,NA,NA,NA,NA,NA,NA,NA,NA,NA,NA,NA,NA,NA,NA,NA,NA,NA,NA,NA,NA,NA,NA,NA,NA,NA,NA,NA,NA,NA,NA,NA,NA,NA,NA,NA,NA,NA,NA,NA,NA,NA,NA,NA,NA,NA,NA,NA,NA,NA,NA,NA,NA,NA,NA,NA,NA,NA,NA,NA,NA,NA,NA,NA,NA,NA,NA,FALSE,"","NAs in DO.obs; NAs in DO.sat; NAs in depth; NAs in temp.water; NAs in light; NAs in discharge"
"72",2019-09-21,NA,NA,NA,NA,NA,NA,NA,NA,NA,NA,NA,NA,NA,NA,NA,NA,NA,NA,NA,NA,NA,NA,NA,NA,NA,NA,NA,NA,NA,NA,NA,NA,NA,NA,NA,NA,NA,NA,NA,NA,NA,NA,NA,NA,NA,NA,NA,NA,NA,NA,NA,NA,NA,NA,NA,NA,NA,NA,NA,NA,NA,NA,NA,NA,NA,NA,NA,NA,NA,NA,FALSE,"","NAs in DO.obs; NAs in DO.sat; NAs in depth; NAs in temp.water; NAs in light; NAs in discharge"
"73",2019-09-22,NA,NA,NA,NA,NA,NA,NA,NA,NA,NA,NA,NA,NA,NA,NA,NA,NA,NA,NA,NA,NA,NA,NA,NA,NA,NA,NA,NA,NA,NA,NA,NA,NA,NA,NA,NA,NA,NA,NA,NA,NA,NA,NA,NA,NA,NA,NA,NA,NA,NA,NA,NA,NA,NA,NA,NA,NA,NA,NA,NA,NA,NA,NA,NA,NA,NA,NA,NA,NA,NA,FALSE,"","NAs in DO.obs; NAs in DO.sat; NAs in depth; NAs in temp.water; NAs in light; NAs in discharge"
"74",2019-09-23,0.295231838157008,0.00352059066408904,0.0661843007495521,0.168649364862236,0.251048838894863,0.294317498321587,0.338994070241115,0.426749872138992,353.410056667953,1.00740912300473,-4.11526218982308,0.102369571892363,1.20415021302186,-6.5233710039519,-4.92486208373814,-4.09894542389028,-3.25376203286629,-1.84728455445574,138.362869267248,1.00433085609357,0.999990601212263,1.41631438992585e-06,4.1305390485788e-06,0.999979348084581,0.999988626749422,0.999991546569272,0.99999331654143,0.999996477196136,8.5053879790184,1.75252625478165,0.295231838156417,0.00352059066408199,0.0661843007494198,0.168649364861898,0.251048838894361,0.294317498320999,0.338994070240437,0.426749872138139,353.410056667954,1.00740912300473,-4.11526218982308,0.102369571892363,1.20415021302186,-6.52337100395188,-4.92486208373813,-4.09894542389028,-3.25376203286629,-1.84728455445574,138.362869267248,1.00433085609357,4.94154351139052,0.130625301430106,1.55804534857773,1.95609110614148,3.84212892045773,4.92252778155841,5.9800360916349,8.06341348336084,142.267459728637,1.00441816695261,1.80551740880359,0.00241532541316399,0.0401164023803886,1.72469255398036,1.77828639916422,1.80581685893815,1.83388744211518,1.88004078187384,275.8624924586,1.00749463662812,TRUE,"",""
"75",2019-09-24,0.383256551383724,0.00291216208455257,0.0638131763097047,0.256967089539274,0.340334384483267,0.384530795804557,0.426441236999357,0.508159666057409,480.164046538876,1.00686185778552,-3.94480403428926,0.0766231483233731,1.08491338647161,-6.15556160531614,-4.65167895427304,-3.91073884591025,-3.21084977526452,-1.81207263903669,200.479583222688,1.02036847980442,0.999992943642266,1.06021858864101e-06,3.0925602042294e-06,0.999984429296692,0.999991514408629,0.99999363713571,0.999994966969399,0.999997364671185,8.50835294776856,1.72142381134976,0.383256551382957,0.00291216208454674,0.0638131763095771,0.25696708953876,0.340334384482587,0.384530795803788,0.426441236998505,0.508159666056393,480.164046538877,1.00686185778552,-3.94480403428926,0.0766231483233732,1.08491338647161,-6.15556160531614,-4.65167895427304,-3.91073884591025,-3.21084977526452,-1.81207263903669,200.479583222688,1.02036847980442,4.29201678003038,0.0926764255692771,1.31135935290721,1.7412189900924,3.40677235171614,4.25436805549859,5.14614461616573,6.99463268678708,200.218814615703,1.0203449658958,1.80551740880359,0.00241532541316399,0.0401164023803886,1.72469255398036,1.77828639916422,1.80581685893815,1.83388744211518,1.88004078187384,275.8624924586,1.00749463662812,TRUE,"",""
"76",2019-09-25,0.162670698390192,0.00378884826192203,0.0707937818349664,0.0268938460158507,0.113870003153395,0.160699954302087,0.210785208700173,0.304515998921539,349.120861695318,1.00325262851248,-2.16369170257836,0.0765361661744185,1.06555468801645,-4.37818309240982,-2.88039609602006,-2.11795099916255,-1.33468966528965,-0.3878298020043,193.828698897019,1.01446300363698,0.999991384051196,1.313468773938e-06,3.80299522245128e-06,0.999980788471882,0.999989687187054,0.999992222782206,0.999993890229772,0.999996722773439,8.38324299602953,1.79181145289333,0.162670698389867,0.00378884826191445,0.0707937818348248,0.0268938460157969,0.113870003153167,0.160699954301765,0.210785208699752,0.30451599892093,349.120861695318,1.00325262851248,-2.16369170257836,0.0765361661744185,1.06555468801645,-4.37818309240981,-2.88039609602006,-2.11795099916255,-1.33468966528965,-0.387829802004301,193.828698897019,1.01446300363698,2.39862553380425,0.0956178687802107,1.31694837575726,0.183953592229924,1.38005428186629,2.33651258077668,3.2925468182868,5.13376302618197,189.696528379168,1.0133958092111,1.80551740880359,0.00241532541316399,0.0401164023803886,1.72469255398036,1.77828639916422,1.80581685893815,1.83388744211518,1.88004078187384,275.8624924586,1.00749463662812,TRUE,"",""
"77",2019-09-26,0.391334114976999,0.00344799614734392,0.0715307360964958,0.256444186018356,0.342509943305932,0.390699112772544,0.438330896894592,0.538380629050273,430.379765598819,1.00222126892899,-5.79647933313492,0.0776087643609959,1.25878591360423,-8.38077980287954,-6.63608178511156,-5.7723155748371,-4.92845841010678,-3.35987295345996,263.076594170719,1.00677701530323,0.99999330776288,1.01980073067339e-06,2.99327333424725e-06,0.999984991460403,0.999991887194328,0.99999398920276,0.999995259538173,0.999997585021884,8.61513556828211,1.74689563384787,0.391334114976216,0.00344799614733702,0.0715307360963527,0.256444186017843,0.342509943305247,0.390699112771763,0.438330896893716,0.538380629049196,430.379765598819,1.00222126892899,-5.79647933313492,0.0776087643609959,1.25878591360423,-8.38077980287953,-6.63608178511155,-5.7723155748371,-4.92845841010677,-3.35987295345996,263.076594170719,1.00677701530323,6.15462583096496,0.0866922716482057,1.41399573756514,3.44015343657237,5.19080180377553,6.12950845049079,7.09281028494695,9.04278669357704,266.032952419398,1.00690773478832,1.80551740880359,0.00241532541316399,0.0401164023803886,1.72469255398036,1.77828639916422,1.80581685893815,1.83388744211518,1.88004078187384,275.8624924586,1.00749463662812,TRUE,"",""
"78",2019-09-27,0.570590295785112,0.0046733718348133,0.0729046048061628,0.429206724864175,0.522447386146054,0.569623775865073,0.618817956888387,0.713172929979487,243.360027926722,1.01688440448262,-5.1825196870373,0.0916529252295355,0.979299925436635,-7.24330019118707,-5.80752869263031,-5.14859597299193,-4.54013350402165,-3.32298314859693,114.166524847951,1.01836226636579,0.99999661378316,5.01324830709717e-07,1.46591206367548e-06,0.999992694126981,0.999995975136322,0.999996932609184,0.999997578986427,0.999998756729951,8.55022229682837,1.77149345057213,0.570590295783971,0.00467337183480393,0.072904604806017,0.429206724863317,0.52244738614501,0.569623775863934,0.61881795688715,0.71317292997806,243.360027926724,1.01688440448262,-5.1825196870373,0.0916529252295356,0.979299925436635,-7.24330019118708,-5.8075286926303,-5.14859597299194,-4.54013350402165,-3.32298314859693,114.16652484795,1.01836226636579,5.24418542581105,0.100297812226127,1.08007008270917,3.16170159685957,4.53865270569793,5.20511607078362,5.94273299368206,7.49920429024813,115.9634034656,1.01770192494936,1.80551740880359,0.00241532541316399,0.0401164023803886,1.72469255398036,1.77828639916422,1.80581685893815,1.83388744211518,1.88004078187384,275.8624924586,1.00749463662812,TRUE,"",""
"79",2019-09-28,0.00879265344961188,0.00310803680999387,0.0639020304111462,-0.12348447360067,-0.0335662726501762,0.0102831537707339,0.0517181247359539,0.131860212681509,422.724099534244,1.01498407380543,-7.021954726612,0.145280712854121,2.00003888016934,-10.8104606961256,-8.34554660840209,-7.06060712553979,-5.62324558308901,-3.05464355240701,189.52257669785,1.00070138055923,0.998417161023529,0.000237197703451997,0.000690448128907732,0.996540005586455,0.998093031311832,0.998575556483354,0.998872491098543,0.99941596691795,8.47307702310324,1.74544832180375,0.0087926534495943,0.00310803680998766,0.0639020304110184,-0.123484473600423,-0.033566272650109,0.0102831537707133,0.0517181247358505,0.131860212681246,422.724099534244,1.01498407380543,-7.021954726612,0.145280712854121,2.00003888016934,-10.8104606961256,-8.34554660840207,-7.06060712553978,-5.62324558308902,-3.05464355240701,189.52257669785,1.00070138055923,7.53488672657507,0.156584187949433,2.15165267652933,3.20791566605886,6.03679126471502,7.5696948800442,8.97032735138513,11.5757874908271,188.820232221897,1.00076934082454,1.80551740880359,0.00241532541316399,0.0401164023803886,1.72469255398036,1.77828639916422,1.80581685893815,1.83388744211518,1.88004078187384,275.8624924586,1.00749463662812,TRUE,"",""
"80",2019-09-29,0.222969498145555,0.0038949373547306,0.0686042208152619,0.0847161546015028,0.178153658083615,0.223529526083553,0.26952944307581,0.349204670171357,310.242090607232,1.0068906126964,-5.62918450128101,0.1358966828138,1.62947040235485,-8.81851469098381,-6.69271152987619,-5.639942890799,-4.64607021626404,-2.19549744987563,143.772306785971,1.01188491288025,0.999983397679103,2.52773533220743e-06,7.35768077665891e-06,0.999962936525062,0.999980104571151,0.999985079965604,0.99998821764828,0.999993861864065,8.47263865699497,1.73027227937613,0.22296949814511,0.00389493735472281,0.0686042208151247,0.0847161546013334,0.178153658083259,0.223529526083106,0.269529443075271,0.349204670170659,310.242090607232,1.0068906126964,-5.62918450128101,0.1358966828138,1.62947040235485,-8.8185146909838,-6.69271152987619,-5.639942890799,-4.64607021626403,-2.19549744987563,143.772306785971,1.01188491288025,5.88181210851119,0.145556832360632,1.75864418854924,2.17832726093186,4.81204041854726,5.90713244899639,7.03469672349119,9.34971297620298,145.97912995345,1.01226832996659,1.80551740880359,0.00241532541316399,0.0401164023803886,1.72469255398036,1.77828639916422,1.80581685893815,1.83388744211518,1.88004078187384,275.8624924586,1.00749463662812,TRUE,"",""
"81",2019-09-30,-0.11638150177149,0.0042469377160637,0.0756647905976494,-0.262070159846706,-0.167460497933026,-0.118998246382305,-0.0663698933967943,0.0390535252646739,317.421167964803,1.00895023394636,-3.83947923358634,0.0826850675497698,1.22687854639719,-6.26335184852016,-4.64167536659208,-3.84378702265151,-3.0591253191826,-1.42224635843309,220.165351799236,1.01414936972603,0.999997153152257,4.33244080522153e-07,1.26427881736549e-06,0.999993714190278,0.999996578586547,0.999997447452411,0.999997983357685,0.999998941114732,8.51570185467089,1.73678791198867,-0.116381501771257,0.00424693771605521,0.0756647905974981,-0.262070159846182,-0.167460497932692,-0.118998246382068,-0.0663698933966615,0.0390535252645958,317.421167964803,1.00895023394636,-3.83947923358634,0.0826850675497698,1.22687854639719,-6.26335184852016,-4.64167536659209,-3.8437870226515,-3.0591253191826,-1.42224635843309,220.165351799236,1.01414936972603,4.50543178205226,0.0948543169720759,1.39185863136196,1.73530981875161,3.61152552640498,4.52281906349771,5.40826674434422,7.26274431398216,215.315875344039,1.01436089502392,1.80551740880359,0.00241532541316399,0.0401164023803886,1.72469255398036,1.77828639916422,1.80581685893815,1.83388744211518,1.88004078187384,275.8624924586,1.00749463662812,TRUE,"",""
"82",2019-10-01,-0.0691844093951007,0.00421915983092536,0.069995761297173,-0.20165855949952,-0.119012971502056,-0.0677268945707237,-0.0219124158915551,0.0699776157308771,275.227311245517,1.01755012656553,-3.26664719782809,0.0782757898498186,1.09806097192169,-5.39438423983296,-3.99365152422675,-3.29592777510221,-2.53441265150762,-1.06163612511392,196.787720195734,1.03349856058453,0.999996403346978,5.50198914106033e-07,1.61628845187313e-06,0.999991843297918,0.999995686410557,0.999996785252891,0.999997470192964,0.999998684208377,8.62975134216772,1.7444155386007,-0.0691844093949623,0.00421915983091692,0.0699957612970331,-0.201658559499117,-0.119012971501818,-0.0677268945705883,-0.0219124158915113,0.0699776157307372,275.227311245518,1.01755012656553,-3.26664719782809,0.0782757898498186,1.09806097192169,-5.39438423983296,-3.99365152422675,-3.29592777510221,-2.53441265150762,-1.06163612511392,196.787720195735,1.03349856058453,3.96039427840837,0.092107030213201,1.27540537618981,1.42514884800365,3.10333447905568,3.99031129032352,4.81076980558139,6.41820207254251,191.739207197346,1.03492008600233,1.80551740880359,0.00241532541316399,0.0401164023803886,1.72469255398036,1.77828639916422,1.80581685893815,1.83388744211518,1.88004078187384,275.8624924586,1.00749463662812,TRUE,"",""
"83",2019-10-02,NA,NA,NA,NA,NA,NA,NA,NA,NA,NA,NA,NA,NA,NA,NA,NA,NA,NA,NA,NA,NA,NA,NA,NA,NA,NA,NA,NA,NA,NA,NA,NA,NA,NA,NA,NA,NA,NA,NA,NA,NA,NA,NA,NA,NA,NA,NA,NA,NA,NA,NA,NA,NA,NA,NA,NA,NA,NA,NA,NA,NA,NA,NA,NA,NA,NA,NA,NA,NA,NA,FALSE,"","NAs in DO.obs; NAs in DO.sat; NAs in depth; NAs in temp.water; NAs in light; NAs in discharge"
"84",2019-10-03,NA,NA,NA,NA,NA,NA,NA,NA,NA,NA,NA,NA,NA,NA,NA,NA,NA,NA,NA,NA,NA,NA,NA,NA,NA,NA,NA,NA,NA,NA,NA,NA,NA,NA,NA,NA,NA,NA,NA,NA,NA,NA,NA,NA,NA,NA,NA,NA,NA,NA,NA,NA,NA,NA,NA,NA,NA,NA,NA,NA,NA,NA,NA,NA,NA,NA,NA,NA,NA,NA,FALSE,"","NAs in DO.obs; NAs in DO.sat; NAs in depth; NAs in temp.water; NAs in light; NAs in discharge"
"85",2019-10-04,NA,NA,NA,NA,NA,NA,NA,NA,NA,NA,NA,NA,NA,NA,NA,NA,NA,NA,NA,NA,NA,NA,NA,NA,NA,NA,NA,NA,NA,NA,NA,NA,NA,NA,NA,NA,NA,NA,NA,NA,NA,NA,NA,NA,NA,NA,NA,NA,NA,NA,NA,NA,NA,NA,NA,NA,NA,NA,NA,NA,NA,NA,NA,NA,NA,NA,NA,NA,NA,NA,FALSE,"","NAs in DO.obs; NAs in DO.sat; NAs in depth; NAs in temp.water; NAs in light; NAs in discharge"
"86",2019-10-05,NA,NA,NA,NA,NA,NA,NA,NA,NA,NA,NA,NA,NA,NA,NA,NA,NA,NA,NA,NA,NA,NA,NA,NA,NA,NA,NA,NA,NA,NA,NA,NA,NA,NA,NA,NA,NA,NA,NA,NA,NA,NA,NA,NA,NA,NA,NA,NA,NA,NA,NA,NA,NA,NA,NA,NA,NA,NA,NA,NA,NA,NA,NA,NA,NA,NA,NA,NA,NA,NA,FALSE,"","NAs in DO.obs; NAs in DO.sat; NAs in depth; NAs in temp.water; NAs in light; NAs in discharge"
"87",2019-10-06,NA,NA,NA,NA,NA,NA,NA,NA,NA,NA,NA,NA,NA,NA,NA,NA,NA,NA,NA,NA,NA,NA,NA,NA,NA,NA,NA,NA,NA,NA,NA,NA,NA,NA,NA,NA,NA,NA,NA,NA,NA,NA,NA,NA,NA,NA,NA,NA,NA,NA,NA,NA,NA,NA,NA,NA,NA,NA,NA,NA,NA,NA,NA,NA,NA,NA,NA,NA,NA,NA,FALSE,"","NAs in DO.obs; NAs in DO.sat; NAs in depth; NAs in temp.water; NAs in light; NAs in discharge"
"88",2019-10-07,NA,NA,NA,NA,NA,NA,NA,NA,NA,NA,NA,NA,NA,NA,NA,NA,NA,NA,NA,NA,NA,NA,NA,NA,NA,NA,NA,NA,NA,NA,NA,NA,NA,NA,NA,NA,NA,NA,NA,NA,NA,NA,NA,NA,NA,NA,NA,NA,NA,NA,NA,NA,NA,NA,NA,NA,NA,NA,NA,NA,NA,NA,NA,NA,NA,NA,NA,NA,NA,NA,FALSE,"","NAs in DO.obs; NAs in DO.sat; NAs in depth; NAs in temp.water; NAs in light; NAs in discharge"
"89",2019-10-08,NA,NA,NA,NA,NA,NA,NA,NA,NA,NA,NA,NA,NA,NA,NA,NA,NA,NA,NA,NA,NA,NA,NA,NA,NA,NA,NA,NA,NA,NA,NA,NA,NA,NA,NA,NA,NA,NA,NA,NA,NA,NA,NA,NA,NA,NA,NA,NA,NA,NA,NA,NA,NA,NA,NA,NA,NA,NA,NA,NA,NA,NA,NA,NA,NA,NA,NA,NA,NA,NA,FALSE,"","NAs in DO.obs; NAs in DO.sat; NAs in depth; NAs in temp.water; NAs in light; NAs in discharge"
"90",2019-10-09,NA,NA,NA,NA,NA,NA,NA,NA,NA,NA,NA,NA,NA,NA,NA,NA,NA,NA,NA,NA,NA,NA,NA,NA,NA,NA,NA,NA,NA,NA,NA,NA,NA,NA,NA,NA,NA,NA,NA,NA,NA,NA,NA,NA,NA,NA,NA,NA,NA,NA,NA,NA,NA,NA,NA,NA,NA,NA,NA,NA,NA,NA,NA,NA,NA,NA,NA,NA,NA,NA,FALSE,"","NAs in DO.obs; NAs in DO.sat; NAs in depth; NAs in temp.water; NAs in light; NAs in discharge"
"91",2019-10-10,NA,NA,NA,NA,NA,NA,NA,NA,NA,NA,NA,NA,NA,NA,NA,NA,NA,NA,NA,NA,NA,NA,NA,NA,NA,NA,NA,NA,NA,NA,NA,NA,NA,NA,NA,NA,NA,NA,NA,NA,NA,NA,NA,NA,NA,NA,NA,NA,NA,NA,NA,NA,NA,NA,NA,NA,NA,NA,NA,NA,NA,NA,NA,NA,NA,NA,NA,NA,NA,NA,FALSE,"","NAs in DO.obs; NAs in DO.sat; NAs in depth; NAs in temp.water; NAs in light; NAs in discharge"
"92",2019-10-11,NA,NA,NA,NA,NA,NA,NA,NA,NA,NA,NA,NA,NA,NA,NA,NA,NA,NA,NA,NA,NA,NA,NA,NA,NA,NA,NA,NA,NA,NA,NA,NA,NA,NA,NA,NA,NA,NA,NA,NA,NA,NA,NA,NA,NA,NA,NA,NA,NA,NA,NA,NA,NA,NA,NA,NA,NA,NA,NA,NA,NA,NA,NA,NA,NA,NA,NA,NA,NA,NA,FALSE,"","NAs in DO.obs; NAs in DO.sat; NAs in depth; NAs in temp.water; NAs in light; NAs in discharge"
"93",2019-10-12,NA,NA,NA,NA,NA,NA,NA,NA,NA,NA,NA,NA,NA,NA,NA,NA,NA,NA,NA,NA,NA,NA,NA,NA,NA,NA,NA,NA,NA,NA,NA,NA,NA,NA,NA,NA,NA,NA,NA,NA,NA,NA,NA,NA,NA,NA,NA,NA,NA,NA,NA,NA,NA,NA,NA,NA,NA,NA,NA,NA,NA,NA,NA,NA,NA,NA,NA,NA,NA,NA,FALSE,"","NAs in DO.obs; NAs in DO.sat; NAs in depth; NAs in temp.water; NAs in light; NAs in discharge"
"94",2019-10-13,NA,NA,NA,NA,NA,NA,NA,NA,NA,NA,NA,NA,NA,NA,NA,NA,NA,NA,NA,NA,NA,NA,NA,NA,NA,NA,NA,NA,NA,NA,NA,NA,NA,NA,NA,NA,NA,NA,NA,NA,NA,NA,NA,NA,NA,NA,NA,NA,NA,NA,NA,NA,NA,NA,NA,NA,NA,NA,NA,NA,NA,NA,NA,NA,NA,NA,NA,NA,NA,NA,FALSE,"","NAs in DO.obs; NAs in DO.sat; NAs in depth; NAs in temp.water; NAs in light; NAs in discharge"
"95",2019-10-14,NA,NA,NA,NA,NA,NA,NA,NA,NA,NA,NA,NA,NA,NA,NA,NA,NA,NA,NA,NA,NA,NA,NA,NA,NA,NA,NA,NA,NA,NA,NA,NA,NA,NA,NA,NA,NA,NA,NA,NA,NA,NA,NA,NA,NA,NA,NA,NA,NA,NA,NA,NA,NA,NA,NA,NA,NA,NA,NA,NA,NA,NA,NA,NA,NA,NA,NA,NA,NA,NA,FALSE,"","NAs in DO.obs; NAs in DO.sat; NAs in depth; NAs in temp.water; NAs in light; NAs in discharge"
"96",2019-10-15,NA,NA,NA,NA,NA,NA,NA,NA,NA,NA,NA,NA,NA,NA,NA,NA,NA,NA,NA,NA,NA,NA,NA,NA,NA,NA,NA,NA,NA,NA,NA,NA,NA,NA,NA,NA,NA,NA,NA,NA,NA,NA,NA,NA,NA,NA,NA,NA,NA,NA,NA,NA,NA,NA,NA,NA,NA,NA,NA,NA,NA,NA,NA,NA,NA,NA,NA,NA,NA,NA,FALSE,"","NAs in DO.obs; NAs in DO.sat; NAs in depth; NAs in temp.water; NAs in light; NAs in discharge"
"97",2019-10-16,NA,NA,NA,NA,NA,NA,NA,NA,NA,NA,NA,NA,NA,NA,NA,NA,NA,NA,NA,NA,NA,NA,NA,NA,NA,NA,NA,NA,NA,NA,NA,NA,NA,NA,NA,NA,NA,NA,NA,NA,NA,NA,NA,NA,NA,NA,NA,NA,NA,NA,NA,NA,NA,NA,NA,NA,NA,NA,NA,NA,NA,NA,NA,NA,NA,NA,NA,NA,NA,NA,FALSE,"","NAs in DO.obs; NAs in DO.sat; NAs in depth; NAs in temp.water; NAs in light; NAs in discharge"
"98",2019-10-17,NA,NA,NA,NA,NA,NA,NA,NA,NA,NA,NA,NA,NA,NA,NA,NA,NA,NA,NA,NA,NA,NA,NA,NA,NA,NA,NA,NA,NA,NA,NA,NA,NA,NA,NA,NA,NA,NA,NA,NA,NA,NA,NA,NA,NA,NA,NA,NA,NA,NA,NA,NA,NA,NA,NA,NA,NA,NA,NA,NA,NA,NA,NA,NA,NA,NA,NA,NA,NA,NA,FALSE,"","NAs in DO.obs; NAs in DO.sat; NAs in depth; NAs in temp.water; NAs in light; NAs in discharge"
"99",2019-10-18,NA,NA,NA,NA,NA,NA,NA,NA,NA,NA,NA,NA,NA,NA,NA,NA,NA,NA,NA,NA,NA,NA,NA,NA,NA,NA,NA,NA,NA,NA,NA,NA,NA,NA,NA,NA,NA,NA,NA,NA,NA,NA,NA,NA,NA,NA,NA,NA,NA,NA,NA,NA,NA,NA,NA,NA,NA,NA,NA,NA,NA,NA,NA,NA,NA,NA,NA,NA,NA,NA,FALSE,"","NAs in DO.obs; NAs in DO.sat; NAs in depth; NAs in temp.water; NAs in light; NAs in discharge"
"100",2019-10-19,NA,NA,NA,NA,NA,NA,NA,NA,NA,NA,NA,NA,NA,NA,NA,NA,NA,NA,NA,NA,NA,NA,NA,NA,NA,NA,NA,NA,NA,NA,NA,NA,NA,NA,NA,NA,NA,NA,NA,NA,NA,NA,NA,NA,NA,NA,NA,NA,NA,NA,NA,NA,NA,NA,NA,NA,NA,NA,NA,NA,NA,NA,NA,NA,NA,NA,NA,NA,NA,NA,FALSE,"","NAs in DO.obs; NAs in DO.sat; NAs in depth; NAs in temp.water; NAs in light; NAs in discharge"
"101",2019-10-20,NA,NA,NA,NA,NA,NA,NA,NA,NA,NA,NA,NA,NA,NA,NA,NA,NA,NA,NA,NA,NA,NA,NA,NA,NA,NA,NA,NA,NA,NA,NA,NA,NA,NA,NA,NA,NA,NA,NA,NA,NA,NA,NA,NA,NA,NA,NA,NA,NA,NA,NA,NA,NA,NA,NA,NA,NA,NA,NA,NA,NA,NA,NA,NA,NA,NA,NA,NA,NA,NA,FALSE,"","NAs in DO.obs; NAs in DO.sat; NAs in depth; NAs in temp.water; NAs in light; NAs in discharge"
"102",2019-10-21,NA,NA,NA,NA,NA,NA,NA,NA,NA,NA,NA,NA,NA,NA,NA,NA,NA,NA,NA,NA,NA,NA,NA,NA,NA,NA,NA,NA,NA,NA,NA,NA,NA,NA,NA,NA,NA,NA,NA,NA,NA,NA,NA,NA,NA,NA,NA,NA,NA,NA,NA,NA,NA,NA,NA,NA,NA,NA,NA,NA,NA,NA,NA,NA,NA,NA,NA,NA,NA,NA,FALSE,"","NAs in DO.obs; NAs in DO.sat; NAs in depth; NAs in temp.water; NAs in light; NAs in discharge"
"103",2019-10-22,NA,NA,NA,NA,NA,NA,NA,NA,NA,NA,NA,NA,NA,NA,NA,NA,NA,NA,NA,NA,NA,NA,NA,NA,NA,NA,NA,NA,NA,NA,NA,NA,NA,NA,NA,NA,NA,NA,NA,NA,NA,NA,NA,NA,NA,NA,NA,NA,NA,NA,NA,NA,NA,NA,NA,NA,NA,NA,NA,NA,NA,NA,NA,NA,NA,NA,NA,NA,NA,NA,FALSE,"","NAs in DO.obs; NAs in DO.sat; NAs in depth; NAs in temp.water; NAs in light; NAs in discharge"
"104",2019-10-23,NA,NA,NA,NA,NA,NA,NA,NA,NA,NA,NA,NA,NA,NA,NA,NA,NA,NA,NA,NA,NA,NA,NA,NA,NA,NA,NA,NA,NA,NA,NA,NA,NA,NA,NA,NA,NA,NA,NA,NA,NA,NA,NA,NA,NA,NA,NA,NA,NA,NA,NA,NA,NA,NA,NA,NA,NA,NA,NA,NA,NA,NA,NA,NA,NA,NA,NA,NA,NA,NA,FALSE,"","NAs in DO.obs; NAs in DO.sat; NAs in depth; NAs in temp.water; NAs in light; NAs in discharge"
"105",2019-10-24,NA,NA,NA,NA,NA,NA,NA,NA,NA,NA,NA,NA,NA,NA,NA,NA,NA,NA,NA,NA,NA,NA,NA,NA,NA,NA,NA,NA,NA,NA,NA,NA,NA,NA,NA,NA,NA,NA,NA,NA,NA,NA,NA,NA,NA,NA,NA,NA,NA,NA,NA,NA,NA,NA,NA,NA,NA,NA,NA,NA,NA,NA,NA,NA,NA,NA,NA,NA,NA,NA,FALSE,"","NAs in DO.obs; NAs in DO.sat; NAs in depth; NAs in temp.water; NAs in light; NAs in discharge"
"106",2019-10-25,NA,NA,NA,NA,NA,NA,NA,NA,NA,NA,NA,NA,NA,NA,NA,NA,NA,NA,NA,NA,NA,NA,NA,NA,NA,NA,NA,NA,NA,NA,NA,NA,NA,NA,NA,NA,NA,NA,NA,NA,NA,NA,NA,NA,NA,NA,NA,NA,NA,NA,NA,NA,NA,NA,NA,NA,NA,NA,NA,NA,NA,NA,NA,NA,NA,NA,NA,NA,NA,NA,FALSE,"","NAs in DO.obs; NAs in DO.sat; NAs in depth; NAs in temp.water; NAs in light; NAs in discharge"
"107",2019-10-26,NA,NA,NA,NA,NA,NA,NA,NA,NA,NA,NA,NA,NA,NA,NA,NA,NA,NA,NA,NA,NA,NA,NA,NA,NA,NA,NA,NA,NA,NA,NA,NA,NA,NA,NA,NA,NA,NA,NA,NA,NA,NA,NA,NA,NA,NA,NA,NA,NA,NA,NA,NA,NA,NA,NA,NA,NA,NA,NA,NA,NA,NA,NA,NA,NA,NA,NA,NA,NA,NA,FALSE,"","NAs in DO.obs; NAs in DO.sat; NAs in depth; NAs in temp.water; NAs in light; NAs in discharge"
"108",2019-10-27,NA,NA,NA,NA,NA,NA,NA,NA,NA,NA,NA,NA,NA,NA,NA,NA,NA,NA,NA,NA,NA,NA,NA,NA,NA,NA,NA,NA,NA,NA,NA,NA,NA,NA,NA,NA,NA,NA,NA,NA,NA,NA,NA,NA,NA,NA,NA,NA,NA,NA,NA,NA,NA,NA,NA,NA,NA,NA,NA,NA,NA,NA,NA,NA,NA,NA,NA,NA,NA,NA,FALSE,"","NAs in DO.obs; NAs in DO.sat; NAs in depth; NAs in temp.water; NAs in light; NAs in discharge"
"109",2019-10-28,NA,NA,NA,NA,NA,NA,NA,NA,NA,NA,NA,NA,NA,NA,NA,NA,NA,NA,NA,NA,NA,NA,NA,NA,NA,NA,NA,NA,NA,NA,NA,NA,NA,NA,NA,NA,NA,NA,NA,NA,NA,NA,NA,NA,NA,NA,NA,NA,NA,NA,NA,NA,NA,NA,NA,NA,NA,NA,NA,NA,NA,NA,NA,NA,NA,NA,NA,NA,NA,NA,FALSE,"","NAs in DO.obs; NAs in DO.sat; NAs in depth; NAs in temp.water; NAs in light; NAs in discharge"
"110",2019-10-29,NA,NA,NA,NA,NA,NA,NA,NA,NA,NA,NA,NA,NA,NA,NA,NA,NA,NA,NA,NA,NA,NA,NA,NA,NA,NA,NA,NA,NA,NA,NA,NA,NA,NA,NA,NA,NA,NA,NA,NA,NA,NA,NA,NA,NA,NA,NA,NA,NA,NA,NA,NA,NA,NA,NA,NA,NA,NA,NA,NA,NA,NA,NA,NA,NA,NA,NA,NA,NA,NA,FALSE,"","NAs in DO.obs; NAs in DO.sat; NAs in depth; NAs in temp.water; NAs in light; NAs in discharge"
"111",2019-10-30,NA,NA,NA,NA,NA,NA,NA,NA,NA,NA,NA,NA,NA,NA,NA,NA,NA,NA,NA,NA,NA,NA,NA,NA,NA,NA,NA,NA,NA,NA,NA,NA,NA,NA,NA,NA,NA,NA,NA,NA,NA,NA,NA,NA,NA,NA,NA,NA,NA,NA,NA,NA,NA,NA,NA,NA,NA,NA,NA,NA,NA,NA,NA,NA,NA,NA,NA,NA,NA,NA,FALSE,"","NAs in DO.obs; NAs in DO.sat; NAs in depth; NAs in temp.water; NAs in light; NAs in discharge"
"112",2019-10-31,NA,NA,NA,NA,NA,NA,NA,NA,NA,NA,NA,NA,NA,NA,NA,NA,NA,NA,NA,NA,NA,NA,NA,NA,NA,NA,NA,NA,NA,NA,NA,NA,NA,NA,NA,NA,NA,NA,NA,NA,NA,NA,NA,NA,NA,NA,NA,NA,NA,NA,NA,NA,NA,NA,NA,NA,NA,NA,NA,NA,NA,NA,NA,NA,NA,NA,NA,NA,NA,NA,FALSE,"","NAs in DO.obs; NAs in DO.sat; NAs in depth; NAs in temp.water; NAs in light; NAs in discharge"
"113",2019-11-01,NA,NA,NA,NA,NA,NA,NA,NA,NA,NA,NA,NA,NA,NA,NA,NA,NA,NA,NA,NA,NA,NA,NA,NA,NA,NA,NA,NA,NA,NA,NA,NA,NA,NA,NA,NA,NA,NA,NA,NA,NA,NA,NA,NA,NA,NA,NA,NA,NA,NA,NA,NA,NA,NA,NA,NA,NA,NA,NA,NA,NA,NA,NA,NA,NA,NA,NA,NA,NA,NA,FALSE,"","NAs in DO.obs; NAs in DO.sat; NAs in depth; NAs in temp.water; NAs in light; NAs in discharge"
"114",2019-11-02,NA,NA,NA,NA,NA,NA,NA,NA,NA,NA,NA,NA,NA,NA,NA,NA,NA,NA,NA,NA,NA,NA,NA,NA,NA,NA,NA,NA,NA,NA,NA,NA,NA,NA,NA,NA,NA,NA,NA,NA,NA,NA,NA,NA,NA,NA,NA,NA,NA,NA,NA,NA,NA,NA,NA,NA,NA,NA,NA,NA,NA,NA,NA,NA,NA,NA,NA,NA,NA,NA,FALSE,"","NAs in DO.obs; NAs in DO.sat; NAs in depth; NAs in temp.water; NAs in light; NAs in discharge"
"115",2019-11-03,NA,NA,NA,NA,NA,NA,NA,NA,NA,NA,NA,NA,NA,NA,NA,NA,NA,NA,NA,NA,NA,NA,NA,NA,NA,NA,NA,NA,NA,NA,NA,NA,NA,NA,NA,NA,NA,NA,NA,NA,NA,NA,NA,NA,NA,NA,NA,NA,NA,NA,NA,NA,NA,NA,NA,NA,NA,NA,NA,NA,NA,NA,NA,NA,NA,NA,NA,NA,NA,NA,FALSE,"","NAs in DO.obs; NAs in DO.sat; NAs in depth; NAs in temp.water; NAs in light; NAs in discharge"
"116",2019-11-04,NA,NA,NA,NA,NA,NA,NA,NA,NA,NA,NA,NA,NA,NA,NA,NA,NA,NA,NA,NA,NA,NA,NA,NA,NA,NA,NA,NA,NA,NA,NA,NA,NA,NA,NA,NA,NA,NA,NA,NA,NA,NA,NA,NA,NA,NA,NA,NA,NA,NA,NA,NA,NA,NA,NA,NA,NA,NA,NA,NA,NA,NA,NA,NA,NA,NA,NA,NA,NA,NA,FALSE,"","NAs in DO.obs; NAs in DO.sat; NAs in depth; NAs in temp.water; NAs in light; NAs in discharge"
"117",2019-11-05,NA,NA,NA,NA,NA,NA,NA,NA,NA,NA,NA,NA,NA,NA,NA,NA,NA,NA,NA,NA,NA,NA,NA,NA,NA,NA,NA,NA,NA,NA,NA,NA,NA,NA,NA,NA,NA,NA,NA,NA,NA,NA,NA,NA,NA,NA,NA,NA,NA,NA,NA,NA,NA,NA,NA,NA,NA,NA,NA,NA,NA,NA,NA,NA,NA,NA,NA,NA,NA,NA,FALSE,"","NAs in DO.obs; NAs in DO.sat; NAs in depth; NAs in temp.water; NAs in light; NAs in discharge"
"118",2019-11-06,NA,NA,NA,NA,NA,NA,NA,NA,NA,NA,NA,NA,NA,NA,NA,NA,NA,NA,NA,NA,NA,NA,NA,NA,NA,NA,NA,NA,NA,NA,NA,NA,NA,NA,NA,NA,NA,NA,NA,NA,NA,NA,NA,NA,NA,NA,NA,NA,NA,NA,NA,NA,NA,NA,NA,NA,NA,NA,NA,NA,NA,NA,NA,NA,NA,NA,NA,NA,NA,NA,FALSE,"","NAs in DO.obs; NAs in DO.sat; NAs in depth; NAs in temp.water; NAs in light; NAs in discharge"
"119",2019-11-07,NA,NA,NA,NA,NA,NA,NA,NA,NA,NA,NA,NA,NA,NA,NA,NA,NA,NA,NA,NA,NA,NA,NA,NA,NA,NA,NA,NA,NA,NA,NA,NA,NA,NA,NA,NA,NA,NA,NA,NA,NA,NA,NA,NA,NA,NA,NA,NA,NA,NA,NA,NA,NA,NA,NA,NA,NA,NA,NA,NA,NA,NA,NA,NA,NA,NA,NA,NA,NA,NA,FALSE,"","NAs in DO.obs; NAs in DO.sat; NAs in depth; NAs in temp.water; NAs in light; NAs in discharge"
"120",2019-11-08,NA,NA,NA,NA,NA,NA,NA,NA,NA,NA,NA,NA,NA,NA,NA,NA,NA,NA,NA,NA,NA,NA,NA,NA,NA,NA,NA,NA,NA,NA,NA,NA,NA,NA,NA,NA,NA,NA,NA,NA,NA,NA,NA,NA,NA,NA,NA,NA,NA,NA,NA,NA,NA,NA,NA,NA,NA,NA,NA,NA,NA,NA,NA,NA,NA,NA,NA,NA,NA,NA,FALSE,"","NAs in DO.obs; NAs in DO.sat; NAs in depth; NAs in temp.water; NAs in light; NAs in discharge"
"121",2019-11-09,NA,NA,NA,NA,NA,NA,NA,NA,NA,NA,NA,NA,NA,NA,NA,NA,NA,NA,NA,NA,NA,NA,NA,NA,NA,NA,NA,NA,NA,NA,NA,NA,NA,NA,NA,NA,NA,NA,NA,NA,NA,NA,NA,NA,NA,NA,NA,NA,NA,NA,NA,NA,NA,NA,NA,NA,NA,NA,NA,NA,NA,NA,NA,NA,NA,NA,NA,NA,NA,NA,FALSE,"","NAs in DO.obs; NAs in DO.sat; NAs in depth; NAs in temp.water; NAs in light; NAs in discharge"
"122",2019-11-10,NA,NA,NA,NA,NA,NA,NA,NA,NA,NA,NA,NA,NA,NA,NA,NA,NA,NA,NA,NA,NA,NA,NA,NA,NA,NA,NA,NA,NA,NA,NA,NA,NA,NA,NA,NA,NA,NA,NA,NA,NA,NA,NA,NA,NA,NA,NA,NA,NA,NA,NA,NA,NA,NA,NA,NA,NA,NA,NA,NA,NA,NA,NA,NA,NA,NA,NA,NA,NA,NA,FALSE,"","NAs in DO.obs; NAs in DO.sat; NAs in depth; NAs in temp.water; NAs in light; NAs in discharge"
"123",2019-11-11,NA,NA,NA,NA,NA,NA,NA,NA,NA,NA,NA,NA,NA,NA,NA,NA,NA,NA,NA,NA,NA,NA,NA,NA,NA,NA,NA,NA,NA,NA,NA,NA,NA,NA,NA,NA,NA,NA,NA,NA,NA,NA,NA,NA,NA,NA,NA,NA,NA,NA,NA,NA,NA,NA,NA,NA,NA,NA,NA,NA,NA,NA,NA,NA,NA,NA,NA,NA,NA,NA,FALSE,"","NAs in DO.obs; NAs in DO.sat; NAs in depth; NAs in temp.water; NAs in light; NAs in discharge"
"124",2019-11-12,NA,NA,NA,NA,NA,NA,NA,NA,NA,NA,NA,NA,NA,NA,NA,NA,NA,NA,NA,NA,NA,NA,NA,NA,NA,NA,NA,NA,NA,NA,NA,NA,NA,NA,NA,NA,NA,NA,NA,NA,NA,NA,NA,NA,NA,NA,NA,NA,NA,NA,NA,NA,NA,NA,NA,NA,NA,NA,NA,NA,NA,NA,NA,NA,NA,NA,NA,NA,NA,NA,FALSE,"","NAs in DO.obs; NAs in DO.sat; NAs in depth; NAs in temp.water; NAs in light; NAs in discharge"
"125",2019-11-13,NA,NA,NA,NA,NA,NA,NA,NA,NA,NA,NA,NA,NA,NA,NA,NA,NA,NA,NA,NA,NA,NA,NA,NA,NA,NA,NA,NA,NA,NA,NA,NA,NA,NA,NA,NA,NA,NA,NA,NA,NA,NA,NA,NA,NA,NA,NA,NA,NA,NA,NA,NA,NA,NA,NA,NA,NA,NA,NA,NA,NA,NA,NA,NA,NA,NA,NA,NA,NA,NA,FALSE,"","NAs in DO.obs; NAs in DO.sat; NAs in depth; NAs in temp.water; NAs in light; NAs in discharge"
"126",2019-11-14,NA,NA,NA,NA,NA,NA,NA,NA,NA,NA,NA,NA,NA,NA,NA,NA,NA,NA,NA,NA,NA,NA,NA,NA,NA,NA,NA,NA,NA,NA,NA,NA,NA,NA,NA,NA,NA,NA,NA,NA,NA,NA,NA,NA,NA,NA,NA,NA,NA,NA,NA,NA,NA,NA,NA,NA,NA,NA,NA,NA,NA,NA,NA,NA,NA,NA,NA,NA,NA,NA,FALSE,"","NAs in DO.obs; NAs in DO.sat; NAs in depth; NAs in temp.water; NAs in light; NAs in discharge"
"127",2019-11-15,NA,NA,NA,NA,NA,NA,NA,NA,NA,NA,NA,NA,NA,NA,NA,NA,NA,NA,NA,NA,NA,NA,NA,NA,NA,NA,NA,NA,NA,NA,NA,NA,NA,NA,NA,NA,NA,NA,NA,NA,NA,NA,NA,NA,NA,NA,NA,NA,NA,NA,NA,NA,NA,NA,NA,NA,NA,NA,NA,NA,NA,NA,NA,NA,NA,NA,NA,NA,NA,NA,FALSE,"","NAs in DO.obs; NAs in DO.sat; NAs in depth; NAs in temp.water; NAs in light; NAs in discharge"
"128",2019-11-16,NA,NA,NA,NA,NA,NA,NA,NA,NA,NA,NA,NA,NA,NA,NA,NA,NA,NA,NA,NA,NA,NA,NA,NA,NA,NA,NA,NA,NA,NA,NA,NA,NA,NA,NA,NA,NA,NA,NA,NA,NA,NA,NA,NA,NA,NA,NA,NA,NA,NA,NA,NA,NA,NA,NA,NA,NA,NA,NA,NA,NA,NA,NA,NA,NA,NA,NA,NA,NA,NA,FALSE,"","NAs in DO.obs; NAs in DO.sat; NAs in depth; NAs in temp.water; NAs in light; NAs in discharge"
"129",2019-11-17,NA,NA,NA,NA,NA,NA,NA,NA,NA,NA,NA,NA,NA,NA,NA,NA,NA,NA,NA,NA,NA,NA,NA,NA,NA,NA,NA,NA,NA,NA,NA,NA,NA,NA,NA,NA,NA,NA,NA,NA,NA,NA,NA,NA,NA,NA,NA,NA,NA,NA,NA,NA,NA,NA,NA,NA,NA,NA,NA,NA,NA,NA,NA,NA,NA,NA,NA,NA,NA,NA,FALSE,"","NAs in DO.obs; NAs in DO.sat; NAs in depth; NAs in temp.water; NAs in light; NAs in discharge"
"130",2019-11-18,NA,NA,NA,NA,NA,NA,NA,NA,NA,NA,NA,NA,NA,NA,NA,NA,NA,NA,NA,NA,NA,NA,NA,NA,NA,NA,NA,NA,NA,NA,NA,NA,NA,NA,NA,NA,NA,NA,NA,NA,NA,NA,NA,NA,NA,NA,NA,NA,NA,NA,NA,NA,NA,NA,NA,NA,NA,NA,NA,NA,NA,NA,NA,NA,NA,NA,NA,NA,NA,NA,FALSE,"","NAs in DO.obs; NAs in DO.sat; NAs in depth; NAs in temp.water; NAs in light; NAs in discharge"
"131",2019-11-19,NA,NA,NA,NA,NA,NA,NA,NA,NA,NA,NA,NA,NA,NA,NA,NA,NA,NA,NA,NA,NA,NA,NA,NA,NA,NA,NA,NA,NA,NA,NA,NA,NA,NA,NA,NA,NA,NA,NA,NA,NA,NA,NA,NA,NA,NA,NA,NA,NA,NA,NA,NA,NA,NA,NA,NA,NA,NA,NA,NA,NA,NA,NA,NA,NA,NA,NA,NA,NA,NA,FALSE,"","NAs in DO.obs; NAs in DO.sat; NAs in depth; NAs in temp.water; NAs in light; NAs in discharge"
"132",2019-11-20,NA,NA,NA,NA,NA,NA,NA,NA,NA,NA,NA,NA,NA,NA,NA,NA,NA,NA,NA,NA,NA,NA,NA,NA,NA,NA,NA,NA,NA,NA,NA,NA,NA,NA,NA,NA,NA,NA,NA,NA,NA,NA,NA,NA,NA,NA,NA,NA,NA,NA,NA,NA,NA,NA,NA,NA,NA,NA,NA,NA,NA,NA,NA,NA,NA,NA,NA,NA,NA,NA,FALSE,"","NAs in DO.obs; NAs in DO.sat; NAs in depth; NAs in temp.water; NAs in light; NAs in discharge"
"133",2019-11-21,NA,NA,NA,NA,NA,NA,NA,NA,NA,NA,NA,NA,NA,NA,NA,NA,NA,NA,NA,NA,NA,NA,NA,NA,NA,NA,NA,NA,NA,NA,NA,NA,NA,NA,NA,NA,NA,NA,NA,NA,NA,NA,NA,NA,NA,NA,NA,NA,NA,NA,NA,NA,NA,NA,NA,NA,NA,NA,NA,NA,NA,NA,NA,NA,NA,NA,NA,NA,NA,NA,FALSE,"","NAs in DO.obs; NAs in DO.sat; NAs in depth; NAs in temp.water; NAs in light; NAs in discharge"
"134",2019-11-22,NA,NA,NA,NA,NA,NA,NA,NA,NA,NA,NA,NA,NA,NA,NA,NA,NA,NA,NA,NA,NA,NA,NA,NA,NA,NA,NA,NA,NA,NA,NA,NA,NA,NA,NA,NA,NA,NA,NA,NA,NA,NA,NA,NA,NA,NA,NA,NA,NA,NA,NA,NA,NA,NA,NA,NA,NA,NA,NA,NA,NA,NA,NA,NA,NA,NA,NA,NA,NA,NA,FALSE,"","NAs in DO.obs; NAs in DO.sat; NAs in depth; NAs in temp.water; NAs in light; NAs in discharge"
"135",2019-11-23,NA,NA,NA,NA,NA,NA,NA,NA,NA,NA,NA,NA,NA,NA,NA,NA,NA,NA,NA,NA,NA,NA,NA,NA,NA,NA,NA,NA,NA,NA,NA,NA,NA,NA,NA,NA,NA,NA,NA,NA,NA,NA,NA,NA,NA,NA,NA,NA,NA,NA,NA,NA,NA,NA,NA,NA,NA,NA,NA,NA,NA,NA,NA,NA,NA,NA,NA,NA,NA,NA,FALSE,"","NAs in DO.obs; NAs in DO.sat; NAs in depth; NAs in temp.water; NAs in light; NAs in discharge"
"136",2019-11-24,NA,NA,NA,NA,NA,NA,NA,NA,NA,NA,NA,NA,NA,NA,NA,NA,NA,NA,NA,NA,NA,NA,NA,NA,NA,NA,NA,NA,NA,NA,NA,NA,NA,NA,NA,NA,NA,NA,NA,NA,NA,NA,NA,NA,NA,NA,NA,NA,NA,NA,NA,NA,NA,NA,NA,NA,NA,NA,NA,NA,NA,NA,NA,NA,NA,NA,NA,NA,NA,NA,FALSE,"","NAs in DO.obs; NAs in DO.sat; NAs in depth; NAs in temp.water; NAs in light; NAs in discharge"
"137",2019-11-25,NA,NA,NA,NA,NA,NA,NA,NA,NA,NA,NA,NA,NA,NA,NA,NA,NA,NA,NA,NA,NA,NA,NA,NA,NA,NA,NA,NA,NA,NA,NA,NA,NA,NA,NA,NA,NA,NA,NA,NA,NA,NA,NA,NA,NA,NA,NA,NA,NA,NA,NA,NA,NA,NA,NA,NA,NA,NA,NA,NA,NA,NA,NA,NA,NA,NA,NA,NA,NA,NA,FALSE,"","NAs in DO.obs; NAs in DO.sat; NAs in depth; NAs in temp.water; NAs in light; NAs in discharge"
"138",2019-11-26,NA,NA,NA,NA,NA,NA,NA,NA,NA,NA,NA,NA,NA,NA,NA,NA,NA,NA,NA,NA,NA,NA,NA,NA,NA,NA,NA,NA,NA,NA,NA,NA,NA,NA,NA,NA,NA,NA,NA,NA,NA,NA,NA,NA,NA,NA,NA,NA,NA,NA,NA,NA,NA,NA,NA,NA,NA,NA,NA,NA,NA,NA,NA,NA,NA,NA,NA,NA,NA,NA,FALSE,"","NAs in DO.obs; NAs in DO.sat; NAs in depth; NAs in temp.water; NAs in light; NAs in discharge"
"139",2019-11-27,NA,NA,NA,NA,NA,NA,NA,NA,NA,NA,NA,NA,NA,NA,NA,NA,NA,NA,NA,NA,NA,NA,NA,NA,NA,NA,NA,NA,NA,NA,NA,NA,NA,NA,NA,NA,NA,NA,NA,NA,NA,NA,NA,NA,NA,NA,NA,NA,NA,NA,NA,NA,NA,NA,NA,NA,NA,NA,NA,NA,NA,NA,NA,NA,NA,NA,NA,NA,NA,NA,FALSE,"","NAs in DO.obs; NAs in DO.sat; NAs in depth; NAs in temp.water; NAs in light; NAs in discharge"
"140",2019-11-28,NA,NA,NA,NA,NA,NA,NA,NA,NA,NA,NA,NA,NA,NA,NA,NA,NA,NA,NA,NA,NA,NA,NA,NA,NA,NA,NA,NA,NA,NA,NA,NA,NA,NA,NA,NA,NA,NA,NA,NA,NA,NA,NA,NA,NA,NA,NA,NA,NA,NA,NA,NA,NA,NA,NA,NA,NA,NA,NA,NA,NA,NA,NA,NA,NA,NA,NA,NA,NA,NA,FALSE,"","NAs in DO.obs; NAs in DO.sat; NAs in depth; NAs in temp.water; NAs in light; NAs in discharge"
"141",2019-11-29,0.351863300417809,0.00346856271447559,0.062692308472052,0.234561393324308,0.307329709009991,0.35027433308403,0.395499132355302,0.474621629505341,326.685170823569,1.00783859310781,-2.29928474261518,0.0605911789602054,0.749215090474108,-3.77951754343464,-2.78875119448064,-2.30145801370618,-1.79009217861947,-0.781468787010518,152.895332110488,1.03691946316134,0.999994409176689,8.40272126908678e-07,2.44992625747148e-06,0.999987900317782,0.999993284782188,0.999994934084252,0.999996018229901,0.999997922341092,8.50092353041322,1.74571510710099,0.351863300417105,0.00346856271446865,0.0626923084719267,0.234561393323839,0.307329709009376,0.35027433308333,0.395499132354511,0.474621629504392,326.685170823569,1.00783859310781,-2.29928474261518,0.0605911789602054,0.749215090474108,-3.77951754343464,-2.78875119448065,-2.30145801370617,-1.79009217861947,-0.781468787010518,152.895332110488,1.03691946316134,2.775507988429,0.0902946832683145,1.12663778513048,0.440611127914155,2.01065318209147,2.7799060838128,3.51860192352991,5.01793514097769,155.684102411095,1.03766608696392,1.80551740880359,0.00241532541316399,0.0401164023803886,1.72469255398036,1.77828639916422,1.80581685893815,1.83388744211518,1.88004078187384,275.8624924586,1.00749463662812,TRUE,"",""
"142",2019-11-30,0.537237896325315,0.00476261779153518,0.0778884571636527,0.387819081326177,0.485546930442536,0.53663482650392,0.587617411178672,0.691721946243799,267.457476445644,1.01649470639271,-5.32283376561037,0.0540193084896548,0.767269211423522,-6.78307801525066,-5.80584380341302,-5.32201361104248,-4.8272270354784,-3.8296778519111,201.742548163107,1.02075613125884,0.999997291350893,4.09785386968393e-07,1.19069893322554e-06,0.999993938461318,0.999996758213595,0.999997556018072,0.999998070232448,0.999998995606633,8.44288734507712,1.7508181279956,0.537237896324241,0.00476261779152566,0.0778884571634969,0.387819081325402,0.485546930441565,0.536634826502847,0.587617411177497,0.691721946242416,267.457476445645,1.01649470639271,-5.32283376561037,0.0540193084896548,0.767269211423522,-6.78307801525067,-5.80584380341301,-5.32201361104248,-4.82722703547839,-3.8296778519111,201.742548163107,1.02075613125884,6.49102693830824,0.0669956674028197,0.974109533790457,4.59240813756563,5.85971824486619,6.49099876938069,7.12413840359446,8.32938085272672,211.408357492762,1.01987077426994,1.80551740880359,0.00241532541316399,0.0401164023803886,1.72469255398036,1.77828639916422,1.80581685893815,1.83388744211518,1.88004078187384,275.8624924586,1.00749463662812,TRUE,"",""
"143",2019-12-01,0.782213904463485,0.00502132883194473,0.0741784577832516,0.642078939930497,0.732864146308849,0.778314184618194,0.826533549414807,0.939687244591718,218.2319200703,1.03448794009899,-4.27057703703065,0.0507680003974483,0.572427423404311,-5.49665587216465,-4.62244966529332,-4.25363362302739,-3.87749432978873,-3.19837779877671,127.133717563237,1.04840501798106,0.99999815331903,2.73474463888398e-07,8.03589976814411e-07,0.999995966894442,0.999997793650901,0.999998321533628,0.99999868661204,0.999999292736547,8.63446558902141,1.74611381413659,0.782213904461921,0.00502132883193468,0.0741784577831033,0.642078939929213,0.732864146307383,0.778314184616638,0.826533549413155,0.939687244589839,218.231920070301,1.03448794009899,-4.27057703703065,0.0507680003974486,0.572427423404311,-5.49665587216466,-4.62244966529331,-4.2536336230274,-3.87749432978873,-3.19837779877671,127.133717563236,1.04840501798106,5.39208047697342,0.0698036608940232,0.811393951412793,3.83299795151372,4.84205755427099,5.37805203005193,5.90098252747584,7.12789959468446,135.116109479942,1.04553578000561,1.80551740880359,0.00241532541316399,0.0401164023803886,1.72469255398036,1.77828639916422,1.80581685893815,1.83388744211518,1.88004078187384,275.8624924586,1.00749463662812,TRUE,"",""
"144",2019-12-02,0.618087342498668,0.00320070239242605,0.06223517037587,0.491294931318474,0.577061631960326,0.619115990439383,0.659431013431711,0.73513900802221,378.077799579737,1.00276589092085,-1.21368121671924,0.0205077036102306,0.331640862561596,-1.88469103494844,-1.43480523629363,-1.20472032193732,-0.989655379238347,-0.581806820298141,261.518253844405,1.01725026050087,0.999998731427072,1.92750290078953e-07,5.58888385029324e-07,0.999997141348641,0.999998483074825,0.999998861891432,0.999999091366107,0.999999538030517,8.40736858358877,1.77672816902136,0.618087342497432,0.00320070239241964,0.0622351703757456,0.491294931317492,0.577061631959172,0.619115990438145,0.659431013430393,0.73513900802074,378.07779957974,1.00276589092085,-1.21368121671924,0.0205077036102306,0.331640862561596,-1.88469103494844,-1.43480523629363,-1.20472032193732,-0.989655379238348,-0.58180682029814,261.518253844405,1.01725026050087,1.18557815436501,0.034206645792852,0.557007512520065,0.148086675162624,0.80013172932989,1.16713809567877,1.55487368240559,2.3328633903224,265.155795656062,1.01724061395883,1.80551740880359,0.00241532541316399,0.0401164023803886,1.72469255398036,1.77828639916422,1.80581685893815,1.83388744211518,1.88004078187384,275.8624924586,1.00749463662812,TRUE,"",""
"145",2019-12-03,0.778156783807221,0.00332981524630287,0.0666036684320682,0.649022687120922,0.731373917127395,0.777043708043011,0.823040489216727,0.90764982369647,400.088460320527,1.0083792284933,-2.45727105630345,0.0423643363582585,0.471370566405046,-3.38511401379775,-2.79087305811757,-2.44962860490986,-2.11852803776273,-1.5812202030392,123.800986708722,1.01941462500399,0.999998411996834,2.43409835978935e-07,7.04868689735724e-07,0.999996491139576,0.999998085130676,0.999998574249738,0.999998870586614,0.999999391876284,8.38571680787608,1.74071572195377,0.778156783805664,0.00332981524629619,0.066603668431935,0.649022687119624,0.731373917125933,0.777043708041457,0.823040489215081,0.907649823694655,400.088460320532,1.0083792284933,-2.45727105630345,0.0423643363582585,0.471370566405046,-3.38511401379775,-2.79087305811756,-2.44962860490985,-2.11852803776273,-1.5812202030392,123.800986708722,1.01941462500399,2.31053350484307,0.0607587223670861,0.682802854663256,1.05248836243459,1.8141197042885,2.30866934823653,2.78925795553341,3.6564086259169,126.291287388693,1.01771279058483,1.80551740880359,0.00241532541316399,0.0401164023803886,1.72469255398036,1.77828639916422,1.80581685893815,1.83388744211518,1.88004078187384,275.8624924586,1.00749463662812,TRUE,"",""
"146",2019-12-04,0.735491222617694,0.00565577976975862,0.079105699727728,0.580580668147758,0.682732325214569,0.733847050788936,0.789683501954272,0.893411859631747,195.627800739762,1.02408704143492,-5.83383979803386,0.0939196685409482,0.944179516509385,-7.69262163581956,-6.46693981069731,-5.83622583331296,-5.2332966643476,-3.83836077110755,101.063898367336,1.02663922740216,0.999997408809527,3.90121010128158e-07,1.14571464545881e-06,0.999994280744526,0.999996888786068,0.999997648083834,0.999998177067033,0.99999902016426,8.62490358963343,1.74063215162524,0.735491222616223,0.00565577976974728,0.0791056997275698,0.580580668146597,0.682732325213204,0.733847050787468,0.789683501952693,0.893411859629961,195.627800739764,1.02408704143491,-5.83383979803386,0.0939196685409482,0.944179516509385,-7.69262163581956,-6.46693981069731,-5.83622583331297,-5.2332966643476,-3.83836077110756,101.063898367336,1.02663922740216,6.30827805726128,0.112140155803563,1.13577143028138,3.944365917341,5.59730532539301,6.3047620130723,7.05355373865323,8.55272601800028,102.579261889625,1.02518060496759,1.80551740880359,0.00241532541316399,0.0401164023803886,1.72469255398036,1.77828639916422,1.80581685893815,1.83388744211518,1.88004078187384,275.8624924586,1.00749463662812,TRUE,"",""
"147",2019-12-05,0.286976985846114,0.00329673638562725,0.0674723771600559,0.152924935138771,0.241942557623218,0.28838721627192,0.332705079684372,0.419484148839042,418.874169599908,1.0054876253413,-0.113575263018911,0.0267659683506413,0.260984158332373,-0.730196030521966,-0.267478289014202,-0.0699465653875642,0.0806563488270284,0.278887174727377,95.0741328442289,1.03422710652521,0.9999994806638,7.66982477401345e-08,2.2539235003787e-07,0.999998877666345,0.999999372147575,0.999999534495243,0.9999996316959,0.999999802676335,8.6358971065931,1.73845972501024,0.28697698584554,0.00329673638562066,0.067472377159921,0.152924935138465,0.241942557622734,0.288387216271343,0.332705079683706,0.419484148838203,418.87416959991,1.0054876253413,-0.113575263018911,0.0267659683506413,0.260984158332373,-0.730196030521965,-0.267478289014202,-0.0699465653875642,0.0806563488270283,0.278887174727377,95.0741328442289,1.03422710652521,0.452972742777475,0.036073538764104,0.354063479390237,0.0111993078516008,0.173609258780414,0.376785467542845,0.662544323346705,1.30945283022066,96.3351481369153,1.03405676173854,1.80551740880359,0.00241532541316399,0.0401164023803886,1.72469255398036,1.77828639916422,1.80581685893815,1.83388744211518,1.88004078187384,275.8624924586,1.00749463662812,TRUE,"",""
"148",2019-12-06,NA,NA,NA,NA,NA,NA,NA,NA,NA,NA,NA,NA,NA,NA,NA,NA,NA,NA,NA,NA,NA,NA,NA,NA,NA,NA,NA,NA,NA,NA,NA,NA,NA,NA,NA,NA,NA,NA,NA,NA,NA,NA,NA,NA,NA,NA,NA,NA,NA,NA,NA,NA,NA,NA,NA,NA,NA,NA,NA,NA,NA,NA,NA,NA,NA,NA,NA,NA,NA,NA,FALSE,"","NAs in DO.obs; NAs in DO.sat; NAs in depth; NAs in temp.water; NAs in light; NAs in discharge"
"149",2019-12-07,NA,NA,NA,NA,NA,NA,NA,NA,NA,NA,NA,NA,NA,NA,NA,NA,NA,NA,NA,NA,NA,NA,NA,NA,NA,NA,NA,NA,NA,NA,NA,NA,NA,NA,NA,NA,NA,NA,NA,NA,NA,NA,NA,NA,NA,NA,NA,NA,NA,NA,NA,NA,NA,NA,NA,NA,NA,NA,NA,NA,NA,NA,NA,NA,NA,NA,NA,NA,NA,NA,FALSE,"","NAs in DO.obs; NAs in DO.sat; NAs in depth; NAs in temp.water; NAs in light; NAs in discharge"
"150",2019-12-08,NA,NA,NA,NA,NA,NA,NA,NA,NA,NA,NA,NA,NA,NA,NA,NA,NA,NA,NA,NA,NA,NA,NA,NA,NA,NA,NA,NA,NA,NA,NA,NA,NA,NA,NA,NA,NA,NA,NA,NA,NA,NA,NA,NA,NA,NA,NA,NA,NA,NA,NA,NA,NA,NA,NA,NA,NA,NA,NA,NA,NA,NA,NA,NA,NA,NA,NA,NA,NA,NA,FALSE,"","NAs in DO.obs; NAs in DO.sat; NAs in depth; NAs in temp.water; NAs in light; NAs in discharge"
"151",2019-12-09,NA,NA,NA,NA,NA,NA,NA,NA,NA,NA,NA,NA,NA,NA,NA,NA,NA,NA,NA,NA,NA,NA,NA,NA,NA,NA,NA,NA,NA,NA,NA,NA,NA,NA,NA,NA,NA,NA,NA,NA,NA,NA,NA,NA,NA,NA,NA,NA,NA,NA,NA,NA,NA,NA,NA,NA,NA,NA,NA,NA,NA,NA,NA,NA,NA,NA,NA,NA,NA,NA,FALSE,"","NAs in DO.obs; NAs in DO.sat; NAs in depth; NAs in temp.water; NAs in light; NAs in discharge"
"152",2019-12-10,NA,NA,NA,NA,NA,NA,NA,NA,NA,NA,NA,NA,NA,NA,NA,NA,NA,NA,NA,NA,NA,NA,NA,NA,NA,NA,NA,NA,NA,NA,NA,NA,NA,NA,NA,NA,NA,NA,NA,NA,NA,NA,NA,NA,NA,NA,NA,NA,NA,NA,NA,NA,NA,NA,NA,NA,NA,NA,NA,NA,NA,NA,NA,NA,NA,NA,NA,NA,NA,NA,FALSE,"","NAs in DO.obs; NAs in DO.sat; NAs in depth; NAs in temp.water; NAs in light; NAs in discharge"
"153",2019-12-11,NA,NA,NA,NA,NA,NA,NA,NA,NA,NA,NA,NA,NA,NA,NA,NA,NA,NA,NA,NA,NA,NA,NA,NA,NA,NA,NA,NA,NA,NA,NA,NA,NA,NA,NA,NA,NA,NA,NA,NA,NA,NA,NA,NA,NA,NA,NA,NA,NA,NA,NA,NA,NA,NA,NA,NA,NA,NA,NA,NA,NA,NA,NA,NA,NA,NA,NA,NA,NA,NA,FALSE,"","NAs in DO.obs; NAs in DO.sat; NAs in depth; NAs in temp.water; NAs in light; NAs in discharge"
"154",2019-12-12,NA,NA,NA,NA,NA,NA,NA,NA,NA,NA,NA,NA,NA,NA,NA,NA,NA,NA,NA,NA,NA,NA,NA,NA,NA,NA,NA,NA,NA,NA,NA,NA,NA,NA,NA,NA,NA,NA,NA,NA,NA,NA,NA,NA,NA,NA,NA,NA,NA,NA,NA,NA,NA,NA,NA,NA,NA,NA,NA,NA,NA,NA,NA,NA,NA,NA,NA,NA,NA,NA,FALSE,"","NAs in DO.obs; NAs in DO.sat; NAs in depth; NAs in temp.water; NAs in light; NAs in discharge"
"155",2019-12-13,NA,NA,NA,NA,NA,NA,NA,NA,NA,NA,NA,NA,NA,NA,NA,NA,NA,NA,NA,NA,NA,NA,NA,NA,NA,NA,NA,NA,NA,NA,NA,NA,NA,NA,NA,NA,NA,NA,NA,NA,NA,NA,NA,NA,NA,NA,NA,NA,NA,NA,NA,NA,NA,NA,NA,NA,NA,NA,NA,NA,NA,NA,NA,NA,NA,NA,NA,NA,NA,NA,FALSE,"","NAs in DO.obs; NAs in DO.sat; NAs in depth; NAs in temp.water; NAs in light; NAs in discharge"
"156",2019-12-14,NA,NA,NA,NA,NA,NA,NA,NA,NA,NA,NA,NA,NA,NA,NA,NA,NA,NA,NA,NA,NA,NA,NA,NA,NA,NA,NA,NA,NA,NA,NA,NA,NA,NA,NA,NA,NA,NA,NA,NA,NA,NA,NA,NA,NA,NA,NA,NA,NA,NA,NA,NA,NA,NA,NA,NA,NA,NA,NA,NA,NA,NA,NA,NA,NA,NA,NA,NA,NA,NA,FALSE,"","NAs in DO.obs; NAs in DO.sat; NAs in depth; NAs in temp.water; NAs in light; NAs in discharge"
"157",2019-12-15,NA,NA,NA,NA,NA,NA,NA,NA,NA,NA,NA,NA,NA,NA,NA,NA,NA,NA,NA,NA,NA,NA,NA,NA,NA,NA,NA,NA,NA,NA,NA,NA,NA,NA,NA,NA,NA,NA,NA,NA,NA,NA,NA,NA,NA,NA,NA,NA,NA,NA,NA,NA,NA,NA,NA,NA,NA,NA,NA,NA,NA,NA,NA,NA,NA,NA,NA,NA,NA,NA,FALSE,"","NAs in DO.obs; NAs in DO.sat; NAs in depth; NAs in temp.water; NAs in light; NAs in discharge"
"158",2019-12-16,NA,NA,NA,NA,NA,NA,NA,NA,NA,NA,NA,NA,NA,NA,NA,NA,NA,NA,NA,NA,NA,NA,NA,NA,NA,NA,NA,NA,NA,NA,NA,NA,NA,NA,NA,NA,NA,NA,NA,NA,NA,NA,NA,NA,NA,NA,NA,NA,NA,NA,NA,NA,NA,NA,NA,NA,NA,NA,NA,NA,NA,NA,NA,NA,NA,NA,NA,NA,NA,NA,FALSE,"","NAs in DO.obs; NAs in DO.sat; NAs in depth; NAs in temp.water; NAs in light; NAs in discharge"
"159",2019-12-17,NA,NA,NA,NA,NA,NA,NA,NA,NA,NA,NA,NA,NA,NA,NA,NA,NA,NA,NA,NA,NA,NA,NA,NA,NA,NA,NA,NA,NA,NA,NA,NA,NA,NA,NA,NA,NA,NA,NA,NA,NA,NA,NA,NA,NA,NA,NA,NA,NA,NA,NA,NA,NA,NA,NA,NA,NA,NA,NA,NA,NA,NA,NA,NA,NA,NA,NA,NA,NA,NA,FALSE,"","NAs in DO.obs; NAs in DO.sat; NAs in depth; NAs in temp.water; NAs in light; NAs in discharge"
"160",2019-12-18,NA,NA,NA,NA,NA,NA,NA,NA,NA,NA,NA,NA,NA,NA,NA,NA,NA,NA,NA,NA,NA,NA,NA,NA,NA,NA,NA,NA,NA,NA,NA,NA,NA,NA,NA,NA,NA,NA,NA,NA,NA,NA,NA,NA,NA,NA,NA,NA,NA,NA,NA,NA,NA,NA,NA,NA,NA,NA,NA,NA,NA,NA,NA,NA,NA,NA,NA,NA,NA,NA,FALSE,"","NAs in DO.obs; NAs in DO.sat; NAs in depth; NAs in temp.water; NAs in light; NAs in discharge"
"161",2019-12-19,NA,NA,NA,NA,NA,NA,NA,NA,NA,NA,NA,NA,NA,NA,NA,NA,NA,NA,NA,NA,NA,NA,NA,NA,NA,NA,NA,NA,NA,NA,NA,NA,NA,NA,NA,NA,NA,NA,NA,NA,NA,NA,NA,NA,NA,NA,NA,NA,NA,NA,NA,NA,NA,NA,NA,NA,NA,NA,NA,NA,NA,NA,NA,NA,NA,NA,NA,NA,NA,NA,FALSE,"","NAs in DO.obs; NAs in DO.sat; NAs in depth; NAs in temp.water; NAs in light; NAs in discharge"
"162",2019-12-20,NA,NA,NA,NA,NA,NA,NA,NA,NA,NA,NA,NA,NA,NA,NA,NA,NA,NA,NA,NA,NA,NA,NA,NA,NA,NA,NA,NA,NA,NA,NA,NA,NA,NA,NA,NA,NA,NA,NA,NA,NA,NA,NA,NA,NA,NA,NA,NA,NA,NA,NA,NA,NA,NA,NA,NA,NA,NA,NA,NA,NA,NA,NA,NA,NA,NA,NA,NA,NA,NA,FALSE,"","NAs in DO.obs; NAs in DO.sat; NAs in depth; NAs in temp.water; NAs in light; NAs in discharge"
"163",2019-12-21,NA,NA,NA,NA,NA,NA,NA,NA,NA,NA,NA,NA,NA,NA,NA,NA,NA,NA,NA,NA,NA,NA,NA,NA,NA,NA,NA,NA,NA,NA,NA,NA,NA,NA,NA,NA,NA,NA,NA,NA,NA,NA,NA,NA,NA,NA,NA,NA,NA,NA,NA,NA,NA,NA,NA,NA,NA,NA,NA,NA,NA,NA,NA,NA,NA,NA,NA,NA,NA,NA,FALSE,"","NAs in DO.obs; NAs in DO.sat; NAs in depth; NAs in temp.water; NAs in light; NAs in discharge"
"164",2019-12-22,NA,NA,NA,NA,NA,NA,NA,NA,NA,NA,NA,NA,NA,NA,NA,NA,NA,NA,NA,NA,NA,NA,NA,NA,NA,NA,NA,NA,NA,NA,NA,NA,NA,NA,NA,NA,NA,NA,NA,NA,NA,NA,NA,NA,NA,NA,NA,NA,NA,NA,NA,NA,NA,NA,NA,NA,NA,NA,NA,NA,NA,NA,NA,NA,NA,NA,NA,NA,NA,NA,FALSE,"","NAs in DO.obs; NAs in DO.sat; NAs in depth; NAs in temp.water; NAs in light; NAs in discharge"
"165",2019-12-23,NA,NA,NA,NA,NA,NA,NA,NA,NA,NA,NA,NA,NA,NA,NA,NA,NA,NA,NA,NA,NA,NA,NA,NA,NA,NA,NA,NA,NA,NA,NA,NA,NA,NA,NA,NA,NA,NA,NA,NA,NA,NA,NA,NA,NA,NA,NA,NA,NA,NA,NA,NA,NA,NA,NA,NA,NA,NA,NA,NA,NA,NA,NA,NA,NA,NA,NA,NA,NA,NA,FALSE,"","NAs in DO.obs; NAs in DO.sat; NAs in depth; NAs in temp.water; NAs in light; NAs in discharge"
"166",2019-12-24,NA,NA,NA,NA,NA,NA,NA,NA,NA,NA,NA,NA,NA,NA,NA,NA,NA,NA,NA,NA,NA,NA,NA,NA,NA,NA,NA,NA,NA,NA,NA,NA,NA,NA,NA,NA,NA,NA,NA,NA,NA,NA,NA,NA,NA,NA,NA,NA,NA,NA,NA,NA,NA,NA,NA,NA,NA,NA,NA,NA,NA,NA,NA,NA,NA,NA,NA,NA,NA,NA,FALSE,"","NAs in DO.obs; NAs in DO.sat; NAs in depth; NAs in temp.water; NAs in light; NAs in discharge"
"167",2019-12-25,NA,NA,NA,NA,NA,NA,NA,NA,NA,NA,NA,NA,NA,NA,NA,NA,NA,NA,NA,NA,NA,NA,NA,NA,NA,NA,NA,NA,NA,NA,NA,NA,NA,NA,NA,NA,NA,NA,NA,NA,NA,NA,NA,NA,NA,NA,NA,NA,NA,NA,NA,NA,NA,NA,NA,NA,NA,NA,NA,NA,NA,NA,NA,NA,NA,NA,NA,NA,NA,NA,FALSE,"","NAs in DO.obs; NAs in DO.sat; NAs in depth; NAs in temp.water; NAs in light; NAs in discharge"
"168",2019-12-26,NA,NA,NA,NA,NA,NA,NA,NA,NA,NA,NA,NA,NA,NA,NA,NA,NA,NA,NA,NA,NA,NA,NA,NA,NA,NA,NA,NA,NA,NA,NA,NA,NA,NA,NA,NA,NA,NA,NA,NA,NA,NA,NA,NA,NA,NA,NA,NA,NA,NA,NA,NA,NA,NA,NA,NA,NA,NA,NA,NA,NA,NA,NA,NA,NA,NA,NA,NA,NA,NA,FALSE,"","NAs in DO.obs; NAs in DO.sat; NAs in depth; NAs in temp.water; NAs in light; NAs in discharge"
"169",2019-12-27,NA,NA,NA,NA,NA,NA,NA,NA,NA,NA,NA,NA,NA,NA,NA,NA,NA,NA,NA,NA,NA,NA,NA,NA,NA,NA,NA,NA,NA,NA,NA,NA,NA,NA,NA,NA,NA,NA,NA,NA,NA,NA,NA,NA,NA,NA,NA,NA,NA,NA,NA,NA,NA,NA,NA,NA,NA,NA,NA,NA,NA,NA,NA,NA,NA,NA,NA,NA,NA,NA,FALSE,"","NAs in DO.obs; NAs in DO.sat; NAs in depth; NAs in temp.water; NAs in light; NAs in discharge"
"170",2019-12-28,NA,NA,NA,NA,NA,NA,NA,NA,NA,NA,NA,NA,NA,NA,NA,NA,NA,NA,NA,NA,NA,NA,NA,NA,NA,NA,NA,NA,NA,NA,NA,NA,NA,NA,NA,NA,NA,NA,NA,NA,NA,NA,NA,NA,NA,NA,NA,NA,NA,NA,NA,NA,NA,NA,NA,NA,NA,NA,NA,NA,NA,NA,NA,NA,NA,NA,NA,NA,NA,NA,FALSE,"","NAs in DO.obs; NAs in DO.sat; NAs in depth; NAs in temp.water; NAs in light; NAs in discharge"
"171",2019-12-29,NA,NA,NA,NA,NA,NA,NA,NA,NA,NA,NA,NA,NA,NA,NA,NA,NA,NA,NA,NA,NA,NA,NA,NA,NA,NA,NA,NA,NA,NA,NA,NA,NA,NA,NA,NA,NA,NA,NA,NA,NA,NA,NA,NA,NA,NA,NA,NA,NA,NA,NA,NA,NA,NA,NA,NA,NA,NA,NA,NA,NA,NA,NA,NA,NA,NA,NA,NA,NA,NA,FALSE,"","NAs in DO.obs; NAs in DO.sat; NAs in depth; NAs in temp.water; NAs in light; NAs in discharge"
"172",2019-12-30,NA,NA,NA,NA,NA,NA,NA,NA,NA,NA,NA,NA,NA,NA,NA,NA,NA,NA,NA,NA,NA,NA,NA,NA,NA,NA,NA,NA,NA,NA,NA,NA,NA,NA,NA,NA,NA,NA,NA,NA,NA,NA,NA,NA,NA,NA,NA,NA,NA,NA,NA,NA,NA,NA,NA,NA,NA,NA,NA,NA,NA,NA,NA,NA,NA,NA,NA,NA,NA,NA,FALSE,"","NAs in DO.obs; NAs in DO.sat; NAs in depth; NAs in temp.water; NAs in light; NAs in discharge"
"173",2019-12-31,NA,NA,NA,NA,NA,NA,NA,NA,NA,NA,NA,NA,NA,NA,NA,NA,NA,NA,NA,NA,NA,NA,NA,NA,NA,NA,NA,NA,NA,NA,NA,NA,NA,NA,NA,NA,NA,NA,NA,NA,NA,NA,NA,NA,NA,NA,NA,NA,NA,NA,NA,NA,NA,NA,NA,NA,NA,NA,NA,NA,NA,NA,NA,NA,NA,NA,NA,NA,NA,NA,FALSE,"","NAs in DO.obs; NAs in DO.sat; NAs in depth; NAs in temp.water; NAs in light; NAs in discharge"
"174",2020-01-01,NA,NA,NA,NA,NA,NA,NA,NA,NA,NA,NA,NA,NA,NA,NA,NA,NA,NA,NA,NA,NA,NA,NA,NA,NA,NA,NA,NA,NA,NA,NA,NA,NA,NA,NA,NA,NA,NA,NA,NA,NA,NA,NA,NA,NA,NA,NA,NA,NA,NA,NA,NA,NA,NA,NA,NA,NA,NA,NA,NA,NA,NA,NA,NA,NA,NA,NA,NA,NA,NA,FALSE,"","NAs in DO.obs; NAs in DO.sat; NAs in depth; NAs in temp.water; NAs in light; NAs in discharge"
"175",2020-01-02,0.532934672566494,0.00329146075756025,0.0665333657702509,0.406418654353658,0.489015492526517,0.533231894865947,0.576092856016193,0.66781203747635,408.603069454759,1.00175598850326,-0.655193924992743,0.0215385949961808,0.265453489010847,-1.29058033154364,-0.799823859987744,-0.596176376601838,-0.465807401453441,-0.271153708000061,151.894530471653,1.01171085709895,0.999998493410003,2.28817561881912e-07,6.63839945630961e-07,0.999996695014576,0.999998190356006,0.999998661538801,0.999998918437146,0.999999407384143,8.41682032475936,1.76615923194131,0.532934672565428,0.00329146075755367,0.0665333657701179,0.406418654352845,0.489015492525539,0.533231894864881,0.576092856015041,0.667812037475015,408.60306945476,1.00175598850326,-0.655193924992743,0.0215385949961808,0.265453489010847,-1.29058033154364,-0.799823859987745,-0.596176376601837,-0.465807401453441,-0.271153708000061,151.894530471653,1.01171085709895,0.429328309853944,0.0313688056313029,0.355022958138532,0.0141671306310315,0.151948526800004,0.338731578125921,0.618866226358071,1.30919626246678,128.090496834796,1.01211689104048,1.80551740880359,0.00241532541316399,0.0401164023803886,1.72469255398036,1.77828639916422,1.80581685893815,1.83388744211518,1.88004078187384,275.8624924586,1.00749463662812,TRUE,"",""
"176",2020-01-03,0.825268748624843,0.00376256886900721,0.0676614721316073,0.690732168100621,0.778947662075436,0.824862726447866,0.871932199744295,0.955699679733661,323.380605226041,1.01178136606176,-3.14350579039484,0.0221788577331341,0.341844245180681,-3.78100088308045,-3.37802264139594,-3.13958966554231,-2.90431624307314,-2.48124191744546,237.562669033122,1.01019463156672,0.999998642882428,2.02015332946843e-07,5.87272317913558e-07,0.999997026599957,0.999998359225206,0.999998768493935,0.999999032908322,0.999999478726892,8.45104458670945,1.75519150686735,0.825268748623192,0.00376256886899969,0.067661472131472,0.69073216809924,0.778947662073879,0.824862726446216,0.871932199742551,0.95569967973175,323.380605226041,1.01178136606176,-3.14350579039484,0.022178857733134,0.341844245180681,-3.78100088308046,-3.37802264139594,-3.13958966554231,-2.90431624307314,-2.48124191744546,237.562669033123,1.01019463156672,4.43444844290666,0.0347365018317837,0.558025864890834,3.34757962530527,4.04787839611757,4.43159440406245,4.81594195097987,5.50053366886715,258.069391537781,1.00909156586725,1.80551740880359,0.00241532541316399,0.0401164023803886,1.72469255398036,1.77828639916422,1.80581685893815,1.83388744211518,1.88004078187384,275.8624924586,1.00749463662812,TRUE,"",""
"177",2020-01-04,0.378208656451115,0.0052945015002135,0.079725067233176,0.223550280297549,0.324532289186251,0.378663475091237,0.430675552791431,0.538048346038979,226.746001285496,1.00789915582032,-3.36396905196718,0.0591541657565182,0.772155082637271,-4.82082051651514,-3.9258623991369,-3.36920302447937,-2.80355138387377,-1.91540197775827,170.387762980151,1.0134938266509,0.999997912572356,3.17709442514447e-07,9.21752880224649e-07,0.999995336413641,0.999997490993254,0.999998132819419,0.999998506616316,0.999999222167222,8.41722161268356,1.7483633417092,0.378208656450359,0.0052945015002029,0.0797250672330165,0.223550280297102,0.324532289185602,0.37866347509048,0.430675552790569,0.538048346037903,226.746001285497,1.00789915582032,-3.36396905196718,0.0591541657565182,0.772155082637271,-4.82082051651514,-3.9258623991369,-3.36920302447937,-2.80355138387377,-1.91540197775827,170.387762980151,1.0134938266509,3.70716950504999,0.0745110803782526,0.991742159792816,1.8661589929448,2.99235471914544,3.70313343847342,4.42328032836819,5.58255648582467,177.155985661175,1.01313560677845,1.80551740880359,0.00241532541316399,0.0401164023803886,1.72469255398036,1.77828639916422,1.80581685893815,1.83388744211518,1.88004078187384,275.8624924586,1.00749463662812,TRUE,"",""
"178",2020-01-05,0.117216671344198,0.00338978554687089,0.0664829678422049,-0.0113035490844132,0.0706730492726801,0.116329821574929,0.163407986149006,0.248653061706653,384.659399691077,1.00776948462766,-5.73110503814833,0.169193586783401,1.75801028610911,-9.12433663294482,-6.89341260676924,-5.75463603513628,-4.59807819677476,-2.21590511621449,107.963021173273,1.02457232198922,0.999964274527461,5.38949691323001e-06,1.57261096555234e-05,0.999921032335077,0.999956641120283,0.999968115769102,0.999974385103303,0.999986525657734,8.5142450231839,1.76232822638466,0.117216671343964,0.00338978554686411,0.0664829678420719,-0.0113035490843906,0.0706730492725388,0.116329821574696,0.163407986148679,0.248653061706156,384.659399691076,1.00776948462766,-5.73110503814833,0.169193586783401,1.75801028610911,-9.12433663294481,-6.89341260676924,-5.75463603513628,-4.59807819677476,-2.2159051162145,107.963021173273,1.02457232198922,6.37737253742847,0.191678979721785,1.99404940156707,2.43075261172159,5.08872646210966,6.42159654151659,7.70500889055455,10.2052403308946,108.223817446434,1.02434848261572,1.80551740880359,0.00241532541316399,0.0401164023803886,1.72469255398036,1.77828639916422,1.80581685893815,1.83388744211518,1.88004078187384,275.8624924586,1.00749463662812,TRUE,"",""
"179",2020-01-06,0.208216746336681,0.0030636519220563,0.0613912017998514,0.0895977410985763,0.166823508404511,0.209139467705953,0.249279979911871,0.327632882026024,401.544265459887,1.00123735782846,-5.3597744322933,0.132700465729232,1.6624511117048,-8.54216132018906,-6.53834724442816,-5.37761684389044,-4.23030998769846,-2.03387744930974,156.946946720714,1.01924709135917,0.99997538667507,3.67526804979016e-06,1.06710450131424e-05,0.99994709289443,0.999970225205475,0.999977633996763,0.999982583901582,0.999990886586072,8.43016093299728,1.76145757202658,0.208216746336264,0.00306365192205018,0.0613912017997286,0.0895977410983971,0.166823508404177,0.209139467705535,0.249279979911372,0.327632882025368,401.544265459887,1.00123735782846,-5.3597744322933,0.132700465729232,1.6624511117048,-8.54216132018905,-6.53834724442816,-5.37761684389044,-4.23030998769845,-2.03387744930974,156.946946720714,1.01924709135917,5.75967061163327,0.148346868507102,1.85639047600154,2.02398163136985,4.48578717506431,5.7658642088338,7.08441823002525,9.32642521333004,156.596444443241,1.01920371907243,1.80551740880359,0.00241532541316399,0.0401164023803886,1.72469255398036,1.77828639916422,1.80581685893815,1.83388744211518,1.88004078187384,275.8624924586,1.00749463662812,TRUE,"",""
"180",2020-01-07,0.197800172349695,0.00370262274123197,0.0727152984023484,0.060778782080861,0.14544156228007,0.198643534502387,0.250524246257903,0.335299562424389,385.684914967808,1.01465748366904,-6.95290801486994,0.133998118587442,1.76969111816089,-10.4071985604926,-8.15494737914869,-6.98804079194976,-5.77880856567252,-3.33771035889513,174.420505632506,1.04099136603989,0.99996656126083,4.95251519125514e-06,1.46125065602118e-05,0.999926236015418,0.999959436738901,0.999970155087019,0.999975980107833,0.999987542780278,8.70558189918586,1.71432944292276,0.1978001723493,0.00370262274122456,0.0727152984022029,0.0607787820807394,0.145441562279779,0.19864353450199,0.250524246257402,0.335299562423719,385.684914967809,1.01465748366904,-6.95290801486994,0.133998118587442,1.76969111816089,-10.4071985604926,-8.15494737914869,-6.98804079194977,-5.77880856567253,-3.33771035889513,174.420505632506,1.04099136603989,7.23527837453622,0.140555541720497,1.86572874163229,3.46352566217781,6.01567369492995,7.26017534466738,8.49591507984116,10.8789099699466,176.198033546678,1.04061238341284,1.80551740880359,0.00241532541316399,0.0401164023803886,1.72469255398036,1.77828639916422,1.80581685893815,1.83388744211518,1.88004078187384,275.8624924586,1.00749463662812,TRUE,"",""
"181",2020-01-08,0.00347241439481106,0.00296864515986485,0.064509847856857,-0.120889304696613,-0.0403308490242316,0.00245964161023742,0.0466481020554154,0.13394616357602,472.210299896914,1.00893742246075,-7.35703600518984,0.137581970891986,2.00388428379603,-11.1212625880541,-8.79270928115772,-7.41769394337556,-5.97453177049627,-3.16501921360769,212.139834302521,1.01796115115427,-3.31743838465739e+27,5.11012607026619e+26,1.47909310336918e+27,-7.33397435311382e+27,-3.98815121286459e+27,-2.9973566584729e+27,-2.33041047160996e+27,-1.22570230054457e+27,8.37775768658611,1.78830929076593,0.00347241439480412,0.00296864515985891,0.064509847856728,-0.120889304696372,-0.0403308490241509,0.0024596416102325,0.0466481020553221,0.133946163575752,472.210299896915,1.00893742246075,-7.35703600518984,0.137581970891986,2.00388428379603,-11.1212625880541,-8.79270928115772,-7.41769394337555,-5.97453177049626,-3.16501921360769,212.139834302521,1.01796115115427,7.77054670693629,0.146975035833083,2.114902660567,3.37310211212992,6.31489156089679,7.83474709771898,9.28178156981634,11.6779658653858,207.058764181602,1.01839677437455,1.80551740880359,0.00241532541316399,0.0401164023803886,1.72469255398036,1.77828639916422,1.80581685893815,1.83388744211518,1.88004078187384,275.8624924586,1.00749463662812,TRUE,"",""
"182",2020-01-09,NA,NA,NA,NA,NA,NA,NA,NA,NA,NA,NA,NA,NA,NA,NA,NA,NA,NA,NA,NA,NA,NA,NA,NA,NA,NA,NA,NA,NA,NA,NA,NA,NA,NA,NA,NA,NA,NA,NA,NA,NA,NA,NA,NA,NA,NA,NA,NA,NA,NA,NA,NA,NA,NA,NA,NA,NA,NA,NA,NA,NA,NA,NA,NA,NA,NA,NA,NA,NA,NA,FALSE,"","NAs in DO.obs; NAs in DO.sat; NAs in depth; NAs in temp.water; NAs in light; NAs in discharge"
"183",2020-01-10,NA,NA,NA,NA,NA,NA,NA,NA,NA,NA,NA,NA,NA,NA,NA,NA,NA,NA,NA,NA,NA,NA,NA,NA,NA,NA,NA,NA,NA,NA,NA,NA,NA,NA,NA,NA,NA,NA,NA,NA,NA,NA,NA,NA,NA,NA,NA,NA,NA,NA,NA,NA,NA,NA,NA,NA,NA,NA,NA,NA,NA,NA,NA,NA,NA,NA,NA,NA,NA,NA,FALSE,"","NAs in DO.obs; NAs in DO.sat; NAs in depth; NAs in temp.water; NAs in light; NAs in discharge"
"184",2020-01-11,NA,NA,NA,NA,NA,NA,NA,NA,NA,NA,NA,NA,NA,NA,NA,NA,NA,NA,NA,NA,NA,NA,NA,NA,NA,NA,NA,NA,NA,NA,NA,NA,NA,NA,NA,NA,NA,NA,NA,NA,NA,NA,NA,NA,NA,NA,NA,NA,NA,NA,NA,NA,NA,NA,NA,NA,NA,NA,NA,NA,NA,NA,NA,NA,NA,NA,NA,NA,NA,NA,FALSE,"","NAs in DO.obs; NAs in DO.sat; NAs in depth; NAs in temp.water; NAs in light; NAs in discharge"
"185",2020-01-12,NA,NA,NA,NA,NA,NA,NA,NA,NA,NA,NA,NA,NA,NA,NA,NA,NA,NA,NA,NA,NA,NA,NA,NA,NA,NA,NA,NA,NA,NA,NA,NA,NA,NA,NA,NA,NA,NA,NA,NA,NA,NA,NA,NA,NA,NA,NA,NA,NA,NA,NA,NA,NA,NA,NA,NA,NA,NA,NA,NA,NA,NA,NA,NA,NA,NA,NA,NA,NA,NA,FALSE,"","NAs in DO.obs; NAs in DO.sat; NAs in depth; NAs in temp.water; NAs in light; NAs in discharge"
"186",2020-01-13,NA,NA,NA,NA,NA,NA,NA,NA,NA,NA,NA,NA,NA,NA,NA,NA,NA,NA,NA,NA,NA,NA,NA,NA,NA,NA,NA,NA,NA,NA,NA,NA,NA,NA,NA,NA,NA,NA,NA,NA,NA,NA,NA,NA,NA,NA,NA,NA,NA,NA,NA,NA,NA,NA,NA,NA,NA,NA,NA,NA,NA,NA,NA,NA,NA,NA,NA,NA,NA,NA,FALSE,"","NAs in DO.obs; NAs in DO.sat; NAs in depth; NAs in temp.water; NAs in light; NAs in discharge"
"187",2020-01-14,NA,NA,NA,NA,NA,NA,NA,NA,NA,NA,NA,NA,NA,NA,NA,NA,NA,NA,NA,NA,NA,NA,NA,NA,NA,NA,NA,NA,NA,NA,NA,NA,NA,NA,NA,NA,NA,NA,NA,NA,NA,NA,NA,NA,NA,NA,NA,NA,NA,NA,NA,NA,NA,NA,NA,NA,NA,NA,NA,NA,NA,NA,NA,NA,NA,NA,NA,NA,NA,NA,FALSE,"","NAs in DO.obs; NAs in DO.sat; NAs in depth; NAs in temp.water; NAs in light; NAs in discharge"
"188",2020-01-15,NA,NA,NA,NA,NA,NA,NA,NA,NA,NA,NA,NA,NA,NA,NA,NA,NA,NA,NA,NA,NA,NA,NA,NA,NA,NA,NA,NA,NA,NA,NA,NA,NA,NA,NA,NA,NA,NA,NA,NA,NA,NA,NA,NA,NA,NA,NA,NA,NA,NA,NA,NA,NA,NA,NA,NA,NA,NA,NA,NA,NA,NA,NA,NA,NA,NA,NA,NA,NA,NA,FALSE,"","NAs in DO.obs; NAs in DO.sat; NAs in depth; NAs in temp.water; NAs in light; NAs in discharge"
"189",2020-01-16,NA,NA,NA,NA,NA,NA,NA,NA,NA,NA,NA,NA,NA,NA,NA,NA,NA,NA,NA,NA,NA,NA,NA,NA,NA,NA,NA,NA,NA,NA,NA,NA,NA,NA,NA,NA,NA,NA,NA,NA,NA,NA,NA,NA,NA,NA,NA,NA,NA,NA,NA,NA,NA,NA,NA,NA,NA,NA,NA,NA,NA,NA,NA,NA,NA,NA,NA,NA,NA,NA,FALSE,"","NAs in DO.obs; NAs in DO.sat; NAs in depth; NAs in temp.water; NAs in light; NAs in discharge"
"190",2020-01-17,NA,NA,NA,NA,NA,NA,NA,NA,NA,NA,NA,NA,NA,NA,NA,NA,NA,NA,NA,NA,NA,NA,NA,NA,NA,NA,NA,NA,NA,NA,NA,NA,NA,NA,NA,NA,NA,NA,NA,NA,NA,NA,NA,NA,NA,NA,NA,NA,NA,NA,NA,NA,NA,NA,NA,NA,NA,NA,NA,NA,NA,NA,NA,NA,NA,NA,NA,NA,NA,NA,FALSE,"","NAs in DO.obs; NAs in DO.sat; NAs in depth; NAs in temp.water; NAs in light; NAs in discharge"
"191",2020-01-18,NA,NA,NA,NA,NA,NA,NA,NA,NA,NA,NA,NA,NA,NA,NA,NA,NA,NA,NA,NA,NA,NA,NA,NA,NA,NA,NA,NA,NA,NA,NA,NA,NA,NA,NA,NA,NA,NA,NA,NA,NA,NA,NA,NA,NA,NA,NA,NA,NA,NA,NA,NA,NA,NA,NA,NA,NA,NA,NA,NA,NA,NA,NA,NA,NA,NA,NA,NA,NA,NA,FALSE,"","NAs in DO.obs; NAs in DO.sat; NAs in depth; NAs in temp.water; NAs in light; NAs in discharge"
"192",2020-01-19,NA,NA,NA,NA,NA,NA,NA,NA,NA,NA,NA,NA,NA,NA,NA,NA,NA,NA,NA,NA,NA,NA,NA,NA,NA,NA,NA,NA,NA,NA,NA,NA,NA,NA,NA,NA,NA,NA,NA,NA,NA,NA,NA,NA,NA,NA,NA,NA,NA,NA,NA,NA,NA,NA,NA,NA,NA,NA,NA,NA,NA,NA,NA,NA,NA,NA,NA,NA,NA,NA,FALSE,"","NAs in DO.obs; NAs in DO.sat; NAs in depth; NAs in temp.water; NAs in light; NAs in discharge"
"193",2020-01-20,NA,NA,NA,NA,NA,NA,NA,NA,NA,NA,NA,NA,NA,NA,NA,NA,NA,NA,NA,NA,NA,NA,NA,NA,NA,NA,NA,NA,NA,NA,NA,NA,NA,NA,NA,NA,NA,NA,NA,NA,NA,NA,NA,NA,NA,NA,NA,NA,NA,NA,NA,NA,NA,NA,NA,NA,NA,NA,NA,NA,NA,NA,NA,NA,NA,NA,NA,NA,NA,NA,FALSE,"","NAs in DO.obs; NAs in DO.sat; NAs in depth; NAs in temp.water; NAs in light; NAs in discharge"
"194",2020-01-21,NA,NA,NA,NA,NA,NA,NA,NA,NA,NA,NA,NA,NA,NA,NA,NA,NA,NA,NA,NA,NA,NA,NA,NA,NA,NA,NA,NA,NA,NA,NA,NA,NA,NA,NA,NA,NA,NA,NA,NA,NA,NA,NA,NA,NA,NA,NA,NA,NA,NA,NA,NA,NA,NA,NA,NA,NA,NA,NA,NA,NA,NA,NA,NA,NA,NA,NA,NA,NA,NA,FALSE,"","NAs in DO.obs; NAs in DO.sat; NAs in depth; NAs in temp.water; NAs in light; NAs in discharge"
"195",2020-01-22,NA,NA,NA,NA,NA,NA,NA,NA,NA,NA,NA,NA,NA,NA,NA,NA,NA,NA,NA,NA,NA,NA,NA,NA,NA,NA,NA,NA,NA,NA,NA,NA,NA,NA,NA,NA,NA,NA,NA,NA,NA,NA,NA,NA,NA,NA,NA,NA,NA,NA,NA,NA,NA,NA,NA,NA,NA,NA,NA,NA,NA,NA,NA,NA,NA,NA,NA,NA,NA,NA,FALSE,"","NAs in DO.obs; NAs in DO.sat; NAs in depth; NAs in temp.water; NAs in light; NAs in discharge"
"196",2020-01-23,NA,NA,NA,NA,NA,NA,NA,NA,NA,NA,NA,NA,NA,NA,NA,NA,NA,NA,NA,NA,NA,NA,NA,NA,NA,NA,NA,NA,NA,NA,NA,NA,NA,NA,NA,NA,NA,NA,NA,NA,NA,NA,NA,NA,NA,NA,NA,NA,NA,NA,NA,NA,NA,NA,NA,NA,NA,NA,NA,NA,NA,NA,NA,NA,NA,NA,NA,NA,NA,NA,FALSE,"","NAs in DO.obs; NAs in DO.sat; NAs in depth; NAs in temp.water; NAs in light; NAs in discharge"
"197",2020-01-24,NA,NA,NA,NA,NA,NA,NA,NA,NA,NA,NA,NA,NA,NA,NA,NA,NA,NA,NA,NA,NA,NA,NA,NA,NA,NA,NA,NA,NA,NA,NA,NA,NA,NA,NA,NA,NA,NA,NA,NA,NA,NA,NA,NA,NA,NA,NA,NA,NA,NA,NA,NA,NA,NA,NA,NA,NA,NA,NA,NA,NA,NA,NA,NA,NA,NA,NA,NA,NA,NA,FALSE,"","NAs in DO.obs; NAs in DO.sat; NAs in depth; NAs in temp.water; NAs in light; NAs in discharge"
"198",2020-01-25,NA,NA,NA,NA,NA,NA,NA,NA,NA,NA,NA,NA,NA,NA,NA,NA,NA,NA,NA,NA,NA,NA,NA,NA,NA,NA,NA,NA,NA,NA,NA,NA,NA,NA,NA,NA,NA,NA,NA,NA,NA,NA,NA,NA,NA,NA,NA,NA,NA,NA,NA,NA,NA,NA,NA,NA,NA,NA,NA,NA,NA,NA,NA,NA,NA,NA,NA,NA,NA,NA,FALSE,"","NAs in DO.obs; NAs in DO.sat; NAs in depth; NAs in temp.water; NAs in light; NAs in discharge"
"199",2020-01-26,NA,NA,NA,NA,NA,NA,NA,NA,NA,NA,NA,NA,NA,NA,NA,NA,NA,NA,NA,NA,NA,NA,NA,NA,NA,NA,NA,NA,NA,NA,NA,NA,NA,NA,NA,NA,NA,NA,NA,NA,NA,NA,NA,NA,NA,NA,NA,NA,NA,NA,NA,NA,NA,NA,NA,NA,NA,NA,NA,NA,NA,NA,NA,NA,NA,NA,NA,NA,NA,NA,FALSE,"","NAs in DO.obs; NAs in DO.sat; NAs in depth; NAs in temp.water; NAs in light; NAs in discharge"
"200",2020-01-27,NA,NA,NA,NA,NA,NA,NA,NA,NA,NA,NA,NA,NA,NA,NA,NA,NA,NA,NA,NA,NA,NA,NA,NA,NA,NA,NA,NA,NA,NA,NA,NA,NA,NA,NA,NA,NA,NA,NA,NA,NA,NA,NA,NA,NA,NA,NA,NA,NA,NA,NA,NA,NA,NA,NA,NA,NA,NA,NA,NA,NA,NA,NA,NA,NA,NA,NA,NA,NA,NA,FALSE,"","NAs in DO.obs; NAs in DO.sat; NAs in depth; NAs in temp.water; NAs in light; NAs in discharge"
"201",2020-01-28,NA,NA,NA,NA,NA,NA,NA,NA,NA,NA,NA,NA,NA,NA,NA,NA,NA,NA,NA,NA,NA,NA,NA,NA,NA,NA,NA,NA,NA,NA,NA,NA,NA,NA,NA,NA,NA,NA,NA,NA,NA,NA,NA,NA,NA,NA,NA,NA,NA,NA,NA,NA,NA,NA,NA,NA,NA,NA,NA,NA,NA,NA,NA,NA,NA,NA,NA,NA,NA,NA,FALSE,"","NAs in DO.obs; NAs in DO.sat; NAs in depth; NAs in temp.water; NAs in light; NAs in discharge"
"202",2020-01-29,NA,NA,NA,NA,NA,NA,NA,NA,NA,NA,NA,NA,NA,NA,NA,NA,NA,NA,NA,NA,NA,NA,NA,NA,NA,NA,NA,NA,NA,NA,NA,NA,NA,NA,NA,NA,NA,NA,NA,NA,NA,NA,NA,NA,NA,NA,NA,NA,NA,NA,NA,NA,NA,NA,NA,NA,NA,NA,NA,NA,NA,NA,NA,NA,NA,NA,NA,NA,NA,NA,FALSE,"","NAs in DO.obs; NAs in DO.sat; NAs in depth; NAs in temp.water; NAs in light; NAs in discharge"
"203",2020-01-30,NA,NA,NA,NA,NA,NA,NA,NA,NA,NA,NA,NA,NA,NA,NA,NA,NA,NA,NA,NA,NA,NA,NA,NA,NA,NA,NA,NA,NA,NA,NA,NA,NA,NA,NA,NA,NA,NA,NA,NA,NA,NA,NA,NA,NA,NA,NA,NA,NA,NA,NA,NA,NA,NA,NA,NA,NA,NA,NA,NA,NA,NA,NA,NA,NA,NA,NA,NA,NA,NA,FALSE,"","NAs in DO.obs; NAs in DO.sat; NAs in depth; NAs in temp.water; NAs in light; NAs in discharge"
"204",2020-01-31,NA,NA,NA,NA,NA,NA,NA,NA,NA,NA,NA,NA,NA,NA,NA,NA,NA,NA,NA,NA,NA,NA,NA,NA,NA,NA,NA,NA,NA,NA,NA,NA,NA,NA,NA,NA,NA,NA,NA,NA,NA,NA,NA,NA,NA,NA,NA,NA,NA,NA,NA,NA,NA,NA,NA,NA,NA,NA,NA,NA,NA,NA,NA,NA,NA,NA,NA,NA,NA,NA,FALSE,"","NAs in DO.obs; NAs in DO.sat; NAs in depth; NAs in temp.water; NAs in light; NAs in discharge"
"205",2020-02-01,NA,NA,NA,NA,NA,NA,NA,NA,NA,NA,NA,NA,NA,NA,NA,NA,NA,NA,NA,NA,NA,NA,NA,NA,NA,NA,NA,NA,NA,NA,NA,NA,NA,NA,NA,NA,NA,NA,NA,NA,NA,NA,NA,NA,NA,NA,NA,NA,NA,NA,NA,NA,NA,NA,NA,NA,NA,NA,NA,NA,NA,NA,NA,NA,NA,NA,NA,NA,NA,NA,FALSE,"","NAs in DO.obs; NAs in DO.sat; NAs in depth; NAs in temp.water; NAs in light; NAs in discharge"
"206",2020-02-02,NA,NA,NA,NA,NA,NA,NA,NA,NA,NA,NA,NA,NA,NA,NA,NA,NA,NA,NA,NA,NA,NA,NA,NA,NA,NA,NA,NA,NA,NA,NA,NA,NA,NA,NA,NA,NA,NA,NA,NA,NA,NA,NA,NA,NA,NA,NA,NA,NA,NA,NA,NA,NA,NA,NA,NA,NA,NA,NA,NA,NA,NA,NA,NA,NA,NA,NA,NA,NA,NA,FALSE,"","NAs in DO.obs; NAs in DO.sat; NAs in depth; NAs in temp.water; NAs in light; NAs in discharge"
"207",2020-02-03,NA,NA,NA,NA,NA,NA,NA,NA,NA,NA,NA,NA,NA,NA,NA,NA,NA,NA,NA,NA,NA,NA,NA,NA,NA,NA,NA,NA,NA,NA,NA,NA,NA,NA,NA,NA,NA,NA,NA,NA,NA,NA,NA,NA,NA,NA,NA,NA,NA,NA,NA,NA,NA,NA,NA,NA,NA,NA,NA,NA,NA,NA,NA,NA,NA,NA,NA,NA,NA,NA,FALSE,"","NAs in DO.obs; NAs in DO.sat; NAs in depth; NAs in temp.water; NAs in light; NAs in discharge"
"208",2020-02-04,NA,NA,NA,NA,NA,NA,NA,NA,NA,NA,NA,NA,NA,NA,NA,NA,NA,NA,NA,NA,NA,NA,NA,NA,NA,NA,NA,NA,NA,NA,NA,NA,NA,NA,NA,NA,NA,NA,NA,NA,NA,NA,NA,NA,NA,NA,NA,NA,NA,NA,NA,NA,NA,NA,NA,NA,NA,NA,NA,NA,NA,NA,NA,NA,NA,NA,NA,NA,NA,NA,FALSE,"","NAs in DO.obs; NAs in DO.sat; NAs in depth; NAs in temp.water; NAs in light; NAs in discharge"
"209",2020-02-05,NA,NA,NA,NA,NA,NA,NA,NA,NA,NA,NA,NA,NA,NA,NA,NA,NA,NA,NA,NA,NA,NA,NA,NA,NA,NA,NA,NA,NA,NA,NA,NA,NA,NA,NA,NA,NA,NA,NA,NA,NA,NA,NA,NA,NA,NA,NA,NA,NA,NA,NA,NA,NA,NA,NA,NA,NA,NA,NA,NA,NA,NA,NA,NA,NA,NA,NA,NA,NA,NA,FALSE,"","NAs in DO.obs; NAs in DO.sat; NAs in depth; NAs in temp.water; NAs in light; NAs in discharge"
"210",2020-02-06,NA,NA,NA,NA,NA,NA,NA,NA,NA,NA,NA,NA,NA,NA,NA,NA,NA,NA,NA,NA,NA,NA,NA,NA,NA,NA,NA,NA,NA,NA,NA,NA,NA,NA,NA,NA,NA,NA,NA,NA,NA,NA,NA,NA,NA,NA,NA,NA,NA,NA,NA,NA,NA,NA,NA,NA,NA,NA,NA,NA,NA,NA,NA,NA,NA,NA,NA,NA,NA,NA,FALSE,"","NAs in DO.obs; NAs in DO.sat; NAs in depth; NAs in temp.water; NAs in light; NAs in discharge"
"211",2020-02-07,NA,NA,NA,NA,NA,NA,NA,NA,NA,NA,NA,NA,NA,NA,NA,NA,NA,NA,NA,NA,NA,NA,NA,NA,NA,NA,NA,NA,NA,NA,NA,NA,NA,NA,NA,NA,NA,NA,NA,NA,NA,NA,NA,NA,NA,NA,NA,NA,NA,NA,NA,NA,NA,NA,NA,NA,NA,NA,NA,NA,NA,NA,NA,NA,NA,NA,NA,NA,NA,NA,FALSE,"","NAs in DO.obs; NAs in DO.sat; NAs in depth; NAs in temp.water; NAs in light; NAs in discharge"
"212",2020-02-08,NA,NA,NA,NA,NA,NA,NA,NA,NA,NA,NA,NA,NA,NA,NA,NA,NA,NA,NA,NA,NA,NA,NA,NA,NA,NA,NA,NA,NA,NA,NA,NA,NA,NA,NA,NA,NA,NA,NA,NA,NA,NA,NA,NA,NA,NA,NA,NA,NA,NA,NA,NA,NA,NA,NA,NA,NA,NA,NA,NA,NA,NA,NA,NA,NA,NA,NA,NA,NA,NA,FALSE,"","NAs in DO.obs; NAs in DO.sat; NAs in depth; NAs in temp.water; NAs in light; NAs in discharge"
"213",2020-02-09,NA,NA,NA,NA,NA,NA,NA,NA,NA,NA,NA,NA,NA,NA,NA,NA,NA,NA,NA,NA,NA,NA,NA,NA,NA,NA,NA,NA,NA,NA,NA,NA,NA,NA,NA,NA,NA,NA,NA,NA,NA,NA,NA,NA,NA,NA,NA,NA,NA,NA,NA,NA,NA,NA,NA,NA,NA,NA,NA,NA,NA,NA,NA,NA,NA,NA,NA,NA,NA,NA,FALSE,"","NAs in DO.obs; NAs in DO.sat; NAs in depth; NAs in temp.water; NAs in light; NAs in discharge"
"214",2020-02-10,NA,NA,NA,NA,NA,NA,NA,NA,NA,NA,NA,NA,NA,NA,NA,NA,NA,NA,NA,NA,NA,NA,NA,NA,NA,NA,NA,NA,NA,NA,NA,NA,NA,NA,NA,NA,NA,NA,NA,NA,NA,NA,NA,NA,NA,NA,NA,NA,NA,NA,NA,NA,NA,NA,NA,NA,NA,NA,NA,NA,NA,NA,NA,NA,NA,NA,NA,NA,NA,NA,FALSE,"","NAs in DO.obs; NAs in DO.sat; NAs in depth; NAs in temp.water; NAs in light; NAs in discharge"
"215",2020-02-11,NA,NA,NA,NA,NA,NA,NA,NA,NA,NA,NA,NA,NA,NA,NA,NA,NA,NA,NA,NA,NA,NA,NA,NA,NA,NA,NA,NA,NA,NA,NA,NA,NA,NA,NA,NA,NA,NA,NA,NA,NA,NA,NA,NA,NA,NA,NA,NA,NA,NA,NA,NA,NA,NA,NA,NA,NA,NA,NA,NA,NA,NA,NA,NA,NA,NA,NA,NA,NA,NA,FALSE,"","NAs in DO.obs; NAs in DO.sat; NAs in depth; NAs in temp.water; NAs in light; NAs in discharge"
"216",2020-02-12,NA,NA,NA,NA,NA,NA,NA,NA,NA,NA,NA,NA,NA,NA,NA,NA,NA,NA,NA,NA,NA,NA,NA,NA,NA,NA,NA,NA,NA,NA,NA,NA,NA,NA,NA,NA,NA,NA,NA,NA,NA,NA,NA,NA,NA,NA,NA,NA,NA,NA,NA,NA,NA,NA,NA,NA,NA,NA,NA,NA,NA,NA,NA,NA,NA,NA,NA,NA,NA,NA,FALSE,"","NAs in DO.obs; NAs in DO.sat; NAs in depth; NAs in temp.water; NAs in light; NAs in discharge"
"217",2020-02-13,NA,NA,NA,NA,NA,NA,NA,NA,NA,NA,NA,NA,NA,NA,NA,NA,NA,NA,NA,NA,NA,NA,NA,NA,NA,NA,NA,NA,NA,NA,NA,NA,NA,NA,NA,NA,NA,NA,NA,NA,NA,NA,NA,NA,NA,NA,NA,NA,NA,NA,NA,NA,NA,NA,NA,NA,NA,NA,NA,NA,NA,NA,NA,NA,NA,NA,NA,NA,NA,NA,FALSE,"","NAs in DO.obs; NAs in DO.sat; NAs in depth; NAs in temp.water; NAs in light; NAs in discharge"
"218",2020-02-14,NA,NA,NA,NA,NA,NA,NA,NA,NA,NA,NA,NA,NA,NA,NA,NA,NA,NA,NA,NA,NA,NA,NA,NA,NA,NA,NA,NA,NA,NA,NA,NA,NA,NA,NA,NA,NA,NA,NA,NA,NA,NA,NA,NA,NA,NA,NA,NA,NA,NA,NA,NA,NA,NA,NA,NA,NA,NA,NA,NA,NA,NA,NA,NA,NA,NA,NA,NA,NA,NA,FALSE,"","NAs in DO.obs; NAs in DO.sat; NAs in depth; NAs in temp.water; NAs in light; NAs in discharge"
"219",2020-02-15,NA,NA,NA,NA,NA,NA,NA,NA,NA,NA,NA,NA,NA,NA,NA,NA,NA,NA,NA,NA,NA,NA,NA,NA,NA,NA,NA,NA,NA,NA,NA,NA,NA,NA,NA,NA,NA,NA,NA,NA,NA,NA,NA,NA,NA,NA,NA,NA,NA,NA,NA,NA,NA,NA,NA,NA,NA,NA,NA,NA,NA,NA,NA,NA,NA,NA,NA,NA,NA,NA,FALSE,"","NAs in DO.obs; NAs in DO.sat; NAs in depth; NAs in temp.water; NAs in light; NAs in discharge"
"220",2020-02-16,NA,NA,NA,NA,NA,NA,NA,NA,NA,NA,NA,NA,NA,NA,NA,NA,NA,NA,NA,NA,NA,NA,NA,NA,NA,NA,NA,NA,NA,NA,NA,NA,NA,NA,NA,NA,NA,NA,NA,NA,NA,NA,NA,NA,NA,NA,NA,NA,NA,NA,NA,NA,NA,NA,NA,NA,NA,NA,NA,NA,NA,NA,NA,NA,NA,NA,NA,NA,NA,NA,FALSE,"","NAs in DO.obs; NAs in DO.sat; NAs in depth; NAs in temp.water; NAs in light; NAs in discharge"
"221",2020-02-17,NA,NA,NA,NA,NA,NA,NA,NA,NA,NA,NA,NA,NA,NA,NA,NA,NA,NA,NA,NA,NA,NA,NA,NA,NA,NA,NA,NA,NA,NA,NA,NA,NA,NA,NA,NA,NA,NA,NA,NA,NA,NA,NA,NA,NA,NA,NA,NA,NA,NA,NA,NA,NA,NA,NA,NA,NA,NA,NA,NA,NA,NA,NA,NA,NA,NA,NA,NA,NA,NA,FALSE,"","NAs in DO.obs; NAs in DO.sat; NAs in depth; NAs in temp.water; NAs in light; NAs in discharge"
"222",2020-02-18,NA,NA,NA,NA,NA,NA,NA,NA,NA,NA,NA,NA,NA,NA,NA,NA,NA,NA,NA,NA,NA,NA,NA,NA,NA,NA,NA,NA,NA,NA,NA,NA,NA,NA,NA,NA,NA,NA,NA,NA,NA,NA,NA,NA,NA,NA,NA,NA,NA,NA,NA,NA,NA,NA,NA,NA,NA,NA,NA,NA,NA,NA,NA,NA,NA,NA,NA,NA,NA,NA,FALSE,"","NAs in DO.obs; NAs in DO.sat; NAs in depth; NAs in temp.water; NAs in light; NAs in discharge"
"223",2020-02-19,NA,NA,NA,NA,NA,NA,NA,NA,NA,NA,NA,NA,NA,NA,NA,NA,NA,NA,NA,NA,NA,NA,NA,NA,NA,NA,NA,NA,NA,NA,NA,NA,NA,NA,NA,NA,NA,NA,NA,NA,NA,NA,NA,NA,NA,NA,NA,NA,NA,NA,NA,NA,NA,NA,NA,NA,NA,NA,NA,NA,NA,NA,NA,NA,NA,NA,NA,NA,NA,NA,FALSE,"","NAs in DO.obs; NAs in DO.sat; NAs in depth; NAs in temp.water; NAs in light; NAs in discharge"
"224",2020-02-20,NA,NA,NA,NA,NA,NA,NA,NA,NA,NA,NA,NA,NA,NA,NA,NA,NA,NA,NA,NA,NA,NA,NA,NA,NA,NA,NA,NA,NA,NA,NA,NA,NA,NA,NA,NA,NA,NA,NA,NA,NA,NA,NA,NA,NA,NA,NA,NA,NA,NA,NA,NA,NA,NA,NA,NA,NA,NA,NA,NA,NA,NA,NA,NA,NA,NA,NA,NA,NA,NA,FALSE,"","NAs in DO.obs; NAs in DO.sat; NAs in depth; NAs in temp.water; NAs in light; NAs in discharge"
"225",2020-02-21,NA,NA,NA,NA,NA,NA,NA,NA,NA,NA,NA,NA,NA,NA,NA,NA,NA,NA,NA,NA,NA,NA,NA,NA,NA,NA,NA,NA,NA,NA,NA,NA,NA,NA,NA,NA,NA,NA,NA,NA,NA,NA,NA,NA,NA,NA,NA,NA,NA,NA,NA,NA,NA,NA,NA,NA,NA,NA,NA,NA,NA,NA,NA,NA,NA,NA,NA,NA,NA,NA,FALSE,"","NAs in DO.obs; NAs in DO.sat; NAs in depth; NAs in temp.water; NAs in light; NAs in discharge"
"226",2020-02-22,NA,NA,NA,NA,NA,NA,NA,NA,NA,NA,NA,NA,NA,NA,NA,NA,NA,NA,NA,NA,NA,NA,NA,NA,NA,NA,NA,NA,NA,NA,NA,NA,NA,NA,NA,NA,NA,NA,NA,NA,NA,NA,NA,NA,NA,NA,NA,NA,NA,NA,NA,NA,NA,NA,NA,NA,NA,NA,NA,NA,NA,NA,NA,NA,NA,NA,NA,NA,NA,NA,FALSE,"","NAs in DO.obs; NAs in DO.sat; NAs in depth; NAs in temp.water; NAs in light; NAs in discharge"
"227",2020-02-23,NA,NA,NA,NA,NA,NA,NA,NA,NA,NA,NA,NA,NA,NA,NA,NA,NA,NA,NA,NA,NA,NA,NA,NA,NA,NA,NA,NA,NA,NA,NA,NA,NA,NA,NA,NA,NA,NA,NA,NA,NA,NA,NA,NA,NA,NA,NA,NA,NA,NA,NA,NA,NA,NA,NA,NA,NA,NA,NA,NA,NA,NA,NA,NA,NA,NA,NA,NA,NA,NA,FALSE,"","NAs in DO.obs; NAs in DO.sat; NAs in depth; NAs in temp.water; NAs in light; NAs in discharge"
"228",2020-02-24,NA,NA,NA,NA,NA,NA,NA,NA,NA,NA,NA,NA,NA,NA,NA,NA,NA,NA,NA,NA,NA,NA,NA,NA,NA,NA,NA,NA,NA,NA,NA,NA,NA,NA,NA,NA,NA,NA,NA,NA,NA,NA,NA,NA,NA,NA,NA,NA,NA,NA,NA,NA,NA,NA,NA,NA,NA,NA,NA,NA,NA,NA,NA,NA,NA,NA,NA,NA,NA,NA,FALSE,"","NAs in DO.obs; NAs in DO.sat; NAs in depth; NAs in temp.water; NAs in light; NAs in discharge"
"229",2020-02-25,NA,NA,NA,NA,NA,NA,NA,NA,NA,NA,NA,NA,NA,NA,NA,NA,NA,NA,NA,NA,NA,NA,NA,NA,NA,NA,NA,NA,NA,NA,NA,NA,NA,NA,NA,NA,NA,NA,NA,NA,NA,NA,NA,NA,NA,NA,NA,NA,NA,NA,NA,NA,NA,NA,NA,NA,NA,NA,NA,NA,NA,NA,NA,NA,NA,NA,NA,NA,NA,NA,FALSE,"","NAs in DO.obs; NAs in DO.sat; NAs in depth; NAs in temp.water; NAs in light; NAs in discharge"
"230",2020-02-26,NA,NA,NA,NA,NA,NA,NA,NA,NA,NA,NA,NA,NA,NA,NA,NA,NA,NA,NA,NA,NA,NA,NA,NA,NA,NA,NA,NA,NA,NA,NA,NA,NA,NA,NA,NA,NA,NA,NA,NA,NA,NA,NA,NA,NA,NA,NA,NA,NA,NA,NA,NA,NA,NA,NA,NA,NA,NA,NA,NA,NA,NA,NA,NA,NA,NA,NA,NA,NA,NA,FALSE,"","NAs in DO.obs; NAs in DO.sat; NAs in depth; NAs in temp.water; NAs in light; NAs in discharge"
"231",2020-02-27,NA,NA,NA,NA,NA,NA,NA,NA,NA,NA,NA,NA,NA,NA,NA,NA,NA,NA,NA,NA,NA,NA,NA,NA,NA,NA,NA,NA,NA,NA,NA,NA,NA,NA,NA,NA,NA,NA,NA,NA,NA,NA,NA,NA,NA,NA,NA,NA,NA,NA,NA,NA,NA,NA,NA,NA,NA,NA,NA,NA,NA,NA,NA,NA,NA,NA,NA,NA,NA,NA,FALSE,"","NAs in DO.obs; NAs in DO.sat; NAs in depth; NAs in temp.water; NAs in light; NAs in discharge"
"232",2020-02-28,NA,NA,NA,NA,NA,NA,NA,NA,NA,NA,NA,NA,NA,NA,NA,NA,NA,NA,NA,NA,NA,NA,NA,NA,NA,NA,NA,NA,NA,NA,NA,NA,NA,NA,NA,NA,NA,NA,NA,NA,NA,NA,NA,NA,NA,NA,NA,NA,NA,NA,NA,NA,NA,NA,NA,NA,NA,NA,NA,NA,NA,NA,NA,NA,NA,NA,NA,NA,NA,NA,FALSE,"","NAs in DO.obs; NAs in DO.sat; NAs in depth; NAs in temp.water; NAs in light; NAs in discharge"
"233",2020-02-29,NA,NA,NA,NA,NA,NA,NA,NA,NA,NA,NA,NA,NA,NA,NA,NA,NA,NA,NA,NA,NA,NA,NA,NA,NA,NA,NA,NA,NA,NA,NA,NA,NA,NA,NA,NA,NA,NA,NA,NA,NA,NA,NA,NA,NA,NA,NA,NA,NA,NA,NA,NA,NA,NA,NA,NA,NA,NA,NA,NA,NA,NA,NA,NA,NA,NA,NA,NA,NA,NA,FALSE,"","NAs in DO.obs; NAs in DO.sat; NAs in depth; NAs in temp.water; NAs in light; NAs in discharge"
"234",2020-03-01,NA,NA,NA,NA,NA,NA,NA,NA,NA,NA,NA,NA,NA,NA,NA,NA,NA,NA,NA,NA,NA,NA,NA,NA,NA,NA,NA,NA,NA,NA,NA,NA,NA,NA,NA,NA,NA,NA,NA,NA,NA,NA,NA,NA,NA,NA,NA,NA,NA,NA,NA,NA,NA,NA,NA,NA,NA,NA,NA,NA,NA,NA,NA,NA,NA,NA,NA,NA,NA,NA,FALSE,"","NAs in DO.obs; NAs in DO.sat; NAs in depth; NAs in temp.water; NAs in light; NAs in discharge"
"235",2020-03-02,NA,NA,NA,NA,NA,NA,NA,NA,NA,NA,NA,NA,NA,NA,NA,NA,NA,NA,NA,NA,NA,NA,NA,NA,NA,NA,NA,NA,NA,NA,NA,NA,NA,NA,NA,NA,NA,NA,NA,NA,NA,NA,NA,NA,NA,NA,NA,NA,NA,NA,NA,NA,NA,NA,NA,NA,NA,NA,NA,NA,NA,NA,NA,NA,NA,NA,NA,NA,NA,NA,FALSE,"","NAs in DO.obs; NAs in DO.sat; NAs in depth; NAs in temp.water; NAs in light; NAs in discharge"
"236",2020-03-03,NA,NA,NA,NA,NA,NA,NA,NA,NA,NA,NA,NA,NA,NA,NA,NA,NA,NA,NA,NA,NA,NA,NA,NA,NA,NA,NA,NA,NA,NA,NA,NA,NA,NA,NA,NA,NA,NA,NA,NA,NA,NA,NA,NA,NA,NA,NA,NA,NA,NA,NA,NA,NA,NA,NA,NA,NA,NA,NA,NA,NA,NA,NA,NA,NA,NA,NA,NA,NA,NA,FALSE,"","NAs in DO.obs; NAs in DO.sat; NAs in depth; NAs in temp.water; NAs in light; NAs in discharge"
"237",2020-03-04,NA,NA,NA,NA,NA,NA,NA,NA,NA,NA,NA,NA,NA,NA,NA,NA,NA,NA,NA,NA,NA,NA,NA,NA,NA,NA,NA,NA,NA,NA,NA,NA,NA,NA,NA,NA,NA,NA,NA,NA,NA,NA,NA,NA,NA,NA,NA,NA,NA,NA,NA,NA,NA,NA,NA,NA,NA,NA,NA,NA,NA,NA,NA,NA,NA,NA,NA,NA,NA,NA,FALSE,"","NAs in DO.obs; NAs in DO.sat; NAs in depth; NAs in temp.water; NAs in light; NAs in discharge"
"238",2020-03-05,NA,NA,NA,NA,NA,NA,NA,NA,NA,NA,NA,NA,NA,NA,NA,NA,NA,NA,NA,NA,NA,NA,NA,NA,NA,NA,NA,NA,NA,NA,NA,NA,NA,NA,NA,NA,NA,NA,NA,NA,NA,NA,NA,NA,NA,NA,NA,NA,NA,NA,NA,NA,NA,NA,NA,NA,NA,NA,NA,NA,NA,NA,NA,NA,NA,NA,NA,NA,NA,NA,FALSE,"","NAs in DO.obs; NAs in DO.sat; NAs in depth; NAs in temp.water; NAs in light; NAs in discharge"
"239",2020-03-06,NA,NA,NA,NA,NA,NA,NA,NA,NA,NA,NA,NA,NA,NA,NA,NA,NA,NA,NA,NA,NA,NA,NA,NA,NA,NA,NA,NA,NA,NA,NA,NA,NA,NA,NA,NA,NA,NA,NA,NA,NA,NA,NA,NA,NA,NA,NA,NA,NA,NA,NA,NA,NA,NA,NA,NA,NA,NA,NA,NA,NA,NA,NA,NA,NA,NA,NA,NA,NA,NA,FALSE,"","NAs in DO.obs; NAs in DO.sat; NAs in depth; NAs in temp.water; NAs in light; NAs in discharge"
"240",2020-03-07,NA,NA,NA,NA,NA,NA,NA,NA,NA,NA,NA,NA,NA,NA,NA,NA,NA,NA,NA,NA,NA,NA,NA,NA,NA,NA,NA,NA,NA,NA,NA,NA,NA,NA,NA,NA,NA,NA,NA,NA,NA,NA,NA,NA,NA,NA,NA,NA,NA,NA,NA,NA,NA,NA,NA,NA,NA,NA,NA,NA,NA,NA,NA,NA,NA,NA,NA,NA,NA,NA,FALSE,"","NAs in DO.obs; NAs in DO.sat; NAs in depth; NAs in temp.water; NAs in light; NAs in discharge"
"241",2020-03-08,NA,NA,NA,NA,NA,NA,NA,NA,NA,NA,NA,NA,NA,NA,NA,NA,NA,NA,NA,NA,NA,NA,NA,NA,NA,NA,NA,NA,NA,NA,NA,NA,NA,NA,NA,NA,NA,NA,NA,NA,NA,NA,NA,NA,NA,NA,NA,NA,NA,NA,NA,NA,NA,NA,NA,NA,NA,NA,NA,NA,NA,NA,NA,NA,NA,NA,NA,NA,NA,NA,FALSE,"","NAs in DO.obs; NAs in DO.sat; NAs in depth; NAs in temp.water; NAs in light; NAs in discharge"
"242",2020-03-09,NA,NA,NA,NA,NA,NA,NA,NA,NA,NA,NA,NA,NA,NA,NA,NA,NA,NA,NA,NA,NA,NA,NA,NA,NA,NA,NA,NA,NA,NA,NA,NA,NA,NA,NA,NA,NA,NA,NA,NA,NA,NA,NA,NA,NA,NA,NA,NA,NA,NA,NA,NA,NA,NA,NA,NA,NA,NA,NA,NA,NA,NA,NA,NA,NA,NA,NA,NA,NA,NA,FALSE,"","NAs in DO.obs; NAs in DO.sat; NAs in depth; NAs in temp.water; NAs in light; NAs in discharge"
"243",2020-03-10,NA,NA,NA,NA,NA,NA,NA,NA,NA,NA,NA,NA,NA,NA,NA,NA,NA,NA,NA,NA,NA,NA,NA,NA,NA,NA,NA,NA,NA,NA,NA,NA,NA,NA,NA,NA,NA,NA,NA,NA,NA,NA,NA,NA,NA,NA,NA,NA,NA,NA,NA,NA,NA,NA,NA,NA,NA,NA,NA,NA,NA,NA,NA,NA,NA,NA,NA,NA,NA,NA,FALSE,"","NAs in DO.obs; NAs in DO.sat; NAs in depth; NAs in temp.water; NAs in light; NAs in discharge"
"244",2020-03-11,NA,NA,NA,NA,NA,NA,NA,NA,NA,NA,NA,NA,NA,NA,NA,NA,NA,NA,NA,NA,NA,NA,NA,NA,NA,NA,NA,NA,NA,NA,NA,NA,NA,NA,NA,NA,NA,NA,NA,NA,NA,NA,NA,NA,NA,NA,NA,NA,NA,NA,NA,NA,NA,NA,NA,NA,NA,NA,NA,NA,NA,NA,NA,NA,NA,NA,NA,NA,NA,NA,FALSE,"","NAs in DO.obs; NAs in DO.sat; NAs in depth; NAs in temp.water; NAs in light; NAs in discharge"
"245",2020-03-12,NA,NA,NA,NA,NA,NA,NA,NA,NA,NA,NA,NA,NA,NA,NA,NA,NA,NA,NA,NA,NA,NA,NA,NA,NA,NA,NA,NA,NA,NA,NA,NA,NA,NA,NA,NA,NA,NA,NA,NA,NA,NA,NA,NA,NA,NA,NA,NA,NA,NA,NA,NA,NA,NA,NA,NA,NA,NA,NA,NA,NA,NA,NA,NA,NA,NA,NA,NA,NA,NA,FALSE,"","NAs in DO.obs; NAs in DO.sat; NAs in depth; NAs in temp.water; NAs in light; NAs in discharge"
"246",2020-03-13,NA,NA,NA,NA,NA,NA,NA,NA,NA,NA,NA,NA,NA,NA,NA,NA,NA,NA,NA,NA,NA,NA,NA,NA,NA,NA,NA,NA,NA,NA,NA,NA,NA,NA,NA,NA,NA,NA,NA,NA,NA,NA,NA,NA,NA,NA,NA,NA,NA,NA,NA,NA,NA,NA,NA,NA,NA,NA,NA,NA,NA,NA,NA,NA,NA,NA,NA,NA,NA,NA,FALSE,"","NAs in DO.obs; NAs in DO.sat; NAs in depth; NAs in temp.water; NAs in light; NAs in discharge"
"247",2020-03-14,NA,NA,NA,NA,NA,NA,NA,NA,NA,NA,NA,NA,NA,NA,NA,NA,NA,NA,NA,NA,NA,NA,NA,NA,NA,NA,NA,NA,NA,NA,NA,NA,NA,NA,NA,NA,NA,NA,NA,NA,NA,NA,NA,NA,NA,NA,NA,NA,NA,NA,NA,NA,NA,NA,NA,NA,NA,NA,NA,NA,NA,NA,NA,NA,NA,NA,NA,NA,NA,NA,FALSE,"","NAs in DO.obs; NAs in DO.sat; NAs in depth; NAs in temp.water; NAs in light; NAs in discharge"
"248",2020-03-15,NA,NA,NA,NA,NA,NA,NA,NA,NA,NA,NA,NA,NA,NA,NA,NA,NA,NA,NA,NA,NA,NA,NA,NA,NA,NA,NA,NA,NA,NA,NA,NA,NA,NA,NA,NA,NA,NA,NA,NA,NA,NA,NA,NA,NA,NA,NA,NA,NA,NA,NA,NA,NA,NA,NA,NA,NA,NA,NA,NA,NA,NA,NA,NA,NA,NA,NA,NA,NA,NA,FALSE,"","NAs in DO.obs; NAs in DO.sat; NAs in depth; NAs in temp.water; NAs in light; NAs in discharge"
"249",2020-03-16,NA,NA,NA,NA,NA,NA,NA,NA,NA,NA,NA,NA,NA,NA,NA,NA,NA,NA,NA,NA,NA,NA,NA,NA,NA,NA,NA,NA,NA,NA,NA,NA,NA,NA,NA,NA,NA,NA,NA,NA,NA,NA,NA,NA,NA,NA,NA,NA,NA,NA,NA,NA,NA,NA,NA,NA,NA,NA,NA,NA,NA,NA,NA,NA,NA,NA,NA,NA,NA,NA,FALSE,"","NAs in DO.obs; NAs in DO.sat; NAs in depth; NAs in temp.water; NAs in light; NAs in discharge"
"250",2020-03-17,NA,NA,NA,NA,NA,NA,NA,NA,NA,NA,NA,NA,NA,NA,NA,NA,NA,NA,NA,NA,NA,NA,NA,NA,NA,NA,NA,NA,NA,NA,NA,NA,NA,NA,NA,NA,NA,NA,NA,NA,NA,NA,NA,NA,NA,NA,NA,NA,NA,NA,NA,NA,NA,NA,NA,NA,NA,NA,NA,NA,NA,NA,NA,NA,NA,NA,NA,NA,NA,NA,FALSE,"","NAs in DO.obs; NAs in DO.sat; NAs in depth; NAs in temp.water; NAs in light; NAs in discharge"
"251",2020-03-18,NA,NA,NA,NA,NA,NA,NA,NA,NA,NA,NA,NA,NA,NA,NA,NA,NA,NA,NA,NA,NA,NA,NA,NA,NA,NA,NA,NA,NA,NA,NA,NA,NA,NA,NA,NA,NA,NA,NA,NA,NA,NA,NA,NA,NA,NA,NA,NA,NA,NA,NA,NA,NA,NA,NA,NA,NA,NA,NA,NA,NA,NA,NA,NA,NA,NA,NA,NA,NA,NA,FALSE,"","NAs in DO.obs; NAs in DO.sat; NAs in depth; NAs in temp.water; NAs in light; NAs in discharge"
"252",2020-03-19,NA,NA,NA,NA,NA,NA,NA,NA,NA,NA,NA,NA,NA,NA,NA,NA,NA,NA,NA,NA,NA,NA,NA,NA,NA,NA,NA,NA,NA,NA,NA,NA,NA,NA,NA,NA,NA,NA,NA,NA,NA,NA,NA,NA,NA,NA,NA,NA,NA,NA,NA,NA,NA,NA,NA,NA,NA,NA,NA,NA,NA,NA,NA,NA,NA,NA,NA,NA,NA,NA,FALSE,"","NAs in DO.obs; NAs in DO.sat; NAs in depth; NAs in temp.water; NAs in light; NAs in discharge"
"253",2020-03-20,NA,NA,NA,NA,NA,NA,NA,NA,NA,NA,NA,NA,NA,NA,NA,NA,NA,NA,NA,NA,NA,NA,NA,NA,NA,NA,NA,NA,NA,NA,NA,NA,NA,NA,NA,NA,NA,NA,NA,NA,NA,NA,NA,NA,NA,NA,NA,NA,NA,NA,NA,NA,NA,NA,NA,NA,NA,NA,NA,NA,NA,NA,NA,NA,NA,NA,NA,NA,NA,NA,FALSE,"","NAs in DO.obs; NAs in DO.sat; NAs in depth; NAs in temp.water; NAs in light; NAs in discharge"
"254",2020-03-21,NA,NA,NA,NA,NA,NA,NA,NA,NA,NA,NA,NA,NA,NA,NA,NA,NA,NA,NA,NA,NA,NA,NA,NA,NA,NA,NA,NA,NA,NA,NA,NA,NA,NA,NA,NA,NA,NA,NA,NA,NA,NA,NA,NA,NA,NA,NA,NA,NA,NA,NA,NA,NA,NA,NA,NA,NA,NA,NA,NA,NA,NA,NA,NA,NA,NA,NA,NA,NA,NA,FALSE,"","NAs in DO.obs; NAs in DO.sat; NAs in depth; NAs in temp.water; NAs in light; NAs in discharge"
"255",2020-03-22,NA,NA,NA,NA,NA,NA,NA,NA,NA,NA,NA,NA,NA,NA,NA,NA,NA,NA,NA,NA,NA,NA,NA,NA,NA,NA,NA,NA,NA,NA,NA,NA,NA,NA,NA,NA,NA,NA,NA,NA,NA,NA,NA,NA,NA,NA,NA,NA,NA,NA,NA,NA,NA,NA,NA,NA,NA,NA,NA,NA,NA,NA,NA,NA,NA,NA,NA,NA,NA,NA,FALSE,"","NAs in DO.obs; NAs in DO.sat; NAs in depth; NAs in temp.water; NAs in light; NAs in discharge"
"256",2020-03-23,NA,NA,NA,NA,NA,NA,NA,NA,NA,NA,NA,NA,NA,NA,NA,NA,NA,NA,NA,NA,NA,NA,NA,NA,NA,NA,NA,NA,NA,NA,NA,NA,NA,NA,NA,NA,NA,NA,NA,NA,NA,NA,NA,NA,NA,NA,NA,NA,NA,NA,NA,NA,NA,NA,NA,NA,NA,NA,NA,NA,NA,NA,NA,NA,NA,NA,NA,NA,NA,NA,FALSE,"","NAs in DO.obs; NAs in DO.sat; NAs in depth; NAs in temp.water; NAs in light; NAs in discharge"
"257",2020-03-24,NA,NA,NA,NA,NA,NA,NA,NA,NA,NA,NA,NA,NA,NA,NA,NA,NA,NA,NA,NA,NA,NA,NA,NA,NA,NA,NA,NA,NA,NA,NA,NA,NA,NA,NA,NA,NA,NA,NA,NA,NA,NA,NA,NA,NA,NA,NA,NA,NA,NA,NA,NA,NA,NA,NA,NA,NA,NA,NA,NA,NA,NA,NA,NA,NA,NA,NA,NA,NA,NA,FALSE,"","NAs in DO.obs; NAs in DO.sat; NAs in depth; NAs in temp.water; NAs in light; NAs in discharge"
"258",2020-03-25,NA,NA,NA,NA,NA,NA,NA,NA,NA,NA,NA,NA,NA,NA,NA,NA,NA,NA,NA,NA,NA,NA,NA,NA,NA,NA,NA,NA,NA,NA,NA,NA,NA,NA,NA,NA,NA,NA,NA,NA,NA,NA,NA,NA,NA,NA,NA,NA,NA,NA,NA,NA,NA,NA,NA,NA,NA,NA,NA,NA,NA,NA,NA,NA,NA,NA,NA,NA,NA,NA,FALSE,"","NAs in DO.obs; NAs in DO.sat; NAs in depth; NAs in temp.water; NAs in light; NAs in discharge"
"259",2020-03-26,NA,NA,NA,NA,NA,NA,NA,NA,NA,NA,NA,NA,NA,NA,NA,NA,NA,NA,NA,NA,NA,NA,NA,NA,NA,NA,NA,NA,NA,NA,NA,NA,NA,NA,NA,NA,NA,NA,NA,NA,NA,NA,NA,NA,NA,NA,NA,NA,NA,NA,NA,NA,NA,NA,NA,NA,NA,NA,NA,NA,NA,NA,NA,NA,NA,NA,NA,NA,NA,NA,FALSE,"","NAs in DO.obs; NAs in DO.sat; NAs in depth; NAs in temp.water; NAs in light; NAs in discharge"
"260",2020-03-27,NA,NA,NA,NA,NA,NA,NA,NA,NA,NA,NA,NA,NA,NA,NA,NA,NA,NA,NA,NA,NA,NA,NA,NA,NA,NA,NA,NA,NA,NA,NA,NA,NA,NA,NA,NA,NA,NA,NA,NA,NA,NA,NA,NA,NA,NA,NA,NA,NA,NA,NA,NA,NA,NA,NA,NA,NA,NA,NA,NA,NA,NA,NA,NA,NA,NA,NA,NA,NA,NA,FALSE,"","NAs in DO.obs; NAs in DO.sat; NAs in depth; NAs in temp.water; NAs in light; NAs in discharge"
"261",2020-03-28,NA,NA,NA,NA,NA,NA,NA,NA,NA,NA,NA,NA,NA,NA,NA,NA,NA,NA,NA,NA,NA,NA,NA,NA,NA,NA,NA,NA,NA,NA,NA,NA,NA,NA,NA,NA,NA,NA,NA,NA,NA,NA,NA,NA,NA,NA,NA,NA,NA,NA,NA,NA,NA,NA,NA,NA,NA,NA,NA,NA,NA,NA,NA,NA,NA,NA,NA,NA,NA,NA,FALSE,"","NAs in DO.obs; NAs in DO.sat; NAs in depth; NAs in temp.water; NAs in light; NAs in discharge"
"262",2020-03-29,NA,NA,NA,NA,NA,NA,NA,NA,NA,NA,NA,NA,NA,NA,NA,NA,NA,NA,NA,NA,NA,NA,NA,NA,NA,NA,NA,NA,NA,NA,NA,NA,NA,NA,NA,NA,NA,NA,NA,NA,NA,NA,NA,NA,NA,NA,NA,NA,NA,NA,NA,NA,NA,NA,NA,NA,NA,NA,NA,NA,NA,NA,NA,NA,NA,NA,NA,NA,NA,NA,FALSE,"","NAs in DO.obs; NAs in DO.sat; NAs in depth; NAs in temp.water; NAs in light; NAs in discharge"
"263",2020-03-30,NA,NA,NA,NA,NA,NA,NA,NA,NA,NA,NA,NA,NA,NA,NA,NA,NA,NA,NA,NA,NA,NA,NA,NA,NA,NA,NA,NA,NA,NA,NA,NA,NA,NA,NA,NA,NA,NA,NA,NA,NA,NA,NA,NA,NA,NA,NA,NA,NA,NA,NA,NA,NA,NA,NA,NA,NA,NA,NA,NA,NA,NA,NA,NA,NA,NA,NA,NA,NA,NA,FALSE,"","NAs in DO.obs; NAs in DO.sat; NAs in depth; NAs in temp.water; NAs in light; NAs in discharge"
"264",2020-03-31,NA,NA,NA,NA,NA,NA,NA,NA,NA,NA,NA,NA,NA,NA,NA,NA,NA,NA,NA,NA,NA,NA,NA,NA,NA,NA,NA,NA,NA,NA,NA,NA,NA,NA,NA,NA,NA,NA,NA,NA,NA,NA,NA,NA,NA,NA,NA,NA,NA,NA,NA,NA,NA,NA,NA,NA,NA,NA,NA,NA,NA,NA,NA,NA,NA,NA,NA,NA,NA,NA,FALSE,"","NAs in DO.obs; NAs in DO.sat; NAs in depth; NAs in temp.water; NAs in light; NAs in discharge"
"265",2020-04-01,NA,NA,NA,NA,NA,NA,NA,NA,NA,NA,NA,NA,NA,NA,NA,NA,NA,NA,NA,NA,NA,NA,NA,NA,NA,NA,NA,NA,NA,NA,NA,NA,NA,NA,NA,NA,NA,NA,NA,NA,NA,NA,NA,NA,NA,NA,NA,NA,NA,NA,NA,NA,NA,NA,NA,NA,NA,NA,NA,NA,NA,NA,NA,NA,NA,NA,NA,NA,NA,NA,FALSE,"","NAs in DO.obs; NAs in DO.sat; NAs in depth; NAs in temp.water; NAs in light; NAs in discharge"
"266",2020-04-02,NA,NA,NA,NA,NA,NA,NA,NA,NA,NA,NA,NA,NA,NA,NA,NA,NA,NA,NA,NA,NA,NA,NA,NA,NA,NA,NA,NA,NA,NA,NA,NA,NA,NA,NA,NA,NA,NA,NA,NA,NA,NA,NA,NA,NA,NA,NA,NA,NA,NA,NA,NA,NA,NA,NA,NA,NA,NA,NA,NA,NA,NA,NA,NA,NA,NA,NA,NA,NA,NA,FALSE,"","NAs in DO.obs; NAs in DO.sat; NAs in depth; NAs in temp.water; NAs in light; NAs in discharge"
"267",2020-04-03,NA,NA,NA,NA,NA,NA,NA,NA,NA,NA,NA,NA,NA,NA,NA,NA,NA,NA,NA,NA,NA,NA,NA,NA,NA,NA,NA,NA,NA,NA,NA,NA,NA,NA,NA,NA,NA,NA,NA,NA,NA,NA,NA,NA,NA,NA,NA,NA,NA,NA,NA,NA,NA,NA,NA,NA,NA,NA,NA,NA,NA,NA,NA,NA,NA,NA,NA,NA,NA,NA,FALSE,"","NAs in DO.obs; NAs in DO.sat; NAs in depth; NAs in temp.water; NAs in light; NAs in discharge"
"268",2020-04-04,NA,NA,NA,NA,NA,NA,NA,NA,NA,NA,NA,NA,NA,NA,NA,NA,NA,NA,NA,NA,NA,NA,NA,NA,NA,NA,NA,NA,NA,NA,NA,NA,NA,NA,NA,NA,NA,NA,NA,NA,NA,NA,NA,NA,NA,NA,NA,NA,NA,NA,NA,NA,NA,NA,NA,NA,NA,NA,NA,NA,NA,NA,NA,NA,NA,NA,NA,NA,NA,NA,FALSE,"","NAs in DO.obs; NAs in DO.sat; NAs in depth; NAs in temp.water; NAs in light; NAs in discharge"
"269",2020-04-05,NA,NA,NA,NA,NA,NA,NA,NA,NA,NA,NA,NA,NA,NA,NA,NA,NA,NA,NA,NA,NA,NA,NA,NA,NA,NA,NA,NA,NA,NA,NA,NA,NA,NA,NA,NA,NA,NA,NA,NA,NA,NA,NA,NA,NA,NA,NA,NA,NA,NA,NA,NA,NA,NA,NA,NA,NA,NA,NA,NA,NA,NA,NA,NA,NA,NA,NA,NA,NA,NA,FALSE,"","NAs in DO.obs; NAs in DO.sat; NAs in depth; NAs in temp.water; NAs in light; NAs in discharge"
"270",2020-04-06,NA,NA,NA,NA,NA,NA,NA,NA,NA,NA,NA,NA,NA,NA,NA,NA,NA,NA,NA,NA,NA,NA,NA,NA,NA,NA,NA,NA,NA,NA,NA,NA,NA,NA,NA,NA,NA,NA,NA,NA,NA,NA,NA,NA,NA,NA,NA,NA,NA,NA,NA,NA,NA,NA,NA,NA,NA,NA,NA,NA,NA,NA,NA,NA,NA,NA,NA,NA,NA,NA,FALSE,"","NAs in DO.obs; NAs in DO.sat; NAs in depth; NAs in temp.water; NAs in light; NAs in discharge"
"271",2020-04-07,NA,NA,NA,NA,NA,NA,NA,NA,NA,NA,NA,NA,NA,NA,NA,NA,NA,NA,NA,NA,NA,NA,NA,NA,NA,NA,NA,NA,NA,NA,NA,NA,NA,NA,NA,NA,NA,NA,NA,NA,NA,NA,NA,NA,NA,NA,NA,NA,NA,NA,NA,NA,NA,NA,NA,NA,NA,NA,NA,NA,NA,NA,NA,NA,NA,NA,NA,NA,NA,NA,FALSE,"","NAs in DO.obs; NAs in DO.sat; NAs in depth; NAs in temp.water; NAs in light; NAs in discharge"
"272",2020-04-08,NA,NA,NA,NA,NA,NA,NA,NA,NA,NA,NA,NA,NA,NA,NA,NA,NA,NA,NA,NA,NA,NA,NA,NA,NA,NA,NA,NA,NA,NA,NA,NA,NA,NA,NA,NA,NA,NA,NA,NA,NA,NA,NA,NA,NA,NA,NA,NA,NA,NA,NA,NA,NA,NA,NA,NA,NA,NA,NA,NA,NA,NA,NA,NA,NA,NA,NA,NA,NA,NA,FALSE,"","NAs in DO.obs; NAs in DO.sat; NAs in depth; NAs in temp.water; NAs in light; NAs in discharge"
"273",2020-04-09,NA,NA,NA,NA,NA,NA,NA,NA,NA,NA,NA,NA,NA,NA,NA,NA,NA,NA,NA,NA,NA,NA,NA,NA,NA,NA,NA,NA,NA,NA,NA,NA,NA,NA,NA,NA,NA,NA,NA,NA,NA,NA,NA,NA,NA,NA,NA,NA,NA,NA,NA,NA,NA,NA,NA,NA,NA,NA,NA,NA,NA,NA,NA,NA,NA,NA,NA,NA,NA,NA,FALSE,"","NAs in DO.obs; NAs in DO.sat; NAs in depth; NAs in temp.water; NAs in light; NAs in discharge"
"274",2020-04-10,NA,NA,NA,NA,NA,NA,NA,NA,NA,NA,NA,NA,NA,NA,NA,NA,NA,NA,NA,NA,NA,NA,NA,NA,NA,NA,NA,NA,NA,NA,NA,NA,NA,NA,NA,NA,NA,NA,NA,NA,NA,NA,NA,NA,NA,NA,NA,NA,NA,NA,NA,NA,NA,NA,NA,NA,NA,NA,NA,NA,NA,NA,NA,NA,NA,NA,NA,NA,NA,NA,FALSE,"","NAs in DO.obs; NAs in DO.sat; NAs in depth; NAs in temp.water; NAs in light; NAs in discharge"
"275",2020-04-11,NA,NA,NA,NA,NA,NA,NA,NA,NA,NA,NA,NA,NA,NA,NA,NA,NA,NA,NA,NA,NA,NA,NA,NA,NA,NA,NA,NA,NA,NA,NA,NA,NA,NA,NA,NA,NA,NA,NA,NA,NA,NA,NA,NA,NA,NA,NA,NA,NA,NA,NA,NA,NA,NA,NA,NA,NA,NA,NA,NA,NA,NA,NA,NA,NA,NA,NA,NA,NA,NA,FALSE,"","NAs in DO.obs; NAs in DO.sat; NAs in depth; NAs in temp.water; NAs in light; NAs in discharge"
"276",2020-04-12,NA,NA,NA,NA,NA,NA,NA,NA,NA,NA,NA,NA,NA,NA,NA,NA,NA,NA,NA,NA,NA,NA,NA,NA,NA,NA,NA,NA,NA,NA,NA,NA,NA,NA,NA,NA,NA,NA,NA,NA,NA,NA,NA,NA,NA,NA,NA,NA,NA,NA,NA,NA,NA,NA,NA,NA,NA,NA,NA,NA,NA,NA,NA,NA,NA,NA,NA,NA,NA,NA,FALSE,"","NAs in DO.obs; NAs in DO.sat; NAs in depth; NAs in temp.water; NAs in light; NAs in discharge"
"277",2020-04-13,NA,NA,NA,NA,NA,NA,NA,NA,NA,NA,NA,NA,NA,NA,NA,NA,NA,NA,NA,NA,NA,NA,NA,NA,NA,NA,NA,NA,NA,NA,NA,NA,NA,NA,NA,NA,NA,NA,NA,NA,NA,NA,NA,NA,NA,NA,NA,NA,NA,NA,NA,NA,NA,NA,NA,NA,NA,NA,NA,NA,NA,NA,NA,NA,NA,NA,NA,NA,NA,NA,FALSE,"","NAs in DO.obs; NAs in DO.sat; NAs in depth; NAs in temp.water; NAs in light; NAs in discharge"
"278",2020-04-14,NA,NA,NA,NA,NA,NA,NA,NA,NA,NA,NA,NA,NA,NA,NA,NA,NA,NA,NA,NA,NA,NA,NA,NA,NA,NA,NA,NA,NA,NA,NA,NA,NA,NA,NA,NA,NA,NA,NA,NA,NA,NA,NA,NA,NA,NA,NA,NA,NA,NA,NA,NA,NA,NA,NA,NA,NA,NA,NA,NA,NA,NA,NA,NA,NA,NA,NA,NA,NA,NA,FALSE,"","NAs in DO.obs; NAs in DO.sat; NAs in depth; NAs in temp.water; NAs in light; NAs in discharge"
"279",2020-04-15,NA,NA,NA,NA,NA,NA,NA,NA,NA,NA,NA,NA,NA,NA,NA,NA,NA,NA,NA,NA,NA,NA,NA,NA,NA,NA,NA,NA,NA,NA,NA,NA,NA,NA,NA,NA,NA,NA,NA,NA,NA,NA,NA,NA,NA,NA,NA,NA,NA,NA,NA,NA,NA,NA,NA,NA,NA,NA,NA,NA,NA,NA,NA,NA,NA,NA,NA,NA,NA,NA,FALSE,"","NAs in DO.obs; NAs in DO.sat; NAs in depth; NAs in temp.water; NAs in light; NAs in discharge"
"280",2020-04-16,NA,NA,NA,NA,NA,NA,NA,NA,NA,NA,NA,NA,NA,NA,NA,NA,NA,NA,NA,NA,NA,NA,NA,NA,NA,NA,NA,NA,NA,NA,NA,NA,NA,NA,NA,NA,NA,NA,NA,NA,NA,NA,NA,NA,NA,NA,NA,NA,NA,NA,NA,NA,NA,NA,NA,NA,NA,NA,NA,NA,NA,NA,NA,NA,NA,NA,NA,NA,NA,NA,FALSE,"","NAs in DO.obs; NAs in DO.sat; NAs in depth; NAs in temp.water; NAs in light; NAs in discharge"
"281",2020-04-17,NA,NA,NA,NA,NA,NA,NA,NA,NA,NA,NA,NA,NA,NA,NA,NA,NA,NA,NA,NA,NA,NA,NA,NA,NA,NA,NA,NA,NA,NA,NA,NA,NA,NA,NA,NA,NA,NA,NA,NA,NA,NA,NA,NA,NA,NA,NA,NA,NA,NA,NA,NA,NA,NA,NA,NA,NA,NA,NA,NA,NA,NA,NA,NA,NA,NA,NA,NA,NA,NA,FALSE,"","NAs in DO.obs; NAs in DO.sat; NAs in depth; NAs in temp.water; NAs in light; NAs in discharge"
"282",2020-04-18,NA,NA,NA,NA,NA,NA,NA,NA,NA,NA,NA,NA,NA,NA,NA,NA,NA,NA,NA,NA,NA,NA,NA,NA,NA,NA,NA,NA,NA,NA,NA,NA,NA,NA,NA,NA,NA,NA,NA,NA,NA,NA,NA,NA,NA,NA,NA,NA,NA,NA,NA,NA,NA,NA,NA,NA,NA,NA,NA,NA,NA,NA,NA,NA,NA,NA,NA,NA,NA,NA,FALSE,"","NAs in DO.obs; NAs in DO.sat; NAs in depth; NAs in temp.water; NAs in light; NAs in discharge"
"283",2020-04-19,NA,NA,NA,NA,NA,NA,NA,NA,NA,NA,NA,NA,NA,NA,NA,NA,NA,NA,NA,NA,NA,NA,NA,NA,NA,NA,NA,NA,NA,NA,NA,NA,NA,NA,NA,NA,NA,NA,NA,NA,NA,NA,NA,NA,NA,NA,NA,NA,NA,NA,NA,NA,NA,NA,NA,NA,NA,NA,NA,NA,NA,NA,NA,NA,NA,NA,NA,NA,NA,NA,FALSE,"","NAs in DO.obs; NAs in DO.sat; NAs in depth; NAs in temp.water; NAs in light; NAs in discharge"
"284",2020-04-20,NA,NA,NA,NA,NA,NA,NA,NA,NA,NA,NA,NA,NA,NA,NA,NA,NA,NA,NA,NA,NA,NA,NA,NA,NA,NA,NA,NA,NA,NA,NA,NA,NA,NA,NA,NA,NA,NA,NA,NA,NA,NA,NA,NA,NA,NA,NA,NA,NA,NA,NA,NA,NA,NA,NA,NA,NA,NA,NA,NA,NA,NA,NA,NA,NA,NA,NA,NA,NA,NA,FALSE,"","NAs in DO.obs; NAs in DO.sat; NAs in depth; NAs in temp.water; NAs in light; NAs in discharge"
"285",2020-04-21,NA,NA,NA,NA,NA,NA,NA,NA,NA,NA,NA,NA,NA,NA,NA,NA,NA,NA,NA,NA,NA,NA,NA,NA,NA,NA,NA,NA,NA,NA,NA,NA,NA,NA,NA,NA,NA,NA,NA,NA,NA,NA,NA,NA,NA,NA,NA,NA,NA,NA,NA,NA,NA,NA,NA,NA,NA,NA,NA,NA,NA,NA,NA,NA,NA,NA,NA,NA,NA,NA,FALSE,"","NAs in DO.obs; NAs in DO.sat; NAs in depth; NAs in temp.water; NAs in light; NAs in discharge"
"286",2020-04-22,NA,NA,NA,NA,NA,NA,NA,NA,NA,NA,NA,NA,NA,NA,NA,NA,NA,NA,NA,NA,NA,NA,NA,NA,NA,NA,NA,NA,NA,NA,NA,NA,NA,NA,NA,NA,NA,NA,NA,NA,NA,NA,NA,NA,NA,NA,NA,NA,NA,NA,NA,NA,NA,NA,NA,NA,NA,NA,NA,NA,NA,NA,NA,NA,NA,NA,NA,NA,NA,NA,FALSE,"","NAs in DO.obs; NAs in DO.sat; NAs in depth; NAs in temp.water; NAs in light; NAs in discharge"
"287",2020-04-23,NA,NA,NA,NA,NA,NA,NA,NA,NA,NA,NA,NA,NA,NA,NA,NA,NA,NA,NA,NA,NA,NA,NA,NA,NA,NA,NA,NA,NA,NA,NA,NA,NA,NA,NA,NA,NA,NA,NA,NA,NA,NA,NA,NA,NA,NA,NA,NA,NA,NA,NA,NA,NA,NA,NA,NA,NA,NA,NA,NA,NA,NA,NA,NA,NA,NA,NA,NA,NA,NA,FALSE,"","NAs in DO.obs; NAs in DO.sat; NAs in depth; NAs in temp.water; NAs in light; NAs in discharge"
"288",2020-04-24,NA,NA,NA,NA,NA,NA,NA,NA,NA,NA,NA,NA,NA,NA,NA,NA,NA,NA,NA,NA,NA,NA,NA,NA,NA,NA,NA,NA,NA,NA,NA,NA,NA,NA,NA,NA,NA,NA,NA,NA,NA,NA,NA,NA,NA,NA,NA,NA,NA,NA,NA,NA,NA,NA,NA,NA,NA,NA,NA,NA,NA,NA,NA,NA,NA,NA,NA,NA,NA,NA,FALSE,"","NAs in DO.obs; NAs in DO.sat; NAs in depth; NAs in temp.water; NAs in light; NAs in discharge"
"289",2020-04-25,NA,NA,NA,NA,NA,NA,NA,NA,NA,NA,NA,NA,NA,NA,NA,NA,NA,NA,NA,NA,NA,NA,NA,NA,NA,NA,NA,NA,NA,NA,NA,NA,NA,NA,NA,NA,NA,NA,NA,NA,NA,NA,NA,NA,NA,NA,NA,NA,NA,NA,NA,NA,NA,NA,NA,NA,NA,NA,NA,NA,NA,NA,NA,NA,NA,NA,NA,NA,NA,NA,FALSE,"","NAs in DO.obs; NAs in DO.sat; NAs in depth; NAs in temp.water; NAs in light; NAs in discharge"
"290",2020-04-26,NA,NA,NA,NA,NA,NA,NA,NA,NA,NA,NA,NA,NA,NA,NA,NA,NA,NA,NA,NA,NA,NA,NA,NA,NA,NA,NA,NA,NA,NA,NA,NA,NA,NA,NA,NA,NA,NA,NA,NA,NA,NA,NA,NA,NA,NA,NA,NA,NA,NA,NA,NA,NA,NA,NA,NA,NA,NA,NA,NA,NA,NA,NA,NA,NA,NA,NA,NA,NA,NA,FALSE,"","NAs in DO.obs; NAs in DO.sat; NAs in depth; NAs in temp.water; NAs in light; NAs in discharge"
"291",2020-04-27,NA,NA,NA,NA,NA,NA,NA,NA,NA,NA,NA,NA,NA,NA,NA,NA,NA,NA,NA,NA,NA,NA,NA,NA,NA,NA,NA,NA,NA,NA,NA,NA,NA,NA,NA,NA,NA,NA,NA,NA,NA,NA,NA,NA,NA,NA,NA,NA,NA,NA,NA,NA,NA,NA,NA,NA,NA,NA,NA,NA,NA,NA,NA,NA,NA,NA,NA,NA,NA,NA,FALSE,"","NAs in DO.obs; NAs in DO.sat; NAs in depth; NAs in temp.water; NAs in light; NAs in discharge"
"292",2020-04-28,NA,NA,NA,NA,NA,NA,NA,NA,NA,NA,NA,NA,NA,NA,NA,NA,NA,NA,NA,NA,NA,NA,NA,NA,NA,NA,NA,NA,NA,NA,NA,NA,NA,NA,NA,NA,NA,NA,NA,NA,NA,NA,NA,NA,NA,NA,NA,NA,NA,NA,NA,NA,NA,NA,NA,NA,NA,NA,NA,NA,NA,NA,NA,NA,NA,NA,NA,NA,NA,NA,FALSE,"","NAs in DO.obs; NAs in DO.sat; NAs in depth; NAs in temp.water; NAs in light; NAs in discharge"
"293",2020-04-29,NA,NA,NA,NA,NA,NA,NA,NA,NA,NA,NA,NA,NA,NA,NA,NA,NA,NA,NA,NA,NA,NA,NA,NA,NA,NA,NA,NA,NA,NA,NA,NA,NA,NA,NA,NA,NA,NA,NA,NA,NA,NA,NA,NA,NA,NA,NA,NA,NA,NA,NA,NA,NA,NA,NA,NA,NA,NA,NA,NA,NA,NA,NA,NA,NA,NA,NA,NA,NA,NA,FALSE,"","NAs in DO.obs; NAs in DO.sat; NAs in depth; NAs in temp.water; NAs in light; NAs in discharge"
"294",2020-04-30,NA,NA,NA,NA,NA,NA,NA,NA,NA,NA,NA,NA,NA,NA,NA,NA,NA,NA,NA,NA,NA,NA,NA,NA,NA,NA,NA,NA,NA,NA,NA,NA,NA,NA,NA,NA,NA,NA,NA,NA,NA,NA,NA,NA,NA,NA,NA,NA,NA,NA,NA,NA,NA,NA,NA,NA,NA,NA,NA,NA,NA,NA,NA,NA,NA,NA,NA,NA,NA,NA,FALSE,"","NAs in DO.obs; NAs in DO.sat; NAs in depth; NAs in temp.water; NAs in light; NAs in discharge"
"295",2020-05-01,NA,NA,NA,NA,NA,NA,NA,NA,NA,NA,NA,NA,NA,NA,NA,NA,NA,NA,NA,NA,NA,NA,NA,NA,NA,NA,NA,NA,NA,NA,NA,NA,NA,NA,NA,NA,NA,NA,NA,NA,NA,NA,NA,NA,NA,NA,NA,NA,NA,NA,NA,NA,NA,NA,NA,NA,NA,NA,NA,NA,NA,NA,NA,NA,NA,NA,NA,NA,NA,NA,FALSE,"","NAs in DO.obs; NAs in DO.sat; NAs in depth; NAs in temp.water; NAs in light; NAs in discharge"
"296",2020-05-02,NA,NA,NA,NA,NA,NA,NA,NA,NA,NA,NA,NA,NA,NA,NA,NA,NA,NA,NA,NA,NA,NA,NA,NA,NA,NA,NA,NA,NA,NA,NA,NA,NA,NA,NA,NA,NA,NA,NA,NA,NA,NA,NA,NA,NA,NA,NA,NA,NA,NA,NA,NA,NA,NA,NA,NA,NA,NA,NA,NA,NA,NA,NA,NA,NA,NA,NA,NA,NA,NA,FALSE,"","NAs in DO.obs; NAs in DO.sat; NAs in depth; NAs in temp.water; NAs in light; NAs in discharge"
"297",2020-05-03,NA,NA,NA,NA,NA,NA,NA,NA,NA,NA,NA,NA,NA,NA,NA,NA,NA,NA,NA,NA,NA,NA,NA,NA,NA,NA,NA,NA,NA,NA,NA,NA,NA,NA,NA,NA,NA,NA,NA,NA,NA,NA,NA,NA,NA,NA,NA,NA,NA,NA,NA,NA,NA,NA,NA,NA,NA,NA,NA,NA,NA,NA,NA,NA,NA,NA,NA,NA,NA,NA,FALSE,"","NAs in DO.obs; NAs in DO.sat; NAs in depth; NAs in temp.water; NAs in light; NAs in discharge"
"298",2020-05-04,NA,NA,NA,NA,NA,NA,NA,NA,NA,NA,NA,NA,NA,NA,NA,NA,NA,NA,NA,NA,NA,NA,NA,NA,NA,NA,NA,NA,NA,NA,NA,NA,NA,NA,NA,NA,NA,NA,NA,NA,NA,NA,NA,NA,NA,NA,NA,NA,NA,NA,NA,NA,NA,NA,NA,NA,NA,NA,NA,NA,NA,NA,NA,NA,NA,NA,NA,NA,NA,NA,FALSE,"","NAs in DO.obs; NAs in DO.sat; NAs in depth; NAs in temp.water; NAs in light; NAs in discharge"
"299",2020-05-05,NA,NA,NA,NA,NA,NA,NA,NA,NA,NA,NA,NA,NA,NA,NA,NA,NA,NA,NA,NA,NA,NA,NA,NA,NA,NA,NA,NA,NA,NA,NA,NA,NA,NA,NA,NA,NA,NA,NA,NA,NA,NA,NA,NA,NA,NA,NA,NA,NA,NA,NA,NA,NA,NA,NA,NA,NA,NA,NA,NA,NA,NA,NA,NA,NA,NA,NA,NA,NA,NA,FALSE,"","NAs in DO.obs; NAs in DO.sat; NAs in depth; NAs in temp.water; NAs in light; NAs in discharge"
"300",2020-05-06,NA,NA,NA,NA,NA,NA,NA,NA,NA,NA,NA,NA,NA,NA,NA,NA,NA,NA,NA,NA,NA,NA,NA,NA,NA,NA,NA,NA,NA,NA,NA,NA,NA,NA,NA,NA,NA,NA,NA,NA,NA,NA,NA,NA,NA,NA,NA,NA,NA,NA,NA,NA,NA,NA,NA,NA,NA,NA,NA,NA,NA,NA,NA,NA,NA,NA,NA,NA,NA,NA,FALSE,"","NAs in DO.obs; NAs in DO.sat; NAs in depth; NAs in temp.water; NAs in light; NAs in discharge"
"301",2020-05-07,NA,NA,NA,NA,NA,NA,NA,NA,NA,NA,NA,NA,NA,NA,NA,NA,NA,NA,NA,NA,NA,NA,NA,NA,NA,NA,NA,NA,NA,NA,NA,NA,NA,NA,NA,NA,NA,NA,NA,NA,NA,NA,NA,NA,NA,NA,NA,NA,NA,NA,NA,NA,NA,NA,NA,NA,NA,NA,NA,NA,NA,NA,NA,NA,NA,NA,NA,NA,NA,NA,FALSE,"","NAs in DO.obs; NAs in DO.sat; NAs in depth; NAs in temp.water; NAs in light; NAs in discharge"
"302",2020-05-08,NA,NA,NA,NA,NA,NA,NA,NA,NA,NA,NA,NA,NA,NA,NA,NA,NA,NA,NA,NA,NA,NA,NA,NA,NA,NA,NA,NA,NA,NA,NA,NA,NA,NA,NA,NA,NA,NA,NA,NA,NA,NA,NA,NA,NA,NA,NA,NA,NA,NA,NA,NA,NA,NA,NA,NA,NA,NA,NA,NA,NA,NA,NA,NA,NA,NA,NA,NA,NA,NA,FALSE,"","NAs in DO.obs; NAs in DO.sat; NAs in depth; NAs in temp.water; NAs in light; NAs in discharge"
"303",2020-05-09,NA,NA,NA,NA,NA,NA,NA,NA,NA,NA,NA,NA,NA,NA,NA,NA,NA,NA,NA,NA,NA,NA,NA,NA,NA,NA,NA,NA,NA,NA,NA,NA,NA,NA,NA,NA,NA,NA,NA,NA,NA,NA,NA,NA,NA,NA,NA,NA,NA,NA,NA,NA,NA,NA,NA,NA,NA,NA,NA,NA,NA,NA,NA,NA,NA,NA,NA,NA,NA,NA,FALSE,"","NAs in DO.obs; NAs in DO.sat; NAs in depth; NAs in temp.water; NAs in light; NAs in discharge"
"304",2020-05-10,NA,NA,NA,NA,NA,NA,NA,NA,NA,NA,NA,NA,NA,NA,NA,NA,NA,NA,NA,NA,NA,NA,NA,NA,NA,NA,NA,NA,NA,NA,NA,NA,NA,NA,NA,NA,NA,NA,NA,NA,NA,NA,NA,NA,NA,NA,NA,NA,NA,NA,NA,NA,NA,NA,NA,NA,NA,NA,NA,NA,NA,NA,NA,NA,NA,NA,NA,NA,NA,NA,FALSE,"","NAs in DO.obs; NAs in DO.sat; NAs in depth; NAs in temp.water; NAs in light; NAs in discharge"
"305",2020-05-11,NA,NA,NA,NA,NA,NA,NA,NA,NA,NA,NA,NA,NA,NA,NA,NA,NA,NA,NA,NA,NA,NA,NA,NA,NA,NA,NA,NA,NA,NA,NA,NA,NA,NA,NA,NA,NA,NA,NA,NA,NA,NA,NA,NA,NA,NA,NA,NA,NA,NA,NA,NA,NA,NA,NA,NA,NA,NA,NA,NA,NA,NA,NA,NA,NA,NA,NA,NA,NA,NA,FALSE,"","NAs in DO.obs; NAs in DO.sat; NAs in depth; NAs in temp.water; NAs in light; NAs in discharge"
"306",2020-05-12,NA,NA,NA,NA,NA,NA,NA,NA,NA,NA,NA,NA,NA,NA,NA,NA,NA,NA,NA,NA,NA,NA,NA,NA,NA,NA,NA,NA,NA,NA,NA,NA,NA,NA,NA,NA,NA,NA,NA,NA,NA,NA,NA,NA,NA,NA,NA,NA,NA,NA,NA,NA,NA,NA,NA,NA,NA,NA,NA,NA,NA,NA,NA,NA,NA,NA,NA,NA,NA,NA,FALSE,"","NAs in DO.obs; NAs in DO.sat; NAs in depth; NAs in temp.water; NAs in light; NAs in discharge"
"307",2020-05-13,NA,NA,NA,NA,NA,NA,NA,NA,NA,NA,NA,NA,NA,NA,NA,NA,NA,NA,NA,NA,NA,NA,NA,NA,NA,NA,NA,NA,NA,NA,NA,NA,NA,NA,NA,NA,NA,NA,NA,NA,NA,NA,NA,NA,NA,NA,NA,NA,NA,NA,NA,NA,NA,NA,NA,NA,NA,NA,NA,NA,NA,NA,NA,NA,NA,NA,NA,NA,NA,NA,FALSE,"","NAs in DO.obs; NAs in DO.sat; NAs in depth; NAs in temp.water; NAs in light; NAs in discharge"
"308",2020-05-14,NA,NA,NA,NA,NA,NA,NA,NA,NA,NA,NA,NA,NA,NA,NA,NA,NA,NA,NA,NA,NA,NA,NA,NA,NA,NA,NA,NA,NA,NA,NA,NA,NA,NA,NA,NA,NA,NA,NA,NA,NA,NA,NA,NA,NA,NA,NA,NA,NA,NA,NA,NA,NA,NA,NA,NA,NA,NA,NA,NA,NA,NA,NA,NA,NA,NA,NA,NA,NA,NA,FALSE,"","NAs in DO.obs; NAs in DO.sat; NAs in depth; NAs in temp.water; NAs in light; NAs in discharge"
"309",2020-05-15,NA,NA,NA,NA,NA,NA,NA,NA,NA,NA,NA,NA,NA,NA,NA,NA,NA,NA,NA,NA,NA,NA,NA,NA,NA,NA,NA,NA,NA,NA,NA,NA,NA,NA,NA,NA,NA,NA,NA,NA,NA,NA,NA,NA,NA,NA,NA,NA,NA,NA,NA,NA,NA,NA,NA,NA,NA,NA,NA,NA,NA,NA,NA,NA,NA,NA,NA,NA,NA,NA,FALSE,"","NAs in DO.obs; NAs in DO.sat; NAs in depth; NAs in temp.water; NAs in light; NAs in discharge"
"310",2020-05-16,NA,NA,NA,NA,NA,NA,NA,NA,NA,NA,NA,NA,NA,NA,NA,NA,NA,NA,NA,NA,NA,NA,NA,NA,NA,NA,NA,NA,NA,NA,NA,NA,NA,NA,NA,NA,NA,NA,NA,NA,NA,NA,NA,NA,NA,NA,NA,NA,NA,NA,NA,NA,NA,NA,NA,NA,NA,NA,NA,NA,NA,NA,NA,NA,NA,NA,NA,NA,NA,NA,FALSE,"","NAs in DO.obs; NAs in DO.sat; NAs in depth; NAs in temp.water; NAs in light; NAs in discharge"
"311",2020-05-17,NA,NA,NA,NA,NA,NA,NA,NA,NA,NA,NA,NA,NA,NA,NA,NA,NA,NA,NA,NA,NA,NA,NA,NA,NA,NA,NA,NA,NA,NA,NA,NA,NA,NA,NA,NA,NA,NA,NA,NA,NA,NA,NA,NA,NA,NA,NA,NA,NA,NA,NA,NA,NA,NA,NA,NA,NA,NA,NA,NA,NA,NA,NA,NA,NA,NA,NA,NA,NA,NA,FALSE,"","NAs in DO.obs; NAs in DO.sat; NAs in depth; NAs in temp.water; NAs in light; NAs in discharge"
"312",2020-05-18,NA,NA,NA,NA,NA,NA,NA,NA,NA,NA,NA,NA,NA,NA,NA,NA,NA,NA,NA,NA,NA,NA,NA,NA,NA,NA,NA,NA,NA,NA,NA,NA,NA,NA,NA,NA,NA,NA,NA,NA,NA,NA,NA,NA,NA,NA,NA,NA,NA,NA,NA,NA,NA,NA,NA,NA,NA,NA,NA,NA,NA,NA,NA,NA,NA,NA,NA,NA,NA,NA,FALSE,"","NAs in DO.obs; NAs in DO.sat; NAs in depth; NAs in temp.water; NAs in light; NAs in discharge"
"313",2020-05-19,NA,NA,NA,NA,NA,NA,NA,NA,NA,NA,NA,NA,NA,NA,NA,NA,NA,NA,NA,NA,NA,NA,NA,NA,NA,NA,NA,NA,NA,NA,NA,NA,NA,NA,NA,NA,NA,NA,NA,NA,NA,NA,NA,NA,NA,NA,NA,NA,NA,NA,NA,NA,NA,NA,NA,NA,NA,NA,NA,NA,NA,NA,NA,NA,NA,NA,NA,NA,NA,NA,FALSE,"","NAs in DO.obs; NAs in DO.sat; NAs in depth; NAs in temp.water; NAs in light; NAs in discharge"
"314",2020-05-20,NA,NA,NA,NA,NA,NA,NA,NA,NA,NA,NA,NA,NA,NA,NA,NA,NA,NA,NA,NA,NA,NA,NA,NA,NA,NA,NA,NA,NA,NA,NA,NA,NA,NA,NA,NA,NA,NA,NA,NA,NA,NA,NA,NA,NA,NA,NA,NA,NA,NA,NA,NA,NA,NA,NA,NA,NA,NA,NA,NA,NA,NA,NA,NA,NA,NA,NA,NA,NA,NA,FALSE,"","NAs in DO.obs; NAs in DO.sat; NAs in depth; NAs in temp.water; NAs in light; NAs in discharge"
"315",2020-05-21,NA,NA,NA,NA,NA,NA,NA,NA,NA,NA,NA,NA,NA,NA,NA,NA,NA,NA,NA,NA,NA,NA,NA,NA,NA,NA,NA,NA,NA,NA,NA,NA,NA,NA,NA,NA,NA,NA,NA,NA,NA,NA,NA,NA,NA,NA,NA,NA,NA,NA,NA,NA,NA,NA,NA,NA,NA,NA,NA,NA,NA,NA,NA,NA,NA,NA,NA,NA,NA,NA,FALSE,"","NAs in DO.obs; NAs in DO.sat; NAs in depth; NAs in temp.water; NAs in light; NAs in discharge"
"316",2020-05-22,NA,NA,NA,NA,NA,NA,NA,NA,NA,NA,NA,NA,NA,NA,NA,NA,NA,NA,NA,NA,NA,NA,NA,NA,NA,NA,NA,NA,NA,NA,NA,NA,NA,NA,NA,NA,NA,NA,NA,NA,NA,NA,NA,NA,NA,NA,NA,NA,NA,NA,NA,NA,NA,NA,NA,NA,NA,NA,NA,NA,NA,NA,NA,NA,NA,NA,NA,NA,NA,NA,FALSE,"","NAs in DO.obs; NAs in DO.sat; NAs in depth; NAs in temp.water; NAs in light; NAs in discharge"
"317",2020-05-23,NA,NA,NA,NA,NA,NA,NA,NA,NA,NA,NA,NA,NA,NA,NA,NA,NA,NA,NA,NA,NA,NA,NA,NA,NA,NA,NA,NA,NA,NA,NA,NA,NA,NA,NA,NA,NA,NA,NA,NA,NA,NA,NA,NA,NA,NA,NA,NA,NA,NA,NA,NA,NA,NA,NA,NA,NA,NA,NA,NA,NA,NA,NA,NA,NA,NA,NA,NA,NA,NA,FALSE,"","NAs in DO.obs; NAs in DO.sat; NAs in depth; NAs in temp.water; NAs in light; NAs in discharge"
"318",2020-05-24,NA,NA,NA,NA,NA,NA,NA,NA,NA,NA,NA,NA,NA,NA,NA,NA,NA,NA,NA,NA,NA,NA,NA,NA,NA,NA,NA,NA,NA,NA,NA,NA,NA,NA,NA,NA,NA,NA,NA,NA,NA,NA,NA,NA,NA,NA,NA,NA,NA,NA,NA,NA,NA,NA,NA,NA,NA,NA,NA,NA,NA,NA,NA,NA,NA,NA,NA,NA,NA,NA,FALSE,"","NAs in DO.obs; NAs in DO.sat; NAs in depth; NAs in temp.water; NAs in light; NAs in discharge"
"319",2020-05-25,NA,NA,NA,NA,NA,NA,NA,NA,NA,NA,NA,NA,NA,NA,NA,NA,NA,NA,NA,NA,NA,NA,NA,NA,NA,NA,NA,NA,NA,NA,NA,NA,NA,NA,NA,NA,NA,NA,NA,NA,NA,NA,NA,NA,NA,NA,NA,NA,NA,NA,NA,NA,NA,NA,NA,NA,NA,NA,NA,NA,NA,NA,NA,NA,NA,NA,NA,NA,NA,NA,FALSE,"","NAs in DO.obs; NAs in DO.sat; NAs in depth; NAs in temp.water; NAs in light; NAs in discharge"
"320",2020-05-26,NA,NA,NA,NA,NA,NA,NA,NA,NA,NA,NA,NA,NA,NA,NA,NA,NA,NA,NA,NA,NA,NA,NA,NA,NA,NA,NA,NA,NA,NA,NA,NA,NA,NA,NA,NA,NA,NA,NA,NA,NA,NA,NA,NA,NA,NA,NA,NA,NA,NA,NA,NA,NA,NA,NA,NA,NA,NA,NA,NA,NA,NA,NA,NA,NA,NA,NA,NA,NA,NA,FALSE,"","NAs in DO.obs; NAs in DO.sat; NAs in depth; NAs in temp.water; NAs in light; NAs in discharge"
"321",2020-05-27,NA,NA,NA,NA,NA,NA,NA,NA,NA,NA,NA,NA,NA,NA,NA,NA,NA,NA,NA,NA,NA,NA,NA,NA,NA,NA,NA,NA,NA,NA,NA,NA,NA,NA,NA,NA,NA,NA,NA,NA,NA,NA,NA,NA,NA,NA,NA,NA,NA,NA,NA,NA,NA,NA,NA,NA,NA,NA,NA,NA,NA,NA,NA,NA,NA,NA,NA,NA,NA,NA,FALSE,"","NAs in DO.obs; NAs in DO.sat; NAs in depth; NAs in temp.water; NAs in light; NAs in discharge"
"322",2020-05-28,NA,NA,NA,NA,NA,NA,NA,NA,NA,NA,NA,NA,NA,NA,NA,NA,NA,NA,NA,NA,NA,NA,NA,NA,NA,NA,NA,NA,NA,NA,NA,NA,NA,NA,NA,NA,NA,NA,NA,NA,NA,NA,NA,NA,NA,NA,NA,NA,NA,NA,NA,NA,NA,NA,NA,NA,NA,NA,NA,NA,NA,NA,NA,NA,NA,NA,NA,NA,NA,NA,FALSE,"","NAs in DO.obs; NAs in DO.sat; NAs in depth; NAs in temp.water; NAs in light; NAs in discharge"
"323",2020-05-29,NA,NA,NA,NA,NA,NA,NA,NA,NA,NA,NA,NA,NA,NA,NA,NA,NA,NA,NA,NA,NA,NA,NA,NA,NA,NA,NA,NA,NA,NA,NA,NA,NA,NA,NA,NA,NA,NA,NA,NA,NA,NA,NA,NA,NA,NA,NA,NA,NA,NA,NA,NA,NA,NA,NA,NA,NA,NA,NA,NA,NA,NA,NA,NA,NA,NA,NA,NA,NA,NA,FALSE,"","NAs in DO.obs; NAs in DO.sat; NAs in depth; NAs in temp.water; NAs in light; NAs in discharge"
"324",2020-05-30,NA,NA,NA,NA,NA,NA,NA,NA,NA,NA,NA,NA,NA,NA,NA,NA,NA,NA,NA,NA,NA,NA,NA,NA,NA,NA,NA,NA,NA,NA,NA,NA,NA,NA,NA,NA,NA,NA,NA,NA,NA,NA,NA,NA,NA,NA,NA,NA,NA,NA,NA,NA,NA,NA,NA,NA,NA,NA,NA,NA,NA,NA,NA,NA,NA,NA,NA,NA,NA,NA,FALSE,"","NAs in DO.obs; NAs in DO.sat; NAs in depth; NAs in temp.water; NAs in light; NAs in discharge"
"325",2020-05-31,NA,NA,NA,NA,NA,NA,NA,NA,NA,NA,NA,NA,NA,NA,NA,NA,NA,NA,NA,NA,NA,NA,NA,NA,NA,NA,NA,NA,NA,NA,NA,NA,NA,NA,NA,NA,NA,NA,NA,NA,NA,NA,NA,NA,NA,NA,NA,NA,NA,NA,NA,NA,NA,NA,NA,NA,NA,NA,NA,NA,NA,NA,NA,NA,NA,NA,NA,NA,NA,NA,FALSE,"","NAs in DO.obs; NAs in DO.sat; NAs in depth; NAs in temp.water; NAs in light; NAs in discharge"
"326",2020-06-01,NA,NA,NA,NA,NA,NA,NA,NA,NA,NA,NA,NA,NA,NA,NA,NA,NA,NA,NA,NA,NA,NA,NA,NA,NA,NA,NA,NA,NA,NA,NA,NA,NA,NA,NA,NA,NA,NA,NA,NA,NA,NA,NA,NA,NA,NA,NA,NA,NA,NA,NA,NA,NA,NA,NA,NA,NA,NA,NA,NA,NA,NA,NA,NA,NA,NA,NA,NA,NA,NA,FALSE,"","NAs in DO.obs; NAs in DO.sat; NAs in depth; NAs in temp.water; NAs in light; NAs in discharge"
"327",2020-06-02,NA,NA,NA,NA,NA,NA,NA,NA,NA,NA,NA,NA,NA,NA,NA,NA,NA,NA,NA,NA,NA,NA,NA,NA,NA,NA,NA,NA,NA,NA,NA,NA,NA,NA,NA,NA,NA,NA,NA,NA,NA,NA,NA,NA,NA,NA,NA,NA,NA,NA,NA,NA,NA,NA,NA,NA,NA,NA,NA,NA,NA,NA,NA,NA,NA,NA,NA,NA,NA,NA,FALSE,"","NAs in DO.obs; NAs in DO.sat; NAs in depth; NAs in temp.water; NAs in light; NAs in discharge"
"328",2020-06-03,NA,NA,NA,NA,NA,NA,NA,NA,NA,NA,NA,NA,NA,NA,NA,NA,NA,NA,NA,NA,NA,NA,NA,NA,NA,NA,NA,NA,NA,NA,NA,NA,NA,NA,NA,NA,NA,NA,NA,NA,NA,NA,NA,NA,NA,NA,NA,NA,NA,NA,NA,NA,NA,NA,NA,NA,NA,NA,NA,NA,NA,NA,NA,NA,NA,NA,NA,NA,NA,NA,FALSE,"","NAs in DO.obs; NAs in DO.sat; NAs in depth; NAs in temp.water; NAs in light; NAs in discharge"
"329",2020-06-04,NA,NA,NA,NA,NA,NA,NA,NA,NA,NA,NA,NA,NA,NA,NA,NA,NA,NA,NA,NA,NA,NA,NA,NA,NA,NA,NA,NA,NA,NA,NA,NA,NA,NA,NA,NA,NA,NA,NA,NA,NA,NA,NA,NA,NA,NA,NA,NA,NA,NA,NA,NA,NA,NA,NA,NA,NA,NA,NA,NA,NA,NA,NA,NA,NA,NA,NA,NA,NA,NA,FALSE,"","NAs in DO.obs; NAs in DO.sat; NAs in depth; NAs in temp.water; NAs in light; NAs in discharge"
"330",2020-06-05,NA,NA,NA,NA,NA,NA,NA,NA,NA,NA,NA,NA,NA,NA,NA,NA,NA,NA,NA,NA,NA,NA,NA,NA,NA,NA,NA,NA,NA,NA,NA,NA,NA,NA,NA,NA,NA,NA,NA,NA,NA,NA,NA,NA,NA,NA,NA,NA,NA,NA,NA,NA,NA,NA,NA,NA,NA,NA,NA,NA,NA,NA,NA,NA,NA,NA,NA,NA,NA,NA,FALSE,"","NAs in DO.obs; NAs in DO.sat; NAs in depth; NAs in temp.water; NAs in light; NAs in discharge"
"331",2020-06-06,NA,NA,NA,NA,NA,NA,NA,NA,NA,NA,NA,NA,NA,NA,NA,NA,NA,NA,NA,NA,NA,NA,NA,NA,NA,NA,NA,NA,NA,NA,NA,NA,NA,NA,NA,NA,NA,NA,NA,NA,NA,NA,NA,NA,NA,NA,NA,NA,NA,NA,NA,NA,NA,NA,NA,NA,NA,NA,NA,NA,NA,NA,NA,NA,NA,NA,NA,NA,NA,NA,FALSE,"","NAs in DO.obs; NAs in DO.sat; NAs in depth; NAs in temp.water; NAs in light; NAs in discharge"
"332",2020-06-07,NA,NA,NA,NA,NA,NA,NA,NA,NA,NA,NA,NA,NA,NA,NA,NA,NA,NA,NA,NA,NA,NA,NA,NA,NA,NA,NA,NA,NA,NA,NA,NA,NA,NA,NA,NA,NA,NA,NA,NA,NA,NA,NA,NA,NA,NA,NA,NA,NA,NA,NA,NA,NA,NA,NA,NA,NA,NA,NA,NA,NA,NA,NA,NA,NA,NA,NA,NA,NA,NA,FALSE,"","NAs in DO.obs; NAs in DO.sat; NAs in depth; NAs in temp.water; NAs in light; NAs in discharge"
"333",2020-06-08,NA,NA,NA,NA,NA,NA,NA,NA,NA,NA,NA,NA,NA,NA,NA,NA,NA,NA,NA,NA,NA,NA,NA,NA,NA,NA,NA,NA,NA,NA,NA,NA,NA,NA,NA,NA,NA,NA,NA,NA,NA,NA,NA,NA,NA,NA,NA,NA,NA,NA,NA,NA,NA,NA,NA,NA,NA,NA,NA,NA,NA,NA,NA,NA,NA,NA,NA,NA,NA,NA,FALSE,"","NAs in DO.obs; NAs in DO.sat; NAs in depth; NAs in temp.water; NAs in light; NAs in discharge"
"334",2020-06-09,NA,NA,NA,NA,NA,NA,NA,NA,NA,NA,NA,NA,NA,NA,NA,NA,NA,NA,NA,NA,NA,NA,NA,NA,NA,NA,NA,NA,NA,NA,NA,NA,NA,NA,NA,NA,NA,NA,NA,NA,NA,NA,NA,NA,NA,NA,NA,NA,NA,NA,NA,NA,NA,NA,NA,NA,NA,NA,NA,NA,NA,NA,NA,NA,NA,NA,NA,NA,NA,NA,FALSE,"","NAs in DO.obs; NAs in DO.sat; NAs in depth; NAs in temp.water; NAs in light; NAs in discharge"
"335",2020-06-10,NA,NA,NA,NA,NA,NA,NA,NA,NA,NA,NA,NA,NA,NA,NA,NA,NA,NA,NA,NA,NA,NA,NA,NA,NA,NA,NA,NA,NA,NA,NA,NA,NA,NA,NA,NA,NA,NA,NA,NA,NA,NA,NA,NA,NA,NA,NA,NA,NA,NA,NA,NA,NA,NA,NA,NA,NA,NA,NA,NA,NA,NA,NA,NA,NA,NA,NA,NA,NA,NA,FALSE,"","NAs in DO.obs; NAs in DO.sat; NAs in depth; NAs in temp.water; NAs in light; NAs in discharge"
"336",2020-06-11,NA,NA,NA,NA,NA,NA,NA,NA,NA,NA,NA,NA,NA,NA,NA,NA,NA,NA,NA,NA,NA,NA,NA,NA,NA,NA,NA,NA,NA,NA,NA,NA,NA,NA,NA,NA,NA,NA,NA,NA,NA,NA,NA,NA,NA,NA,NA,NA,NA,NA,NA,NA,NA,NA,NA,NA,NA,NA,NA,NA,NA,NA,NA,NA,NA,NA,NA,NA,NA,NA,FALSE,"","NAs in DO.obs; NAs in DO.sat; NAs in depth; NAs in temp.water; NAs in light; NAs in discharge"
"337",2020-06-12,NA,NA,NA,NA,NA,NA,NA,NA,NA,NA,NA,NA,NA,NA,NA,NA,NA,NA,NA,NA,NA,NA,NA,NA,NA,NA,NA,NA,NA,NA,NA,NA,NA,NA,NA,NA,NA,NA,NA,NA,NA,NA,NA,NA,NA,NA,NA,NA,NA,NA,NA,NA,NA,NA,NA,NA,NA,NA,NA,NA,NA,NA,NA,NA,NA,NA,NA,NA,NA,NA,FALSE,"","NAs in DO.obs; NAs in DO.sat; NAs in depth; NAs in temp.water; NAs in light; NAs in discharge"
"338",2020-06-13,NA,NA,NA,NA,NA,NA,NA,NA,NA,NA,NA,NA,NA,NA,NA,NA,NA,NA,NA,NA,NA,NA,NA,NA,NA,NA,NA,NA,NA,NA,NA,NA,NA,NA,NA,NA,NA,NA,NA,NA,NA,NA,NA,NA,NA,NA,NA,NA,NA,NA,NA,NA,NA,NA,NA,NA,NA,NA,NA,NA,NA,NA,NA,NA,NA,NA,NA,NA,NA,NA,FALSE,"","NAs in DO.obs; NAs in DO.sat; NAs in depth; NAs in temp.water; NAs in light; NAs in discharge"
"339",2020-06-14,NA,NA,NA,NA,NA,NA,NA,NA,NA,NA,NA,NA,NA,NA,NA,NA,NA,NA,NA,NA,NA,NA,NA,NA,NA,NA,NA,NA,NA,NA,NA,NA,NA,NA,NA,NA,NA,NA,NA,NA,NA,NA,NA,NA,NA,NA,NA,NA,NA,NA,NA,NA,NA,NA,NA,NA,NA,NA,NA,NA,NA,NA,NA,NA,NA,NA,NA,NA,NA,NA,FALSE,"","NAs in DO.obs; NAs in DO.sat; NAs in depth; NAs in temp.water; NAs in light; NAs in discharge"
"340",2020-06-15,NA,NA,NA,NA,NA,NA,NA,NA,NA,NA,NA,NA,NA,NA,NA,NA,NA,NA,NA,NA,NA,NA,NA,NA,NA,NA,NA,NA,NA,NA,NA,NA,NA,NA,NA,NA,NA,NA,NA,NA,NA,NA,NA,NA,NA,NA,NA,NA,NA,NA,NA,NA,NA,NA,NA,NA,NA,NA,NA,NA,NA,NA,NA,NA,NA,NA,NA,NA,NA,NA,FALSE,"","NAs in DO.obs; NAs in DO.sat; NAs in depth; NAs in temp.water; NAs in light; NAs in discharge"
"341",2020-06-16,NA,NA,NA,NA,NA,NA,NA,NA,NA,NA,NA,NA,NA,NA,NA,NA,NA,NA,NA,NA,NA,NA,NA,NA,NA,NA,NA,NA,NA,NA,NA,NA,NA,NA,NA,NA,NA,NA,NA,NA,NA,NA,NA,NA,NA,NA,NA,NA,NA,NA,NA,NA,NA,NA,NA,NA,NA,NA,NA,NA,NA,NA,NA,NA,NA,NA,NA,NA,NA,NA,FALSE,"","NAs in DO.obs; NAs in DO.sat; NAs in depth; NAs in temp.water; NAs in light; NAs in discharge"
"342",2020-06-17,NA,NA,NA,NA,NA,NA,NA,NA,NA,NA,NA,NA,NA,NA,NA,NA,NA,NA,NA,NA,NA,NA,NA,NA,NA,NA,NA,NA,NA,NA,NA,NA,NA,NA,NA,NA,NA,NA,NA,NA,NA,NA,NA,NA,NA,NA,NA,NA,NA,NA,NA,NA,NA,NA,NA,NA,NA,NA,NA,NA,NA,NA,NA,NA,NA,NA,NA,NA,NA,NA,FALSE,"","NAs in DO.obs; NAs in DO.sat; NAs in depth; NAs in temp.water; NAs in light; NAs in discharge"
"343",2020-06-18,NA,NA,NA,NA,NA,NA,NA,NA,NA,NA,NA,NA,NA,NA,NA,NA,NA,NA,NA,NA,NA,NA,NA,NA,NA,NA,NA,NA,NA,NA,NA,NA,NA,NA,NA,NA,NA,NA,NA,NA,NA,NA,NA,NA,NA,NA,NA,NA,NA,NA,NA,NA,NA,NA,NA,NA,NA,NA,NA,NA,NA,NA,NA,NA,NA,NA,NA,NA,NA,NA,FALSE,"","NAs in DO.obs; NAs in DO.sat; NAs in depth; NAs in temp.water; NAs in light; NAs in discharge"
"344",2020-06-19,NA,NA,NA,NA,NA,NA,NA,NA,NA,NA,NA,NA,NA,NA,NA,NA,NA,NA,NA,NA,NA,NA,NA,NA,NA,NA,NA,NA,NA,NA,NA,NA,NA,NA,NA,NA,NA,NA,NA,NA,NA,NA,NA,NA,NA,NA,NA,NA,NA,NA,NA,NA,NA,NA,NA,NA,NA,NA,NA,NA,NA,NA,NA,NA,NA,NA,NA,NA,NA,NA,FALSE,"","NAs in DO.obs; NAs in DO.sat; NAs in depth; NAs in temp.water; NAs in light; NAs in discharge"
"345",2020-06-20,NA,NA,NA,NA,NA,NA,NA,NA,NA,NA,NA,NA,NA,NA,NA,NA,NA,NA,NA,NA,NA,NA,NA,NA,NA,NA,NA,NA,NA,NA,NA,NA,NA,NA,NA,NA,NA,NA,NA,NA,NA,NA,NA,NA,NA,NA,NA,NA,NA,NA,NA,NA,NA,NA,NA,NA,NA,NA,NA,NA,NA,NA,NA,NA,NA,NA,NA,NA,NA,NA,FALSE,"","NAs in DO.obs; NAs in DO.sat; NAs in depth; NAs in temp.water; NAs in light; NAs in discharge"
"346",2020-06-21,NA,NA,NA,NA,NA,NA,NA,NA,NA,NA,NA,NA,NA,NA,NA,NA,NA,NA,NA,NA,NA,NA,NA,NA,NA,NA,NA,NA,NA,NA,NA,NA,NA,NA,NA,NA,NA,NA,NA,NA,NA,NA,NA,NA,NA,NA,NA,NA,NA,NA,NA,NA,NA,NA,NA,NA,NA,NA,NA,NA,NA,NA,NA,NA,NA,NA,NA,NA,NA,NA,FALSE,"","NAs in DO.obs; NAs in DO.sat; NAs in depth; NAs in temp.water; NAs in light; NAs in discharge"
"347",2020-06-22,NA,NA,NA,NA,NA,NA,NA,NA,NA,NA,NA,NA,NA,NA,NA,NA,NA,NA,NA,NA,NA,NA,NA,NA,NA,NA,NA,NA,NA,NA,NA,NA,NA,NA,NA,NA,NA,NA,NA,NA,NA,NA,NA,NA,NA,NA,NA,NA,NA,NA,NA,NA,NA,NA,NA,NA,NA,NA,NA,NA,NA,NA,NA,NA,NA,NA,NA,NA,NA,NA,FALSE,"","NAs in DO.obs; NAs in DO.sat; NAs in depth; NAs in temp.water; NAs in light; NAs in discharge"
"348",2020-06-23,NA,NA,NA,NA,NA,NA,NA,NA,NA,NA,NA,NA,NA,NA,NA,NA,NA,NA,NA,NA,NA,NA,NA,NA,NA,NA,NA,NA,NA,NA,NA,NA,NA,NA,NA,NA,NA,NA,NA,NA,NA,NA,NA,NA,NA,NA,NA,NA,NA,NA,NA,NA,NA,NA,NA,NA,NA,NA,NA,NA,NA,NA,NA,NA,NA,NA,NA,NA,NA,NA,FALSE,"","NAs in DO.obs; NAs in DO.sat; NAs in depth; NAs in temp.water; NAs in light; NAs in discharge"
"349",2020-06-24,NA,NA,NA,NA,NA,NA,NA,NA,NA,NA,NA,NA,NA,NA,NA,NA,NA,NA,NA,NA,NA,NA,NA,NA,NA,NA,NA,NA,NA,NA,NA,NA,NA,NA,NA,NA,NA,NA,NA,NA,NA,NA,NA,NA,NA,NA,NA,NA,NA,NA,NA,NA,NA,NA,NA,NA,NA,NA,NA,NA,NA,NA,NA,NA,NA,NA,NA,NA,NA,NA,FALSE,"","NAs in DO.obs; NAs in DO.sat; NAs in depth; NAs in temp.water; NAs in light; NAs in discharge"
"350",2020-06-25,NA,NA,NA,NA,NA,NA,NA,NA,NA,NA,NA,NA,NA,NA,NA,NA,NA,NA,NA,NA,NA,NA,NA,NA,NA,NA,NA,NA,NA,NA,NA,NA,NA,NA,NA,NA,NA,NA,NA,NA,NA,NA,NA,NA,NA,NA,NA,NA,NA,NA,NA,NA,NA,NA,NA,NA,NA,NA,NA,NA,NA,NA,NA,NA,NA,NA,NA,NA,NA,NA,FALSE,"","NAs in DO.obs; NAs in DO.sat; NAs in depth; NAs in temp.water; NAs in light; NAs in discharge"
"351",2020-06-26,NA,NA,NA,NA,NA,NA,NA,NA,NA,NA,NA,NA,NA,NA,NA,NA,NA,NA,NA,NA,NA,NA,NA,NA,NA,NA,NA,NA,NA,NA,NA,NA,NA,NA,NA,NA,NA,NA,NA,NA,NA,NA,NA,NA,NA,NA,NA,NA,NA,NA,NA,NA,NA,NA,NA,NA,NA,NA,NA,NA,NA,NA,NA,NA,NA,NA,NA,NA,NA,NA,FALSE,"","NAs in DO.obs; NAs in DO.sat; NAs in depth; NAs in temp.water; NAs in light; NAs in discharge"
"352",2020-06-27,NA,NA,NA,NA,NA,NA,NA,NA,NA,NA,NA,NA,NA,NA,NA,NA,NA,NA,NA,NA,NA,NA,NA,NA,NA,NA,NA,NA,NA,NA,NA,NA,NA,NA,NA,NA,NA,NA,NA,NA,NA,NA,NA,NA,NA,NA,NA,NA,NA,NA,NA,NA,NA,NA,NA,NA,NA,NA,NA,NA,NA,NA,NA,NA,NA,NA,NA,NA,NA,NA,FALSE,"","NAs in DO.obs; NAs in DO.sat; NAs in depth; NAs in temp.water; NAs in light; NAs in discharge"
"353",2020-06-28,NA,NA,NA,NA,NA,NA,NA,NA,NA,NA,NA,NA,NA,NA,NA,NA,NA,NA,NA,NA,NA,NA,NA,NA,NA,NA,NA,NA,NA,NA,NA,NA,NA,NA,NA,NA,NA,NA,NA,NA,NA,NA,NA,NA,NA,NA,NA,NA,NA,NA,NA,NA,NA,NA,NA,NA,NA,NA,NA,NA,NA,NA,NA,NA,NA,NA,NA,NA,NA,NA,FALSE,"","NAs in DO.obs; NAs in DO.sat; NAs in depth; NAs in temp.water; NAs in light; NAs in discharge"
"354",2020-06-29,NA,NA,NA,NA,NA,NA,NA,NA,NA,NA,NA,NA,NA,NA,NA,NA,NA,NA,NA,NA,NA,NA,NA,NA,NA,NA,NA,NA,NA,NA,NA,NA,NA,NA,NA,NA,NA,NA,NA,NA,NA,NA,NA,NA,NA,NA,NA,NA,NA,NA,NA,NA,NA,NA,NA,NA,NA,NA,NA,NA,NA,NA,NA,NA,NA,NA,NA,NA,NA,NA,FALSE,"","NAs in DO.obs; NAs in DO.sat; NAs in depth; NAs in temp.water; NAs in light; NAs in discharge"
"355",2020-06-30,NA,NA,NA,NA,NA,NA,NA,NA,NA,NA,NA,NA,NA,NA,NA,NA,NA,NA,NA,NA,NA,NA,NA,NA,NA,NA,NA,NA,NA,NA,NA,NA,NA,NA,NA,NA,NA,NA,NA,NA,NA,NA,NA,NA,NA,NA,NA,NA,NA,NA,NA,NA,NA,NA,NA,NA,NA,NA,NA,NA,NA,NA,NA,NA,NA,NA,NA,NA,NA,NA,FALSE,"","NAs in DO.obs; NAs in DO.sat; NAs in depth; NAs in temp.water; NAs in light; NAs in discharge"
"356",2020-07-01,NA,NA,NA,NA,NA,NA,NA,NA,NA,NA,NA,NA,NA,NA,NA,NA,NA,NA,NA,NA,NA,NA,NA,NA,NA,NA,NA,NA,NA,NA,NA,NA,NA,NA,NA,NA,NA,NA,NA,NA,NA,NA,NA,NA,NA,NA,NA,NA,NA,NA,NA,NA,NA,NA,NA,NA,NA,NA,NA,NA,NA,NA,NA,NA,NA,NA,NA,NA,NA,NA,FALSE,"","NAs in DO.obs; NAs in DO.sat; NAs in depth; NAs in temp.water; NAs in light; NAs in discharge"
"357",2020-07-02,NA,NA,NA,NA,NA,NA,NA,NA,NA,NA,NA,NA,NA,NA,NA,NA,NA,NA,NA,NA,NA,NA,NA,NA,NA,NA,NA,NA,NA,NA,NA,NA,NA,NA,NA,NA,NA,NA,NA,NA,NA,NA,NA,NA,NA,NA,NA,NA,NA,NA,NA,NA,NA,NA,NA,NA,NA,NA,NA,NA,NA,NA,NA,NA,NA,NA,NA,NA,NA,NA,FALSE,"","NAs in DO.obs; NAs in DO.sat; NAs in depth; NAs in temp.water; NAs in light; NAs in discharge"
"358",2020-07-03,NA,NA,NA,NA,NA,NA,NA,NA,NA,NA,NA,NA,NA,NA,NA,NA,NA,NA,NA,NA,NA,NA,NA,NA,NA,NA,NA,NA,NA,NA,NA,NA,NA,NA,NA,NA,NA,NA,NA,NA,NA,NA,NA,NA,NA,NA,NA,NA,NA,NA,NA,NA,NA,NA,NA,NA,NA,NA,NA,NA,NA,NA,NA,NA,NA,NA,NA,NA,NA,NA,FALSE,"","NAs in DO.obs; NAs in DO.sat; NAs in depth; NAs in temp.water; NAs in light; NAs in discharge"
"359",2020-07-04,NA,NA,NA,NA,NA,NA,NA,NA,NA,NA,NA,NA,NA,NA,NA,NA,NA,NA,NA,NA,NA,NA,NA,NA,NA,NA,NA,NA,NA,NA,NA,NA,NA,NA,NA,NA,NA,NA,NA,NA,NA,NA,NA,NA,NA,NA,NA,NA,NA,NA,NA,NA,NA,NA,NA,NA,NA,NA,NA,NA,NA,NA,NA,NA,NA,NA,NA,NA,NA,NA,FALSE,"","NAs in DO.obs; NAs in DO.sat; NAs in depth; NAs in temp.water; NAs in light; NAs in discharge"
"360",2020-07-05,NA,NA,NA,NA,NA,NA,NA,NA,NA,NA,NA,NA,NA,NA,NA,NA,NA,NA,NA,NA,NA,NA,NA,NA,NA,NA,NA,NA,NA,NA,NA,NA,NA,NA,NA,NA,NA,NA,NA,NA,NA,NA,NA,NA,NA,NA,NA,NA,NA,NA,NA,NA,NA,NA,NA,NA,NA,NA,NA,NA,NA,NA,NA,NA,NA,NA,NA,NA,NA,NA,FALSE,"","NAs in DO.obs; NAs in DO.sat; NAs in depth; NAs in temp.water; NAs in light; NAs in discharge"
"361",2020-07-06,NA,NA,NA,NA,NA,NA,NA,NA,NA,NA,NA,NA,NA,NA,NA,NA,NA,NA,NA,NA,NA,NA,NA,NA,NA,NA,NA,NA,NA,NA,NA,NA,NA,NA,NA,NA,NA,NA,NA,NA,NA,NA,NA,NA,NA,NA,NA,NA,NA,NA,NA,NA,NA,NA,NA,NA,NA,NA,NA,NA,NA,NA,NA,NA,NA,NA,NA,NA,NA,NA,FALSE,"","NAs in DO.obs; NAs in DO.sat; NAs in depth; NAs in temp.water; NAs in light; NAs in discharge"
"362",2020-07-07,NA,NA,NA,NA,NA,NA,NA,NA,NA,NA,NA,NA,NA,NA,NA,NA,NA,NA,NA,NA,NA,NA,NA,NA,NA,NA,NA,NA,NA,NA,NA,NA,NA,NA,NA,NA,NA,NA,NA,NA,NA,NA,NA,NA,NA,NA,NA,NA,NA,NA,NA,NA,NA,NA,NA,NA,NA,NA,NA,NA,NA,NA,NA,NA,NA,NA,NA,NA,NA,NA,FALSE,"","NAs in DO.obs; NAs in DO.sat; NAs in depth; NAs in temp.water; NAs in light; NAs in discharge"
"363",2020-07-08,NA,NA,NA,NA,NA,NA,NA,NA,NA,NA,NA,NA,NA,NA,NA,NA,NA,NA,NA,NA,NA,NA,NA,NA,NA,NA,NA,NA,NA,NA,NA,NA,NA,NA,NA,NA,NA,NA,NA,NA,NA,NA,NA,NA,NA,NA,NA,NA,NA,NA,NA,NA,NA,NA,NA,NA,NA,NA,NA,NA,NA,NA,NA,NA,NA,NA,NA,NA,NA,NA,FALSE,"","NAs in DO.obs; NAs in DO.sat; NAs in depth; NAs in temp.water; NAs in light; NAs in discharge"
"364",2020-07-09,NA,NA,NA,NA,NA,NA,NA,NA,NA,NA,NA,NA,NA,NA,NA,NA,NA,NA,NA,NA,NA,NA,NA,NA,NA,NA,NA,NA,NA,NA,NA,NA,NA,NA,NA,NA,NA,NA,NA,NA,NA,NA,NA,NA,NA,NA,NA,NA,NA,NA,NA,NA,NA,NA,NA,NA,NA,NA,NA,NA,NA,NA,NA,NA,NA,NA,NA,NA,NA,NA,FALSE,"","NAs in DO.obs; NAs in DO.sat; NAs in depth; NAs in temp.water; NAs in light; NAs in discharge"
"365",2020-07-10,NA,NA,NA,NA,NA,NA,NA,NA,NA,NA,NA,NA,NA,NA,NA,NA,NA,NA,NA,NA,NA,NA,NA,NA,NA,NA,NA,NA,NA,NA,NA,NA,NA,NA,NA,NA,NA,NA,NA,NA,NA,NA,NA,NA,NA,NA,NA,NA,NA,NA,NA,NA,NA,NA,NA,NA,NA,NA,NA,NA,NA,NA,NA,NA,NA,NA,NA,NA,NA,NA,FALSE,"","NAs in DO.obs; NAs in DO.sat; NAs in depth; NAs in temp.water; NAs in light; NAs in discharge"
"366",2020-07-11,NA,NA,NA,NA,NA,NA,NA,NA,NA,NA,NA,NA,NA,NA,NA,NA,NA,NA,NA,NA,NA,NA,NA,NA,NA,NA,NA,NA,NA,NA,NA,NA,NA,NA,NA,NA,NA,NA,NA,NA,NA,NA,NA,NA,NA,NA,NA,NA,NA,NA,NA,NA,NA,NA,NA,NA,NA,NA,NA,NA,NA,NA,NA,NA,NA,NA,NA,NA,NA,NA,FALSE,"","NAs in DO.obs; NAs in DO.sat; NAs in depth; NAs in temp.water; NAs in light; NAs in discharge"
"367",2020-07-12,NA,NA,NA,NA,NA,NA,NA,NA,NA,NA,NA,NA,NA,NA,NA,NA,NA,NA,NA,NA,NA,NA,NA,NA,NA,NA,NA,NA,NA,NA,NA,NA,NA,NA,NA,NA,NA,NA,NA,NA,NA,NA,NA,NA,NA,NA,NA,NA,NA,NA,NA,NA,NA,NA,NA,NA,NA,NA,NA,NA,NA,NA,NA,NA,NA,NA,NA,NA,NA,NA,FALSE,"","NAs in DO.obs; NAs in DO.sat; NAs in depth; NAs in temp.water; NAs in light; NAs in discharge"
"368",2020-07-13,NA,NA,NA,NA,NA,NA,NA,NA,NA,NA,NA,NA,NA,NA,NA,NA,NA,NA,NA,NA,NA,NA,NA,NA,NA,NA,NA,NA,NA,NA,NA,NA,NA,NA,NA,NA,NA,NA,NA,NA,NA,NA,NA,NA,NA,NA,NA,NA,NA,NA,NA,NA,NA,NA,NA,NA,NA,NA,NA,NA,NA,NA,NA,NA,NA,NA,NA,NA,NA,NA,FALSE,"","NAs in DO.obs; NAs in DO.sat; NAs in depth; NAs in temp.water; NAs in light; NAs in discharge"
"369",2020-07-14,NA,NA,NA,NA,NA,NA,NA,NA,NA,NA,NA,NA,NA,NA,NA,NA,NA,NA,NA,NA,NA,NA,NA,NA,NA,NA,NA,NA,NA,NA,NA,NA,NA,NA,NA,NA,NA,NA,NA,NA,NA,NA,NA,NA,NA,NA,NA,NA,NA,NA,NA,NA,NA,NA,NA,NA,NA,NA,NA,NA,NA,NA,NA,NA,NA,NA,NA,NA,NA,NA,FALSE,"","NAs in DO.obs; NAs in DO.sat; NAs in depth; NAs in temp.water; NAs in light; NAs in discharge"
"370",2020-07-15,NA,NA,NA,NA,NA,NA,NA,NA,NA,NA,NA,NA,NA,NA,NA,NA,NA,NA,NA,NA,NA,NA,NA,NA,NA,NA,NA,NA,NA,NA,NA,NA,NA,NA,NA,NA,NA,NA,NA,NA,NA,NA,NA,NA,NA,NA,NA,NA,NA,NA,NA,NA,NA,NA,NA,NA,NA,NA,NA,NA,NA,NA,NA,NA,NA,NA,NA,NA,NA,NA,FALSE,"","NAs in DO.obs; NAs in DO.sat; NAs in depth; NAs in temp.water; NAs in light; NAs in discharge"
"371",2020-07-16,NA,NA,NA,NA,NA,NA,NA,NA,NA,NA,NA,NA,NA,NA,NA,NA,NA,NA,NA,NA,NA,NA,NA,NA,NA,NA,NA,NA,NA,NA,NA,NA,NA,NA,NA,NA,NA,NA,NA,NA,NA,NA,NA,NA,NA,NA,NA,NA,NA,NA,NA,NA,NA,NA,NA,NA,NA,NA,NA,NA,NA,NA,NA,NA,NA,NA,NA,NA,NA,NA,FALSE,"","NAs in DO.obs; NAs in DO.sat; NAs in depth; NAs in temp.water; NAs in light; NAs in discharge"
"372",2020-07-17,NA,NA,NA,NA,NA,NA,NA,NA,NA,NA,NA,NA,NA,NA,NA,NA,NA,NA,NA,NA,NA,NA,NA,NA,NA,NA,NA,NA,NA,NA,NA,NA,NA,NA,NA,NA,NA,NA,NA,NA,NA,NA,NA,NA,NA,NA,NA,NA,NA,NA,NA,NA,NA,NA,NA,NA,NA,NA,NA,NA,NA,NA,NA,NA,NA,NA,NA,NA,NA,NA,FALSE,"","NAs in DO.obs; NAs in DO.sat; NAs in depth; NAs in temp.water; NAs in light; NAs in discharge"
"373",2020-07-18,NA,NA,NA,NA,NA,NA,NA,NA,NA,NA,NA,NA,NA,NA,NA,NA,NA,NA,NA,NA,NA,NA,NA,NA,NA,NA,NA,NA,NA,NA,NA,NA,NA,NA,NA,NA,NA,NA,NA,NA,NA,NA,NA,NA,NA,NA,NA,NA,NA,NA,NA,NA,NA,NA,NA,NA,NA,NA,NA,NA,NA,NA,NA,NA,NA,NA,NA,NA,NA,NA,FALSE,"","NAs in DO.obs; NAs in DO.sat; NAs in depth; NAs in temp.water; NAs in light; NAs in discharge"
"374",2020-07-19,NA,NA,NA,NA,NA,NA,NA,NA,NA,NA,NA,NA,NA,NA,NA,NA,NA,NA,NA,NA,NA,NA,NA,NA,NA,NA,NA,NA,NA,NA,NA,NA,NA,NA,NA,NA,NA,NA,NA,NA,NA,NA,NA,NA,NA,NA,NA,NA,NA,NA,NA,NA,NA,NA,NA,NA,NA,NA,NA,NA,NA,NA,NA,NA,NA,NA,NA,NA,NA,NA,FALSE,"","NAs in DO.obs; NAs in DO.sat; NAs in depth; NAs in temp.water; NAs in light; NAs in discharge"
"375",2020-07-20,NA,NA,NA,NA,NA,NA,NA,NA,NA,NA,NA,NA,NA,NA,NA,NA,NA,NA,NA,NA,NA,NA,NA,NA,NA,NA,NA,NA,NA,NA,NA,NA,NA,NA,NA,NA,NA,NA,NA,NA,NA,NA,NA,NA,NA,NA,NA,NA,NA,NA,NA,NA,NA,NA,NA,NA,NA,NA,NA,NA,NA,NA,NA,NA,NA,NA,NA,NA,NA,NA,FALSE,"","NAs in DO.obs; NAs in DO.sat; NAs in depth; NAs in temp.water; NAs in light; NAs in discharge"
"376",2020-07-21,NA,NA,NA,NA,NA,NA,NA,NA,NA,NA,NA,NA,NA,NA,NA,NA,NA,NA,NA,NA,NA,NA,NA,NA,NA,NA,NA,NA,NA,NA,NA,NA,NA,NA,NA,NA,NA,NA,NA,NA,NA,NA,NA,NA,NA,NA,NA,NA,NA,NA,NA,NA,NA,NA,NA,NA,NA,NA,NA,NA,NA,NA,NA,NA,NA,NA,NA,NA,NA,NA,FALSE,"","NAs in DO.obs; NAs in DO.sat; NAs in depth; NAs in temp.water; NAs in light; NAs in discharge"
"377",2020-07-22,NA,NA,NA,NA,NA,NA,NA,NA,NA,NA,NA,NA,NA,NA,NA,NA,NA,NA,NA,NA,NA,NA,NA,NA,NA,NA,NA,NA,NA,NA,NA,NA,NA,NA,NA,NA,NA,NA,NA,NA,NA,NA,NA,NA,NA,NA,NA,NA,NA,NA,NA,NA,NA,NA,NA,NA,NA,NA,NA,NA,NA,NA,NA,NA,NA,NA,NA,NA,NA,NA,FALSE,"","NAs in DO.obs; NAs in DO.sat; NAs in depth; NAs in temp.water; NAs in light; NAs in discharge"
"378",2020-07-23,NA,NA,NA,NA,NA,NA,NA,NA,NA,NA,NA,NA,NA,NA,NA,NA,NA,NA,NA,NA,NA,NA,NA,NA,NA,NA,NA,NA,NA,NA,NA,NA,NA,NA,NA,NA,NA,NA,NA,NA,NA,NA,NA,NA,NA,NA,NA,NA,NA,NA,NA,NA,NA,NA,NA,NA,NA,NA,NA,NA,NA,NA,NA,NA,NA,NA,NA,NA,NA,NA,FALSE,"","NAs in DO.obs; NAs in DO.sat; NAs in depth; NAs in temp.water; NAs in light; NAs in discharge"
"379",2020-07-24,NA,NA,NA,NA,NA,NA,NA,NA,NA,NA,NA,NA,NA,NA,NA,NA,NA,NA,NA,NA,NA,NA,NA,NA,NA,NA,NA,NA,NA,NA,NA,NA,NA,NA,NA,NA,NA,NA,NA,NA,NA,NA,NA,NA,NA,NA,NA,NA,NA,NA,NA,NA,NA,NA,NA,NA,NA,NA,NA,NA,NA,NA,NA,NA,NA,NA,NA,NA,NA,NA,FALSE,"","NAs in DO.obs; NAs in DO.sat; NAs in depth; NAs in temp.water; NAs in light; NAs in discharge"
"380",2020-07-25,NA,NA,NA,NA,NA,NA,NA,NA,NA,NA,NA,NA,NA,NA,NA,NA,NA,NA,NA,NA,NA,NA,NA,NA,NA,NA,NA,NA,NA,NA,NA,NA,NA,NA,NA,NA,NA,NA,NA,NA,NA,NA,NA,NA,NA,NA,NA,NA,NA,NA,NA,NA,NA,NA,NA,NA,NA,NA,NA,NA,NA,NA,NA,NA,NA,NA,NA,NA,NA,NA,FALSE,"","NAs in DO.obs; NAs in DO.sat; NAs in depth; NAs in temp.water; NAs in light; NAs in discharge"
"381",2020-07-26,NA,NA,NA,NA,NA,NA,NA,NA,NA,NA,NA,NA,NA,NA,NA,NA,NA,NA,NA,NA,NA,NA,NA,NA,NA,NA,NA,NA,NA,NA,NA,NA,NA,NA,NA,NA,NA,NA,NA,NA,NA,NA,NA,NA,NA,NA,NA,NA,NA,NA,NA,NA,NA,NA,NA,NA,NA,NA,NA,NA,NA,NA,NA,NA,NA,NA,NA,NA,NA,NA,FALSE,"","NAs in DO.obs; NAs in DO.sat; NAs in depth; NAs in temp.water; NAs in light; NAs in discharge"
"382",2020-07-27,NA,NA,NA,NA,NA,NA,NA,NA,NA,NA,NA,NA,NA,NA,NA,NA,NA,NA,NA,NA,NA,NA,NA,NA,NA,NA,NA,NA,NA,NA,NA,NA,NA,NA,NA,NA,NA,NA,NA,NA,NA,NA,NA,NA,NA,NA,NA,NA,NA,NA,NA,NA,NA,NA,NA,NA,NA,NA,NA,NA,NA,NA,NA,NA,NA,NA,NA,NA,NA,NA,FALSE,"","NAs in DO.obs; NAs in DO.sat; NAs in depth; NAs in temp.water; NAs in light; NAs in discharge"
"383",2020-07-28,NA,NA,NA,NA,NA,NA,NA,NA,NA,NA,NA,NA,NA,NA,NA,NA,NA,NA,NA,NA,NA,NA,NA,NA,NA,NA,NA,NA,NA,NA,NA,NA,NA,NA,NA,NA,NA,NA,NA,NA,NA,NA,NA,NA,NA,NA,NA,NA,NA,NA,NA,NA,NA,NA,NA,NA,NA,NA,NA,NA,NA,NA,NA,NA,NA,NA,NA,NA,NA,NA,FALSE,"","NAs in DO.obs; NAs in DO.sat; NAs in depth; NAs in temp.water; NAs in light; NAs in discharge"
"384",2020-07-29,NA,NA,NA,NA,NA,NA,NA,NA,NA,NA,NA,NA,NA,NA,NA,NA,NA,NA,NA,NA,NA,NA,NA,NA,NA,NA,NA,NA,NA,NA,NA,NA,NA,NA,NA,NA,NA,NA,NA,NA,NA,NA,NA,NA,NA,NA,NA,NA,NA,NA,NA,NA,NA,NA,NA,NA,NA,NA,NA,NA,NA,NA,NA,NA,NA,NA,NA,NA,NA,NA,FALSE,"","NAs in DO.obs; NAs in DO.sat; NAs in depth; NAs in temp.water; NAs in light; NAs in discharge"
"385",2020-07-30,NA,NA,NA,NA,NA,NA,NA,NA,NA,NA,NA,NA,NA,NA,NA,NA,NA,NA,NA,NA,NA,NA,NA,NA,NA,NA,NA,NA,NA,NA,NA,NA,NA,NA,NA,NA,NA,NA,NA,NA,NA,NA,NA,NA,NA,NA,NA,NA,NA,NA,NA,NA,NA,NA,NA,NA,NA,NA,NA,NA,NA,NA,NA,NA,NA,NA,NA,NA,NA,NA,FALSE,"","NAs in DO.obs; NAs in DO.sat; NAs in depth; NAs in temp.water; NAs in light; NAs in discharge"
"386",2020-07-31,NA,NA,NA,NA,NA,NA,NA,NA,NA,NA,NA,NA,NA,NA,NA,NA,NA,NA,NA,NA,NA,NA,NA,NA,NA,NA,NA,NA,NA,NA,NA,NA,NA,NA,NA,NA,NA,NA,NA,NA,NA,NA,NA,NA,NA,NA,NA,NA,NA,NA,NA,NA,NA,NA,NA,NA,NA,NA,NA,NA,NA,NA,NA,NA,NA,NA,NA,NA,NA,NA,FALSE,"","NAs in DO.obs; NAs in DO.sat; NAs in depth; NAs in temp.water; NAs in light; NAs in discharge"
"387",2020-08-01,NA,NA,NA,NA,NA,NA,NA,NA,NA,NA,NA,NA,NA,NA,NA,NA,NA,NA,NA,NA,NA,NA,NA,NA,NA,NA,NA,NA,NA,NA,NA,NA,NA,NA,NA,NA,NA,NA,NA,NA,NA,NA,NA,NA,NA,NA,NA,NA,NA,NA,NA,NA,NA,NA,NA,NA,NA,NA,NA,NA,NA,NA,NA,NA,NA,NA,NA,NA,NA,NA,FALSE,"","NAs in DO.obs; NAs in DO.sat; NAs in depth; NAs in temp.water; NAs in light; NAs in discharge"
"388",2020-08-02,NA,NA,NA,NA,NA,NA,NA,NA,NA,NA,NA,NA,NA,NA,NA,NA,NA,NA,NA,NA,NA,NA,NA,NA,NA,NA,NA,NA,NA,NA,NA,NA,NA,NA,NA,NA,NA,NA,NA,NA,NA,NA,NA,NA,NA,NA,NA,NA,NA,NA,NA,NA,NA,NA,NA,NA,NA,NA,NA,NA,NA,NA,NA,NA,NA,NA,NA,NA,NA,NA,FALSE,"","NAs in DO.obs; NAs in DO.sat; NAs in depth; NAs in temp.water; NAs in light; NAs in discharge"
"389",2020-08-03,NA,NA,NA,NA,NA,NA,NA,NA,NA,NA,NA,NA,NA,NA,NA,NA,NA,NA,NA,NA,NA,NA,NA,NA,NA,NA,NA,NA,NA,NA,NA,NA,NA,NA,NA,NA,NA,NA,NA,NA,NA,NA,NA,NA,NA,NA,NA,NA,NA,NA,NA,NA,NA,NA,NA,NA,NA,NA,NA,NA,NA,NA,NA,NA,NA,NA,NA,NA,NA,NA,FALSE,"","NAs in DO.obs; NAs in DO.sat; NAs in depth; NAs in temp.water; NAs in light; NAs in discharge"
"390",2020-08-04,NA,NA,NA,NA,NA,NA,NA,NA,NA,NA,NA,NA,NA,NA,NA,NA,NA,NA,NA,NA,NA,NA,NA,NA,NA,NA,NA,NA,NA,NA,NA,NA,NA,NA,NA,NA,NA,NA,NA,NA,NA,NA,NA,NA,NA,NA,NA,NA,NA,NA,NA,NA,NA,NA,NA,NA,NA,NA,NA,NA,NA,NA,NA,NA,NA,NA,NA,NA,NA,NA,FALSE,"","NAs in DO.obs; NAs in DO.sat; NAs in depth; NAs in temp.water; NAs in light; NAs in discharge"
"391",2020-08-05,NA,NA,NA,NA,NA,NA,NA,NA,NA,NA,NA,NA,NA,NA,NA,NA,NA,NA,NA,NA,NA,NA,NA,NA,NA,NA,NA,NA,NA,NA,NA,NA,NA,NA,NA,NA,NA,NA,NA,NA,NA,NA,NA,NA,NA,NA,NA,NA,NA,NA,NA,NA,NA,NA,NA,NA,NA,NA,NA,NA,NA,NA,NA,NA,NA,NA,NA,NA,NA,NA,FALSE,"","NAs in DO.obs; NAs in DO.sat; NAs in depth; NAs in temp.water; NAs in light; NAs in discharge"
"392",2020-08-06,NA,NA,NA,NA,NA,NA,NA,NA,NA,NA,NA,NA,NA,NA,NA,NA,NA,NA,NA,NA,NA,NA,NA,NA,NA,NA,NA,NA,NA,NA,NA,NA,NA,NA,NA,NA,NA,NA,NA,NA,NA,NA,NA,NA,NA,NA,NA,NA,NA,NA,NA,NA,NA,NA,NA,NA,NA,NA,NA,NA,NA,NA,NA,NA,NA,NA,NA,NA,NA,NA,FALSE,"","NAs in DO.obs; NAs in DO.sat; NAs in depth; NAs in temp.water; NAs in light; NAs in discharge"
"393",2020-08-07,NA,NA,NA,NA,NA,NA,NA,NA,NA,NA,NA,NA,NA,NA,NA,NA,NA,NA,NA,NA,NA,NA,NA,NA,NA,NA,NA,NA,NA,NA,NA,NA,NA,NA,NA,NA,NA,NA,NA,NA,NA,NA,NA,NA,NA,NA,NA,NA,NA,NA,NA,NA,NA,NA,NA,NA,NA,NA,NA,NA,NA,NA,NA,NA,NA,NA,NA,NA,NA,NA,FALSE,"","NAs in DO.obs; NAs in DO.sat; NAs in depth; NAs in temp.water; NAs in light; NAs in discharge"
"394",2020-08-08,NA,NA,NA,NA,NA,NA,NA,NA,NA,NA,NA,NA,NA,NA,NA,NA,NA,NA,NA,NA,NA,NA,NA,NA,NA,NA,NA,NA,NA,NA,NA,NA,NA,NA,NA,NA,NA,NA,NA,NA,NA,NA,NA,NA,NA,NA,NA,NA,NA,NA,NA,NA,NA,NA,NA,NA,NA,NA,NA,NA,NA,NA,NA,NA,NA,NA,NA,NA,NA,NA,FALSE,"","NAs in DO.obs; NAs in DO.sat; NAs in depth; NAs in temp.water; NAs in light; NAs in discharge"
"395",2020-08-09,NA,NA,NA,NA,NA,NA,NA,NA,NA,NA,NA,NA,NA,NA,NA,NA,NA,NA,NA,NA,NA,NA,NA,NA,NA,NA,NA,NA,NA,NA,NA,NA,NA,NA,NA,NA,NA,NA,NA,NA,NA,NA,NA,NA,NA,NA,NA,NA,NA,NA,NA,NA,NA,NA,NA,NA,NA,NA,NA,NA,NA,NA,NA,NA,NA,NA,NA,NA,NA,NA,FALSE,"","NAs in DO.obs; NAs in DO.sat; NAs in depth; NAs in temp.water; NAs in light; NAs in discharge"
"396",2020-08-10,NA,NA,NA,NA,NA,NA,NA,NA,NA,NA,NA,NA,NA,NA,NA,NA,NA,NA,NA,NA,NA,NA,NA,NA,NA,NA,NA,NA,NA,NA,NA,NA,NA,NA,NA,NA,NA,NA,NA,NA,NA,NA,NA,NA,NA,NA,NA,NA,NA,NA,NA,NA,NA,NA,NA,NA,NA,NA,NA,NA,NA,NA,NA,NA,NA,NA,NA,NA,NA,NA,FALSE,"","NAs in DO.obs; NAs in DO.sat; NAs in depth; NAs in temp.water; NAs in light; NAs in discharge"
"397",2020-08-11,NA,NA,NA,NA,NA,NA,NA,NA,NA,NA,NA,NA,NA,NA,NA,NA,NA,NA,NA,NA,NA,NA,NA,NA,NA,NA,NA,NA,NA,NA,NA,NA,NA,NA,NA,NA,NA,NA,NA,NA,NA,NA,NA,NA,NA,NA,NA,NA,NA,NA,NA,NA,NA,NA,NA,NA,NA,NA,NA,NA,NA,NA,NA,NA,NA,NA,NA,NA,NA,NA,FALSE,"","NAs in DO.obs; NAs in DO.sat; NAs in depth; NAs in temp.water; NAs in light; NAs in discharge"
"398",2020-08-12,NA,NA,NA,NA,NA,NA,NA,NA,NA,NA,NA,NA,NA,NA,NA,NA,NA,NA,NA,NA,NA,NA,NA,NA,NA,NA,NA,NA,NA,NA,NA,NA,NA,NA,NA,NA,NA,NA,NA,NA,NA,NA,NA,NA,NA,NA,NA,NA,NA,NA,NA,NA,NA,NA,NA,NA,NA,NA,NA,NA,NA,NA,NA,NA,NA,NA,NA,NA,NA,NA,FALSE,"","NAs in DO.obs; NAs in DO.sat; NAs in depth; NAs in temp.water; NAs in light; NAs in discharge"
"399",2020-08-13,NA,NA,NA,NA,NA,NA,NA,NA,NA,NA,NA,NA,NA,NA,NA,NA,NA,NA,NA,NA,NA,NA,NA,NA,NA,NA,NA,NA,NA,NA,NA,NA,NA,NA,NA,NA,NA,NA,NA,NA,NA,NA,NA,NA,NA,NA,NA,NA,NA,NA,NA,NA,NA,NA,NA,NA,NA,NA,NA,NA,NA,NA,NA,NA,NA,NA,NA,NA,NA,NA,FALSE,"","NAs in DO.obs; NAs in DO.sat; NAs in depth; NAs in temp.water; NAs in light; NAs in discharge"
"400",2020-08-14,NA,NA,NA,NA,NA,NA,NA,NA,NA,NA,NA,NA,NA,NA,NA,NA,NA,NA,NA,NA,NA,NA,NA,NA,NA,NA,NA,NA,NA,NA,NA,NA,NA,NA,NA,NA,NA,NA,NA,NA,NA,NA,NA,NA,NA,NA,NA,NA,NA,NA,NA,NA,NA,NA,NA,NA,NA,NA,NA,NA,NA,NA,NA,NA,NA,NA,NA,NA,NA,NA,FALSE,"","NAs in DO.obs; NAs in DO.sat; NAs in depth; NAs in temp.water; NAs in light; NAs in discharge"
"401",2020-08-15,NA,NA,NA,NA,NA,NA,NA,NA,NA,NA,NA,NA,NA,NA,NA,NA,NA,NA,NA,NA,NA,NA,NA,NA,NA,NA,NA,NA,NA,NA,NA,NA,NA,NA,NA,NA,NA,NA,NA,NA,NA,NA,NA,NA,NA,NA,NA,NA,NA,NA,NA,NA,NA,NA,NA,NA,NA,NA,NA,NA,NA,NA,NA,NA,NA,NA,NA,NA,NA,NA,FALSE,"","NAs in DO.obs; NAs in DO.sat; NAs in depth; NAs in temp.water; NAs in light; NAs in discharge"
"402",2020-08-16,NA,NA,NA,NA,NA,NA,NA,NA,NA,NA,NA,NA,NA,NA,NA,NA,NA,NA,NA,NA,NA,NA,NA,NA,NA,NA,NA,NA,NA,NA,NA,NA,NA,NA,NA,NA,NA,NA,NA,NA,NA,NA,NA,NA,NA,NA,NA,NA,NA,NA,NA,NA,NA,NA,NA,NA,NA,NA,NA,NA,NA,NA,NA,NA,NA,NA,NA,NA,NA,NA,FALSE,"","NAs in DO.obs; NAs in DO.sat; NAs in depth; NAs in temp.water; NAs in light; NAs in discharge"
"403",2020-08-17,NA,NA,NA,NA,NA,NA,NA,NA,NA,NA,NA,NA,NA,NA,NA,NA,NA,NA,NA,NA,NA,NA,NA,NA,NA,NA,NA,NA,NA,NA,NA,NA,NA,NA,NA,NA,NA,NA,NA,NA,NA,NA,NA,NA,NA,NA,NA,NA,NA,NA,NA,NA,NA,NA,NA,NA,NA,NA,NA,NA,NA,NA,NA,NA,NA,NA,NA,NA,NA,NA,FALSE,"","NAs in DO.obs; NAs in DO.sat; NAs in depth; NAs in temp.water; NAs in light; NAs in discharge"
"404",2020-08-18,NA,NA,NA,NA,NA,NA,NA,NA,NA,NA,NA,NA,NA,NA,NA,NA,NA,NA,NA,NA,NA,NA,NA,NA,NA,NA,NA,NA,NA,NA,NA,NA,NA,NA,NA,NA,NA,NA,NA,NA,NA,NA,NA,NA,NA,NA,NA,NA,NA,NA,NA,NA,NA,NA,NA,NA,NA,NA,NA,NA,NA,NA,NA,NA,NA,NA,NA,NA,NA,NA,FALSE,"","NAs in DO.obs; NAs in DO.sat; NAs in depth; NAs in temp.water; NAs in light; NAs in discharge"
"405",2020-08-19,NA,NA,NA,NA,NA,NA,NA,NA,NA,NA,NA,NA,NA,NA,NA,NA,NA,NA,NA,NA,NA,NA,NA,NA,NA,NA,NA,NA,NA,NA,NA,NA,NA,NA,NA,NA,NA,NA,NA,NA,NA,NA,NA,NA,NA,NA,NA,NA,NA,NA,NA,NA,NA,NA,NA,NA,NA,NA,NA,NA,NA,NA,NA,NA,NA,NA,NA,NA,NA,NA,FALSE,"","NAs in DO.obs; NAs in DO.sat; NAs in depth; NAs in temp.water; NAs in light; NAs in discharge"
"406",2020-08-20,NA,NA,NA,NA,NA,NA,NA,NA,NA,NA,NA,NA,NA,NA,NA,NA,NA,NA,NA,NA,NA,NA,NA,NA,NA,NA,NA,NA,NA,NA,NA,NA,NA,NA,NA,NA,NA,NA,NA,NA,NA,NA,NA,NA,NA,NA,NA,NA,NA,NA,NA,NA,NA,NA,NA,NA,NA,NA,NA,NA,NA,NA,NA,NA,NA,NA,NA,NA,NA,NA,FALSE,"","NAs in DO.obs; NAs in DO.sat; NAs in depth; NAs in temp.water; NAs in light; NAs in discharge"
"407",2020-08-21,NA,NA,NA,NA,NA,NA,NA,NA,NA,NA,NA,NA,NA,NA,NA,NA,NA,NA,NA,NA,NA,NA,NA,NA,NA,NA,NA,NA,NA,NA,NA,NA,NA,NA,NA,NA,NA,NA,NA,NA,NA,NA,NA,NA,NA,NA,NA,NA,NA,NA,NA,NA,NA,NA,NA,NA,NA,NA,NA,NA,NA,NA,NA,NA,NA,NA,NA,NA,NA,NA,FALSE,"","NAs in DO.obs; NAs in DO.sat; NAs in depth; NAs in temp.water; NAs in light; NAs in discharge"
"408",2020-08-22,NA,NA,NA,NA,NA,NA,NA,NA,NA,NA,NA,NA,NA,NA,NA,NA,NA,NA,NA,NA,NA,NA,NA,NA,NA,NA,NA,NA,NA,NA,NA,NA,NA,NA,NA,NA,NA,NA,NA,NA,NA,NA,NA,NA,NA,NA,NA,NA,NA,NA,NA,NA,NA,NA,NA,NA,NA,NA,NA,NA,NA,NA,NA,NA,NA,NA,NA,NA,NA,NA,FALSE,"","NAs in DO.obs; NAs in DO.sat; NAs in depth; NAs in temp.water; NAs in light; NAs in discharge"
"409",2020-08-23,NA,NA,NA,NA,NA,NA,NA,NA,NA,NA,NA,NA,NA,NA,NA,NA,NA,NA,NA,NA,NA,NA,NA,NA,NA,NA,NA,NA,NA,NA,NA,NA,NA,NA,NA,NA,NA,NA,NA,NA,NA,NA,NA,NA,NA,NA,NA,NA,NA,NA,NA,NA,NA,NA,NA,NA,NA,NA,NA,NA,NA,NA,NA,NA,NA,NA,NA,NA,NA,NA,FALSE,"","NAs in DO.obs; NAs in DO.sat; NAs in depth; NAs in temp.water; NAs in light; NAs in discharge"
"410",2020-08-24,NA,NA,NA,NA,NA,NA,NA,NA,NA,NA,NA,NA,NA,NA,NA,NA,NA,NA,NA,NA,NA,NA,NA,NA,NA,NA,NA,NA,NA,NA,NA,NA,NA,NA,NA,NA,NA,NA,NA,NA,NA,NA,NA,NA,NA,NA,NA,NA,NA,NA,NA,NA,NA,NA,NA,NA,NA,NA,NA,NA,NA,NA,NA,NA,NA,NA,NA,NA,NA,NA,FALSE,"","NAs in DO.obs; NAs in DO.sat; NAs in depth; NAs in temp.water; NAs in light; NAs in discharge"
"411",2020-08-25,NA,NA,NA,NA,NA,NA,NA,NA,NA,NA,NA,NA,NA,NA,NA,NA,NA,NA,NA,NA,NA,NA,NA,NA,NA,NA,NA,NA,NA,NA,NA,NA,NA,NA,NA,NA,NA,NA,NA,NA,NA,NA,NA,NA,NA,NA,NA,NA,NA,NA,NA,NA,NA,NA,NA,NA,NA,NA,NA,NA,NA,NA,NA,NA,NA,NA,NA,NA,NA,NA,FALSE,"","NAs in DO.obs; NAs in DO.sat; NAs in depth; NAs in temp.water; NAs in light; NAs in discharge"
"412",2020-08-26,NA,NA,NA,NA,NA,NA,NA,NA,NA,NA,NA,NA,NA,NA,NA,NA,NA,NA,NA,NA,NA,NA,NA,NA,NA,NA,NA,NA,NA,NA,NA,NA,NA,NA,NA,NA,NA,NA,NA,NA,NA,NA,NA,NA,NA,NA,NA,NA,NA,NA,NA,NA,NA,NA,NA,NA,NA,NA,NA,NA,NA,NA,NA,NA,NA,NA,NA,NA,NA,NA,FALSE,"","NAs in DO.obs; NAs in DO.sat; NAs in depth; NAs in temp.water; NAs in light; NAs in discharge"
"413",2020-08-27,NA,NA,NA,NA,NA,NA,NA,NA,NA,NA,NA,NA,NA,NA,NA,NA,NA,NA,NA,NA,NA,NA,NA,NA,NA,NA,NA,NA,NA,NA,NA,NA,NA,NA,NA,NA,NA,NA,NA,NA,NA,NA,NA,NA,NA,NA,NA,NA,NA,NA,NA,NA,NA,NA,NA,NA,NA,NA,NA,NA,NA,NA,NA,NA,NA,NA,NA,NA,NA,NA,FALSE,"","NAs in DO.obs; NAs in DO.sat; NAs in depth; NAs in temp.water; NAs in light; NAs in discharge"
"414",2020-08-28,NA,NA,NA,NA,NA,NA,NA,NA,NA,NA,NA,NA,NA,NA,NA,NA,NA,NA,NA,NA,NA,NA,NA,NA,NA,NA,NA,NA,NA,NA,NA,NA,NA,NA,NA,NA,NA,NA,NA,NA,NA,NA,NA,NA,NA,NA,NA,NA,NA,NA,NA,NA,NA,NA,NA,NA,NA,NA,NA,NA,NA,NA,NA,NA,NA,NA,NA,NA,NA,NA,FALSE,"","NAs in DO.obs; NAs in DO.sat; NAs in depth; NAs in temp.water; NAs in light; NAs in discharge"
"415",2020-08-29,NA,NA,NA,NA,NA,NA,NA,NA,NA,NA,NA,NA,NA,NA,NA,NA,NA,NA,NA,NA,NA,NA,NA,NA,NA,NA,NA,NA,NA,NA,NA,NA,NA,NA,NA,NA,NA,NA,NA,NA,NA,NA,NA,NA,NA,NA,NA,NA,NA,NA,NA,NA,NA,NA,NA,NA,NA,NA,NA,NA,NA,NA,NA,NA,NA,NA,NA,NA,NA,NA,FALSE,"","NAs in DO.obs; NAs in DO.sat; NAs in depth; NAs in temp.water; NAs in light; NAs in discharge"
"416",2020-08-30,NA,NA,NA,NA,NA,NA,NA,NA,NA,NA,NA,NA,NA,NA,NA,NA,NA,NA,NA,NA,NA,NA,NA,NA,NA,NA,NA,NA,NA,NA,NA,NA,NA,NA,NA,NA,NA,NA,NA,NA,NA,NA,NA,NA,NA,NA,NA,NA,NA,NA,NA,NA,NA,NA,NA,NA,NA,NA,NA,NA,NA,NA,NA,NA,NA,NA,NA,NA,NA,NA,FALSE,"","NAs in DO.obs; NAs in DO.sat; NAs in depth; NAs in temp.water; NAs in light; NAs in discharge"
"417",2020-08-31,NA,NA,NA,NA,NA,NA,NA,NA,NA,NA,NA,NA,NA,NA,NA,NA,NA,NA,NA,NA,NA,NA,NA,NA,NA,NA,NA,NA,NA,NA,NA,NA,NA,NA,NA,NA,NA,NA,NA,NA,NA,NA,NA,NA,NA,NA,NA,NA,NA,NA,NA,NA,NA,NA,NA,NA,NA,NA,NA,NA,NA,NA,NA,NA,NA,NA,NA,NA,NA,NA,FALSE,"","NAs in DO.obs; NAs in DO.sat; NAs in depth; NAs in temp.water; NAs in light; NAs in discharge"
"418",2020-09-01,NA,NA,NA,NA,NA,NA,NA,NA,NA,NA,NA,NA,NA,NA,NA,NA,NA,NA,NA,NA,NA,NA,NA,NA,NA,NA,NA,NA,NA,NA,NA,NA,NA,NA,NA,NA,NA,NA,NA,NA,NA,NA,NA,NA,NA,NA,NA,NA,NA,NA,NA,NA,NA,NA,NA,NA,NA,NA,NA,NA,NA,NA,NA,NA,NA,NA,NA,NA,NA,NA,FALSE,"","NAs in DO.obs; NAs in DO.sat; NAs in depth; NAs in temp.water; NAs in light; NAs in discharge"
"419",2020-09-02,NA,NA,NA,NA,NA,NA,NA,NA,NA,NA,NA,NA,NA,NA,NA,NA,NA,NA,NA,NA,NA,NA,NA,NA,NA,NA,NA,NA,NA,NA,NA,NA,NA,NA,NA,NA,NA,NA,NA,NA,NA,NA,NA,NA,NA,NA,NA,NA,NA,NA,NA,NA,NA,NA,NA,NA,NA,NA,NA,NA,NA,NA,NA,NA,NA,NA,NA,NA,NA,NA,FALSE,"","NAs in DO.obs; NAs in DO.sat; NAs in depth; NAs in temp.water; NAs in light; NAs in discharge"
"420",2020-09-03,NA,NA,NA,NA,NA,NA,NA,NA,NA,NA,NA,NA,NA,NA,NA,NA,NA,NA,NA,NA,NA,NA,NA,NA,NA,NA,NA,NA,NA,NA,NA,NA,NA,NA,NA,NA,NA,NA,NA,NA,NA,NA,NA,NA,NA,NA,NA,NA,NA,NA,NA,NA,NA,NA,NA,NA,NA,NA,NA,NA,NA,NA,NA,NA,NA,NA,NA,NA,NA,NA,FALSE,"","NAs in DO.obs; NAs in DO.sat; NAs in depth; NAs in temp.water; NAs in light; NAs in discharge"
"421",2020-09-04,NA,NA,NA,NA,NA,NA,NA,NA,NA,NA,NA,NA,NA,NA,NA,NA,NA,NA,NA,NA,NA,NA,NA,NA,NA,NA,NA,NA,NA,NA,NA,NA,NA,NA,NA,NA,NA,NA,NA,NA,NA,NA,NA,NA,NA,NA,NA,NA,NA,NA,NA,NA,NA,NA,NA,NA,NA,NA,NA,NA,NA,NA,NA,NA,NA,NA,NA,NA,NA,NA,FALSE,"","NAs in DO.obs; NAs in DO.sat; NAs in depth; NAs in temp.water; NAs in light; NAs in discharge"
"422",2020-09-05,NA,NA,NA,NA,NA,NA,NA,NA,NA,NA,NA,NA,NA,NA,NA,NA,NA,NA,NA,NA,NA,NA,NA,NA,NA,NA,NA,NA,NA,NA,NA,NA,NA,NA,NA,NA,NA,NA,NA,NA,NA,NA,NA,NA,NA,NA,NA,NA,NA,NA,NA,NA,NA,NA,NA,NA,NA,NA,NA,NA,NA,NA,NA,NA,NA,NA,NA,NA,NA,NA,FALSE,"","NAs in DO.obs; NAs in DO.sat; NAs in depth; NAs in temp.water; NAs in light; NAs in discharge"
"423",2020-09-06,NA,NA,NA,NA,NA,NA,NA,NA,NA,NA,NA,NA,NA,NA,NA,NA,NA,NA,NA,NA,NA,NA,NA,NA,NA,NA,NA,NA,NA,NA,NA,NA,NA,NA,NA,NA,NA,NA,NA,NA,NA,NA,NA,NA,NA,NA,NA,NA,NA,NA,NA,NA,NA,NA,NA,NA,NA,NA,NA,NA,NA,NA,NA,NA,NA,NA,NA,NA,NA,NA,FALSE,"","NAs in DO.obs; NAs in DO.sat; NAs in depth; NAs in temp.water; NAs in light; NAs in discharge"
"424",2020-09-07,NA,NA,NA,NA,NA,NA,NA,NA,NA,NA,NA,NA,NA,NA,NA,NA,NA,NA,NA,NA,NA,NA,NA,NA,NA,NA,NA,NA,NA,NA,NA,NA,NA,NA,NA,NA,NA,NA,NA,NA,NA,NA,NA,NA,NA,NA,NA,NA,NA,NA,NA,NA,NA,NA,NA,NA,NA,NA,NA,NA,NA,NA,NA,NA,NA,NA,NA,NA,NA,NA,FALSE,"","NAs in DO.obs; NAs in DO.sat; NAs in depth; NAs in temp.water; NAs in light; NAs in discharge"
"425",2020-09-08,NA,NA,NA,NA,NA,NA,NA,NA,NA,NA,NA,NA,NA,NA,NA,NA,NA,NA,NA,NA,NA,NA,NA,NA,NA,NA,NA,NA,NA,NA,NA,NA,NA,NA,NA,NA,NA,NA,NA,NA,NA,NA,NA,NA,NA,NA,NA,NA,NA,NA,NA,NA,NA,NA,NA,NA,NA,NA,NA,NA,NA,NA,NA,NA,NA,NA,NA,NA,NA,NA,FALSE,"","NAs in DO.obs; NAs in DO.sat; NAs in depth; NAs in temp.water; NAs in light; NAs in discharge"
"426",2020-09-09,NA,NA,NA,NA,NA,NA,NA,NA,NA,NA,NA,NA,NA,NA,NA,NA,NA,NA,NA,NA,NA,NA,NA,NA,NA,NA,NA,NA,NA,NA,NA,NA,NA,NA,NA,NA,NA,NA,NA,NA,NA,NA,NA,NA,NA,NA,NA,NA,NA,NA,NA,NA,NA,NA,NA,NA,NA,NA,NA,NA,NA,NA,NA,NA,NA,NA,NA,NA,NA,NA,FALSE,"","NAs in DO.obs; NAs in DO.sat; NAs in depth; NAs in temp.water; NAs in light; NAs in discharge"
"427",2020-09-10,NA,NA,NA,NA,NA,NA,NA,NA,NA,NA,NA,NA,NA,NA,NA,NA,NA,NA,NA,NA,NA,NA,NA,NA,NA,NA,NA,NA,NA,NA,NA,NA,NA,NA,NA,NA,NA,NA,NA,NA,NA,NA,NA,NA,NA,NA,NA,NA,NA,NA,NA,NA,NA,NA,NA,NA,NA,NA,NA,NA,NA,NA,NA,NA,NA,NA,NA,NA,NA,NA,FALSE,"","NAs in DO.obs; NAs in DO.sat; NAs in depth; NAs in temp.water; NAs in light; NAs in discharge"
"428",2020-09-11,NA,NA,NA,NA,NA,NA,NA,NA,NA,NA,NA,NA,NA,NA,NA,NA,NA,NA,NA,NA,NA,NA,NA,NA,NA,NA,NA,NA,NA,NA,NA,NA,NA,NA,NA,NA,NA,NA,NA,NA,NA,NA,NA,NA,NA,NA,NA,NA,NA,NA,NA,NA,NA,NA,NA,NA,NA,NA,NA,NA,NA,NA,NA,NA,NA,NA,NA,NA,NA,NA,FALSE,"","NAs in DO.obs; NAs in DO.sat; NAs in depth; NAs in temp.water; NAs in light; NAs in discharge"
"429",2020-09-12,NA,NA,NA,NA,NA,NA,NA,NA,NA,NA,NA,NA,NA,NA,NA,NA,NA,NA,NA,NA,NA,NA,NA,NA,NA,NA,NA,NA,NA,NA,NA,NA,NA,NA,NA,NA,NA,NA,NA,NA,NA,NA,NA,NA,NA,NA,NA,NA,NA,NA,NA,NA,NA,NA,NA,NA,NA,NA,NA,NA,NA,NA,NA,NA,NA,NA,NA,NA,NA,NA,FALSE,"","NAs in DO.obs; NAs in DO.sat; NAs in depth; NAs in temp.water; NAs in light; NAs in discharge"
"430",2020-09-13,NA,NA,NA,NA,NA,NA,NA,NA,NA,NA,NA,NA,NA,NA,NA,NA,NA,NA,NA,NA,NA,NA,NA,NA,NA,NA,NA,NA,NA,NA,NA,NA,NA,NA,NA,NA,NA,NA,NA,NA,NA,NA,NA,NA,NA,NA,NA,NA,NA,NA,NA,NA,NA,NA,NA,NA,NA,NA,NA,NA,NA,NA,NA,NA,NA,NA,NA,NA,NA,NA,FALSE,"","NAs in DO.obs; NAs in DO.sat; NAs in depth; NAs in temp.water; NAs in light; NAs in discharge"
"431",2020-09-14,NA,NA,NA,NA,NA,NA,NA,NA,NA,NA,NA,NA,NA,NA,NA,NA,NA,NA,NA,NA,NA,NA,NA,NA,NA,NA,NA,NA,NA,NA,NA,NA,NA,NA,NA,NA,NA,NA,NA,NA,NA,NA,NA,NA,NA,NA,NA,NA,NA,NA,NA,NA,NA,NA,NA,NA,NA,NA,NA,NA,NA,NA,NA,NA,NA,NA,NA,NA,NA,NA,FALSE,"","NAs in DO.obs; NAs in DO.sat; NAs in depth; NAs in temp.water; NAs in light; NAs in discharge"
"432",2020-09-15,NA,NA,NA,NA,NA,NA,NA,NA,NA,NA,NA,NA,NA,NA,NA,NA,NA,NA,NA,NA,NA,NA,NA,NA,NA,NA,NA,NA,NA,NA,NA,NA,NA,NA,NA,NA,NA,NA,NA,NA,NA,NA,NA,NA,NA,NA,NA,NA,NA,NA,NA,NA,NA,NA,NA,NA,NA,NA,NA,NA,NA,NA,NA,NA,NA,NA,NA,NA,NA,NA,FALSE,"","NAs in DO.obs; NAs in DO.sat; NAs in depth; NAs in temp.water; NAs in light; NAs in discharge"
"433",2020-09-16,NA,NA,NA,NA,NA,NA,NA,NA,NA,NA,NA,NA,NA,NA,NA,NA,NA,NA,NA,NA,NA,NA,NA,NA,NA,NA,NA,NA,NA,NA,NA,NA,NA,NA,NA,NA,NA,NA,NA,NA,NA,NA,NA,NA,NA,NA,NA,NA,NA,NA,NA,NA,NA,NA,NA,NA,NA,NA,NA,NA,NA,NA,NA,NA,NA,NA,NA,NA,NA,NA,FALSE,"","NAs in DO.obs; NAs in DO.sat; NAs in depth; NAs in temp.water; NAs in light; NAs in discharge"
"434",2020-09-17,NA,NA,NA,NA,NA,NA,NA,NA,NA,NA,NA,NA,NA,NA,NA,NA,NA,NA,NA,NA,NA,NA,NA,NA,NA,NA,NA,NA,NA,NA,NA,NA,NA,NA,NA,NA,NA,NA,NA,NA,NA,NA,NA,NA,NA,NA,NA,NA,NA,NA,NA,NA,NA,NA,NA,NA,NA,NA,NA,NA,NA,NA,NA,NA,NA,NA,NA,NA,NA,NA,FALSE,"","NAs in DO.obs; NAs in DO.sat; NAs in depth; NAs in temp.water; NAs in light; NAs in discharge"
"435",2020-09-18,NA,NA,NA,NA,NA,NA,NA,NA,NA,NA,NA,NA,NA,NA,NA,NA,NA,NA,NA,NA,NA,NA,NA,NA,NA,NA,NA,NA,NA,NA,NA,NA,NA,NA,NA,NA,NA,NA,NA,NA,NA,NA,NA,NA,NA,NA,NA,NA,NA,NA,NA,NA,NA,NA,NA,NA,NA,NA,NA,NA,NA,NA,NA,NA,NA,NA,NA,NA,NA,NA,FALSE,"","NAs in DO.obs; NAs in DO.sat; NAs in depth; NAs in temp.water; NAs in light; NAs in discharge"
"436",2020-09-19,NA,NA,NA,NA,NA,NA,NA,NA,NA,NA,NA,NA,NA,NA,NA,NA,NA,NA,NA,NA,NA,NA,NA,NA,NA,NA,NA,NA,NA,NA,NA,NA,NA,NA,NA,NA,NA,NA,NA,NA,NA,NA,NA,NA,NA,NA,NA,NA,NA,NA,NA,NA,NA,NA,NA,NA,NA,NA,NA,NA,NA,NA,NA,NA,NA,NA,NA,NA,NA,NA,FALSE,"","NAs in DO.obs; NAs in DO.sat; NAs in depth; NAs in temp.water; NAs in light; NAs in discharge"
"437",2020-09-20,NA,NA,NA,NA,NA,NA,NA,NA,NA,NA,NA,NA,NA,NA,NA,NA,NA,NA,NA,NA,NA,NA,NA,NA,NA,NA,NA,NA,NA,NA,NA,NA,NA,NA,NA,NA,NA,NA,NA,NA,NA,NA,NA,NA,NA,NA,NA,NA,NA,NA,NA,NA,NA,NA,NA,NA,NA,NA,NA,NA,NA,NA,NA,NA,NA,NA,NA,NA,NA,NA,FALSE,"","NAs in DO.obs; NAs in DO.sat; NAs in depth; NAs in temp.water; NAs in light; NAs in discharge"
"438",2020-09-21,NA,NA,NA,NA,NA,NA,NA,NA,NA,NA,NA,NA,NA,NA,NA,NA,NA,NA,NA,NA,NA,NA,NA,NA,NA,NA,NA,NA,NA,NA,NA,NA,NA,NA,NA,NA,NA,NA,NA,NA,NA,NA,NA,NA,NA,NA,NA,NA,NA,NA,NA,NA,NA,NA,NA,NA,NA,NA,NA,NA,NA,NA,NA,NA,NA,NA,NA,NA,NA,NA,FALSE,"","NAs in DO.obs; NAs in DO.sat; NAs in depth; NAs in temp.water; NAs in light; NAs in discharge"
"439",2020-09-22,NA,NA,NA,NA,NA,NA,NA,NA,NA,NA,NA,NA,NA,NA,NA,NA,NA,NA,NA,NA,NA,NA,NA,NA,NA,NA,NA,NA,NA,NA,NA,NA,NA,NA,NA,NA,NA,NA,NA,NA,NA,NA,NA,NA,NA,NA,NA,NA,NA,NA,NA,NA,NA,NA,NA,NA,NA,NA,NA,NA,NA,NA,NA,NA,NA,NA,NA,NA,NA,NA,FALSE,"","NAs in DO.obs; NAs in DO.sat; NAs in depth; NAs in temp.water; NAs in light; NAs in discharge"
"440",2020-09-23,NA,NA,NA,NA,NA,NA,NA,NA,NA,NA,NA,NA,NA,NA,NA,NA,NA,NA,NA,NA,NA,NA,NA,NA,NA,NA,NA,NA,NA,NA,NA,NA,NA,NA,NA,NA,NA,NA,NA,NA,NA,NA,NA,NA,NA,NA,NA,NA,NA,NA,NA,NA,NA,NA,NA,NA,NA,NA,NA,NA,NA,NA,NA,NA,NA,NA,NA,NA,NA,NA,FALSE,"","NAs in DO.obs; NAs in DO.sat; NAs in depth; NAs in temp.water; NAs in light; NAs in discharge"
"441",2020-09-24,NA,NA,NA,NA,NA,NA,NA,NA,NA,NA,NA,NA,NA,NA,NA,NA,NA,NA,NA,NA,NA,NA,NA,NA,NA,NA,NA,NA,NA,NA,NA,NA,NA,NA,NA,NA,NA,NA,NA,NA,NA,NA,NA,NA,NA,NA,NA,NA,NA,NA,NA,NA,NA,NA,NA,NA,NA,NA,NA,NA,NA,NA,NA,NA,NA,NA,NA,NA,NA,NA,FALSE,"","NAs in DO.obs; NAs in DO.sat; NAs in depth; NAs in temp.water; NAs in light; NAs in discharge"
"442",2020-09-25,NA,NA,NA,NA,NA,NA,NA,NA,NA,NA,NA,NA,NA,NA,NA,NA,NA,NA,NA,NA,NA,NA,NA,NA,NA,NA,NA,NA,NA,NA,NA,NA,NA,NA,NA,NA,NA,NA,NA,NA,NA,NA,NA,NA,NA,NA,NA,NA,NA,NA,NA,NA,NA,NA,NA,NA,NA,NA,NA,NA,NA,NA,NA,NA,NA,NA,NA,NA,NA,NA,FALSE,"","NAs in DO.obs; NAs in DO.sat; NAs in depth; NAs in temp.water; NAs in light; NAs in discharge"
"443",2020-09-26,NA,NA,NA,NA,NA,NA,NA,NA,NA,NA,NA,NA,NA,NA,NA,NA,NA,NA,NA,NA,NA,NA,NA,NA,NA,NA,NA,NA,NA,NA,NA,NA,NA,NA,NA,NA,NA,NA,NA,NA,NA,NA,NA,NA,NA,NA,NA,NA,NA,NA,NA,NA,NA,NA,NA,NA,NA,NA,NA,NA,NA,NA,NA,NA,NA,NA,NA,NA,NA,NA,FALSE,"","NAs in DO.obs; NAs in DO.sat; NAs in depth; NAs in temp.water; NAs in light; NAs in discharge"
"444",2020-09-27,NA,NA,NA,NA,NA,NA,NA,NA,NA,NA,NA,NA,NA,NA,NA,NA,NA,NA,NA,NA,NA,NA,NA,NA,NA,NA,NA,NA,NA,NA,NA,NA,NA,NA,NA,NA,NA,NA,NA,NA,NA,NA,NA,NA,NA,NA,NA,NA,NA,NA,NA,NA,NA,NA,NA,NA,NA,NA,NA,NA,NA,NA,NA,NA,NA,NA,NA,NA,NA,NA,FALSE,"","NAs in DO.obs; NAs in DO.sat; NAs in depth; NAs in temp.water; NAs in light; NAs in discharge"
"445",2020-09-28,NA,NA,NA,NA,NA,NA,NA,NA,NA,NA,NA,NA,NA,NA,NA,NA,NA,NA,NA,NA,NA,NA,NA,NA,NA,NA,NA,NA,NA,NA,NA,NA,NA,NA,NA,NA,NA,NA,NA,NA,NA,NA,NA,NA,NA,NA,NA,NA,NA,NA,NA,NA,NA,NA,NA,NA,NA,NA,NA,NA,NA,NA,NA,NA,NA,NA,NA,NA,NA,NA,FALSE,"","NAs in DO.obs; NAs in DO.sat; NAs in depth; NAs in temp.water; NAs in light; NAs in discharge"
"446",2020-09-29,NA,NA,NA,NA,NA,NA,NA,NA,NA,NA,NA,NA,NA,NA,NA,NA,NA,NA,NA,NA,NA,NA,NA,NA,NA,NA,NA,NA,NA,NA,NA,NA,NA,NA,NA,NA,NA,NA,NA,NA,NA,NA,NA,NA,NA,NA,NA,NA,NA,NA,NA,NA,NA,NA,NA,NA,NA,NA,NA,NA,NA,NA,NA,NA,NA,NA,NA,NA,NA,NA,FALSE,"","NAs in DO.obs; NAs in DO.sat; NAs in depth; NAs in temp.water; NAs in light; NAs in discharge"
"447",2020-09-30,NA,NA,NA,NA,NA,NA,NA,NA,NA,NA,NA,NA,NA,NA,NA,NA,NA,NA,NA,NA,NA,NA,NA,NA,NA,NA,NA,NA,NA,NA,NA,NA,NA,NA,NA,NA,NA,NA,NA,NA,NA,NA,NA,NA,NA,NA,NA,NA,NA,NA,NA,NA,NA,NA,NA,NA,NA,NA,NA,NA,NA,NA,NA,NA,NA,NA,NA,NA,NA,NA,FALSE,"","NAs in DO.obs; NAs in DO.sat; NAs in depth; NAs in temp.water; NAs in light; NAs in discharge"
"448",2020-10-01,NA,NA,NA,NA,NA,NA,NA,NA,NA,NA,NA,NA,NA,NA,NA,NA,NA,NA,NA,NA,NA,NA,NA,NA,NA,NA,NA,NA,NA,NA,NA,NA,NA,NA,NA,NA,NA,NA,NA,NA,NA,NA,NA,NA,NA,NA,NA,NA,NA,NA,NA,NA,NA,NA,NA,NA,NA,NA,NA,NA,NA,NA,NA,NA,NA,NA,NA,NA,NA,NA,FALSE,"","NAs in DO.obs; NAs in DO.sat; NAs in depth; NAs in temp.water; NAs in light; NAs in discharge"
"449",2020-10-02,NA,NA,NA,NA,NA,NA,NA,NA,NA,NA,NA,NA,NA,NA,NA,NA,NA,NA,NA,NA,NA,NA,NA,NA,NA,NA,NA,NA,NA,NA,NA,NA,NA,NA,NA,NA,NA,NA,NA,NA,NA,NA,NA,NA,NA,NA,NA,NA,NA,NA,NA,NA,NA,NA,NA,NA,NA,NA,NA,NA,NA,NA,NA,NA,NA,NA,NA,NA,NA,NA,FALSE,"","NAs in DO.obs; NAs in DO.sat; NAs in depth; NAs in temp.water; NAs in light; NAs in discharge"
"450",2020-10-03,NA,NA,NA,NA,NA,NA,NA,NA,NA,NA,NA,NA,NA,NA,NA,NA,NA,NA,NA,NA,NA,NA,NA,NA,NA,NA,NA,NA,NA,NA,NA,NA,NA,NA,NA,NA,NA,NA,NA,NA,NA,NA,NA,NA,NA,NA,NA,NA,NA,NA,NA,NA,NA,NA,NA,NA,NA,NA,NA,NA,NA,NA,NA,NA,NA,NA,NA,NA,NA,NA,FALSE,"","NAs in DO.obs; NAs in DO.sat; NAs in depth; NAs in temp.water; NAs in light; NAs in discharge"
"451",2020-10-04,NA,NA,NA,NA,NA,NA,NA,NA,NA,NA,NA,NA,NA,NA,NA,NA,NA,NA,NA,NA,NA,NA,NA,NA,NA,NA,NA,NA,NA,NA,NA,NA,NA,NA,NA,NA,NA,NA,NA,NA,NA,NA,NA,NA,NA,NA,NA,NA,NA,NA,NA,NA,NA,NA,NA,NA,NA,NA,NA,NA,NA,NA,NA,NA,NA,NA,NA,NA,NA,NA,FALSE,"","NAs in DO.obs; NAs in DO.sat; NAs in depth; NAs in temp.water; NAs in light; NAs in discharge"
"452",2020-10-05,NA,NA,NA,NA,NA,NA,NA,NA,NA,NA,NA,NA,NA,NA,NA,NA,NA,NA,NA,NA,NA,NA,NA,NA,NA,NA,NA,NA,NA,NA,NA,NA,NA,NA,NA,NA,NA,NA,NA,NA,NA,NA,NA,NA,NA,NA,NA,NA,NA,NA,NA,NA,NA,NA,NA,NA,NA,NA,NA,NA,NA,NA,NA,NA,NA,NA,NA,NA,NA,NA,FALSE,"","NAs in DO.obs; NAs in DO.sat; NAs in depth; NAs in temp.water; NAs in light; NAs in discharge"
"453",2020-10-06,NA,NA,NA,NA,NA,NA,NA,NA,NA,NA,NA,NA,NA,NA,NA,NA,NA,NA,NA,NA,NA,NA,NA,NA,NA,NA,NA,NA,NA,NA,NA,NA,NA,NA,NA,NA,NA,NA,NA,NA,NA,NA,NA,NA,NA,NA,NA,NA,NA,NA,NA,NA,NA,NA,NA,NA,NA,NA,NA,NA,NA,NA,NA,NA,NA,NA,NA,NA,NA,NA,FALSE,"","NAs in DO.obs; NAs in DO.sat; NAs in depth; NAs in temp.water; NAs in light; NAs in discharge"
"454",2020-10-07,NA,NA,NA,NA,NA,NA,NA,NA,NA,NA,NA,NA,NA,NA,NA,NA,NA,NA,NA,NA,NA,NA,NA,NA,NA,NA,NA,NA,NA,NA,NA,NA,NA,NA,NA,NA,NA,NA,NA,NA,NA,NA,NA,NA,NA,NA,NA,NA,NA,NA,NA,NA,NA,NA,NA,NA,NA,NA,NA,NA,NA,NA,NA,NA,NA,NA,NA,NA,NA,NA,FALSE,"","NAs in DO.obs; NAs in DO.sat; NAs in depth; NAs in temp.water; NAs in light; NAs in discharge"
"455",2020-10-08,NA,NA,NA,NA,NA,NA,NA,NA,NA,NA,NA,NA,NA,NA,NA,NA,NA,NA,NA,NA,NA,NA,NA,NA,NA,NA,NA,NA,NA,NA,NA,NA,NA,NA,NA,NA,NA,NA,NA,NA,NA,NA,NA,NA,NA,NA,NA,NA,NA,NA,NA,NA,NA,NA,NA,NA,NA,NA,NA,NA,NA,NA,NA,NA,NA,NA,NA,NA,NA,NA,FALSE,"","NAs in DO.obs; NAs in DO.sat; NAs in depth; NAs in temp.water; NAs in light; NAs in discharge"
"456",2020-10-09,NA,NA,NA,NA,NA,NA,NA,NA,NA,NA,NA,NA,NA,NA,NA,NA,NA,NA,NA,NA,NA,NA,NA,NA,NA,NA,NA,NA,NA,NA,NA,NA,NA,NA,NA,NA,NA,NA,NA,NA,NA,NA,NA,NA,NA,NA,NA,NA,NA,NA,NA,NA,NA,NA,NA,NA,NA,NA,NA,NA,NA,NA,NA,NA,NA,NA,NA,NA,NA,NA,FALSE,"","NAs in DO.obs; NAs in DO.sat; NAs in depth; NAs in temp.water; NAs in light; NAs in discharge"
"457",2020-10-10,NA,NA,NA,NA,NA,NA,NA,NA,NA,NA,NA,NA,NA,NA,NA,NA,NA,NA,NA,NA,NA,NA,NA,NA,NA,NA,NA,NA,NA,NA,NA,NA,NA,NA,NA,NA,NA,NA,NA,NA,NA,NA,NA,NA,NA,NA,NA,NA,NA,NA,NA,NA,NA,NA,NA,NA,NA,NA,NA,NA,NA,NA,NA,NA,NA,NA,NA,NA,NA,NA,FALSE,"","NAs in DO.obs; NAs in DO.sat; NAs in depth; NAs in temp.water; NAs in light; NAs in discharge"
"458",2020-10-11,NA,NA,NA,NA,NA,NA,NA,NA,NA,NA,NA,NA,NA,NA,NA,NA,NA,NA,NA,NA,NA,NA,NA,NA,NA,NA,NA,NA,NA,NA,NA,NA,NA,NA,NA,NA,NA,NA,NA,NA,NA,NA,NA,NA,NA,NA,NA,NA,NA,NA,NA,NA,NA,NA,NA,NA,NA,NA,NA,NA,NA,NA,NA,NA,NA,NA,NA,NA,NA,NA,FALSE,"","NAs in DO.obs; NAs in DO.sat; NAs in depth; NAs in temp.water; NAs in light; NAs in discharge"
"459",2020-10-12,NA,NA,NA,NA,NA,NA,NA,NA,NA,NA,NA,NA,NA,NA,NA,NA,NA,NA,NA,NA,NA,NA,NA,NA,NA,NA,NA,NA,NA,NA,NA,NA,NA,NA,NA,NA,NA,NA,NA,NA,NA,NA,NA,NA,NA,NA,NA,NA,NA,NA,NA,NA,NA,NA,NA,NA,NA,NA,NA,NA,NA,NA,NA,NA,NA,NA,NA,NA,NA,NA,FALSE,"","NAs in DO.obs; NAs in DO.sat; NAs in depth; NAs in temp.water; NAs in light; NAs in discharge"
"460",2020-10-13,NA,NA,NA,NA,NA,NA,NA,NA,NA,NA,NA,NA,NA,NA,NA,NA,NA,NA,NA,NA,NA,NA,NA,NA,NA,NA,NA,NA,NA,NA,NA,NA,NA,NA,NA,NA,NA,NA,NA,NA,NA,NA,NA,NA,NA,NA,NA,NA,NA,NA,NA,NA,NA,NA,NA,NA,NA,NA,NA,NA,NA,NA,NA,NA,NA,NA,NA,NA,NA,NA,FALSE,"","NAs in DO.obs; NAs in DO.sat; NAs in depth; NAs in temp.water; NAs in light; NAs in discharge"
"461",2020-10-14,NA,NA,NA,NA,NA,NA,NA,NA,NA,NA,NA,NA,NA,NA,NA,NA,NA,NA,NA,NA,NA,NA,NA,NA,NA,NA,NA,NA,NA,NA,NA,NA,NA,NA,NA,NA,NA,NA,NA,NA,NA,NA,NA,NA,NA,NA,NA,NA,NA,NA,NA,NA,NA,NA,NA,NA,NA,NA,NA,NA,NA,NA,NA,NA,NA,NA,NA,NA,NA,NA,FALSE,"","NAs in DO.obs; NAs in DO.sat; NAs in depth; NAs in temp.water; NAs in light; NAs in discharge"
"462",2020-10-15,NA,NA,NA,NA,NA,NA,NA,NA,NA,NA,NA,NA,NA,NA,NA,NA,NA,NA,NA,NA,NA,NA,NA,NA,NA,NA,NA,NA,NA,NA,NA,NA,NA,NA,NA,NA,NA,NA,NA,NA,NA,NA,NA,NA,NA,NA,NA,NA,NA,NA,NA,NA,NA,NA,NA,NA,NA,NA,NA,NA,NA,NA,NA,NA,NA,NA,NA,NA,NA,NA,FALSE,"","NAs in DO.obs; NAs in DO.sat; NAs in depth; NAs in temp.water; NAs in light; NAs in discharge"
"463",2020-10-16,NA,NA,NA,NA,NA,NA,NA,NA,NA,NA,NA,NA,NA,NA,NA,NA,NA,NA,NA,NA,NA,NA,NA,NA,NA,NA,NA,NA,NA,NA,NA,NA,NA,NA,NA,NA,NA,NA,NA,NA,NA,NA,NA,NA,NA,NA,NA,NA,NA,NA,NA,NA,NA,NA,NA,NA,NA,NA,NA,NA,NA,NA,NA,NA,NA,NA,NA,NA,NA,NA,FALSE,"","NAs in DO.obs; NAs in DO.sat; NAs in depth; NAs in temp.water; NAs in light; NAs in discharge"
"464",2020-10-17,NA,NA,NA,NA,NA,NA,NA,NA,NA,NA,NA,NA,NA,NA,NA,NA,NA,NA,NA,NA,NA,NA,NA,NA,NA,NA,NA,NA,NA,NA,NA,NA,NA,NA,NA,NA,NA,NA,NA,NA,NA,NA,NA,NA,NA,NA,NA,NA,NA,NA,NA,NA,NA,NA,NA,NA,NA,NA,NA,NA,NA,NA,NA,NA,NA,NA,NA,NA,NA,NA,FALSE,"","NAs in DO.obs; NAs in DO.sat; NAs in depth; NAs in temp.water; NAs in light; NAs in discharge"
"465",2020-10-18,NA,NA,NA,NA,NA,NA,NA,NA,NA,NA,NA,NA,NA,NA,NA,NA,NA,NA,NA,NA,NA,NA,NA,NA,NA,NA,NA,NA,NA,NA,NA,NA,NA,NA,NA,NA,NA,NA,NA,NA,NA,NA,NA,NA,NA,NA,NA,NA,NA,NA,NA,NA,NA,NA,NA,NA,NA,NA,NA,NA,NA,NA,NA,NA,NA,NA,NA,NA,NA,NA,FALSE,"","NAs in DO.obs; NAs in DO.sat; NAs in depth; NAs in temp.water; NAs in light; NAs in discharge"
"466",2020-10-19,NA,NA,NA,NA,NA,NA,NA,NA,NA,NA,NA,NA,NA,NA,NA,NA,NA,NA,NA,NA,NA,NA,NA,NA,NA,NA,NA,NA,NA,NA,NA,NA,NA,NA,NA,NA,NA,NA,NA,NA,NA,NA,NA,NA,NA,NA,NA,NA,NA,NA,NA,NA,NA,NA,NA,NA,NA,NA,NA,NA,NA,NA,NA,NA,NA,NA,NA,NA,NA,NA,FALSE,"","NAs in DO.obs; NAs in DO.sat; NAs in depth; NAs in temp.water; NAs in light; NAs in discharge"
"467",2020-10-20,NA,NA,NA,NA,NA,NA,NA,NA,NA,NA,NA,NA,NA,NA,NA,NA,NA,NA,NA,NA,NA,NA,NA,NA,NA,NA,NA,NA,NA,NA,NA,NA,NA,NA,NA,NA,NA,NA,NA,NA,NA,NA,NA,NA,NA,NA,NA,NA,NA,NA,NA,NA,NA,NA,NA,NA,NA,NA,NA,NA,NA,NA,NA,NA,NA,NA,NA,NA,NA,NA,FALSE,"","NAs in DO.obs; NAs in DO.sat; NAs in depth; NAs in temp.water; NAs in light; NAs in discharge"
"468",2020-10-21,NA,NA,NA,NA,NA,NA,NA,NA,NA,NA,NA,NA,NA,NA,NA,NA,NA,NA,NA,NA,NA,NA,NA,NA,NA,NA,NA,NA,NA,NA,NA,NA,NA,NA,NA,NA,NA,NA,NA,NA,NA,NA,NA,NA,NA,NA,NA,NA,NA,NA,NA,NA,NA,NA,NA,NA,NA,NA,NA,NA,NA,NA,NA,NA,NA,NA,NA,NA,NA,NA,FALSE,"","NAs in DO.obs; NAs in DO.sat; NAs in depth; NAs in temp.water; NAs in light; NAs in discharge"
"469",2020-10-22,NA,NA,NA,NA,NA,NA,NA,NA,NA,NA,NA,NA,NA,NA,NA,NA,NA,NA,NA,NA,NA,NA,NA,NA,NA,NA,NA,NA,NA,NA,NA,NA,NA,NA,NA,NA,NA,NA,NA,NA,NA,NA,NA,NA,NA,NA,NA,NA,NA,NA,NA,NA,NA,NA,NA,NA,NA,NA,NA,NA,NA,NA,NA,NA,NA,NA,NA,NA,NA,NA,FALSE,"","NAs in DO.obs; NAs in DO.sat; NAs in depth; NAs in temp.water; NAs in light; NAs in discharge"
"470",2020-10-23,NA,NA,NA,NA,NA,NA,NA,NA,NA,NA,NA,NA,NA,NA,NA,NA,NA,NA,NA,NA,NA,NA,NA,NA,NA,NA,NA,NA,NA,NA,NA,NA,NA,NA,NA,NA,NA,NA,NA,NA,NA,NA,NA,NA,NA,NA,NA,NA,NA,NA,NA,NA,NA,NA,NA,NA,NA,NA,NA,NA,NA,NA,NA,NA,NA,NA,NA,NA,NA,NA,FALSE,"","NAs in DO.obs; NAs in DO.sat; NAs in depth; NAs in temp.water; NAs in light; NAs in discharge"
"471",2020-10-24,NA,NA,NA,NA,NA,NA,NA,NA,NA,NA,NA,NA,NA,NA,NA,NA,NA,NA,NA,NA,NA,NA,NA,NA,NA,NA,NA,NA,NA,NA,NA,NA,NA,NA,NA,NA,NA,NA,NA,NA,NA,NA,NA,NA,NA,NA,NA,NA,NA,NA,NA,NA,NA,NA,NA,NA,NA,NA,NA,NA,NA,NA,NA,NA,NA,NA,NA,NA,NA,NA,FALSE,"","NAs in DO.obs; NAs in DO.sat; NAs in depth; NAs in temp.water; NAs in light; NAs in discharge"
"472",2020-10-25,NA,NA,NA,NA,NA,NA,NA,NA,NA,NA,NA,NA,NA,NA,NA,NA,NA,NA,NA,NA,NA,NA,NA,NA,NA,NA,NA,NA,NA,NA,NA,NA,NA,NA,NA,NA,NA,NA,NA,NA,NA,NA,NA,NA,NA,NA,NA,NA,NA,NA,NA,NA,NA,NA,NA,NA,NA,NA,NA,NA,NA,NA,NA,NA,NA,NA,NA,NA,NA,NA,FALSE,"","NAs in DO.obs; NAs in DO.sat; NAs in depth; NAs in temp.water; NAs in light; NAs in discharge"
"473",2020-10-26,NA,NA,NA,NA,NA,NA,NA,NA,NA,NA,NA,NA,NA,NA,NA,NA,NA,NA,NA,NA,NA,NA,NA,NA,NA,NA,NA,NA,NA,NA,NA,NA,NA,NA,NA,NA,NA,NA,NA,NA,NA,NA,NA,NA,NA,NA,NA,NA,NA,NA,NA,NA,NA,NA,NA,NA,NA,NA,NA,NA,NA,NA,NA,NA,NA,NA,NA,NA,NA,NA,FALSE,"","NAs in DO.obs; NAs in DO.sat; NAs in depth; NAs in temp.water; NAs in light; NAs in discharge"
"474",2020-10-27,NA,NA,NA,NA,NA,NA,NA,NA,NA,NA,NA,NA,NA,NA,NA,NA,NA,NA,NA,NA,NA,NA,NA,NA,NA,NA,NA,NA,NA,NA,NA,NA,NA,NA,NA,NA,NA,NA,NA,NA,NA,NA,NA,NA,NA,NA,NA,NA,NA,NA,NA,NA,NA,NA,NA,NA,NA,NA,NA,NA,NA,NA,NA,NA,NA,NA,NA,NA,NA,NA,FALSE,"","NAs in DO.obs; NAs in DO.sat; NAs in depth; NAs in temp.water; NAs in light; NAs in discharge"
"475",2020-10-28,NA,NA,NA,NA,NA,NA,NA,NA,NA,NA,NA,NA,NA,NA,NA,NA,NA,NA,NA,NA,NA,NA,NA,NA,NA,NA,NA,NA,NA,NA,NA,NA,NA,NA,NA,NA,NA,NA,NA,NA,NA,NA,NA,NA,NA,NA,NA,NA,NA,NA,NA,NA,NA,NA,NA,NA,NA,NA,NA,NA,NA,NA,NA,NA,NA,NA,NA,NA,NA,NA,FALSE,"","NAs in DO.obs; NAs in DO.sat; NAs in depth; NAs in temp.water; NAs in light; NAs in discharge"
"476",2020-10-29,NA,NA,NA,NA,NA,NA,NA,NA,NA,NA,NA,NA,NA,NA,NA,NA,NA,NA,NA,NA,NA,NA,NA,NA,NA,NA,NA,NA,NA,NA,NA,NA,NA,NA,NA,NA,NA,NA,NA,NA,NA,NA,NA,NA,NA,NA,NA,NA,NA,NA,NA,NA,NA,NA,NA,NA,NA,NA,NA,NA,NA,NA,NA,NA,NA,NA,NA,NA,NA,NA,FALSE,"","NAs in DO.obs; NAs in DO.sat; NAs in depth; NAs in temp.water; NAs in light; NAs in discharge"
"477",2020-10-30,NA,NA,NA,NA,NA,NA,NA,NA,NA,NA,NA,NA,NA,NA,NA,NA,NA,NA,NA,NA,NA,NA,NA,NA,NA,NA,NA,NA,NA,NA,NA,NA,NA,NA,NA,NA,NA,NA,NA,NA,NA,NA,NA,NA,NA,NA,NA,NA,NA,NA,NA,NA,NA,NA,NA,NA,NA,NA,NA,NA,NA,NA,NA,NA,NA,NA,NA,NA,NA,NA,FALSE,"","NAs in DO.obs; NAs in DO.sat; NAs in depth; NAs in temp.water; NAs in light; NAs in discharge"
"478",2020-10-31,NA,NA,NA,NA,NA,NA,NA,NA,NA,NA,NA,NA,NA,NA,NA,NA,NA,NA,NA,NA,NA,NA,NA,NA,NA,NA,NA,NA,NA,NA,NA,NA,NA,NA,NA,NA,NA,NA,NA,NA,NA,NA,NA,NA,NA,NA,NA,NA,NA,NA,NA,NA,NA,NA,NA,NA,NA,NA,NA,NA,NA,NA,NA,NA,NA,NA,NA,NA,NA,NA,FALSE,"","NAs in DO.obs; NAs in DO.sat; NAs in depth; NAs in temp.water; NAs in light; NAs in discharge"
"479",2020-11-01,NA,NA,NA,NA,NA,NA,NA,NA,NA,NA,NA,NA,NA,NA,NA,NA,NA,NA,NA,NA,NA,NA,NA,NA,NA,NA,NA,NA,NA,NA,NA,NA,NA,NA,NA,NA,NA,NA,NA,NA,NA,NA,NA,NA,NA,NA,NA,NA,NA,NA,NA,NA,NA,NA,NA,NA,NA,NA,NA,NA,NA,NA,NA,NA,NA,NA,NA,NA,NA,NA,FALSE,"","NAs in DO.obs; NAs in DO.sat; NAs in depth; NAs in temp.water; NAs in light; NAs in discharge"
"480",2020-11-02,NA,NA,NA,NA,NA,NA,NA,NA,NA,NA,NA,NA,NA,NA,NA,NA,NA,NA,NA,NA,NA,NA,NA,NA,NA,NA,NA,NA,NA,NA,NA,NA,NA,NA,NA,NA,NA,NA,NA,NA,NA,NA,NA,NA,NA,NA,NA,NA,NA,NA,NA,NA,NA,NA,NA,NA,NA,NA,NA,NA,NA,NA,NA,NA,NA,NA,NA,NA,NA,NA,FALSE,"","NAs in DO.obs; NAs in DO.sat; NAs in depth; NAs in temp.water; NAs in light; NAs in discharge"
"481",2020-11-03,NA,NA,NA,NA,NA,NA,NA,NA,NA,NA,NA,NA,NA,NA,NA,NA,NA,NA,NA,NA,NA,NA,NA,NA,NA,NA,NA,NA,NA,NA,NA,NA,NA,NA,NA,NA,NA,NA,NA,NA,NA,NA,NA,NA,NA,NA,NA,NA,NA,NA,NA,NA,NA,NA,NA,NA,NA,NA,NA,NA,NA,NA,NA,NA,NA,NA,NA,NA,NA,NA,FALSE,"","NAs in DO.obs; NAs in DO.sat; NAs in depth; NAs in temp.water; NAs in light; NAs in discharge"
"482",2020-11-04,NA,NA,NA,NA,NA,NA,NA,NA,NA,NA,NA,NA,NA,NA,NA,NA,NA,NA,NA,NA,NA,NA,NA,NA,NA,NA,NA,NA,NA,NA,NA,NA,NA,NA,NA,NA,NA,NA,NA,NA,NA,NA,NA,NA,NA,NA,NA,NA,NA,NA,NA,NA,NA,NA,NA,NA,NA,NA,NA,NA,NA,NA,NA,NA,NA,NA,NA,NA,NA,NA,FALSE,"","NAs in DO.obs; NAs in DO.sat; NAs in depth; NAs in temp.water; NAs in light; NAs in discharge"
"483",2020-11-05,NA,NA,NA,NA,NA,NA,NA,NA,NA,NA,NA,NA,NA,NA,NA,NA,NA,NA,NA,NA,NA,NA,NA,NA,NA,NA,NA,NA,NA,NA,NA,NA,NA,NA,NA,NA,NA,NA,NA,NA,NA,NA,NA,NA,NA,NA,NA,NA,NA,NA,NA,NA,NA,NA,NA,NA,NA,NA,NA,NA,NA,NA,NA,NA,NA,NA,NA,NA,NA,NA,FALSE,"","NAs in DO.obs; NAs in DO.sat; NAs in depth; NAs in temp.water; NAs in light; NAs in discharge"
"484",2020-11-06,NA,NA,NA,NA,NA,NA,NA,NA,NA,NA,NA,NA,NA,NA,NA,NA,NA,NA,NA,NA,NA,NA,NA,NA,NA,NA,NA,NA,NA,NA,NA,NA,NA,NA,NA,NA,NA,NA,NA,NA,NA,NA,NA,NA,NA,NA,NA,NA,NA,NA,NA,NA,NA,NA,NA,NA,NA,NA,NA,NA,NA,NA,NA,NA,NA,NA,NA,NA,NA,NA,FALSE,"","NAs in DO.obs; NAs in DO.sat; NAs in depth; NAs in temp.water; NAs in light; NAs in discharge"
"485",2020-11-07,NA,NA,NA,NA,NA,NA,NA,NA,NA,NA,NA,NA,NA,NA,NA,NA,NA,NA,NA,NA,NA,NA,NA,NA,NA,NA,NA,NA,NA,NA,NA,NA,NA,NA,NA,NA,NA,NA,NA,NA,NA,NA,NA,NA,NA,NA,NA,NA,NA,NA,NA,NA,NA,NA,NA,NA,NA,NA,NA,NA,NA,NA,NA,NA,NA,NA,NA,NA,NA,NA,FALSE,"","NAs in DO.obs; NAs in DO.sat; NAs in depth; NAs in temp.water; NAs in light; NAs in discharge"
"486",2020-11-08,NA,NA,NA,NA,NA,NA,NA,NA,NA,NA,NA,NA,NA,NA,NA,NA,NA,NA,NA,NA,NA,NA,NA,NA,NA,NA,NA,NA,NA,NA,NA,NA,NA,NA,NA,NA,NA,NA,NA,NA,NA,NA,NA,NA,NA,NA,NA,NA,NA,NA,NA,NA,NA,NA,NA,NA,NA,NA,NA,NA,NA,NA,NA,NA,NA,NA,NA,NA,NA,NA,FALSE,"","NAs in DO.obs; NAs in DO.sat; NAs in depth; NAs in temp.water; NAs in light; NAs in discharge"
"487",2020-11-09,NA,NA,NA,NA,NA,NA,NA,NA,NA,NA,NA,NA,NA,NA,NA,NA,NA,NA,NA,NA,NA,NA,NA,NA,NA,NA,NA,NA,NA,NA,NA,NA,NA,NA,NA,NA,NA,NA,NA,NA,NA,NA,NA,NA,NA,NA,NA,NA,NA,NA,NA,NA,NA,NA,NA,NA,NA,NA,NA,NA,NA,NA,NA,NA,NA,NA,NA,NA,NA,NA,FALSE,"","NAs in DO.obs; NAs in DO.sat; NAs in depth; NAs in temp.water; NAs in light; NAs in discharge"
"488",2020-11-10,NA,NA,NA,NA,NA,NA,NA,NA,NA,NA,NA,NA,NA,NA,NA,NA,NA,NA,NA,NA,NA,NA,NA,NA,NA,NA,NA,NA,NA,NA,NA,NA,NA,NA,NA,NA,NA,NA,NA,NA,NA,NA,NA,NA,NA,NA,NA,NA,NA,NA,NA,NA,NA,NA,NA,NA,NA,NA,NA,NA,NA,NA,NA,NA,NA,NA,NA,NA,NA,NA,FALSE,"","NAs in DO.obs; NAs in DO.sat; NAs in depth; NAs in temp.water; NAs in light; NAs in discharge"
"489",2020-11-11,NA,NA,NA,NA,NA,NA,NA,NA,NA,NA,NA,NA,NA,NA,NA,NA,NA,NA,NA,NA,NA,NA,NA,NA,NA,NA,NA,NA,NA,NA,NA,NA,NA,NA,NA,NA,NA,NA,NA,NA,NA,NA,NA,NA,NA,NA,NA,NA,NA,NA,NA,NA,NA,NA,NA,NA,NA,NA,NA,NA,NA,NA,NA,NA,NA,NA,NA,NA,NA,NA,FALSE,"","NAs in DO.obs; NAs in DO.sat; NAs in depth; NAs in temp.water; NAs in light; NAs in discharge"
"490",2020-11-12,NA,NA,NA,NA,NA,NA,NA,NA,NA,NA,NA,NA,NA,NA,NA,NA,NA,NA,NA,NA,NA,NA,NA,NA,NA,NA,NA,NA,NA,NA,NA,NA,NA,NA,NA,NA,NA,NA,NA,NA,NA,NA,NA,NA,NA,NA,NA,NA,NA,NA,NA,NA,NA,NA,NA,NA,NA,NA,NA,NA,NA,NA,NA,NA,NA,NA,NA,NA,NA,NA,FALSE,"","NAs in DO.obs; NAs in DO.sat; NAs in depth; NAs in temp.water; NAs in light; NAs in discharge"
"491",2020-11-13,NA,NA,NA,NA,NA,NA,NA,NA,NA,NA,NA,NA,NA,NA,NA,NA,NA,NA,NA,NA,NA,NA,NA,NA,NA,NA,NA,NA,NA,NA,NA,NA,NA,NA,NA,NA,NA,NA,NA,NA,NA,NA,NA,NA,NA,NA,NA,NA,NA,NA,NA,NA,NA,NA,NA,NA,NA,NA,NA,NA,NA,NA,NA,NA,NA,NA,NA,NA,NA,NA,FALSE,"","NAs in DO.obs; NAs in DO.sat; NAs in depth; NAs in temp.water; NAs in light; NAs in discharge"
"492",2020-11-14,NA,NA,NA,NA,NA,NA,NA,NA,NA,NA,NA,NA,NA,NA,NA,NA,NA,NA,NA,NA,NA,NA,NA,NA,NA,NA,NA,NA,NA,NA,NA,NA,NA,NA,NA,NA,NA,NA,NA,NA,NA,NA,NA,NA,NA,NA,NA,NA,NA,NA,NA,NA,NA,NA,NA,NA,NA,NA,NA,NA,NA,NA,NA,NA,NA,NA,NA,NA,NA,NA,FALSE,"","NAs in DO.obs; NAs in DO.sat; NAs in depth; NAs in temp.water; NAs in light; NAs in discharge"
"493",2020-11-15,NA,NA,NA,NA,NA,NA,NA,NA,NA,NA,NA,NA,NA,NA,NA,NA,NA,NA,NA,NA,NA,NA,NA,NA,NA,NA,NA,NA,NA,NA,NA,NA,NA,NA,NA,NA,NA,NA,NA,NA,NA,NA,NA,NA,NA,NA,NA,NA,NA,NA,NA,NA,NA,NA,NA,NA,NA,NA,NA,NA,NA,NA,NA,NA,NA,NA,NA,NA,NA,NA,FALSE,"","NAs in DO.obs; NAs in DO.sat; NAs in depth; NAs in temp.water; NAs in light; NAs in discharge"
"494",2020-11-16,NA,NA,NA,NA,NA,NA,NA,NA,NA,NA,NA,NA,NA,NA,NA,NA,NA,NA,NA,NA,NA,NA,NA,NA,NA,NA,NA,NA,NA,NA,NA,NA,NA,NA,NA,NA,NA,NA,NA,NA,NA,NA,NA,NA,NA,NA,NA,NA,NA,NA,NA,NA,NA,NA,NA,NA,NA,NA,NA,NA,NA,NA,NA,NA,NA,NA,NA,NA,NA,NA,FALSE,"","NAs in DO.obs; NAs in DO.sat; NAs in depth; NAs in temp.water; NAs in light; NAs in discharge"
"495",2020-11-17,NA,NA,NA,NA,NA,NA,NA,NA,NA,NA,NA,NA,NA,NA,NA,NA,NA,NA,NA,NA,NA,NA,NA,NA,NA,NA,NA,NA,NA,NA,NA,NA,NA,NA,NA,NA,NA,NA,NA,NA,NA,NA,NA,NA,NA,NA,NA,NA,NA,NA,NA,NA,NA,NA,NA,NA,NA,NA,NA,NA,NA,NA,NA,NA,NA,NA,NA,NA,NA,NA,FALSE,"","NAs in DO.obs; NAs in DO.sat; NAs in depth; NAs in temp.water; NAs in light; NAs in discharge"
"496",2020-11-18,NA,NA,NA,NA,NA,NA,NA,NA,NA,NA,NA,NA,NA,NA,NA,NA,NA,NA,NA,NA,NA,NA,NA,NA,NA,NA,NA,NA,NA,NA,NA,NA,NA,NA,NA,NA,NA,NA,NA,NA,NA,NA,NA,NA,NA,NA,NA,NA,NA,NA,NA,NA,NA,NA,NA,NA,NA,NA,NA,NA,NA,NA,NA,NA,NA,NA,NA,NA,NA,NA,FALSE,"","NAs in DO.obs; NAs in DO.sat; NAs in depth; NAs in temp.water; NAs in light; NAs in discharge"
"497",2020-11-19,NA,NA,NA,NA,NA,NA,NA,NA,NA,NA,NA,NA,NA,NA,NA,NA,NA,NA,NA,NA,NA,NA,NA,NA,NA,NA,NA,NA,NA,NA,NA,NA,NA,NA,NA,NA,NA,NA,NA,NA,NA,NA,NA,NA,NA,NA,NA,NA,NA,NA,NA,NA,NA,NA,NA,NA,NA,NA,NA,NA,NA,NA,NA,NA,NA,NA,NA,NA,NA,NA,FALSE,"","NAs in DO.obs; NAs in DO.sat; NAs in depth; NAs in temp.water; NAs in light; NAs in discharge"
"498",2020-11-20,NA,NA,NA,NA,NA,NA,NA,NA,NA,NA,NA,NA,NA,NA,NA,NA,NA,NA,NA,NA,NA,NA,NA,NA,NA,NA,NA,NA,NA,NA,NA,NA,NA,NA,NA,NA,NA,NA,NA,NA,NA,NA,NA,NA,NA,NA,NA,NA,NA,NA,NA,NA,NA,NA,NA,NA,NA,NA,NA,NA,NA,NA,NA,NA,NA,NA,NA,NA,NA,NA,FALSE,"","NAs in DO.obs; NAs in DO.sat; NAs in depth; NAs in temp.water; NAs in light; NAs in discharge"
"499",2020-11-21,NA,NA,NA,NA,NA,NA,NA,NA,NA,NA,NA,NA,NA,NA,NA,NA,NA,NA,NA,NA,NA,NA,NA,NA,NA,NA,NA,NA,NA,NA,NA,NA,NA,NA,NA,NA,NA,NA,NA,NA,NA,NA,NA,NA,NA,NA,NA,NA,NA,NA,NA,NA,NA,NA,NA,NA,NA,NA,NA,NA,NA,NA,NA,NA,NA,NA,NA,NA,NA,NA,FALSE,"","NAs in DO.obs; NAs in DO.sat; NAs in depth; NAs in temp.water; NAs in light; NAs in discharge"
"500",2020-11-22,NA,NA,NA,NA,NA,NA,NA,NA,NA,NA,NA,NA,NA,NA,NA,NA,NA,NA,NA,NA,NA,NA,NA,NA,NA,NA,NA,NA,NA,NA,NA,NA,NA,NA,NA,NA,NA,NA,NA,NA,NA,NA,NA,NA,NA,NA,NA,NA,NA,NA,NA,NA,NA,NA,NA,NA,NA,NA,NA,NA,NA,NA,NA,NA,NA,NA,NA,NA,NA,NA,FALSE,"","NAs in DO.obs; NAs in DO.sat; NAs in depth; NAs in temp.water; NAs in light; NAs in discharge"
"501",2020-11-23,NA,NA,NA,NA,NA,NA,NA,NA,NA,NA,NA,NA,NA,NA,NA,NA,NA,NA,NA,NA,NA,NA,NA,NA,NA,NA,NA,NA,NA,NA,NA,NA,NA,NA,NA,NA,NA,NA,NA,NA,NA,NA,NA,NA,NA,NA,NA,NA,NA,NA,NA,NA,NA,NA,NA,NA,NA,NA,NA,NA,NA,NA,NA,NA,NA,NA,NA,NA,NA,NA,FALSE,"","NAs in DO.obs; NAs in DO.sat; NAs in depth; NAs in temp.water; NAs in light; NAs in discharge"
"502",2020-11-24,NA,NA,NA,NA,NA,NA,NA,NA,NA,NA,NA,NA,NA,NA,NA,NA,NA,NA,NA,NA,NA,NA,NA,NA,NA,NA,NA,NA,NA,NA,NA,NA,NA,NA,NA,NA,NA,NA,NA,NA,NA,NA,NA,NA,NA,NA,NA,NA,NA,NA,NA,NA,NA,NA,NA,NA,NA,NA,NA,NA,NA,NA,NA,NA,NA,NA,NA,NA,NA,NA,FALSE,"","NAs in DO.obs; NAs in DO.sat; NAs in depth; NAs in temp.water; NAs in light; NAs in discharge"
"503",2020-11-25,NA,NA,NA,NA,NA,NA,NA,NA,NA,NA,NA,NA,NA,NA,NA,NA,NA,NA,NA,NA,NA,NA,NA,NA,NA,NA,NA,NA,NA,NA,NA,NA,NA,NA,NA,NA,NA,NA,NA,NA,NA,NA,NA,NA,NA,NA,NA,NA,NA,NA,NA,NA,NA,NA,NA,NA,NA,NA,NA,NA,NA,NA,NA,NA,NA,NA,NA,NA,NA,NA,FALSE,"","NAs in DO.obs; NAs in DO.sat; NAs in depth; NAs in temp.water; NAs in light; NAs in discharge"
"504",2020-11-26,NA,NA,NA,NA,NA,NA,NA,NA,NA,NA,NA,NA,NA,NA,NA,NA,NA,NA,NA,NA,NA,NA,NA,NA,NA,NA,NA,NA,NA,NA,NA,NA,NA,NA,NA,NA,NA,NA,NA,NA,NA,NA,NA,NA,NA,NA,NA,NA,NA,NA,NA,NA,NA,NA,NA,NA,NA,NA,NA,NA,NA,NA,NA,NA,NA,NA,NA,NA,NA,NA,FALSE,"","NAs in DO.obs; NAs in DO.sat; NAs in depth; NAs in temp.water; NAs in light; NAs in discharge"
"505",2020-11-27,NA,NA,NA,NA,NA,NA,NA,NA,NA,NA,NA,NA,NA,NA,NA,NA,NA,NA,NA,NA,NA,NA,NA,NA,NA,NA,NA,NA,NA,NA,NA,NA,NA,NA,NA,NA,NA,NA,NA,NA,NA,NA,NA,NA,NA,NA,NA,NA,NA,NA,NA,NA,NA,NA,NA,NA,NA,NA,NA,NA,NA,NA,NA,NA,NA,NA,NA,NA,NA,NA,FALSE,"","NAs in DO.obs; NAs in DO.sat; NAs in depth; NAs in temp.water; NAs in light; NAs in discharge"
"506",2020-11-28,NA,NA,NA,NA,NA,NA,NA,NA,NA,NA,NA,NA,NA,NA,NA,NA,NA,NA,NA,NA,NA,NA,NA,NA,NA,NA,NA,NA,NA,NA,NA,NA,NA,NA,NA,NA,NA,NA,NA,NA,NA,NA,NA,NA,NA,NA,NA,NA,NA,NA,NA,NA,NA,NA,NA,NA,NA,NA,NA,NA,NA,NA,NA,NA,NA,NA,NA,NA,NA,NA,FALSE,"","NAs in DO.obs; NAs in DO.sat; NAs in depth; NAs in temp.water; NAs in light; NAs in discharge"
"507",2020-11-29,NA,NA,NA,NA,NA,NA,NA,NA,NA,NA,NA,NA,NA,NA,NA,NA,NA,NA,NA,NA,NA,NA,NA,NA,NA,NA,NA,NA,NA,NA,NA,NA,NA,NA,NA,NA,NA,NA,NA,NA,NA,NA,NA,NA,NA,NA,NA,NA,NA,NA,NA,NA,NA,NA,NA,NA,NA,NA,NA,NA,NA,NA,NA,NA,NA,NA,NA,NA,NA,NA,FALSE,"","NAs in DO.obs; NAs in DO.sat; NAs in depth; NAs in temp.water; NAs in light; NAs in discharge"
"508",2020-11-30,NA,NA,NA,NA,NA,NA,NA,NA,NA,NA,NA,NA,NA,NA,NA,NA,NA,NA,NA,NA,NA,NA,NA,NA,NA,NA,NA,NA,NA,NA,NA,NA,NA,NA,NA,NA,NA,NA,NA,NA,NA,NA,NA,NA,NA,NA,NA,NA,NA,NA,NA,NA,NA,NA,NA,NA,NA,NA,NA,NA,NA,NA,NA,NA,NA,NA,NA,NA,NA,NA,FALSE,"","NAs in DO.obs; NAs in DO.sat; NAs in depth; NAs in temp.water; NAs in light; NAs in discharge"
"509",2020-12-01,NA,NA,NA,NA,NA,NA,NA,NA,NA,NA,NA,NA,NA,NA,NA,NA,NA,NA,NA,NA,NA,NA,NA,NA,NA,NA,NA,NA,NA,NA,NA,NA,NA,NA,NA,NA,NA,NA,NA,NA,NA,NA,NA,NA,NA,NA,NA,NA,NA,NA,NA,NA,NA,NA,NA,NA,NA,NA,NA,NA,NA,NA,NA,NA,NA,NA,NA,NA,NA,NA,FALSE,"","NAs in DO.obs; NAs in DO.sat; NAs in depth; NAs in temp.water; NAs in light; NAs in discharge"
"510",2020-12-02,NA,NA,NA,NA,NA,NA,NA,NA,NA,NA,NA,NA,NA,NA,NA,NA,NA,NA,NA,NA,NA,NA,NA,NA,NA,NA,NA,NA,NA,NA,NA,NA,NA,NA,NA,NA,NA,NA,NA,NA,NA,NA,NA,NA,NA,NA,NA,NA,NA,NA,NA,NA,NA,NA,NA,NA,NA,NA,NA,NA,NA,NA,NA,NA,NA,NA,NA,NA,NA,NA,FALSE,"","NAs in DO.obs; NAs in DO.sat; NAs in depth; NAs in temp.water; NAs in light; NAs in discharge"
"511",2020-12-03,NA,NA,NA,NA,NA,NA,NA,NA,NA,NA,NA,NA,NA,NA,NA,NA,NA,NA,NA,NA,NA,NA,NA,NA,NA,NA,NA,NA,NA,NA,NA,NA,NA,NA,NA,NA,NA,NA,NA,NA,NA,NA,NA,NA,NA,NA,NA,NA,NA,NA,NA,NA,NA,NA,NA,NA,NA,NA,NA,NA,NA,NA,NA,NA,NA,NA,NA,NA,NA,NA,FALSE,"","NAs in DO.obs; NAs in DO.sat; NAs in depth; NAs in temp.water; NAs in light; NAs in discharge"
"512",2020-12-04,NA,NA,NA,NA,NA,NA,NA,NA,NA,NA,NA,NA,NA,NA,NA,NA,NA,NA,NA,NA,NA,NA,NA,NA,NA,NA,NA,NA,NA,NA,NA,NA,NA,NA,NA,NA,NA,NA,NA,NA,NA,NA,NA,NA,NA,NA,NA,NA,NA,NA,NA,NA,NA,NA,NA,NA,NA,NA,NA,NA,NA,NA,NA,NA,NA,NA,NA,NA,NA,NA,FALSE,"","NAs in DO.obs; NAs in DO.sat; NAs in depth; NAs in temp.water; NAs in light; NAs in discharge"
"513",2020-12-05,NA,NA,NA,NA,NA,NA,NA,NA,NA,NA,NA,NA,NA,NA,NA,NA,NA,NA,NA,NA,NA,NA,NA,NA,NA,NA,NA,NA,NA,NA,NA,NA,NA,NA,NA,NA,NA,NA,NA,NA,NA,NA,NA,NA,NA,NA,NA,NA,NA,NA,NA,NA,NA,NA,NA,NA,NA,NA,NA,NA,NA,NA,NA,NA,NA,NA,NA,NA,NA,NA,FALSE,"","NAs in DO.obs; NAs in DO.sat; NAs in depth; NAs in temp.water; NAs in light; NAs in discharge"
"514",2020-12-06,NA,NA,NA,NA,NA,NA,NA,NA,NA,NA,NA,NA,NA,NA,NA,NA,NA,NA,NA,NA,NA,NA,NA,NA,NA,NA,NA,NA,NA,NA,NA,NA,NA,NA,NA,NA,NA,NA,NA,NA,NA,NA,NA,NA,NA,NA,NA,NA,NA,NA,NA,NA,NA,NA,NA,NA,NA,NA,NA,NA,NA,NA,NA,NA,NA,NA,NA,NA,NA,NA,FALSE,"","NAs in DO.obs; NAs in DO.sat; NAs in depth; NAs in temp.water; NAs in light; NAs in discharge"
"515",2020-12-07,NA,NA,NA,NA,NA,NA,NA,NA,NA,NA,NA,NA,NA,NA,NA,NA,NA,NA,NA,NA,NA,NA,NA,NA,NA,NA,NA,NA,NA,NA,NA,NA,NA,NA,NA,NA,NA,NA,NA,NA,NA,NA,NA,NA,NA,NA,NA,NA,NA,NA,NA,NA,NA,NA,NA,NA,NA,NA,NA,NA,NA,NA,NA,NA,NA,NA,NA,NA,NA,NA,FALSE,"","NAs in DO.obs; NAs in DO.sat; NAs in depth; NAs in temp.water; NAs in light; NAs in discharge"
"516",2020-12-08,NA,NA,NA,NA,NA,NA,NA,NA,NA,NA,NA,NA,NA,NA,NA,NA,NA,NA,NA,NA,NA,NA,NA,NA,NA,NA,NA,NA,NA,NA,NA,NA,NA,NA,NA,NA,NA,NA,NA,NA,NA,NA,NA,NA,NA,NA,NA,NA,NA,NA,NA,NA,NA,NA,NA,NA,NA,NA,NA,NA,NA,NA,NA,NA,NA,NA,NA,NA,NA,NA,FALSE,"","NAs in DO.obs; NAs in DO.sat; NAs in depth; NAs in temp.water; NAs in light; NAs in discharge"
"517",2020-12-09,NA,NA,NA,NA,NA,NA,NA,NA,NA,NA,NA,NA,NA,NA,NA,NA,NA,NA,NA,NA,NA,NA,NA,NA,NA,NA,NA,NA,NA,NA,NA,NA,NA,NA,NA,NA,NA,NA,NA,NA,NA,NA,NA,NA,NA,NA,NA,NA,NA,NA,NA,NA,NA,NA,NA,NA,NA,NA,NA,NA,NA,NA,NA,NA,NA,NA,NA,NA,NA,NA,FALSE,"","NAs in DO.obs; NAs in DO.sat; NAs in depth; NAs in temp.water; NAs in light; NAs in discharge"
"518",2020-12-10,NA,NA,NA,NA,NA,NA,NA,NA,NA,NA,NA,NA,NA,NA,NA,NA,NA,NA,NA,NA,NA,NA,NA,NA,NA,NA,NA,NA,NA,NA,NA,NA,NA,NA,NA,NA,NA,NA,NA,NA,NA,NA,NA,NA,NA,NA,NA,NA,NA,NA,NA,NA,NA,NA,NA,NA,NA,NA,NA,NA,NA,NA,NA,NA,NA,NA,NA,NA,NA,NA,FALSE,"","NAs in DO.obs; NAs in DO.sat; NAs in depth; NAs in temp.water; NAs in light; NAs in discharge"
"519",2020-12-11,NA,NA,NA,NA,NA,NA,NA,NA,NA,NA,NA,NA,NA,NA,NA,NA,NA,NA,NA,NA,NA,NA,NA,NA,NA,NA,NA,NA,NA,NA,NA,NA,NA,NA,NA,NA,NA,NA,NA,NA,NA,NA,NA,NA,NA,NA,NA,NA,NA,NA,NA,NA,NA,NA,NA,NA,NA,NA,NA,NA,NA,NA,NA,NA,NA,NA,NA,NA,NA,NA,FALSE,"","NAs in DO.obs; NAs in DO.sat; NAs in depth; NAs in temp.water; NAs in light; NAs in discharge"
"520",2020-12-12,NA,NA,NA,NA,NA,NA,NA,NA,NA,NA,NA,NA,NA,NA,NA,NA,NA,NA,NA,NA,NA,NA,NA,NA,NA,NA,NA,NA,NA,NA,NA,NA,NA,NA,NA,NA,NA,NA,NA,NA,NA,NA,NA,NA,NA,NA,NA,NA,NA,NA,NA,NA,NA,NA,NA,NA,NA,NA,NA,NA,NA,NA,NA,NA,NA,NA,NA,NA,NA,NA,FALSE,"","NAs in DO.obs; NAs in DO.sat; NAs in depth; NAs in temp.water; NAs in light; NAs in discharge"
"521",2020-12-13,NA,NA,NA,NA,NA,NA,NA,NA,NA,NA,NA,NA,NA,NA,NA,NA,NA,NA,NA,NA,NA,NA,NA,NA,NA,NA,NA,NA,NA,NA,NA,NA,NA,NA,NA,NA,NA,NA,NA,NA,NA,NA,NA,NA,NA,NA,NA,NA,NA,NA,NA,NA,NA,NA,NA,NA,NA,NA,NA,NA,NA,NA,NA,NA,NA,NA,NA,NA,NA,NA,FALSE,"","NAs in DO.obs; NAs in DO.sat; NAs in depth; NAs in temp.water; NAs in light; NAs in discharge"
"522",2020-12-14,NA,NA,NA,NA,NA,NA,NA,NA,NA,NA,NA,NA,NA,NA,NA,NA,NA,NA,NA,NA,NA,NA,NA,NA,NA,NA,NA,NA,NA,NA,NA,NA,NA,NA,NA,NA,NA,NA,NA,NA,NA,NA,NA,NA,NA,NA,NA,NA,NA,NA,NA,NA,NA,NA,NA,NA,NA,NA,NA,NA,NA,NA,NA,NA,NA,NA,NA,NA,NA,NA,FALSE,"","NAs in DO.obs; NAs in DO.sat; NAs in depth; NAs in temp.water; NAs in light; NAs in discharge"
"523",2020-12-15,NA,NA,NA,NA,NA,NA,NA,NA,NA,NA,NA,NA,NA,NA,NA,NA,NA,NA,NA,NA,NA,NA,NA,NA,NA,NA,NA,NA,NA,NA,NA,NA,NA,NA,NA,NA,NA,NA,NA,NA,NA,NA,NA,NA,NA,NA,NA,NA,NA,NA,NA,NA,NA,NA,NA,NA,NA,NA,NA,NA,NA,NA,NA,NA,NA,NA,NA,NA,NA,NA,FALSE,"","NAs in DO.obs; NAs in DO.sat; NAs in depth; NAs in temp.water; NAs in light; NAs in discharge"
"524",2020-12-16,NA,NA,NA,NA,NA,NA,NA,NA,NA,NA,NA,NA,NA,NA,NA,NA,NA,NA,NA,NA,NA,NA,NA,NA,NA,NA,NA,NA,NA,NA,NA,NA,NA,NA,NA,NA,NA,NA,NA,NA,NA,NA,NA,NA,NA,NA,NA,NA,NA,NA,NA,NA,NA,NA,NA,NA,NA,NA,NA,NA,NA,NA,NA,NA,NA,NA,NA,NA,NA,NA,FALSE,"","NAs in DO.obs; NAs in DO.sat; NAs in depth; NAs in temp.water; NAs in light; NAs in discharge"
"525",2020-12-17,NA,NA,NA,NA,NA,NA,NA,NA,NA,NA,NA,NA,NA,NA,NA,NA,NA,NA,NA,NA,NA,NA,NA,NA,NA,NA,NA,NA,NA,NA,NA,NA,NA,NA,NA,NA,NA,NA,NA,NA,NA,NA,NA,NA,NA,NA,NA,NA,NA,NA,NA,NA,NA,NA,NA,NA,NA,NA,NA,NA,NA,NA,NA,NA,NA,NA,NA,NA,NA,NA,FALSE,"","NAs in DO.obs; NAs in DO.sat; NAs in depth; NAs in temp.water; NAs in light; NAs in discharge"
"526",2020-12-18,NA,NA,NA,NA,NA,NA,NA,NA,NA,NA,NA,NA,NA,NA,NA,NA,NA,NA,NA,NA,NA,NA,NA,NA,NA,NA,NA,NA,NA,NA,NA,NA,NA,NA,NA,NA,NA,NA,NA,NA,NA,NA,NA,NA,NA,NA,NA,NA,NA,NA,NA,NA,NA,NA,NA,NA,NA,NA,NA,NA,NA,NA,NA,NA,NA,NA,NA,NA,NA,NA,FALSE,"","NAs in DO.obs; NAs in DO.sat; NAs in depth; NAs in temp.water; NAs in light; NAs in discharge"
"527",2020-12-19,NA,NA,NA,NA,NA,NA,NA,NA,NA,NA,NA,NA,NA,NA,NA,NA,NA,NA,NA,NA,NA,NA,NA,NA,NA,NA,NA,NA,NA,NA,NA,NA,NA,NA,NA,NA,NA,NA,NA,NA,NA,NA,NA,NA,NA,NA,NA,NA,NA,NA,NA,NA,NA,NA,NA,NA,NA,NA,NA,NA,NA,NA,NA,NA,NA,NA,NA,NA,NA,NA,FALSE,"","NAs in DO.obs; NAs in DO.sat; NAs in depth; NAs in temp.water; NAs in light; NAs in discharge"
"528",2020-12-20,NA,NA,NA,NA,NA,NA,NA,NA,NA,NA,NA,NA,NA,NA,NA,NA,NA,NA,NA,NA,NA,NA,NA,NA,NA,NA,NA,NA,NA,NA,NA,NA,NA,NA,NA,NA,NA,NA,NA,NA,NA,NA,NA,NA,NA,NA,NA,NA,NA,NA,NA,NA,NA,NA,NA,NA,NA,NA,NA,NA,NA,NA,NA,NA,NA,NA,NA,NA,NA,NA,FALSE,"","NAs in DO.obs; NAs in DO.sat; NAs in depth; NAs in temp.water; NAs in light; NAs in discharge"
"529",2020-12-21,NA,NA,NA,NA,NA,NA,NA,NA,NA,NA,NA,NA,NA,NA,NA,NA,NA,NA,NA,NA,NA,NA,NA,NA,NA,NA,NA,NA,NA,NA,NA,NA,NA,NA,NA,NA,NA,NA,NA,NA,NA,NA,NA,NA,NA,NA,NA,NA,NA,NA,NA,NA,NA,NA,NA,NA,NA,NA,NA,NA,NA,NA,NA,NA,NA,NA,NA,NA,NA,NA,FALSE,"","NAs in DO.obs; NAs in DO.sat; NAs in depth; NAs in temp.water; NAs in light; NAs in discharge"
"530",2020-12-22,NA,NA,NA,NA,NA,NA,NA,NA,NA,NA,NA,NA,NA,NA,NA,NA,NA,NA,NA,NA,NA,NA,NA,NA,NA,NA,NA,NA,NA,NA,NA,NA,NA,NA,NA,NA,NA,NA,NA,NA,NA,NA,NA,NA,NA,NA,NA,NA,NA,NA,NA,NA,NA,NA,NA,NA,NA,NA,NA,NA,NA,NA,NA,NA,NA,NA,NA,NA,NA,NA,FALSE,"","NAs in DO.obs; NAs in DO.sat; NAs in depth; NAs in temp.water; NAs in light; NAs in discharge"
"531",2020-12-23,NA,NA,NA,NA,NA,NA,NA,NA,NA,NA,NA,NA,NA,NA,NA,NA,NA,NA,NA,NA,NA,NA,NA,NA,NA,NA,NA,NA,NA,NA,NA,NA,NA,NA,NA,NA,NA,NA,NA,NA,NA,NA,NA,NA,NA,NA,NA,NA,NA,NA,NA,NA,NA,NA,NA,NA,NA,NA,NA,NA,NA,NA,NA,NA,NA,NA,NA,NA,NA,NA,FALSE,"","NAs in DO.obs; NAs in DO.sat; NAs in depth; NAs in temp.water; NAs in light; NAs in discharge"
"532",2020-12-24,NA,NA,NA,NA,NA,NA,NA,NA,NA,NA,NA,NA,NA,NA,NA,NA,NA,NA,NA,NA,NA,NA,NA,NA,NA,NA,NA,NA,NA,NA,NA,NA,NA,NA,NA,NA,NA,NA,NA,NA,NA,NA,NA,NA,NA,NA,NA,NA,NA,NA,NA,NA,NA,NA,NA,NA,NA,NA,NA,NA,NA,NA,NA,NA,NA,NA,NA,NA,NA,NA,FALSE,"","NAs in DO.obs; NAs in DO.sat; NAs in depth; NAs in temp.water; NAs in light; NAs in discharge"
"533",2020-12-25,NA,NA,NA,NA,NA,NA,NA,NA,NA,NA,NA,NA,NA,NA,NA,NA,NA,NA,NA,NA,NA,NA,NA,NA,NA,NA,NA,NA,NA,NA,NA,NA,NA,NA,NA,NA,NA,NA,NA,NA,NA,NA,NA,NA,NA,NA,NA,NA,NA,NA,NA,NA,NA,NA,NA,NA,NA,NA,NA,NA,NA,NA,NA,NA,NA,NA,NA,NA,NA,NA,FALSE,"","NAs in DO.obs; NAs in DO.sat; NAs in depth; NAs in temp.water; NAs in light; NAs in discharge"
"534",2020-12-26,NA,NA,NA,NA,NA,NA,NA,NA,NA,NA,NA,NA,NA,NA,NA,NA,NA,NA,NA,NA,NA,NA,NA,NA,NA,NA,NA,NA,NA,NA,NA,NA,NA,NA,NA,NA,NA,NA,NA,NA,NA,NA,NA,NA,NA,NA,NA,NA,NA,NA,NA,NA,NA,NA,NA,NA,NA,NA,NA,NA,NA,NA,NA,NA,NA,NA,NA,NA,NA,NA,FALSE,"","NAs in DO.obs; NAs in DO.sat; NAs in depth; NAs in temp.water; NAs in light; NAs in discharge"
"535",2020-12-27,NA,NA,NA,NA,NA,NA,NA,NA,NA,NA,NA,NA,NA,NA,NA,NA,NA,NA,NA,NA,NA,NA,NA,NA,NA,NA,NA,NA,NA,NA,NA,NA,NA,NA,NA,NA,NA,NA,NA,NA,NA,NA,NA,NA,NA,NA,NA,NA,NA,NA,NA,NA,NA,NA,NA,NA,NA,NA,NA,NA,NA,NA,NA,NA,NA,NA,NA,NA,NA,NA,FALSE,"","NAs in DO.obs; NAs in DO.sat; NAs in depth; NAs in temp.water; NAs in light; NAs in discharge"
"536",2020-12-28,NA,NA,NA,NA,NA,NA,NA,NA,NA,NA,NA,NA,NA,NA,NA,NA,NA,NA,NA,NA,NA,NA,NA,NA,NA,NA,NA,NA,NA,NA,NA,NA,NA,NA,NA,NA,NA,NA,NA,NA,NA,NA,NA,NA,NA,NA,NA,NA,NA,NA,NA,NA,NA,NA,NA,NA,NA,NA,NA,NA,NA,NA,NA,NA,NA,NA,NA,NA,NA,NA,FALSE,"","NAs in DO.obs; NAs in DO.sat; NAs in depth; NAs in temp.water; NAs in light; NAs in discharge"
"537",2020-12-29,NA,NA,NA,NA,NA,NA,NA,NA,NA,NA,NA,NA,NA,NA,NA,NA,NA,NA,NA,NA,NA,NA,NA,NA,NA,NA,NA,NA,NA,NA,NA,NA,NA,NA,NA,NA,NA,NA,NA,NA,NA,NA,NA,NA,NA,NA,NA,NA,NA,NA,NA,NA,NA,NA,NA,NA,NA,NA,NA,NA,NA,NA,NA,NA,NA,NA,NA,NA,NA,NA,FALSE,"","NAs in DO.obs; NAs in DO.sat; NAs in depth; NAs in temp.water; NAs in light; NAs in discharge"
"538",2020-12-30,NA,NA,NA,NA,NA,NA,NA,NA,NA,NA,NA,NA,NA,NA,NA,NA,NA,NA,NA,NA,NA,NA,NA,NA,NA,NA,NA,NA,NA,NA,NA,NA,NA,NA,NA,NA,NA,NA,NA,NA,NA,NA,NA,NA,NA,NA,NA,NA,NA,NA,NA,NA,NA,NA,NA,NA,NA,NA,NA,NA,NA,NA,NA,NA,NA,NA,NA,NA,NA,NA,FALSE,"","NAs in DO.obs; NAs in DO.sat; NAs in depth; NAs in temp.water; NAs in light; NAs in discharge"
"539",2020-12-31,NA,NA,NA,NA,NA,NA,NA,NA,NA,NA,NA,NA,NA,NA,NA,NA,NA,NA,NA,NA,NA,NA,NA,NA,NA,NA,NA,NA,NA,NA,NA,NA,NA,NA,NA,NA,NA,NA,NA,NA,NA,NA,NA,NA,NA,NA,NA,NA,NA,NA,NA,NA,NA,NA,NA,NA,NA,NA,NA,NA,NA,NA,NA,NA,NA,NA,NA,NA,NA,NA,FALSE,"","NAs in DO.obs; NAs in DO.sat; NAs in depth; NAs in temp.water; NAs in light; NAs in discharge"
"540",2021-01-01,NA,NA,NA,NA,NA,NA,NA,NA,NA,NA,NA,NA,NA,NA,NA,NA,NA,NA,NA,NA,NA,NA,NA,NA,NA,NA,NA,NA,NA,NA,NA,NA,NA,NA,NA,NA,NA,NA,NA,NA,NA,NA,NA,NA,NA,NA,NA,NA,NA,NA,NA,NA,NA,NA,NA,NA,NA,NA,NA,NA,NA,NA,NA,NA,NA,NA,NA,NA,NA,NA,FALSE,"","NAs in DO.obs; NAs in DO.sat; NAs in depth; NAs in temp.water; NAs in light; NAs in discharge"
"541",2021-01-02,NA,NA,NA,NA,NA,NA,NA,NA,NA,NA,NA,NA,NA,NA,NA,NA,NA,NA,NA,NA,NA,NA,NA,NA,NA,NA,NA,NA,NA,NA,NA,NA,NA,NA,NA,NA,NA,NA,NA,NA,NA,NA,NA,NA,NA,NA,NA,NA,NA,NA,NA,NA,NA,NA,NA,NA,NA,NA,NA,NA,NA,NA,NA,NA,NA,NA,NA,NA,NA,NA,FALSE,"","NAs in DO.obs; NAs in DO.sat; NAs in depth; NAs in temp.water; NAs in light; NAs in discharge"
"542",2021-01-03,NA,NA,NA,NA,NA,NA,NA,NA,NA,NA,NA,NA,NA,NA,NA,NA,NA,NA,NA,NA,NA,NA,NA,NA,NA,NA,NA,NA,NA,NA,NA,NA,NA,NA,NA,NA,NA,NA,NA,NA,NA,NA,NA,NA,NA,NA,NA,NA,NA,NA,NA,NA,NA,NA,NA,NA,NA,NA,NA,NA,NA,NA,NA,NA,NA,NA,NA,NA,NA,NA,FALSE,"","NAs in DO.obs; NAs in DO.sat; NAs in depth; NAs in temp.water; NAs in light; NAs in discharge"
"543",2021-01-04,NA,NA,NA,NA,NA,NA,NA,NA,NA,NA,NA,NA,NA,NA,NA,NA,NA,NA,NA,NA,NA,NA,NA,NA,NA,NA,NA,NA,NA,NA,NA,NA,NA,NA,NA,NA,NA,NA,NA,NA,NA,NA,NA,NA,NA,NA,NA,NA,NA,NA,NA,NA,NA,NA,NA,NA,NA,NA,NA,NA,NA,NA,NA,NA,NA,NA,NA,NA,NA,NA,FALSE,"","NAs in DO.obs; NAs in DO.sat; NAs in depth; NAs in temp.water; NAs in light; NAs in discharge"
"544",2021-01-05,NA,NA,NA,NA,NA,NA,NA,NA,NA,NA,NA,NA,NA,NA,NA,NA,NA,NA,NA,NA,NA,NA,NA,NA,NA,NA,NA,NA,NA,NA,NA,NA,NA,NA,NA,NA,NA,NA,NA,NA,NA,NA,NA,NA,NA,NA,NA,NA,NA,NA,NA,NA,NA,NA,NA,NA,NA,NA,NA,NA,NA,NA,NA,NA,NA,NA,NA,NA,NA,NA,FALSE,"","NAs in DO.obs; NAs in DO.sat; NAs in depth; NAs in temp.water; NAs in light; NAs in discharge"
"545",2021-01-06,NA,NA,NA,NA,NA,NA,NA,NA,NA,NA,NA,NA,NA,NA,NA,NA,NA,NA,NA,NA,NA,NA,NA,NA,NA,NA,NA,NA,NA,NA,NA,NA,NA,NA,NA,NA,NA,NA,NA,NA,NA,NA,NA,NA,NA,NA,NA,NA,NA,NA,NA,NA,NA,NA,NA,NA,NA,NA,NA,NA,NA,NA,NA,NA,NA,NA,NA,NA,NA,NA,FALSE,"","NAs in DO.obs; NAs in DO.sat; NAs in depth; NAs in temp.water; NAs in light; NAs in discharge"
"546",2021-01-07,NA,NA,NA,NA,NA,NA,NA,NA,NA,NA,NA,NA,NA,NA,NA,NA,NA,NA,NA,NA,NA,NA,NA,NA,NA,NA,NA,NA,NA,NA,NA,NA,NA,NA,NA,NA,NA,NA,NA,NA,NA,NA,NA,NA,NA,NA,NA,NA,NA,NA,NA,NA,NA,NA,NA,NA,NA,NA,NA,NA,NA,NA,NA,NA,NA,NA,NA,NA,NA,NA,FALSE,"","NAs in DO.obs; NAs in DO.sat; NAs in depth; NAs in temp.water; NAs in light; NAs in discharge"
"547",2021-01-08,NA,NA,NA,NA,NA,NA,NA,NA,NA,NA,NA,NA,NA,NA,NA,NA,NA,NA,NA,NA,NA,NA,NA,NA,NA,NA,NA,NA,NA,NA,NA,NA,NA,NA,NA,NA,NA,NA,NA,NA,NA,NA,NA,NA,NA,NA,NA,NA,NA,NA,NA,NA,NA,NA,NA,NA,NA,NA,NA,NA,NA,NA,NA,NA,NA,NA,NA,NA,NA,NA,FALSE,"","NAs in DO.obs; NAs in DO.sat; NAs in depth; NAs in temp.water; NAs in light; NAs in discharge"
"548",2021-01-09,NA,NA,NA,NA,NA,NA,NA,NA,NA,NA,NA,NA,NA,NA,NA,NA,NA,NA,NA,NA,NA,NA,NA,NA,NA,NA,NA,NA,NA,NA,NA,NA,NA,NA,NA,NA,NA,NA,NA,NA,NA,NA,NA,NA,NA,NA,NA,NA,NA,NA,NA,NA,NA,NA,NA,NA,NA,NA,NA,NA,NA,NA,NA,NA,NA,NA,NA,NA,NA,NA,FALSE,"","NAs in DO.obs; NAs in DO.sat; NAs in depth; NAs in temp.water; NAs in light; NAs in discharge"
"549",2021-01-10,NA,NA,NA,NA,NA,NA,NA,NA,NA,NA,NA,NA,NA,NA,NA,NA,NA,NA,NA,NA,NA,NA,NA,NA,NA,NA,NA,NA,NA,NA,NA,NA,NA,NA,NA,NA,NA,NA,NA,NA,NA,NA,NA,NA,NA,NA,NA,NA,NA,NA,NA,NA,NA,NA,NA,NA,NA,NA,NA,NA,NA,NA,NA,NA,NA,NA,NA,NA,NA,NA,FALSE,"","NAs in DO.obs; NAs in DO.sat; NAs in depth; NAs in temp.water; NAs in light; NAs in discharge"
"550",2021-01-11,NA,NA,NA,NA,NA,NA,NA,NA,NA,NA,NA,NA,NA,NA,NA,NA,NA,NA,NA,NA,NA,NA,NA,NA,NA,NA,NA,NA,NA,NA,NA,NA,NA,NA,NA,NA,NA,NA,NA,NA,NA,NA,NA,NA,NA,NA,NA,NA,NA,NA,NA,NA,NA,NA,NA,NA,NA,NA,NA,NA,NA,NA,NA,NA,NA,NA,NA,NA,NA,NA,FALSE,"","NAs in DO.obs; NAs in DO.sat; NAs in depth; NAs in temp.water; NAs in light; NAs in discharge"
"551",2021-01-12,NA,NA,NA,NA,NA,NA,NA,NA,NA,NA,NA,NA,NA,NA,NA,NA,NA,NA,NA,NA,NA,NA,NA,NA,NA,NA,NA,NA,NA,NA,NA,NA,NA,NA,NA,NA,NA,NA,NA,NA,NA,NA,NA,NA,NA,NA,NA,NA,NA,NA,NA,NA,NA,NA,NA,NA,NA,NA,NA,NA,NA,NA,NA,NA,NA,NA,NA,NA,NA,NA,FALSE,"","NAs in DO.obs; NAs in DO.sat; NAs in depth; NAs in temp.water; NAs in light; NAs in discharge"
"552",2021-01-13,NA,NA,NA,NA,NA,NA,NA,NA,NA,NA,NA,NA,NA,NA,NA,NA,NA,NA,NA,NA,NA,NA,NA,NA,NA,NA,NA,NA,NA,NA,NA,NA,NA,NA,NA,NA,NA,NA,NA,NA,NA,NA,NA,NA,NA,NA,NA,NA,NA,NA,NA,NA,NA,NA,NA,NA,NA,NA,NA,NA,NA,NA,NA,NA,NA,NA,NA,NA,NA,NA,FALSE,"","NAs in DO.obs; NAs in DO.sat; NAs in depth; NAs in temp.water; NAs in light; NAs in discharge"
"553",2021-01-14,NA,NA,NA,NA,NA,NA,NA,NA,NA,NA,NA,NA,NA,NA,NA,NA,NA,NA,NA,NA,NA,NA,NA,NA,NA,NA,NA,NA,NA,NA,NA,NA,NA,NA,NA,NA,NA,NA,NA,NA,NA,NA,NA,NA,NA,NA,NA,NA,NA,NA,NA,NA,NA,NA,NA,NA,NA,NA,NA,NA,NA,NA,NA,NA,NA,NA,NA,NA,NA,NA,FALSE,"","NAs in DO.obs; NAs in DO.sat; NAs in depth; NAs in temp.water; NAs in light; NAs in discharge"
"554",2021-01-15,NA,NA,NA,NA,NA,NA,NA,NA,NA,NA,NA,NA,NA,NA,NA,NA,NA,NA,NA,NA,NA,NA,NA,NA,NA,NA,NA,NA,NA,NA,NA,NA,NA,NA,NA,NA,NA,NA,NA,NA,NA,NA,NA,NA,NA,NA,NA,NA,NA,NA,NA,NA,NA,NA,NA,NA,NA,NA,NA,NA,NA,NA,NA,NA,NA,NA,NA,NA,NA,NA,FALSE,"","NAs in DO.obs; NAs in DO.sat; NAs in depth; NAs in temp.water; NAs in light; NAs in discharge"
"555",2021-01-16,NA,NA,NA,NA,NA,NA,NA,NA,NA,NA,NA,NA,NA,NA,NA,NA,NA,NA,NA,NA,NA,NA,NA,NA,NA,NA,NA,NA,NA,NA,NA,NA,NA,NA,NA,NA,NA,NA,NA,NA,NA,NA,NA,NA,NA,NA,NA,NA,NA,NA,NA,NA,NA,NA,NA,NA,NA,NA,NA,NA,NA,NA,NA,NA,NA,NA,NA,NA,NA,NA,FALSE,"","NAs in DO.obs; NAs in DO.sat; NAs in depth; NAs in temp.water; NAs in light; NAs in discharge"
"556",2021-01-17,NA,NA,NA,NA,NA,NA,NA,NA,NA,NA,NA,NA,NA,NA,NA,NA,NA,NA,NA,NA,NA,NA,NA,NA,NA,NA,NA,NA,NA,NA,NA,NA,NA,NA,NA,NA,NA,NA,NA,NA,NA,NA,NA,NA,NA,NA,NA,NA,NA,NA,NA,NA,NA,NA,NA,NA,NA,NA,NA,NA,NA,NA,NA,NA,NA,NA,NA,NA,NA,NA,FALSE,"","NAs in DO.obs; NAs in DO.sat; NAs in depth; NAs in temp.water; NAs in light; NAs in discharge"
"557",2021-01-18,NA,NA,NA,NA,NA,NA,NA,NA,NA,NA,NA,NA,NA,NA,NA,NA,NA,NA,NA,NA,NA,NA,NA,NA,NA,NA,NA,NA,NA,NA,NA,NA,NA,NA,NA,NA,NA,NA,NA,NA,NA,NA,NA,NA,NA,NA,NA,NA,NA,NA,NA,NA,NA,NA,NA,NA,NA,NA,NA,NA,NA,NA,NA,NA,NA,NA,NA,NA,NA,NA,FALSE,"","NAs in DO.obs; NAs in DO.sat; NAs in depth; NAs in temp.water; NAs in light; NAs in discharge"
"558",2021-01-19,NA,NA,NA,NA,NA,NA,NA,NA,NA,NA,NA,NA,NA,NA,NA,NA,NA,NA,NA,NA,NA,NA,NA,NA,NA,NA,NA,NA,NA,NA,NA,NA,NA,NA,NA,NA,NA,NA,NA,NA,NA,NA,NA,NA,NA,NA,NA,NA,NA,NA,NA,NA,NA,NA,NA,NA,NA,NA,NA,NA,NA,NA,NA,NA,NA,NA,NA,NA,NA,NA,FALSE,"","NAs in DO.obs; NAs in DO.sat; NAs in depth; NAs in temp.water; NAs in light; NAs in discharge"
"559",2021-01-20,NA,NA,NA,NA,NA,NA,NA,NA,NA,NA,NA,NA,NA,NA,NA,NA,NA,NA,NA,NA,NA,NA,NA,NA,NA,NA,NA,NA,NA,NA,NA,NA,NA,NA,NA,NA,NA,NA,NA,NA,NA,NA,NA,NA,NA,NA,NA,NA,NA,NA,NA,NA,NA,NA,NA,NA,NA,NA,NA,NA,NA,NA,NA,NA,NA,NA,NA,NA,NA,NA,FALSE,"","NAs in DO.obs; NAs in DO.sat; NAs in depth; NAs in temp.water; NAs in light; NAs in discharge"
"560",2021-01-21,NA,NA,NA,NA,NA,NA,NA,NA,NA,NA,NA,NA,NA,NA,NA,NA,NA,NA,NA,NA,NA,NA,NA,NA,NA,NA,NA,NA,NA,NA,NA,NA,NA,NA,NA,NA,NA,NA,NA,NA,NA,NA,NA,NA,NA,NA,NA,NA,NA,NA,NA,NA,NA,NA,NA,NA,NA,NA,NA,NA,NA,NA,NA,NA,NA,NA,NA,NA,NA,NA,FALSE,"","NAs in DO.obs; NAs in DO.sat; NAs in depth; NAs in temp.water; NAs in light; NAs in discharge"
"561",2021-01-22,NA,NA,NA,NA,NA,NA,NA,NA,NA,NA,NA,NA,NA,NA,NA,NA,NA,NA,NA,NA,NA,NA,NA,NA,NA,NA,NA,NA,NA,NA,NA,NA,NA,NA,NA,NA,NA,NA,NA,NA,NA,NA,NA,NA,NA,NA,NA,NA,NA,NA,NA,NA,NA,NA,NA,NA,NA,NA,NA,NA,NA,NA,NA,NA,NA,NA,NA,NA,NA,NA,FALSE,"","NAs in DO.obs; NAs in DO.sat; NAs in depth; NAs in temp.water; NAs in light; NAs in discharge"
"562",2021-01-23,NA,NA,NA,NA,NA,NA,NA,NA,NA,NA,NA,NA,NA,NA,NA,NA,NA,NA,NA,NA,NA,NA,NA,NA,NA,NA,NA,NA,NA,NA,NA,NA,NA,NA,NA,NA,NA,NA,NA,NA,NA,NA,NA,NA,NA,NA,NA,NA,NA,NA,NA,NA,NA,NA,NA,NA,NA,NA,NA,NA,NA,NA,NA,NA,NA,NA,NA,NA,NA,NA,FALSE,"","NAs in DO.obs; NAs in DO.sat; NAs in depth; NAs in temp.water; NAs in light; NAs in discharge"
"563",2021-01-24,NA,NA,NA,NA,NA,NA,NA,NA,NA,NA,NA,NA,NA,NA,NA,NA,NA,NA,NA,NA,NA,NA,NA,NA,NA,NA,NA,NA,NA,NA,NA,NA,NA,NA,NA,NA,NA,NA,NA,NA,NA,NA,NA,NA,NA,NA,NA,NA,NA,NA,NA,NA,NA,NA,NA,NA,NA,NA,NA,NA,NA,NA,NA,NA,NA,NA,NA,NA,NA,NA,FALSE,"","NAs in DO.obs; NAs in DO.sat; NAs in depth; NAs in temp.water; NAs in light; NAs in discharge"
"564",2021-01-25,NA,NA,NA,NA,NA,NA,NA,NA,NA,NA,NA,NA,NA,NA,NA,NA,NA,NA,NA,NA,NA,NA,NA,NA,NA,NA,NA,NA,NA,NA,NA,NA,NA,NA,NA,NA,NA,NA,NA,NA,NA,NA,NA,NA,NA,NA,NA,NA,NA,NA,NA,NA,NA,NA,NA,NA,NA,NA,NA,NA,NA,NA,NA,NA,NA,NA,NA,NA,NA,NA,FALSE,"","NAs in DO.obs; NAs in DO.sat; NAs in depth; NAs in temp.water; NAs in light; NAs in discharge"
"565",2021-01-26,NA,NA,NA,NA,NA,NA,NA,NA,NA,NA,NA,NA,NA,NA,NA,NA,NA,NA,NA,NA,NA,NA,NA,NA,NA,NA,NA,NA,NA,NA,NA,NA,NA,NA,NA,NA,NA,NA,NA,NA,NA,NA,NA,NA,NA,NA,NA,NA,NA,NA,NA,NA,NA,NA,NA,NA,NA,NA,NA,NA,NA,NA,NA,NA,NA,NA,NA,NA,NA,NA,FALSE,"","NAs in DO.obs; NAs in DO.sat; NAs in depth; NAs in temp.water; NAs in light; NAs in discharge"
"566",2021-01-27,NA,NA,NA,NA,NA,NA,NA,NA,NA,NA,NA,NA,NA,NA,NA,NA,NA,NA,NA,NA,NA,NA,NA,NA,NA,NA,NA,NA,NA,NA,NA,NA,NA,NA,NA,NA,NA,NA,NA,NA,NA,NA,NA,NA,NA,NA,NA,NA,NA,NA,NA,NA,NA,NA,NA,NA,NA,NA,NA,NA,NA,NA,NA,NA,NA,NA,NA,NA,NA,NA,FALSE,"","NAs in DO.obs; NAs in DO.sat; NAs in depth; NAs in temp.water; NAs in light; NAs in discharge"
"567",2021-01-28,NA,NA,NA,NA,NA,NA,NA,NA,NA,NA,NA,NA,NA,NA,NA,NA,NA,NA,NA,NA,NA,NA,NA,NA,NA,NA,NA,NA,NA,NA,NA,NA,NA,NA,NA,NA,NA,NA,NA,NA,NA,NA,NA,NA,NA,NA,NA,NA,NA,NA,NA,NA,NA,NA,NA,NA,NA,NA,NA,NA,NA,NA,NA,NA,NA,NA,NA,NA,NA,NA,FALSE,"","NAs in DO.obs; NAs in DO.sat; NAs in depth; NAs in temp.water; NAs in light; NAs in discharge"
"568",2021-01-29,NA,NA,NA,NA,NA,NA,NA,NA,NA,NA,NA,NA,NA,NA,NA,NA,NA,NA,NA,NA,NA,NA,NA,NA,NA,NA,NA,NA,NA,NA,NA,NA,NA,NA,NA,NA,NA,NA,NA,NA,NA,NA,NA,NA,NA,NA,NA,NA,NA,NA,NA,NA,NA,NA,NA,NA,NA,NA,NA,NA,NA,NA,NA,NA,NA,NA,NA,NA,NA,NA,FALSE,"","NAs in DO.obs; NAs in DO.sat; NAs in depth; NAs in temp.water; NAs in light; NAs in discharge"
"569",2021-01-30,NA,NA,NA,NA,NA,NA,NA,NA,NA,NA,NA,NA,NA,NA,NA,NA,NA,NA,NA,NA,NA,NA,NA,NA,NA,NA,NA,NA,NA,NA,NA,NA,NA,NA,NA,NA,NA,NA,NA,NA,NA,NA,NA,NA,NA,NA,NA,NA,NA,NA,NA,NA,NA,NA,NA,NA,NA,NA,NA,NA,NA,NA,NA,NA,NA,NA,NA,NA,NA,NA,FALSE,"","NAs in DO.obs; NAs in DO.sat; NAs in depth; NAs in temp.water; NAs in light; NAs in discharge"
"570",2021-01-31,NA,NA,NA,NA,NA,NA,NA,NA,NA,NA,NA,NA,NA,NA,NA,NA,NA,NA,NA,NA,NA,NA,NA,NA,NA,NA,NA,NA,NA,NA,NA,NA,NA,NA,NA,NA,NA,NA,NA,NA,NA,NA,NA,NA,NA,NA,NA,NA,NA,NA,NA,NA,NA,NA,NA,NA,NA,NA,NA,NA,NA,NA,NA,NA,NA,NA,NA,NA,NA,NA,FALSE,"","NAs in DO.obs; NAs in DO.sat; NAs in depth; NAs in temp.water; NAs in light; NAs in discharge"
"571",2021-02-01,NA,NA,NA,NA,NA,NA,NA,NA,NA,NA,NA,NA,NA,NA,NA,NA,NA,NA,NA,NA,NA,NA,NA,NA,NA,NA,NA,NA,NA,NA,NA,NA,NA,NA,NA,NA,NA,NA,NA,NA,NA,NA,NA,NA,NA,NA,NA,NA,NA,NA,NA,NA,NA,NA,NA,NA,NA,NA,NA,NA,NA,NA,NA,NA,NA,NA,NA,NA,NA,NA,FALSE,"","NAs in DO.obs; NAs in DO.sat; NAs in depth; NAs in temp.water; NAs in light; NAs in discharge"
"572",2021-02-02,NA,NA,NA,NA,NA,NA,NA,NA,NA,NA,NA,NA,NA,NA,NA,NA,NA,NA,NA,NA,NA,NA,NA,NA,NA,NA,NA,NA,NA,NA,NA,NA,NA,NA,NA,NA,NA,NA,NA,NA,NA,NA,NA,NA,NA,NA,NA,NA,NA,NA,NA,NA,NA,NA,NA,NA,NA,NA,NA,NA,NA,NA,NA,NA,NA,NA,NA,NA,NA,NA,FALSE,"","NAs in DO.obs; NAs in DO.sat; NAs in depth; NAs in temp.water; NAs in light; NAs in discharge"
"573",2021-02-03,NA,NA,NA,NA,NA,NA,NA,NA,NA,NA,NA,NA,NA,NA,NA,NA,NA,NA,NA,NA,NA,NA,NA,NA,NA,NA,NA,NA,NA,NA,NA,NA,NA,NA,NA,NA,NA,NA,NA,NA,NA,NA,NA,NA,NA,NA,NA,NA,NA,NA,NA,NA,NA,NA,NA,NA,NA,NA,NA,NA,NA,NA,NA,NA,NA,NA,NA,NA,NA,NA,FALSE,"","NAs in DO.obs; NAs in DO.sat; NAs in depth; NAs in temp.water; NAs in light; NAs in discharge"
"574",2021-02-04,NA,NA,NA,NA,NA,NA,NA,NA,NA,NA,NA,NA,NA,NA,NA,NA,NA,NA,NA,NA,NA,NA,NA,NA,NA,NA,NA,NA,NA,NA,NA,NA,NA,NA,NA,NA,NA,NA,NA,NA,NA,NA,NA,NA,NA,NA,NA,NA,NA,NA,NA,NA,NA,NA,NA,NA,NA,NA,NA,NA,NA,NA,NA,NA,NA,NA,NA,NA,NA,NA,FALSE,"","NAs in DO.obs; NAs in DO.sat; NAs in depth; NAs in temp.water; NAs in light; NAs in discharge"
"575",2021-02-05,NA,NA,NA,NA,NA,NA,NA,NA,NA,NA,NA,NA,NA,NA,NA,NA,NA,NA,NA,NA,NA,NA,NA,NA,NA,NA,NA,NA,NA,NA,NA,NA,NA,NA,NA,NA,NA,NA,NA,NA,NA,NA,NA,NA,NA,NA,NA,NA,NA,NA,NA,NA,NA,NA,NA,NA,NA,NA,NA,NA,NA,NA,NA,NA,NA,NA,NA,NA,NA,NA,FALSE,"","NAs in DO.obs; NAs in DO.sat; NAs in depth; NAs in temp.water; NAs in light; NAs in discharge"
"576",2021-02-06,NA,NA,NA,NA,NA,NA,NA,NA,NA,NA,NA,NA,NA,NA,NA,NA,NA,NA,NA,NA,NA,NA,NA,NA,NA,NA,NA,NA,NA,NA,NA,NA,NA,NA,NA,NA,NA,NA,NA,NA,NA,NA,NA,NA,NA,NA,NA,NA,NA,NA,NA,NA,NA,NA,NA,NA,NA,NA,NA,NA,NA,NA,NA,NA,NA,NA,NA,NA,NA,NA,FALSE,"","NAs in DO.obs; NAs in DO.sat; NAs in depth; NAs in temp.water; NAs in light; NAs in discharge"
"577",2021-02-07,NA,NA,NA,NA,NA,NA,NA,NA,NA,NA,NA,NA,NA,NA,NA,NA,NA,NA,NA,NA,NA,NA,NA,NA,NA,NA,NA,NA,NA,NA,NA,NA,NA,NA,NA,NA,NA,NA,NA,NA,NA,NA,NA,NA,NA,NA,NA,NA,NA,NA,NA,NA,NA,NA,NA,NA,NA,NA,NA,NA,NA,NA,NA,NA,NA,NA,NA,NA,NA,NA,FALSE,"","NAs in DO.obs; NAs in DO.sat; NAs in depth; NAs in temp.water; NAs in light; NAs in discharge"
"578",2021-02-08,NA,NA,NA,NA,NA,NA,NA,NA,NA,NA,NA,NA,NA,NA,NA,NA,NA,NA,NA,NA,NA,NA,NA,NA,NA,NA,NA,NA,NA,NA,NA,NA,NA,NA,NA,NA,NA,NA,NA,NA,NA,NA,NA,NA,NA,NA,NA,NA,NA,NA,NA,NA,NA,NA,NA,NA,NA,NA,NA,NA,NA,NA,NA,NA,NA,NA,NA,NA,NA,NA,FALSE,"","NAs in DO.obs; NAs in DO.sat; NAs in depth; NAs in temp.water; NAs in light; NAs in discharge"
"579",2021-02-09,NA,NA,NA,NA,NA,NA,NA,NA,NA,NA,NA,NA,NA,NA,NA,NA,NA,NA,NA,NA,NA,NA,NA,NA,NA,NA,NA,NA,NA,NA,NA,NA,NA,NA,NA,NA,NA,NA,NA,NA,NA,NA,NA,NA,NA,NA,NA,NA,NA,NA,NA,NA,NA,NA,NA,NA,NA,NA,NA,NA,NA,NA,NA,NA,NA,NA,NA,NA,NA,NA,FALSE,"","NAs in DO.obs; NAs in DO.sat; NAs in depth; NAs in temp.water; NAs in light; NAs in discharge"
"580",2021-02-10,NA,NA,NA,NA,NA,NA,NA,NA,NA,NA,NA,NA,NA,NA,NA,NA,NA,NA,NA,NA,NA,NA,NA,NA,NA,NA,NA,NA,NA,NA,NA,NA,NA,NA,NA,NA,NA,NA,NA,NA,NA,NA,NA,NA,NA,NA,NA,NA,NA,NA,NA,NA,NA,NA,NA,NA,NA,NA,NA,NA,NA,NA,NA,NA,NA,NA,NA,NA,NA,NA,FALSE,"","NAs in DO.obs; NAs in DO.sat; NAs in depth; NAs in temp.water; NAs in light; NAs in discharge"
"581",2021-02-11,NA,NA,NA,NA,NA,NA,NA,NA,NA,NA,NA,NA,NA,NA,NA,NA,NA,NA,NA,NA,NA,NA,NA,NA,NA,NA,NA,NA,NA,NA,NA,NA,NA,NA,NA,NA,NA,NA,NA,NA,NA,NA,NA,NA,NA,NA,NA,NA,NA,NA,NA,NA,NA,NA,NA,NA,NA,NA,NA,NA,NA,NA,NA,NA,NA,NA,NA,NA,NA,NA,FALSE,"","NAs in DO.obs; NAs in DO.sat; NAs in depth; NAs in temp.water; NAs in light; NAs in discharge"
"582",2021-02-12,NA,NA,NA,NA,NA,NA,NA,NA,NA,NA,NA,NA,NA,NA,NA,NA,NA,NA,NA,NA,NA,NA,NA,NA,NA,NA,NA,NA,NA,NA,NA,NA,NA,NA,NA,NA,NA,NA,NA,NA,NA,NA,NA,NA,NA,NA,NA,NA,NA,NA,NA,NA,NA,NA,NA,NA,NA,NA,NA,NA,NA,NA,NA,NA,NA,NA,NA,NA,NA,NA,FALSE,"","NAs in DO.obs; NAs in DO.sat; NAs in depth; NAs in temp.water; NAs in light; NAs in discharge"
"583",2021-02-13,NA,NA,NA,NA,NA,NA,NA,NA,NA,NA,NA,NA,NA,NA,NA,NA,NA,NA,NA,NA,NA,NA,NA,NA,NA,NA,NA,NA,NA,NA,NA,NA,NA,NA,NA,NA,NA,NA,NA,NA,NA,NA,NA,NA,NA,NA,NA,NA,NA,NA,NA,NA,NA,NA,NA,NA,NA,NA,NA,NA,NA,NA,NA,NA,NA,NA,NA,NA,NA,NA,FALSE,"","NAs in DO.obs; NAs in DO.sat; NAs in depth; NAs in temp.water; NAs in light; NAs in discharge"
"584",2021-02-14,NA,NA,NA,NA,NA,NA,NA,NA,NA,NA,NA,NA,NA,NA,NA,NA,NA,NA,NA,NA,NA,NA,NA,NA,NA,NA,NA,NA,NA,NA,NA,NA,NA,NA,NA,NA,NA,NA,NA,NA,NA,NA,NA,NA,NA,NA,NA,NA,NA,NA,NA,NA,NA,NA,NA,NA,NA,NA,NA,NA,NA,NA,NA,NA,NA,NA,NA,NA,NA,NA,FALSE,"","NAs in DO.obs; NAs in DO.sat; NAs in depth; NAs in temp.water; NAs in light; NAs in discharge"
"585",2021-02-15,NA,NA,NA,NA,NA,NA,NA,NA,NA,NA,NA,NA,NA,NA,NA,NA,NA,NA,NA,NA,NA,NA,NA,NA,NA,NA,NA,NA,NA,NA,NA,NA,NA,NA,NA,NA,NA,NA,NA,NA,NA,NA,NA,NA,NA,NA,NA,NA,NA,NA,NA,NA,NA,NA,NA,NA,NA,NA,NA,NA,NA,NA,NA,NA,NA,NA,NA,NA,NA,NA,FALSE,"","NAs in DO.obs; NAs in DO.sat; NAs in depth; NAs in temp.water; NAs in light; NAs in discharge"
"586",2021-02-16,NA,NA,NA,NA,NA,NA,NA,NA,NA,NA,NA,NA,NA,NA,NA,NA,NA,NA,NA,NA,NA,NA,NA,NA,NA,NA,NA,NA,NA,NA,NA,NA,NA,NA,NA,NA,NA,NA,NA,NA,NA,NA,NA,NA,NA,NA,NA,NA,NA,NA,NA,NA,NA,NA,NA,NA,NA,NA,NA,NA,NA,NA,NA,NA,NA,NA,NA,NA,NA,NA,FALSE,"","NAs in DO.obs; NAs in DO.sat; NAs in depth; NAs in temp.water; NAs in light; NAs in discharge"
"587",2021-02-17,NA,NA,NA,NA,NA,NA,NA,NA,NA,NA,NA,NA,NA,NA,NA,NA,NA,NA,NA,NA,NA,NA,NA,NA,NA,NA,NA,NA,NA,NA,NA,NA,NA,NA,NA,NA,NA,NA,NA,NA,NA,NA,NA,NA,NA,NA,NA,NA,NA,NA,NA,NA,NA,NA,NA,NA,NA,NA,NA,NA,NA,NA,NA,NA,NA,NA,NA,NA,NA,NA,FALSE,"","NAs in DO.obs; NAs in DO.sat; NAs in depth; NAs in temp.water; NAs in light; NAs in discharge"
"588",2021-02-18,NA,NA,NA,NA,NA,NA,NA,NA,NA,NA,NA,NA,NA,NA,NA,NA,NA,NA,NA,NA,NA,NA,NA,NA,NA,NA,NA,NA,NA,NA,NA,NA,NA,NA,NA,NA,NA,NA,NA,NA,NA,NA,NA,NA,NA,NA,NA,NA,NA,NA,NA,NA,NA,NA,NA,NA,NA,NA,NA,NA,NA,NA,NA,NA,NA,NA,NA,NA,NA,NA,FALSE,"","NAs in DO.obs; NAs in DO.sat; NAs in depth; NAs in temp.water; NAs in light; NAs in discharge"
"589",2021-02-19,NA,NA,NA,NA,NA,NA,NA,NA,NA,NA,NA,NA,NA,NA,NA,NA,NA,NA,NA,NA,NA,NA,NA,NA,NA,NA,NA,NA,NA,NA,NA,NA,NA,NA,NA,NA,NA,NA,NA,NA,NA,NA,NA,NA,NA,NA,NA,NA,NA,NA,NA,NA,NA,NA,NA,NA,NA,NA,NA,NA,NA,NA,NA,NA,NA,NA,NA,NA,NA,NA,FALSE,"","NAs in DO.obs; NAs in DO.sat; NAs in depth; NAs in temp.water; NAs in light; NAs in discharge"
"590",2021-02-20,NA,NA,NA,NA,NA,NA,NA,NA,NA,NA,NA,NA,NA,NA,NA,NA,NA,NA,NA,NA,NA,NA,NA,NA,NA,NA,NA,NA,NA,NA,NA,NA,NA,NA,NA,NA,NA,NA,NA,NA,NA,NA,NA,NA,NA,NA,NA,NA,NA,NA,NA,NA,NA,NA,NA,NA,NA,NA,NA,NA,NA,NA,NA,NA,NA,NA,NA,NA,NA,NA,FALSE,"","NAs in DO.obs; NAs in DO.sat; NAs in depth; NAs in temp.water; NAs in light; NAs in discharge"
"591",2021-02-21,NA,NA,NA,NA,NA,NA,NA,NA,NA,NA,NA,NA,NA,NA,NA,NA,NA,NA,NA,NA,NA,NA,NA,NA,NA,NA,NA,NA,NA,NA,NA,NA,NA,NA,NA,NA,NA,NA,NA,NA,NA,NA,NA,NA,NA,NA,NA,NA,NA,NA,NA,NA,NA,NA,NA,NA,NA,NA,NA,NA,NA,NA,NA,NA,NA,NA,NA,NA,NA,NA,FALSE,"","NAs in DO.obs; NAs in DO.sat; NAs in depth; NAs in temp.water; NAs in light; NAs in discharge"
"592",2021-02-22,NA,NA,NA,NA,NA,NA,NA,NA,NA,NA,NA,NA,NA,NA,NA,NA,NA,NA,NA,NA,NA,NA,NA,NA,NA,NA,NA,NA,NA,NA,NA,NA,NA,NA,NA,NA,NA,NA,NA,NA,NA,NA,NA,NA,NA,NA,NA,NA,NA,NA,NA,NA,NA,NA,NA,NA,NA,NA,NA,NA,NA,NA,NA,NA,NA,NA,NA,NA,NA,NA,FALSE,"","NAs in DO.obs; NAs in DO.sat; NAs in depth; NAs in temp.water; NAs in light; NAs in discharge"
"593",2021-02-23,NA,NA,NA,NA,NA,NA,NA,NA,NA,NA,NA,NA,NA,NA,NA,NA,NA,NA,NA,NA,NA,NA,NA,NA,NA,NA,NA,NA,NA,NA,NA,NA,NA,NA,NA,NA,NA,NA,NA,NA,NA,NA,NA,NA,NA,NA,NA,NA,NA,NA,NA,NA,NA,NA,NA,NA,NA,NA,NA,NA,NA,NA,NA,NA,NA,NA,NA,NA,NA,NA,FALSE,"","NAs in DO.obs; NAs in DO.sat; NAs in depth; NAs in temp.water; NAs in light; NAs in discharge"
"594",2021-02-24,NA,NA,NA,NA,NA,NA,NA,NA,NA,NA,NA,NA,NA,NA,NA,NA,NA,NA,NA,NA,NA,NA,NA,NA,NA,NA,NA,NA,NA,NA,NA,NA,NA,NA,NA,NA,NA,NA,NA,NA,NA,NA,NA,NA,NA,NA,NA,NA,NA,NA,NA,NA,NA,NA,NA,NA,NA,NA,NA,NA,NA,NA,NA,NA,NA,NA,NA,NA,NA,NA,FALSE,"","NAs in DO.obs; NAs in DO.sat; NAs in depth; NAs in temp.water; NAs in light; NAs in discharge"
"595",2021-02-25,NA,NA,NA,NA,NA,NA,NA,NA,NA,NA,NA,NA,NA,NA,NA,NA,NA,NA,NA,NA,NA,NA,NA,NA,NA,NA,NA,NA,NA,NA,NA,NA,NA,NA,NA,NA,NA,NA,NA,NA,NA,NA,NA,NA,NA,NA,NA,NA,NA,NA,NA,NA,NA,NA,NA,NA,NA,NA,NA,NA,NA,NA,NA,NA,NA,NA,NA,NA,NA,NA,FALSE,"","NAs in DO.obs; NAs in DO.sat; NAs in depth; NAs in temp.water; NAs in light; NAs in discharge"
"596",2021-02-26,NA,NA,NA,NA,NA,NA,NA,NA,NA,NA,NA,NA,NA,NA,NA,NA,NA,NA,NA,NA,NA,NA,NA,NA,NA,NA,NA,NA,NA,NA,NA,NA,NA,NA,NA,NA,NA,NA,NA,NA,NA,NA,NA,NA,NA,NA,NA,NA,NA,NA,NA,NA,NA,NA,NA,NA,NA,NA,NA,NA,NA,NA,NA,NA,NA,NA,NA,NA,NA,NA,FALSE,"","NAs in DO.obs; NAs in DO.sat; NAs in depth; NAs in temp.water; NAs in light; NAs in discharge"
"597",2021-02-27,NA,NA,NA,NA,NA,NA,NA,NA,NA,NA,NA,NA,NA,NA,NA,NA,NA,NA,NA,NA,NA,NA,NA,NA,NA,NA,NA,NA,NA,NA,NA,NA,NA,NA,NA,NA,NA,NA,NA,NA,NA,NA,NA,NA,NA,NA,NA,NA,NA,NA,NA,NA,NA,NA,NA,NA,NA,NA,NA,NA,NA,NA,NA,NA,NA,NA,NA,NA,NA,NA,FALSE,"","NAs in DO.obs; NAs in DO.sat; NAs in depth; NAs in temp.water; NAs in light; NAs in discharge"
"598",2021-02-28,NA,NA,NA,NA,NA,NA,NA,NA,NA,NA,NA,NA,NA,NA,NA,NA,NA,NA,NA,NA,NA,NA,NA,NA,NA,NA,NA,NA,NA,NA,NA,NA,NA,NA,NA,NA,NA,NA,NA,NA,NA,NA,NA,NA,NA,NA,NA,NA,NA,NA,NA,NA,NA,NA,NA,NA,NA,NA,NA,NA,NA,NA,NA,NA,NA,NA,NA,NA,NA,NA,FALSE,"","NAs in DO.obs; NAs in DO.sat; NAs in depth; NAs in temp.water; NAs in light; NAs in discharge"
"599",2021-03-01,NA,NA,NA,NA,NA,NA,NA,NA,NA,NA,NA,NA,NA,NA,NA,NA,NA,NA,NA,NA,NA,NA,NA,NA,NA,NA,NA,NA,NA,NA,NA,NA,NA,NA,NA,NA,NA,NA,NA,NA,NA,NA,NA,NA,NA,NA,NA,NA,NA,NA,NA,NA,NA,NA,NA,NA,NA,NA,NA,NA,NA,NA,NA,NA,NA,NA,NA,NA,NA,NA,FALSE,"","NAs in DO.obs; NAs in DO.sat; NAs in depth; NAs in temp.water; NAs in light; NAs in discharge"
"600",2021-03-02,NA,NA,NA,NA,NA,NA,NA,NA,NA,NA,NA,NA,NA,NA,NA,NA,NA,NA,NA,NA,NA,NA,NA,NA,NA,NA,NA,NA,NA,NA,NA,NA,NA,NA,NA,NA,NA,NA,NA,NA,NA,NA,NA,NA,NA,NA,NA,NA,NA,NA,NA,NA,NA,NA,NA,NA,NA,NA,NA,NA,NA,NA,NA,NA,NA,NA,NA,NA,NA,NA,FALSE,"","NAs in DO.obs; NAs in DO.sat; NAs in depth; NAs in temp.water; NAs in light; NAs in discharge"
"601",2021-03-03,NA,NA,NA,NA,NA,NA,NA,NA,NA,NA,NA,NA,NA,NA,NA,NA,NA,NA,NA,NA,NA,NA,NA,NA,NA,NA,NA,NA,NA,NA,NA,NA,NA,NA,NA,NA,NA,NA,NA,NA,NA,NA,NA,NA,NA,NA,NA,NA,NA,NA,NA,NA,NA,NA,NA,NA,NA,NA,NA,NA,NA,NA,NA,NA,NA,NA,NA,NA,NA,NA,FALSE,"","NAs in DO.obs; NAs in DO.sat; NAs in depth; NAs in temp.water; NAs in light; NAs in discharge"
"602",2021-03-04,NA,NA,NA,NA,NA,NA,NA,NA,NA,NA,NA,NA,NA,NA,NA,NA,NA,NA,NA,NA,NA,NA,NA,NA,NA,NA,NA,NA,NA,NA,NA,NA,NA,NA,NA,NA,NA,NA,NA,NA,NA,NA,NA,NA,NA,NA,NA,NA,NA,NA,NA,NA,NA,NA,NA,NA,NA,NA,NA,NA,NA,NA,NA,NA,NA,NA,NA,NA,NA,NA,FALSE,"","NAs in DO.obs; NAs in DO.sat; NAs in depth; NAs in temp.water; NAs in light; NAs in discharge"
"603",2021-03-05,NA,NA,NA,NA,NA,NA,NA,NA,NA,NA,NA,NA,NA,NA,NA,NA,NA,NA,NA,NA,NA,NA,NA,NA,NA,NA,NA,NA,NA,NA,NA,NA,NA,NA,NA,NA,NA,NA,NA,NA,NA,NA,NA,NA,NA,NA,NA,NA,NA,NA,NA,NA,NA,NA,NA,NA,NA,NA,NA,NA,NA,NA,NA,NA,NA,NA,NA,NA,NA,NA,FALSE,"","NAs in DO.obs; NAs in DO.sat; NAs in depth; NAs in temp.water; NAs in light; NAs in discharge"
"604",2021-03-06,NA,NA,NA,NA,NA,NA,NA,NA,NA,NA,NA,NA,NA,NA,NA,NA,NA,NA,NA,NA,NA,NA,NA,NA,NA,NA,NA,NA,NA,NA,NA,NA,NA,NA,NA,NA,NA,NA,NA,NA,NA,NA,NA,NA,NA,NA,NA,NA,NA,NA,NA,NA,NA,NA,NA,NA,NA,NA,NA,NA,NA,NA,NA,NA,NA,NA,NA,NA,NA,NA,FALSE,"","NAs in DO.obs; NAs in DO.sat; NAs in depth; NAs in temp.water; NAs in light; NAs in discharge"
"605",2021-03-07,NA,NA,NA,NA,NA,NA,NA,NA,NA,NA,NA,NA,NA,NA,NA,NA,NA,NA,NA,NA,NA,NA,NA,NA,NA,NA,NA,NA,NA,NA,NA,NA,NA,NA,NA,NA,NA,NA,NA,NA,NA,NA,NA,NA,NA,NA,NA,NA,NA,NA,NA,NA,NA,NA,NA,NA,NA,NA,NA,NA,NA,NA,NA,NA,NA,NA,NA,NA,NA,NA,FALSE,"","NAs in DO.obs; NAs in DO.sat; NAs in depth; NAs in temp.water; NAs in light; NAs in discharge"
"606",2021-03-08,NA,NA,NA,NA,NA,NA,NA,NA,NA,NA,NA,NA,NA,NA,NA,NA,NA,NA,NA,NA,NA,NA,NA,NA,NA,NA,NA,NA,NA,NA,NA,NA,NA,NA,NA,NA,NA,NA,NA,NA,NA,NA,NA,NA,NA,NA,NA,NA,NA,NA,NA,NA,NA,NA,NA,NA,NA,NA,NA,NA,NA,NA,NA,NA,NA,NA,NA,NA,NA,NA,FALSE,"","NAs in DO.obs; NAs in DO.sat; NAs in depth; NAs in temp.water; NAs in light; NAs in discharge"
"607",2021-03-09,NA,NA,NA,NA,NA,NA,NA,NA,NA,NA,NA,NA,NA,NA,NA,NA,NA,NA,NA,NA,NA,NA,NA,NA,NA,NA,NA,NA,NA,NA,NA,NA,NA,NA,NA,NA,NA,NA,NA,NA,NA,NA,NA,NA,NA,NA,NA,NA,NA,NA,NA,NA,NA,NA,NA,NA,NA,NA,NA,NA,NA,NA,NA,NA,NA,NA,NA,NA,NA,NA,FALSE,"","NAs in DO.obs; NAs in DO.sat; NAs in depth; NAs in temp.water; NAs in light; NAs in discharge"
"608",2021-03-10,NA,NA,NA,NA,NA,NA,NA,NA,NA,NA,NA,NA,NA,NA,NA,NA,NA,NA,NA,NA,NA,NA,NA,NA,NA,NA,NA,NA,NA,NA,NA,NA,NA,NA,NA,NA,NA,NA,NA,NA,NA,NA,NA,NA,NA,NA,NA,NA,NA,NA,NA,NA,NA,NA,NA,NA,NA,NA,NA,NA,NA,NA,NA,NA,NA,NA,NA,NA,NA,NA,FALSE,"","NAs in DO.obs; NAs in DO.sat; NAs in depth; NAs in temp.water; NAs in light; NAs in discharge"
"609",2021-03-11,NA,NA,NA,NA,NA,NA,NA,NA,NA,NA,NA,NA,NA,NA,NA,NA,NA,NA,NA,NA,NA,NA,NA,NA,NA,NA,NA,NA,NA,NA,NA,NA,NA,NA,NA,NA,NA,NA,NA,NA,NA,NA,NA,NA,NA,NA,NA,NA,NA,NA,NA,NA,NA,NA,NA,NA,NA,NA,NA,NA,NA,NA,NA,NA,NA,NA,NA,NA,NA,NA,FALSE,"","NAs in DO.obs; NAs in DO.sat; NAs in depth; NAs in temp.water; NAs in light; NAs in discharge"
"610",2021-03-12,NA,NA,NA,NA,NA,NA,NA,NA,NA,NA,NA,NA,NA,NA,NA,NA,NA,NA,NA,NA,NA,NA,NA,NA,NA,NA,NA,NA,NA,NA,NA,NA,NA,NA,NA,NA,NA,NA,NA,NA,NA,NA,NA,NA,NA,NA,NA,NA,NA,NA,NA,NA,NA,NA,NA,NA,NA,NA,NA,NA,NA,NA,NA,NA,NA,NA,NA,NA,NA,NA,FALSE,"","NAs in DO.obs; NAs in DO.sat; NAs in depth; NAs in temp.water; NAs in light; NAs in discharge"
"611",2021-03-13,NA,NA,NA,NA,NA,NA,NA,NA,NA,NA,NA,NA,NA,NA,NA,NA,NA,NA,NA,NA,NA,NA,NA,NA,NA,NA,NA,NA,NA,NA,NA,NA,NA,NA,NA,NA,NA,NA,NA,NA,NA,NA,NA,NA,NA,NA,NA,NA,NA,NA,NA,NA,NA,NA,NA,NA,NA,NA,NA,NA,NA,NA,NA,NA,NA,NA,NA,NA,NA,NA,FALSE,"","NAs in DO.obs; NAs in DO.sat; NAs in depth; NAs in temp.water; NAs in light; NAs in discharge"
"612",2021-03-14,NA,NA,NA,NA,NA,NA,NA,NA,NA,NA,NA,NA,NA,NA,NA,NA,NA,NA,NA,NA,NA,NA,NA,NA,NA,NA,NA,NA,NA,NA,NA,NA,NA,NA,NA,NA,NA,NA,NA,NA,NA,NA,NA,NA,NA,NA,NA,NA,NA,NA,NA,NA,NA,NA,NA,NA,NA,NA,NA,NA,NA,NA,NA,NA,NA,NA,NA,NA,NA,NA,FALSE,"","NAs in DO.obs; NAs in DO.sat; NAs in depth; NAs in temp.water; NAs in light; NAs in discharge"
"613",2021-03-15,NA,NA,NA,NA,NA,NA,NA,NA,NA,NA,NA,NA,NA,NA,NA,NA,NA,NA,NA,NA,NA,NA,NA,NA,NA,NA,NA,NA,NA,NA,NA,NA,NA,NA,NA,NA,NA,NA,NA,NA,NA,NA,NA,NA,NA,NA,NA,NA,NA,NA,NA,NA,NA,NA,NA,NA,NA,NA,NA,NA,NA,NA,NA,NA,NA,NA,NA,NA,NA,NA,FALSE,"","NAs in DO.obs; NAs in DO.sat; NAs in depth; NAs in temp.water; NAs in light; NAs in discharge"
"614",2021-03-16,NA,NA,NA,NA,NA,NA,NA,NA,NA,NA,NA,NA,NA,NA,NA,NA,NA,NA,NA,NA,NA,NA,NA,NA,NA,NA,NA,NA,NA,NA,NA,NA,NA,NA,NA,NA,NA,NA,NA,NA,NA,NA,NA,NA,NA,NA,NA,NA,NA,NA,NA,NA,NA,NA,NA,NA,NA,NA,NA,NA,NA,NA,NA,NA,NA,NA,NA,NA,NA,NA,FALSE,"","NAs in DO.obs; NAs in DO.sat; NAs in depth; NAs in temp.water; NAs in light; NAs in discharge"
"615",2021-03-17,NA,NA,NA,NA,NA,NA,NA,NA,NA,NA,NA,NA,NA,NA,NA,NA,NA,NA,NA,NA,NA,NA,NA,NA,NA,NA,NA,NA,NA,NA,NA,NA,NA,NA,NA,NA,NA,NA,NA,NA,NA,NA,NA,NA,NA,NA,NA,NA,NA,NA,NA,NA,NA,NA,NA,NA,NA,NA,NA,NA,NA,NA,NA,NA,NA,NA,NA,NA,NA,NA,FALSE,"","NAs in DO.obs; NAs in DO.sat; NAs in depth; NAs in temp.water; NAs in light; NAs in discharge"
"616",2021-03-18,NA,NA,NA,NA,NA,NA,NA,NA,NA,NA,NA,NA,NA,NA,NA,NA,NA,NA,NA,NA,NA,NA,NA,NA,NA,NA,NA,NA,NA,NA,NA,NA,NA,NA,NA,NA,NA,NA,NA,NA,NA,NA,NA,NA,NA,NA,NA,NA,NA,NA,NA,NA,NA,NA,NA,NA,NA,NA,NA,NA,NA,NA,NA,NA,NA,NA,NA,NA,NA,NA,FALSE,"","NAs in DO.obs; NAs in DO.sat; NAs in depth; NAs in temp.water; NAs in light; NAs in discharge"
"617",2021-03-19,NA,NA,NA,NA,NA,NA,NA,NA,NA,NA,NA,NA,NA,NA,NA,NA,NA,NA,NA,NA,NA,NA,NA,NA,NA,NA,NA,NA,NA,NA,NA,NA,NA,NA,NA,NA,NA,NA,NA,NA,NA,NA,NA,NA,NA,NA,NA,NA,NA,NA,NA,NA,NA,NA,NA,NA,NA,NA,NA,NA,NA,NA,NA,NA,NA,NA,NA,NA,NA,NA,FALSE,"","NAs in DO.obs; NAs in DO.sat; NAs in depth; NAs in temp.water; NAs in light; NAs in discharge"
"618",2021-03-20,NA,NA,NA,NA,NA,NA,NA,NA,NA,NA,NA,NA,NA,NA,NA,NA,NA,NA,NA,NA,NA,NA,NA,NA,NA,NA,NA,NA,NA,NA,NA,NA,NA,NA,NA,NA,NA,NA,NA,NA,NA,NA,NA,NA,NA,NA,NA,NA,NA,NA,NA,NA,NA,NA,NA,NA,NA,NA,NA,NA,NA,NA,NA,NA,NA,NA,NA,NA,NA,NA,FALSE,"","NAs in DO.obs; NAs in DO.sat; NAs in depth; NAs in temp.water; NAs in light; NAs in discharge"
"619",2021-03-21,NA,NA,NA,NA,NA,NA,NA,NA,NA,NA,NA,NA,NA,NA,NA,NA,NA,NA,NA,NA,NA,NA,NA,NA,NA,NA,NA,NA,NA,NA,NA,NA,NA,NA,NA,NA,NA,NA,NA,NA,NA,NA,NA,NA,NA,NA,NA,NA,NA,NA,NA,NA,NA,NA,NA,NA,NA,NA,NA,NA,NA,NA,NA,NA,NA,NA,NA,NA,NA,NA,FALSE,"","NAs in DO.obs; NAs in DO.sat; NAs in depth; NAs in temp.water; NAs in light; NAs in discharge"
"620",2021-03-22,NA,NA,NA,NA,NA,NA,NA,NA,NA,NA,NA,NA,NA,NA,NA,NA,NA,NA,NA,NA,NA,NA,NA,NA,NA,NA,NA,NA,NA,NA,NA,NA,NA,NA,NA,NA,NA,NA,NA,NA,NA,NA,NA,NA,NA,NA,NA,NA,NA,NA,NA,NA,NA,NA,NA,NA,NA,NA,NA,NA,NA,NA,NA,NA,NA,NA,NA,NA,NA,NA,FALSE,"","NAs in DO.obs; NAs in DO.sat; NAs in depth; NAs in temp.water; NAs in light; NAs in discharge"
"621",2021-03-23,NA,NA,NA,NA,NA,NA,NA,NA,NA,NA,NA,NA,NA,NA,NA,NA,NA,NA,NA,NA,NA,NA,NA,NA,NA,NA,NA,NA,NA,NA,NA,NA,NA,NA,NA,NA,NA,NA,NA,NA,NA,NA,NA,NA,NA,NA,NA,NA,NA,NA,NA,NA,NA,NA,NA,NA,NA,NA,NA,NA,NA,NA,NA,NA,NA,NA,NA,NA,NA,NA,FALSE,"","NAs in DO.obs; NAs in DO.sat; NAs in depth; NAs in temp.water; NAs in light; NAs in discharge"
"622",2021-03-24,NA,NA,NA,NA,NA,NA,NA,NA,NA,NA,NA,NA,NA,NA,NA,NA,NA,NA,NA,NA,NA,NA,NA,NA,NA,NA,NA,NA,NA,NA,NA,NA,NA,NA,NA,NA,NA,NA,NA,NA,NA,NA,NA,NA,NA,NA,NA,NA,NA,NA,NA,NA,NA,NA,NA,NA,NA,NA,NA,NA,NA,NA,NA,NA,NA,NA,NA,NA,NA,NA,FALSE,"","NAs in DO.obs; NAs in DO.sat; NAs in depth; NAs in temp.water; NAs in light; NAs in discharge"
"623",2021-03-25,NA,NA,NA,NA,NA,NA,NA,NA,NA,NA,NA,NA,NA,NA,NA,NA,NA,NA,NA,NA,NA,NA,NA,NA,NA,NA,NA,NA,NA,NA,NA,NA,NA,NA,NA,NA,NA,NA,NA,NA,NA,NA,NA,NA,NA,NA,NA,NA,NA,NA,NA,NA,NA,NA,NA,NA,NA,NA,NA,NA,NA,NA,NA,NA,NA,NA,NA,NA,NA,NA,FALSE,"","NAs in DO.obs; NAs in DO.sat; NAs in depth; NAs in temp.water; NAs in light; NAs in discharge"
"624",2021-03-26,NA,NA,NA,NA,NA,NA,NA,NA,NA,NA,NA,NA,NA,NA,NA,NA,NA,NA,NA,NA,NA,NA,NA,NA,NA,NA,NA,NA,NA,NA,NA,NA,NA,NA,NA,NA,NA,NA,NA,NA,NA,NA,NA,NA,NA,NA,NA,NA,NA,NA,NA,NA,NA,NA,NA,NA,NA,NA,NA,NA,NA,NA,NA,NA,NA,NA,NA,NA,NA,NA,FALSE,"","NAs in DO.obs; NAs in DO.sat; NAs in depth; NAs in temp.water; NAs in light; NAs in discharge"
"625",2021-03-27,NA,NA,NA,NA,NA,NA,NA,NA,NA,NA,NA,NA,NA,NA,NA,NA,NA,NA,NA,NA,NA,NA,NA,NA,NA,NA,NA,NA,NA,NA,NA,NA,NA,NA,NA,NA,NA,NA,NA,NA,NA,NA,NA,NA,NA,NA,NA,NA,NA,NA,NA,NA,NA,NA,NA,NA,NA,NA,NA,NA,NA,NA,NA,NA,NA,NA,NA,NA,NA,NA,FALSE,"","NAs in DO.obs; NAs in DO.sat; NAs in depth; NAs in temp.water; NAs in light; NAs in discharge"
"626",2021-03-28,NA,NA,NA,NA,NA,NA,NA,NA,NA,NA,NA,NA,NA,NA,NA,NA,NA,NA,NA,NA,NA,NA,NA,NA,NA,NA,NA,NA,NA,NA,NA,NA,NA,NA,NA,NA,NA,NA,NA,NA,NA,NA,NA,NA,NA,NA,NA,NA,NA,NA,NA,NA,NA,NA,NA,NA,NA,NA,NA,NA,NA,NA,NA,NA,NA,NA,NA,NA,NA,NA,FALSE,"","NAs in DO.obs; NAs in DO.sat; NAs in depth; NAs in temp.water; NAs in light; NAs in discharge"
"627",2021-03-29,NA,NA,NA,NA,NA,NA,NA,NA,NA,NA,NA,NA,NA,NA,NA,NA,NA,NA,NA,NA,NA,NA,NA,NA,NA,NA,NA,NA,NA,NA,NA,NA,NA,NA,NA,NA,NA,NA,NA,NA,NA,NA,NA,NA,NA,NA,NA,NA,NA,NA,NA,NA,NA,NA,NA,NA,NA,NA,NA,NA,NA,NA,NA,NA,NA,NA,NA,NA,NA,NA,FALSE,"","NAs in DO.obs; NAs in DO.sat; NAs in depth; NAs in temp.water; NAs in light; NAs in discharge"
"628",2021-03-30,NA,NA,NA,NA,NA,NA,NA,NA,NA,NA,NA,NA,NA,NA,NA,NA,NA,NA,NA,NA,NA,NA,NA,NA,NA,NA,NA,NA,NA,NA,NA,NA,NA,NA,NA,NA,NA,NA,NA,NA,NA,NA,NA,NA,NA,NA,NA,NA,NA,NA,NA,NA,NA,NA,NA,NA,NA,NA,NA,NA,NA,NA,NA,NA,NA,NA,NA,NA,NA,NA,FALSE,"","NAs in DO.obs; NAs in DO.sat; NAs in depth; NAs in temp.water; NAs in light; NAs in discharge"
"629",2021-03-31,NA,NA,NA,NA,NA,NA,NA,NA,NA,NA,NA,NA,NA,NA,NA,NA,NA,NA,NA,NA,NA,NA,NA,NA,NA,NA,NA,NA,NA,NA,NA,NA,NA,NA,NA,NA,NA,NA,NA,NA,NA,NA,NA,NA,NA,NA,NA,NA,NA,NA,NA,NA,NA,NA,NA,NA,NA,NA,NA,NA,NA,NA,NA,NA,NA,NA,NA,NA,NA,NA,FALSE,"","NAs in DO.obs; NAs in DO.sat; NAs in depth; NAs in temp.water; NAs in light; NAs in discharge"
"630",2021-04-01,NA,NA,NA,NA,NA,NA,NA,NA,NA,NA,NA,NA,NA,NA,NA,NA,NA,NA,NA,NA,NA,NA,NA,NA,NA,NA,NA,NA,NA,NA,NA,NA,NA,NA,NA,NA,NA,NA,NA,NA,NA,NA,NA,NA,NA,NA,NA,NA,NA,NA,NA,NA,NA,NA,NA,NA,NA,NA,NA,NA,NA,NA,NA,NA,NA,NA,NA,NA,NA,NA,FALSE,"","NAs in DO.obs; NAs in DO.sat; NAs in depth; NAs in temp.water; NAs in light; NAs in discharge"
"631",2021-04-02,NA,NA,NA,NA,NA,NA,NA,NA,NA,NA,NA,NA,NA,NA,NA,NA,NA,NA,NA,NA,NA,NA,NA,NA,NA,NA,NA,NA,NA,NA,NA,NA,NA,NA,NA,NA,NA,NA,NA,NA,NA,NA,NA,NA,NA,NA,NA,NA,NA,NA,NA,NA,NA,NA,NA,NA,NA,NA,NA,NA,NA,NA,NA,NA,NA,NA,NA,NA,NA,NA,FALSE,"","NAs in DO.obs; NAs in DO.sat; NAs in depth; NAs in temp.water; NAs in light; NAs in discharge"
"632",2021-04-03,NA,NA,NA,NA,NA,NA,NA,NA,NA,NA,NA,NA,NA,NA,NA,NA,NA,NA,NA,NA,NA,NA,NA,NA,NA,NA,NA,NA,NA,NA,NA,NA,NA,NA,NA,NA,NA,NA,NA,NA,NA,NA,NA,NA,NA,NA,NA,NA,NA,NA,NA,NA,NA,NA,NA,NA,NA,NA,NA,NA,NA,NA,NA,NA,NA,NA,NA,NA,NA,NA,FALSE,"","NAs in DO.obs; NAs in DO.sat; NAs in depth; NAs in temp.water; NAs in light; NAs in discharge"
"633",2021-04-04,NA,NA,NA,NA,NA,NA,NA,NA,NA,NA,NA,NA,NA,NA,NA,NA,NA,NA,NA,NA,NA,NA,NA,NA,NA,NA,NA,NA,NA,NA,NA,NA,NA,NA,NA,NA,NA,NA,NA,NA,NA,NA,NA,NA,NA,NA,NA,NA,NA,NA,NA,NA,NA,NA,NA,NA,NA,NA,NA,NA,NA,NA,NA,NA,NA,NA,NA,NA,NA,NA,FALSE,"","NAs in DO.obs; NAs in DO.sat; NAs in depth; NAs in temp.water; NAs in light; NAs in discharge"
"634",2021-04-05,NA,NA,NA,NA,NA,NA,NA,NA,NA,NA,NA,NA,NA,NA,NA,NA,NA,NA,NA,NA,NA,NA,NA,NA,NA,NA,NA,NA,NA,NA,NA,NA,NA,NA,NA,NA,NA,NA,NA,NA,NA,NA,NA,NA,NA,NA,NA,NA,NA,NA,NA,NA,NA,NA,NA,NA,NA,NA,NA,NA,NA,NA,NA,NA,NA,NA,NA,NA,NA,NA,FALSE,"","NAs in DO.obs; NAs in DO.sat; NAs in depth; NAs in temp.water; NAs in light; NAs in discharge"
"635",2021-04-06,NA,NA,NA,NA,NA,NA,NA,NA,NA,NA,NA,NA,NA,NA,NA,NA,NA,NA,NA,NA,NA,NA,NA,NA,NA,NA,NA,NA,NA,NA,NA,NA,NA,NA,NA,NA,NA,NA,NA,NA,NA,NA,NA,NA,NA,NA,NA,NA,NA,NA,NA,NA,NA,NA,NA,NA,NA,NA,NA,NA,NA,NA,NA,NA,NA,NA,NA,NA,NA,NA,FALSE,"","NAs in DO.obs; NAs in DO.sat; NAs in depth; NAs in temp.water; NAs in light; NAs in discharge"
"636",2021-04-07,NA,NA,NA,NA,NA,NA,NA,NA,NA,NA,NA,NA,NA,NA,NA,NA,NA,NA,NA,NA,NA,NA,NA,NA,NA,NA,NA,NA,NA,NA,NA,NA,NA,NA,NA,NA,NA,NA,NA,NA,NA,NA,NA,NA,NA,NA,NA,NA,NA,NA,NA,NA,NA,NA,NA,NA,NA,NA,NA,NA,NA,NA,NA,NA,NA,NA,NA,NA,NA,NA,FALSE,"","NAs in DO.obs; NAs in DO.sat; NAs in depth; NAs in temp.water; NAs in light; NAs in discharge"
"637",2021-04-08,NA,NA,NA,NA,NA,NA,NA,NA,NA,NA,NA,NA,NA,NA,NA,NA,NA,NA,NA,NA,NA,NA,NA,NA,NA,NA,NA,NA,NA,NA,NA,NA,NA,NA,NA,NA,NA,NA,NA,NA,NA,NA,NA,NA,NA,NA,NA,NA,NA,NA,NA,NA,NA,NA,NA,NA,NA,NA,NA,NA,NA,NA,NA,NA,NA,NA,NA,NA,NA,NA,FALSE,"","NAs in DO.obs; NAs in DO.sat; NAs in depth; NAs in temp.water; NAs in light; NAs in discharge"
"638",2021-04-09,NA,NA,NA,NA,NA,NA,NA,NA,NA,NA,NA,NA,NA,NA,NA,NA,NA,NA,NA,NA,NA,NA,NA,NA,NA,NA,NA,NA,NA,NA,NA,NA,NA,NA,NA,NA,NA,NA,NA,NA,NA,NA,NA,NA,NA,NA,NA,NA,NA,NA,NA,NA,NA,NA,NA,NA,NA,NA,NA,NA,NA,NA,NA,NA,NA,NA,NA,NA,NA,NA,FALSE,"","NAs in DO.obs; NAs in DO.sat; NAs in depth; NAs in temp.water; NAs in light; NAs in discharge"
"639",2021-04-10,NA,NA,NA,NA,NA,NA,NA,NA,NA,NA,NA,NA,NA,NA,NA,NA,NA,NA,NA,NA,NA,NA,NA,NA,NA,NA,NA,NA,NA,NA,NA,NA,NA,NA,NA,NA,NA,NA,NA,NA,NA,NA,NA,NA,NA,NA,NA,NA,NA,NA,NA,NA,NA,NA,NA,NA,NA,NA,NA,NA,NA,NA,NA,NA,NA,NA,NA,NA,NA,NA,FALSE,"","NAs in DO.obs; NAs in DO.sat; NAs in depth; NAs in temp.water; NAs in light; NAs in discharge"
"640",2021-04-11,NA,NA,NA,NA,NA,NA,NA,NA,NA,NA,NA,NA,NA,NA,NA,NA,NA,NA,NA,NA,NA,NA,NA,NA,NA,NA,NA,NA,NA,NA,NA,NA,NA,NA,NA,NA,NA,NA,NA,NA,NA,NA,NA,NA,NA,NA,NA,NA,NA,NA,NA,NA,NA,NA,NA,NA,NA,NA,NA,NA,NA,NA,NA,NA,NA,NA,NA,NA,NA,NA,FALSE,"","NAs in DO.obs; NAs in DO.sat; NAs in depth; NAs in temp.water; NAs in light; NAs in discharge"
"641",2021-04-12,NA,NA,NA,NA,NA,NA,NA,NA,NA,NA,NA,NA,NA,NA,NA,NA,NA,NA,NA,NA,NA,NA,NA,NA,NA,NA,NA,NA,NA,NA,NA,NA,NA,NA,NA,NA,NA,NA,NA,NA,NA,NA,NA,NA,NA,NA,NA,NA,NA,NA,NA,NA,NA,NA,NA,NA,NA,NA,NA,NA,NA,NA,NA,NA,NA,NA,NA,NA,NA,NA,FALSE,"","NAs in DO.obs; NAs in DO.sat; NAs in depth; NAs in temp.water; NAs in light; NAs in discharge"
"642",2021-04-13,NA,NA,NA,NA,NA,NA,NA,NA,NA,NA,NA,NA,NA,NA,NA,NA,NA,NA,NA,NA,NA,NA,NA,NA,NA,NA,NA,NA,NA,NA,NA,NA,NA,NA,NA,NA,NA,NA,NA,NA,NA,NA,NA,NA,NA,NA,NA,NA,NA,NA,NA,NA,NA,NA,NA,NA,NA,NA,NA,NA,NA,NA,NA,NA,NA,NA,NA,NA,NA,NA,FALSE,"","NAs in DO.obs; NAs in DO.sat; NAs in depth; NAs in temp.water; NAs in light; NAs in discharge"
"643",2021-04-14,NA,NA,NA,NA,NA,NA,NA,NA,NA,NA,NA,NA,NA,NA,NA,NA,NA,NA,NA,NA,NA,NA,NA,NA,NA,NA,NA,NA,NA,NA,NA,NA,NA,NA,NA,NA,NA,NA,NA,NA,NA,NA,NA,NA,NA,NA,NA,NA,NA,NA,NA,NA,NA,NA,NA,NA,NA,NA,NA,NA,NA,NA,NA,NA,NA,NA,NA,NA,NA,NA,FALSE,"","NAs in DO.obs; NAs in DO.sat; NAs in depth; NAs in temp.water; NAs in light; NAs in discharge"
"644",2021-04-15,NA,NA,NA,NA,NA,NA,NA,NA,NA,NA,NA,NA,NA,NA,NA,NA,NA,NA,NA,NA,NA,NA,NA,NA,NA,NA,NA,NA,NA,NA,NA,NA,NA,NA,NA,NA,NA,NA,NA,NA,NA,NA,NA,NA,NA,NA,NA,NA,NA,NA,NA,NA,NA,NA,NA,NA,NA,NA,NA,NA,NA,NA,NA,NA,NA,NA,NA,NA,NA,NA,FALSE,"","NAs in DO.obs; NAs in DO.sat; NAs in depth; NAs in temp.water; NAs in light; NAs in discharge"
"645",2021-04-16,NA,NA,NA,NA,NA,NA,NA,NA,NA,NA,NA,NA,NA,NA,NA,NA,NA,NA,NA,NA,NA,NA,NA,NA,NA,NA,NA,NA,NA,NA,NA,NA,NA,NA,NA,NA,NA,NA,NA,NA,NA,NA,NA,NA,NA,NA,NA,NA,NA,NA,NA,NA,NA,NA,NA,NA,NA,NA,NA,NA,NA,NA,NA,NA,NA,NA,NA,NA,NA,NA,FALSE,"","NAs in DO.obs; NAs in DO.sat; NAs in depth; NAs in temp.water; NAs in light; NAs in discharge"
"646",2021-04-17,NA,NA,NA,NA,NA,NA,NA,NA,NA,NA,NA,NA,NA,NA,NA,NA,NA,NA,NA,NA,NA,NA,NA,NA,NA,NA,NA,NA,NA,NA,NA,NA,NA,NA,NA,NA,NA,NA,NA,NA,NA,NA,NA,NA,NA,NA,NA,NA,NA,NA,NA,NA,NA,NA,NA,NA,NA,NA,NA,NA,NA,NA,NA,NA,NA,NA,NA,NA,NA,NA,FALSE,"","NAs in DO.obs; NAs in DO.sat; NAs in depth; NAs in temp.water; NAs in light; NAs in discharge"
"647",2021-04-18,NA,NA,NA,NA,NA,NA,NA,NA,NA,NA,NA,NA,NA,NA,NA,NA,NA,NA,NA,NA,NA,NA,NA,NA,NA,NA,NA,NA,NA,NA,NA,NA,NA,NA,NA,NA,NA,NA,NA,NA,NA,NA,NA,NA,NA,NA,NA,NA,NA,NA,NA,NA,NA,NA,NA,NA,NA,NA,NA,NA,NA,NA,NA,NA,NA,NA,NA,NA,NA,NA,FALSE,"","NAs in DO.obs; NAs in DO.sat; NAs in depth; NAs in temp.water; NAs in light; NAs in discharge"
"648",2021-04-19,NA,NA,NA,NA,NA,NA,NA,NA,NA,NA,NA,NA,NA,NA,NA,NA,NA,NA,NA,NA,NA,NA,NA,NA,NA,NA,NA,NA,NA,NA,NA,NA,NA,NA,NA,NA,NA,NA,NA,NA,NA,NA,NA,NA,NA,NA,NA,NA,NA,NA,NA,NA,NA,NA,NA,NA,NA,NA,NA,NA,NA,NA,NA,NA,NA,NA,NA,NA,NA,NA,FALSE,"","NAs in DO.obs; NAs in DO.sat; NAs in depth; NAs in temp.water; NAs in light; NAs in discharge"
"649",2021-04-20,NA,NA,NA,NA,NA,NA,NA,NA,NA,NA,NA,NA,NA,NA,NA,NA,NA,NA,NA,NA,NA,NA,NA,NA,NA,NA,NA,NA,NA,NA,NA,NA,NA,NA,NA,NA,NA,NA,NA,NA,NA,NA,NA,NA,NA,NA,NA,NA,NA,NA,NA,NA,NA,NA,NA,NA,NA,NA,NA,NA,NA,NA,NA,NA,NA,NA,NA,NA,NA,NA,FALSE,"","NAs in DO.obs; NAs in DO.sat; NAs in depth; NAs in temp.water; NAs in light; NAs in discharge"
"650",2021-04-21,NA,NA,NA,NA,NA,NA,NA,NA,NA,NA,NA,NA,NA,NA,NA,NA,NA,NA,NA,NA,NA,NA,NA,NA,NA,NA,NA,NA,NA,NA,NA,NA,NA,NA,NA,NA,NA,NA,NA,NA,NA,NA,NA,NA,NA,NA,NA,NA,NA,NA,NA,NA,NA,NA,NA,NA,NA,NA,NA,NA,NA,NA,NA,NA,NA,NA,NA,NA,NA,NA,FALSE,"","NAs in DO.obs; NAs in DO.sat; NAs in depth; NAs in temp.water; NAs in light; NAs in discharge"
"651",2021-04-22,NA,NA,NA,NA,NA,NA,NA,NA,NA,NA,NA,NA,NA,NA,NA,NA,NA,NA,NA,NA,NA,NA,NA,NA,NA,NA,NA,NA,NA,NA,NA,NA,NA,NA,NA,NA,NA,NA,NA,NA,NA,NA,NA,NA,NA,NA,NA,NA,NA,NA,NA,NA,NA,NA,NA,NA,NA,NA,NA,NA,NA,NA,NA,NA,NA,NA,NA,NA,NA,NA,FALSE,"","NAs in DO.obs; NAs in DO.sat; NAs in depth; NAs in temp.water; NAs in light; NAs in discharge"
"652",2021-04-23,NA,NA,NA,NA,NA,NA,NA,NA,NA,NA,NA,NA,NA,NA,NA,NA,NA,NA,NA,NA,NA,NA,NA,NA,NA,NA,NA,NA,NA,NA,NA,NA,NA,NA,NA,NA,NA,NA,NA,NA,NA,NA,NA,NA,NA,NA,NA,NA,NA,NA,NA,NA,NA,NA,NA,NA,NA,NA,NA,NA,NA,NA,NA,NA,NA,NA,NA,NA,NA,NA,FALSE,"","NAs in DO.obs; NAs in DO.sat; NAs in depth; NAs in temp.water; NAs in light; NAs in discharge"
"653",2021-04-24,NA,NA,NA,NA,NA,NA,NA,NA,NA,NA,NA,NA,NA,NA,NA,NA,NA,NA,NA,NA,NA,NA,NA,NA,NA,NA,NA,NA,NA,NA,NA,NA,NA,NA,NA,NA,NA,NA,NA,NA,NA,NA,NA,NA,NA,NA,NA,NA,NA,NA,NA,NA,NA,NA,NA,NA,NA,NA,NA,NA,NA,NA,NA,NA,NA,NA,NA,NA,NA,NA,FALSE,"","NAs in DO.obs; NAs in DO.sat; NAs in depth; NAs in temp.water; NAs in light; NAs in discharge"
"654",2021-04-25,NA,NA,NA,NA,NA,NA,NA,NA,NA,NA,NA,NA,NA,NA,NA,NA,NA,NA,NA,NA,NA,NA,NA,NA,NA,NA,NA,NA,NA,NA,NA,NA,NA,NA,NA,NA,NA,NA,NA,NA,NA,NA,NA,NA,NA,NA,NA,NA,NA,NA,NA,NA,NA,NA,NA,NA,NA,NA,NA,NA,NA,NA,NA,NA,NA,NA,NA,NA,NA,NA,FALSE,"","NAs in DO.obs; NAs in DO.sat; NAs in depth; NAs in temp.water; NAs in light; NAs in discharge"
"655",2021-04-26,NA,NA,NA,NA,NA,NA,NA,NA,NA,NA,NA,NA,NA,NA,NA,NA,NA,NA,NA,NA,NA,NA,NA,NA,NA,NA,NA,NA,NA,NA,NA,NA,NA,NA,NA,NA,NA,NA,NA,NA,NA,NA,NA,NA,NA,NA,NA,NA,NA,NA,NA,NA,NA,NA,NA,NA,NA,NA,NA,NA,NA,NA,NA,NA,NA,NA,NA,NA,NA,NA,FALSE,"","NAs in DO.obs; NAs in DO.sat; NAs in depth; NAs in temp.water; NAs in light; NAs in discharge"
"656",2021-04-27,NA,NA,NA,NA,NA,NA,NA,NA,NA,NA,NA,NA,NA,NA,NA,NA,NA,NA,NA,NA,NA,NA,NA,NA,NA,NA,NA,NA,NA,NA,NA,NA,NA,NA,NA,NA,NA,NA,NA,NA,NA,NA,NA,NA,NA,NA,NA,NA,NA,NA,NA,NA,NA,NA,NA,NA,NA,NA,NA,NA,NA,NA,NA,NA,NA,NA,NA,NA,NA,NA,FALSE,"","NAs in DO.obs; NAs in DO.sat; NAs in depth; NAs in temp.water; NAs in light; NAs in discharge"
"657",2021-04-28,NA,NA,NA,NA,NA,NA,NA,NA,NA,NA,NA,NA,NA,NA,NA,NA,NA,NA,NA,NA,NA,NA,NA,NA,NA,NA,NA,NA,NA,NA,NA,NA,NA,NA,NA,NA,NA,NA,NA,NA,NA,NA,NA,NA,NA,NA,NA,NA,NA,NA,NA,NA,NA,NA,NA,NA,NA,NA,NA,NA,NA,NA,NA,NA,NA,NA,NA,NA,NA,NA,FALSE,"","NAs in DO.obs; NAs in DO.sat; NAs in depth; NAs in temp.water; NAs in light; NAs in discharge"
"658",2021-04-29,NA,NA,NA,NA,NA,NA,NA,NA,NA,NA,NA,NA,NA,NA,NA,NA,NA,NA,NA,NA,NA,NA,NA,NA,NA,NA,NA,NA,NA,NA,NA,NA,NA,NA,NA,NA,NA,NA,NA,NA,NA,NA,NA,NA,NA,NA,NA,NA,NA,NA,NA,NA,NA,NA,NA,NA,NA,NA,NA,NA,NA,NA,NA,NA,NA,NA,NA,NA,NA,NA,FALSE,"","NAs in DO.obs; NAs in DO.sat; NAs in depth; NAs in temp.water; NAs in light; NAs in discharge"
"659",2021-04-30,NA,NA,NA,NA,NA,NA,NA,NA,NA,NA,NA,NA,NA,NA,NA,NA,NA,NA,NA,NA,NA,NA,NA,NA,NA,NA,NA,NA,NA,NA,NA,NA,NA,NA,NA,NA,NA,NA,NA,NA,NA,NA,NA,NA,NA,NA,NA,NA,NA,NA,NA,NA,NA,NA,NA,NA,NA,NA,NA,NA,NA,NA,NA,NA,NA,NA,NA,NA,NA,NA,FALSE,"","NAs in DO.obs; NAs in DO.sat; NAs in depth; NAs in temp.water; NAs in light; NAs in discharge"
"660",2021-05-01,NA,NA,NA,NA,NA,NA,NA,NA,NA,NA,NA,NA,NA,NA,NA,NA,NA,NA,NA,NA,NA,NA,NA,NA,NA,NA,NA,NA,NA,NA,NA,NA,NA,NA,NA,NA,NA,NA,NA,NA,NA,NA,NA,NA,NA,NA,NA,NA,NA,NA,NA,NA,NA,NA,NA,NA,NA,NA,NA,NA,NA,NA,NA,NA,NA,NA,NA,NA,NA,NA,FALSE,"","NAs in DO.obs; NAs in DO.sat; NAs in depth; NAs in temp.water; NAs in light; NAs in discharge"
"661",2021-05-02,NA,NA,NA,NA,NA,NA,NA,NA,NA,NA,NA,NA,NA,NA,NA,NA,NA,NA,NA,NA,NA,NA,NA,NA,NA,NA,NA,NA,NA,NA,NA,NA,NA,NA,NA,NA,NA,NA,NA,NA,NA,NA,NA,NA,NA,NA,NA,NA,NA,NA,NA,NA,NA,NA,NA,NA,NA,NA,NA,NA,NA,NA,NA,NA,NA,NA,NA,NA,NA,NA,FALSE,"","NAs in DO.obs; NAs in DO.sat; NAs in depth; NAs in temp.water; NAs in light; NAs in discharge"
"662",2021-05-03,NA,NA,NA,NA,NA,NA,NA,NA,NA,NA,NA,NA,NA,NA,NA,NA,NA,NA,NA,NA,NA,NA,NA,NA,NA,NA,NA,NA,NA,NA,NA,NA,NA,NA,NA,NA,NA,NA,NA,NA,NA,NA,NA,NA,NA,NA,NA,NA,NA,NA,NA,NA,NA,NA,NA,NA,NA,NA,NA,NA,NA,NA,NA,NA,NA,NA,NA,NA,NA,NA,FALSE,"","NAs in DO.obs; NAs in DO.sat; NAs in depth; NAs in temp.water; NAs in light; NAs in discharge"
"663",2021-05-04,NA,NA,NA,NA,NA,NA,NA,NA,NA,NA,NA,NA,NA,NA,NA,NA,NA,NA,NA,NA,NA,NA,NA,NA,NA,NA,NA,NA,NA,NA,NA,NA,NA,NA,NA,NA,NA,NA,NA,NA,NA,NA,NA,NA,NA,NA,NA,NA,NA,NA,NA,NA,NA,NA,NA,NA,NA,NA,NA,NA,NA,NA,NA,NA,NA,NA,NA,NA,NA,NA,FALSE,"","NAs in DO.obs; NAs in DO.sat; NAs in depth; NAs in temp.water; NAs in light; NAs in discharge"
"664",2021-05-05,NA,NA,NA,NA,NA,NA,NA,NA,NA,NA,NA,NA,NA,NA,NA,NA,NA,NA,NA,NA,NA,NA,NA,NA,NA,NA,NA,NA,NA,NA,NA,NA,NA,NA,NA,NA,NA,NA,NA,NA,NA,NA,NA,NA,NA,NA,NA,NA,NA,NA,NA,NA,NA,NA,NA,NA,NA,NA,NA,NA,NA,NA,NA,NA,NA,NA,NA,NA,NA,NA,FALSE,"","NAs in DO.obs; NAs in DO.sat; NAs in depth; NAs in temp.water; NAs in light; NAs in discharge"
"665",2021-05-06,NA,NA,NA,NA,NA,NA,NA,NA,NA,NA,NA,NA,NA,NA,NA,NA,NA,NA,NA,NA,NA,NA,NA,NA,NA,NA,NA,NA,NA,NA,NA,NA,NA,NA,NA,NA,NA,NA,NA,NA,NA,NA,NA,NA,NA,NA,NA,NA,NA,NA,NA,NA,NA,NA,NA,NA,NA,NA,NA,NA,NA,NA,NA,NA,NA,NA,NA,NA,NA,NA,FALSE,"","NAs in DO.obs; NAs in DO.sat; NAs in depth; NAs in temp.water; NAs in light; NAs in discharge"
"666",2021-05-07,NA,NA,NA,NA,NA,NA,NA,NA,NA,NA,NA,NA,NA,NA,NA,NA,NA,NA,NA,NA,NA,NA,NA,NA,NA,NA,NA,NA,NA,NA,NA,NA,NA,NA,NA,NA,NA,NA,NA,NA,NA,NA,NA,NA,NA,NA,NA,NA,NA,NA,NA,NA,NA,NA,NA,NA,NA,NA,NA,NA,NA,NA,NA,NA,NA,NA,NA,NA,NA,NA,FALSE,"","NAs in DO.obs; NAs in DO.sat; NAs in depth; NAs in temp.water; NAs in light; NAs in discharge"
"667",2021-05-08,NA,NA,NA,NA,NA,NA,NA,NA,NA,NA,NA,NA,NA,NA,NA,NA,NA,NA,NA,NA,NA,NA,NA,NA,NA,NA,NA,NA,NA,NA,NA,NA,NA,NA,NA,NA,NA,NA,NA,NA,NA,NA,NA,NA,NA,NA,NA,NA,NA,NA,NA,NA,NA,NA,NA,NA,NA,NA,NA,NA,NA,NA,NA,NA,NA,NA,NA,NA,NA,NA,FALSE,"","NAs in DO.obs; NAs in DO.sat; NAs in depth; NAs in temp.water; NAs in light; NAs in discharge"
"668",2021-05-09,NA,NA,NA,NA,NA,NA,NA,NA,NA,NA,NA,NA,NA,NA,NA,NA,NA,NA,NA,NA,NA,NA,NA,NA,NA,NA,NA,NA,NA,NA,NA,NA,NA,NA,NA,NA,NA,NA,NA,NA,NA,NA,NA,NA,NA,NA,NA,NA,NA,NA,NA,NA,NA,NA,NA,NA,NA,NA,NA,NA,NA,NA,NA,NA,NA,NA,NA,NA,NA,NA,FALSE,"","NAs in DO.obs; NAs in DO.sat; NAs in depth; NAs in temp.water; NAs in light; NAs in discharge"
"669",2021-05-10,NA,NA,NA,NA,NA,NA,NA,NA,NA,NA,NA,NA,NA,NA,NA,NA,NA,NA,NA,NA,NA,NA,NA,NA,NA,NA,NA,NA,NA,NA,NA,NA,NA,NA,NA,NA,NA,NA,NA,NA,NA,NA,NA,NA,NA,NA,NA,NA,NA,NA,NA,NA,NA,NA,NA,NA,NA,NA,NA,NA,NA,NA,NA,NA,NA,NA,NA,NA,NA,NA,FALSE,"","NAs in DO.obs; NAs in DO.sat; NAs in depth; NAs in temp.water; NAs in light; NAs in discharge"
"670",2021-05-11,NA,NA,NA,NA,NA,NA,NA,NA,NA,NA,NA,NA,NA,NA,NA,NA,NA,NA,NA,NA,NA,NA,NA,NA,NA,NA,NA,NA,NA,NA,NA,NA,NA,NA,NA,NA,NA,NA,NA,NA,NA,NA,NA,NA,NA,NA,NA,NA,NA,NA,NA,NA,NA,NA,NA,NA,NA,NA,NA,NA,NA,NA,NA,NA,NA,NA,NA,NA,NA,NA,FALSE,"","NAs in DO.obs; NAs in DO.sat; NAs in depth; NAs in temp.water; NAs in light; NAs in discharge"
"671",2021-05-12,NA,NA,NA,NA,NA,NA,NA,NA,NA,NA,NA,NA,NA,NA,NA,NA,NA,NA,NA,NA,NA,NA,NA,NA,NA,NA,NA,NA,NA,NA,NA,NA,NA,NA,NA,NA,NA,NA,NA,NA,NA,NA,NA,NA,NA,NA,NA,NA,NA,NA,NA,NA,NA,NA,NA,NA,NA,NA,NA,NA,NA,NA,NA,NA,NA,NA,NA,NA,NA,NA,FALSE,"","NAs in DO.obs; NAs in DO.sat; NAs in depth; NAs in temp.water; NAs in light; NAs in discharge"
"672",2021-05-13,NA,NA,NA,NA,NA,NA,NA,NA,NA,NA,NA,NA,NA,NA,NA,NA,NA,NA,NA,NA,NA,NA,NA,NA,NA,NA,NA,NA,NA,NA,NA,NA,NA,NA,NA,NA,NA,NA,NA,NA,NA,NA,NA,NA,NA,NA,NA,NA,NA,NA,NA,NA,NA,NA,NA,NA,NA,NA,NA,NA,NA,NA,NA,NA,NA,NA,NA,NA,NA,NA,FALSE,"","NAs in DO.obs; NAs in DO.sat; NAs in depth; NAs in temp.water; NAs in light; NAs in discharge"
"673",2021-05-14,NA,NA,NA,NA,NA,NA,NA,NA,NA,NA,NA,NA,NA,NA,NA,NA,NA,NA,NA,NA,NA,NA,NA,NA,NA,NA,NA,NA,NA,NA,NA,NA,NA,NA,NA,NA,NA,NA,NA,NA,NA,NA,NA,NA,NA,NA,NA,NA,NA,NA,NA,NA,NA,NA,NA,NA,NA,NA,NA,NA,NA,NA,NA,NA,NA,NA,NA,NA,NA,NA,FALSE,"","NAs in DO.obs; NAs in DO.sat; NAs in depth; NAs in temp.water; NAs in light; NAs in discharge"
"674",2021-05-15,NA,NA,NA,NA,NA,NA,NA,NA,NA,NA,NA,NA,NA,NA,NA,NA,NA,NA,NA,NA,NA,NA,NA,NA,NA,NA,NA,NA,NA,NA,NA,NA,NA,NA,NA,NA,NA,NA,NA,NA,NA,NA,NA,NA,NA,NA,NA,NA,NA,NA,NA,NA,NA,NA,NA,NA,NA,NA,NA,NA,NA,NA,NA,NA,NA,NA,NA,NA,NA,NA,FALSE,"","NAs in DO.obs; NAs in DO.sat; NAs in depth; NAs in temp.water; NAs in light; NAs in discharge"
"675",2021-05-16,NA,NA,NA,NA,NA,NA,NA,NA,NA,NA,NA,NA,NA,NA,NA,NA,NA,NA,NA,NA,NA,NA,NA,NA,NA,NA,NA,NA,NA,NA,NA,NA,NA,NA,NA,NA,NA,NA,NA,NA,NA,NA,NA,NA,NA,NA,NA,NA,NA,NA,NA,NA,NA,NA,NA,NA,NA,NA,NA,NA,NA,NA,NA,NA,NA,NA,NA,NA,NA,NA,FALSE,"","NAs in DO.obs; NAs in DO.sat; NAs in depth; NAs in temp.water; NAs in light; NAs in discharge"
"676",2021-05-17,NA,NA,NA,NA,NA,NA,NA,NA,NA,NA,NA,NA,NA,NA,NA,NA,NA,NA,NA,NA,NA,NA,NA,NA,NA,NA,NA,NA,NA,NA,NA,NA,NA,NA,NA,NA,NA,NA,NA,NA,NA,NA,NA,NA,NA,NA,NA,NA,NA,NA,NA,NA,NA,NA,NA,NA,NA,NA,NA,NA,NA,NA,NA,NA,NA,NA,NA,NA,NA,NA,FALSE,"","NAs in DO.obs; NAs in DO.sat; NAs in depth; NAs in temp.water; NAs in light; NAs in discharge"
"677",2021-05-18,NA,NA,NA,NA,NA,NA,NA,NA,NA,NA,NA,NA,NA,NA,NA,NA,NA,NA,NA,NA,NA,NA,NA,NA,NA,NA,NA,NA,NA,NA,NA,NA,NA,NA,NA,NA,NA,NA,NA,NA,NA,NA,NA,NA,NA,NA,NA,NA,NA,NA,NA,NA,NA,NA,NA,NA,NA,NA,NA,NA,NA,NA,NA,NA,NA,NA,NA,NA,NA,NA,FALSE,"","NAs in DO.obs; NAs in DO.sat; NAs in depth; NAs in temp.water; NAs in light; NAs in discharge"
"678",2021-05-19,NA,NA,NA,NA,NA,NA,NA,NA,NA,NA,NA,NA,NA,NA,NA,NA,NA,NA,NA,NA,NA,NA,NA,NA,NA,NA,NA,NA,NA,NA,NA,NA,NA,NA,NA,NA,NA,NA,NA,NA,NA,NA,NA,NA,NA,NA,NA,NA,NA,NA,NA,NA,NA,NA,NA,NA,NA,NA,NA,NA,NA,NA,NA,NA,NA,NA,NA,NA,NA,NA,FALSE,"","NAs in DO.obs; NAs in DO.sat; NAs in depth; NAs in temp.water; NAs in light; NAs in discharge"
"679",2021-05-20,NA,NA,NA,NA,NA,NA,NA,NA,NA,NA,NA,NA,NA,NA,NA,NA,NA,NA,NA,NA,NA,NA,NA,NA,NA,NA,NA,NA,NA,NA,NA,NA,NA,NA,NA,NA,NA,NA,NA,NA,NA,NA,NA,NA,NA,NA,NA,NA,NA,NA,NA,NA,NA,NA,NA,NA,NA,NA,NA,NA,NA,NA,NA,NA,NA,NA,NA,NA,NA,NA,FALSE,"","NAs in DO.obs; NAs in DO.sat; NAs in depth; NAs in temp.water; NAs in light; NAs in discharge"
"680",2021-05-21,NA,NA,NA,NA,NA,NA,NA,NA,NA,NA,NA,NA,NA,NA,NA,NA,NA,NA,NA,NA,NA,NA,NA,NA,NA,NA,NA,NA,NA,NA,NA,NA,NA,NA,NA,NA,NA,NA,NA,NA,NA,NA,NA,NA,NA,NA,NA,NA,NA,NA,NA,NA,NA,NA,NA,NA,NA,NA,NA,NA,NA,NA,NA,NA,NA,NA,NA,NA,NA,NA,FALSE,"","NAs in DO.obs; NAs in DO.sat; NAs in depth; NAs in temp.water; NAs in light; NAs in discharge"
"681",2021-05-22,NA,NA,NA,NA,NA,NA,NA,NA,NA,NA,NA,NA,NA,NA,NA,NA,NA,NA,NA,NA,NA,NA,NA,NA,NA,NA,NA,NA,NA,NA,NA,NA,NA,NA,NA,NA,NA,NA,NA,NA,NA,NA,NA,NA,NA,NA,NA,NA,NA,NA,NA,NA,NA,NA,NA,NA,NA,NA,NA,NA,NA,NA,NA,NA,NA,NA,NA,NA,NA,NA,FALSE,"","NAs in DO.obs; NAs in DO.sat; NAs in depth; NAs in temp.water; NAs in light; NAs in discharge"
"682",2021-05-23,NA,NA,NA,NA,NA,NA,NA,NA,NA,NA,NA,NA,NA,NA,NA,NA,NA,NA,NA,NA,NA,NA,NA,NA,NA,NA,NA,NA,NA,NA,NA,NA,NA,NA,NA,NA,NA,NA,NA,NA,NA,NA,NA,NA,NA,NA,NA,NA,NA,NA,NA,NA,NA,NA,NA,NA,NA,NA,NA,NA,NA,NA,NA,NA,NA,NA,NA,NA,NA,NA,FALSE,"","NAs in DO.obs; NAs in DO.sat; NAs in depth; NAs in temp.water; NAs in light; NAs in discharge"
"683",2021-05-24,NA,NA,NA,NA,NA,NA,NA,NA,NA,NA,NA,NA,NA,NA,NA,NA,NA,NA,NA,NA,NA,NA,NA,NA,NA,NA,NA,NA,NA,NA,NA,NA,NA,NA,NA,NA,NA,NA,NA,NA,NA,NA,NA,NA,NA,NA,NA,NA,NA,NA,NA,NA,NA,NA,NA,NA,NA,NA,NA,NA,NA,NA,NA,NA,NA,NA,NA,NA,NA,NA,FALSE,"","NAs in DO.obs; NAs in DO.sat; NAs in depth; NAs in temp.water; NAs in light; NAs in discharge"
"684",2021-05-25,NA,NA,NA,NA,NA,NA,NA,NA,NA,NA,NA,NA,NA,NA,NA,NA,NA,NA,NA,NA,NA,NA,NA,NA,NA,NA,NA,NA,NA,NA,NA,NA,NA,NA,NA,NA,NA,NA,NA,NA,NA,NA,NA,NA,NA,NA,NA,NA,NA,NA,NA,NA,NA,NA,NA,NA,NA,NA,NA,NA,NA,NA,NA,NA,NA,NA,NA,NA,NA,NA,FALSE,"","NAs in DO.obs; NAs in DO.sat; NAs in depth; NAs in temp.water; NAs in light; NAs in discharge"
"685",2021-05-26,NA,NA,NA,NA,NA,NA,NA,NA,NA,NA,NA,NA,NA,NA,NA,NA,NA,NA,NA,NA,NA,NA,NA,NA,NA,NA,NA,NA,NA,NA,NA,NA,NA,NA,NA,NA,NA,NA,NA,NA,NA,NA,NA,NA,NA,NA,NA,NA,NA,NA,NA,NA,NA,NA,NA,NA,NA,NA,NA,NA,NA,NA,NA,NA,NA,NA,NA,NA,NA,NA,FALSE,"","NAs in DO.obs; NAs in DO.sat; NAs in depth; NAs in temp.water; NAs in light; NAs in discharge"
"686",2021-05-27,NA,NA,NA,NA,NA,NA,NA,NA,NA,NA,NA,NA,NA,NA,NA,NA,NA,NA,NA,NA,NA,NA,NA,NA,NA,NA,NA,NA,NA,NA,NA,NA,NA,NA,NA,NA,NA,NA,NA,NA,NA,NA,NA,NA,NA,NA,NA,NA,NA,NA,NA,NA,NA,NA,NA,NA,NA,NA,NA,NA,NA,NA,NA,NA,NA,NA,NA,NA,NA,NA,FALSE,"","NAs in DO.obs; NAs in DO.sat; NAs in depth; NAs in temp.water; NAs in light; NAs in discharge"
"687",2021-05-28,NA,NA,NA,NA,NA,NA,NA,NA,NA,NA,NA,NA,NA,NA,NA,NA,NA,NA,NA,NA,NA,NA,NA,NA,NA,NA,NA,NA,NA,NA,NA,NA,NA,NA,NA,NA,NA,NA,NA,NA,NA,NA,NA,NA,NA,NA,NA,NA,NA,NA,NA,NA,NA,NA,NA,NA,NA,NA,NA,NA,NA,NA,NA,NA,NA,NA,NA,NA,NA,NA,FALSE,"","NAs in DO.obs; NAs in DO.sat; NAs in depth; NAs in temp.water; NAs in light; NAs in discharge"
"688",2021-05-29,NA,NA,NA,NA,NA,NA,NA,NA,NA,NA,NA,NA,NA,NA,NA,NA,NA,NA,NA,NA,NA,NA,NA,NA,NA,NA,NA,NA,NA,NA,NA,NA,NA,NA,NA,NA,NA,NA,NA,NA,NA,NA,NA,NA,NA,NA,NA,NA,NA,NA,NA,NA,NA,NA,NA,NA,NA,NA,NA,NA,NA,NA,NA,NA,NA,NA,NA,NA,NA,NA,FALSE,"","NAs in DO.obs; NAs in DO.sat; NAs in depth; NAs in temp.water; NAs in light; NAs in discharge"
"689",2021-05-30,NA,NA,NA,NA,NA,NA,NA,NA,NA,NA,NA,NA,NA,NA,NA,NA,NA,NA,NA,NA,NA,NA,NA,NA,NA,NA,NA,NA,NA,NA,NA,NA,NA,NA,NA,NA,NA,NA,NA,NA,NA,NA,NA,NA,NA,NA,NA,NA,NA,NA,NA,NA,NA,NA,NA,NA,NA,NA,NA,NA,NA,NA,NA,NA,NA,NA,NA,NA,NA,NA,FALSE,"","NAs in DO.obs; NAs in DO.sat; NAs in depth; NAs in temp.water; NAs in light; NAs in discharge"
"690",2021-05-31,NA,NA,NA,NA,NA,NA,NA,NA,NA,NA,NA,NA,NA,NA,NA,NA,NA,NA,NA,NA,NA,NA,NA,NA,NA,NA,NA,NA,NA,NA,NA,NA,NA,NA,NA,NA,NA,NA,NA,NA,NA,NA,NA,NA,NA,NA,NA,NA,NA,NA,NA,NA,NA,NA,NA,NA,NA,NA,NA,NA,NA,NA,NA,NA,NA,NA,NA,NA,NA,NA,FALSE,"","NAs in DO.obs; NAs in DO.sat; NAs in depth; NAs in temp.water; NAs in light; NAs in discharge"
"691",2021-06-01,NA,NA,NA,NA,NA,NA,NA,NA,NA,NA,NA,NA,NA,NA,NA,NA,NA,NA,NA,NA,NA,NA,NA,NA,NA,NA,NA,NA,NA,NA,NA,NA,NA,NA,NA,NA,NA,NA,NA,NA,NA,NA,NA,NA,NA,NA,NA,NA,NA,NA,NA,NA,NA,NA,NA,NA,NA,NA,NA,NA,NA,NA,NA,NA,NA,NA,NA,NA,NA,NA,FALSE,"","NAs in DO.obs; NAs in DO.sat; NAs in depth; NAs in temp.water; NAs in light; NAs in discharge"
"692",2021-06-02,NA,NA,NA,NA,NA,NA,NA,NA,NA,NA,NA,NA,NA,NA,NA,NA,NA,NA,NA,NA,NA,NA,NA,NA,NA,NA,NA,NA,NA,NA,NA,NA,NA,NA,NA,NA,NA,NA,NA,NA,NA,NA,NA,NA,NA,NA,NA,NA,NA,NA,NA,NA,NA,NA,NA,NA,NA,NA,NA,NA,NA,NA,NA,NA,NA,NA,NA,NA,NA,NA,FALSE,"","NAs in DO.obs; NAs in DO.sat; NAs in depth; NAs in temp.water; NAs in light; NAs in discharge"
"693",2021-06-03,NA,NA,NA,NA,NA,NA,NA,NA,NA,NA,NA,NA,NA,NA,NA,NA,NA,NA,NA,NA,NA,NA,NA,NA,NA,NA,NA,NA,NA,NA,NA,NA,NA,NA,NA,NA,NA,NA,NA,NA,NA,NA,NA,NA,NA,NA,NA,NA,NA,NA,NA,NA,NA,NA,NA,NA,NA,NA,NA,NA,NA,NA,NA,NA,NA,NA,NA,NA,NA,NA,FALSE,"","NAs in DO.obs; NAs in DO.sat; NAs in depth; NAs in temp.water; NAs in light; NAs in discharge"
"694",2021-06-04,NA,NA,NA,NA,NA,NA,NA,NA,NA,NA,NA,NA,NA,NA,NA,NA,NA,NA,NA,NA,NA,NA,NA,NA,NA,NA,NA,NA,NA,NA,NA,NA,NA,NA,NA,NA,NA,NA,NA,NA,NA,NA,NA,NA,NA,NA,NA,NA,NA,NA,NA,NA,NA,NA,NA,NA,NA,NA,NA,NA,NA,NA,NA,NA,NA,NA,NA,NA,NA,NA,FALSE,"","NAs in DO.obs; NAs in DO.sat; NAs in depth; NAs in temp.water; NAs in light; NAs in discharge"
"695",2021-06-05,NA,NA,NA,NA,NA,NA,NA,NA,NA,NA,NA,NA,NA,NA,NA,NA,NA,NA,NA,NA,NA,NA,NA,NA,NA,NA,NA,NA,NA,NA,NA,NA,NA,NA,NA,NA,NA,NA,NA,NA,NA,NA,NA,NA,NA,NA,NA,NA,NA,NA,NA,NA,NA,NA,NA,NA,NA,NA,NA,NA,NA,NA,NA,NA,NA,NA,NA,NA,NA,NA,FALSE,"","NAs in DO.obs; NAs in DO.sat; NAs in depth; NAs in temp.water; NAs in light; NAs in discharge"
"696",2021-06-06,NA,NA,NA,NA,NA,NA,NA,NA,NA,NA,NA,NA,NA,NA,NA,NA,NA,NA,NA,NA,NA,NA,NA,NA,NA,NA,NA,NA,NA,NA,NA,NA,NA,NA,NA,NA,NA,NA,NA,NA,NA,NA,NA,NA,NA,NA,NA,NA,NA,NA,NA,NA,NA,NA,NA,NA,NA,NA,NA,NA,NA,NA,NA,NA,NA,NA,NA,NA,NA,NA,FALSE,"","NAs in DO.obs; NAs in DO.sat; NAs in depth; NAs in temp.water; NAs in light; NAs in discharge"
"697",2021-06-07,NA,NA,NA,NA,NA,NA,NA,NA,NA,NA,NA,NA,NA,NA,NA,NA,NA,NA,NA,NA,NA,NA,NA,NA,NA,NA,NA,NA,NA,NA,NA,NA,NA,NA,NA,NA,NA,NA,NA,NA,NA,NA,NA,NA,NA,NA,NA,NA,NA,NA,NA,NA,NA,NA,NA,NA,NA,NA,NA,NA,NA,NA,NA,NA,NA,NA,NA,NA,NA,NA,FALSE,"","NAs in DO.obs; NAs in DO.sat; NAs in depth; NAs in temp.water; NAs in light; NAs in discharge"
"698",2021-06-08,NA,NA,NA,NA,NA,NA,NA,NA,NA,NA,NA,NA,NA,NA,NA,NA,NA,NA,NA,NA,NA,NA,NA,NA,NA,NA,NA,NA,NA,NA,NA,NA,NA,NA,NA,NA,NA,NA,NA,NA,NA,NA,NA,NA,NA,NA,NA,NA,NA,NA,NA,NA,NA,NA,NA,NA,NA,NA,NA,NA,NA,NA,NA,NA,NA,NA,NA,NA,NA,NA,FALSE,"","NAs in DO.obs; NAs in DO.sat; NAs in depth; NAs in temp.water; NAs in light; NAs in discharge"
"699",2021-06-09,NA,NA,NA,NA,NA,NA,NA,NA,NA,NA,NA,NA,NA,NA,NA,NA,NA,NA,NA,NA,NA,NA,NA,NA,NA,NA,NA,NA,NA,NA,NA,NA,NA,NA,NA,NA,NA,NA,NA,NA,NA,NA,NA,NA,NA,NA,NA,NA,NA,NA,NA,NA,NA,NA,NA,NA,NA,NA,NA,NA,NA,NA,NA,NA,NA,NA,NA,NA,NA,NA,FALSE,"","NAs in DO.obs; NAs in DO.sat; NAs in depth; NAs in temp.water; NAs in light; NAs in discharge"
"700",2021-06-10,NA,NA,NA,NA,NA,NA,NA,NA,NA,NA,NA,NA,NA,NA,NA,NA,NA,NA,NA,NA,NA,NA,NA,NA,NA,NA,NA,NA,NA,NA,NA,NA,NA,NA,NA,NA,NA,NA,NA,NA,NA,NA,NA,NA,NA,NA,NA,NA,NA,NA,NA,NA,NA,NA,NA,NA,NA,NA,NA,NA,NA,NA,NA,NA,NA,NA,NA,NA,NA,NA,FALSE,"","NAs in DO.obs; NAs in DO.sat; NAs in depth; NAs in temp.water; NAs in light; NAs in discharge"
"701",2021-06-11,NA,NA,NA,NA,NA,NA,NA,NA,NA,NA,NA,NA,NA,NA,NA,NA,NA,NA,NA,NA,NA,NA,NA,NA,NA,NA,NA,NA,NA,NA,NA,NA,NA,NA,NA,NA,NA,NA,NA,NA,NA,NA,NA,NA,NA,NA,NA,NA,NA,NA,NA,NA,NA,NA,NA,NA,NA,NA,NA,NA,NA,NA,NA,NA,NA,NA,NA,NA,NA,NA,FALSE,"","NAs in DO.obs; NAs in DO.sat; NAs in depth; NAs in temp.water; NAs in light; NAs in discharge"
"702",2021-06-12,NA,NA,NA,NA,NA,NA,NA,NA,NA,NA,NA,NA,NA,NA,NA,NA,NA,NA,NA,NA,NA,NA,NA,NA,NA,NA,NA,NA,NA,NA,NA,NA,NA,NA,NA,NA,NA,NA,NA,NA,NA,NA,NA,NA,NA,NA,NA,NA,NA,NA,NA,NA,NA,NA,NA,NA,NA,NA,NA,NA,NA,NA,NA,NA,NA,NA,NA,NA,NA,NA,FALSE,"","NAs in DO.obs; NAs in DO.sat; NAs in depth; NAs in temp.water; NAs in light; NAs in discharge"
"703",2021-06-13,NA,NA,NA,NA,NA,NA,NA,NA,NA,NA,NA,NA,NA,NA,NA,NA,NA,NA,NA,NA,NA,NA,NA,NA,NA,NA,NA,NA,NA,NA,NA,NA,NA,NA,NA,NA,NA,NA,NA,NA,NA,NA,NA,NA,NA,NA,NA,NA,NA,NA,NA,NA,NA,NA,NA,NA,NA,NA,NA,NA,NA,NA,NA,NA,NA,NA,NA,NA,NA,NA,FALSE,"","NAs in DO.obs; NAs in DO.sat; NAs in depth; NAs in temp.water; NAs in light; NAs in discharge"
"704",2021-06-14,NA,NA,NA,NA,NA,NA,NA,NA,NA,NA,NA,NA,NA,NA,NA,NA,NA,NA,NA,NA,NA,NA,NA,NA,NA,NA,NA,NA,NA,NA,NA,NA,NA,NA,NA,NA,NA,NA,NA,NA,NA,NA,NA,NA,NA,NA,NA,NA,NA,NA,NA,NA,NA,NA,NA,NA,NA,NA,NA,NA,NA,NA,NA,NA,NA,NA,NA,NA,NA,NA,FALSE,"","NAs in DO.obs; NAs in DO.sat; NAs in depth; NAs in temp.water; NAs in light; NAs in discharge"
"705",2021-06-15,NA,NA,NA,NA,NA,NA,NA,NA,NA,NA,NA,NA,NA,NA,NA,NA,NA,NA,NA,NA,NA,NA,NA,NA,NA,NA,NA,NA,NA,NA,NA,NA,NA,NA,NA,NA,NA,NA,NA,NA,NA,NA,NA,NA,NA,NA,NA,NA,NA,NA,NA,NA,NA,NA,NA,NA,NA,NA,NA,NA,NA,NA,NA,NA,NA,NA,NA,NA,NA,NA,FALSE,"","NAs in DO.obs; NAs in DO.sat; NAs in depth; NAs in temp.water; NAs in light; NAs in discharge"
"706",2021-06-16,NA,NA,NA,NA,NA,NA,NA,NA,NA,NA,NA,NA,NA,NA,NA,NA,NA,NA,NA,NA,NA,NA,NA,NA,NA,NA,NA,NA,NA,NA,NA,NA,NA,NA,NA,NA,NA,NA,NA,NA,NA,NA,NA,NA,NA,NA,NA,NA,NA,NA,NA,NA,NA,NA,NA,NA,NA,NA,NA,NA,NA,NA,NA,NA,NA,NA,NA,NA,NA,NA,FALSE,"","NAs in DO.obs; NAs in DO.sat; NAs in depth; NAs in temp.water; NAs in light; NAs in discharge"
"707",2021-06-17,NA,NA,NA,NA,NA,NA,NA,NA,NA,NA,NA,NA,NA,NA,NA,NA,NA,NA,NA,NA,NA,NA,NA,NA,NA,NA,NA,NA,NA,NA,NA,NA,NA,NA,NA,NA,NA,NA,NA,NA,NA,NA,NA,NA,NA,NA,NA,NA,NA,NA,NA,NA,NA,NA,NA,NA,NA,NA,NA,NA,NA,NA,NA,NA,NA,NA,NA,NA,NA,NA,FALSE,"","NAs in DO.obs; NAs in DO.sat; NAs in depth; NAs in temp.water; NAs in light; NAs in discharge"
"708",2021-06-18,NA,NA,NA,NA,NA,NA,NA,NA,NA,NA,NA,NA,NA,NA,NA,NA,NA,NA,NA,NA,NA,NA,NA,NA,NA,NA,NA,NA,NA,NA,NA,NA,NA,NA,NA,NA,NA,NA,NA,NA,NA,NA,NA,NA,NA,NA,NA,NA,NA,NA,NA,NA,NA,NA,NA,NA,NA,NA,NA,NA,NA,NA,NA,NA,NA,NA,NA,NA,NA,NA,FALSE,"","NAs in DO.obs; NAs in DO.sat; NAs in depth; NAs in temp.water; NAs in light; NAs in discharge"
"709",2021-06-19,NA,NA,NA,NA,NA,NA,NA,NA,NA,NA,NA,NA,NA,NA,NA,NA,NA,NA,NA,NA,NA,NA,NA,NA,NA,NA,NA,NA,NA,NA,NA,NA,NA,NA,NA,NA,NA,NA,NA,NA,NA,NA,NA,NA,NA,NA,NA,NA,NA,NA,NA,NA,NA,NA,NA,NA,NA,NA,NA,NA,NA,NA,NA,NA,NA,NA,NA,NA,NA,NA,FALSE,"","NAs in DO.obs; NAs in DO.sat; NAs in depth; NAs in temp.water; NAs in light; NAs in discharge"
"710",2021-06-20,NA,NA,NA,NA,NA,NA,NA,NA,NA,NA,NA,NA,NA,NA,NA,NA,NA,NA,NA,NA,NA,NA,NA,NA,NA,NA,NA,NA,NA,NA,NA,NA,NA,NA,NA,NA,NA,NA,NA,NA,NA,NA,NA,NA,NA,NA,NA,NA,NA,NA,NA,NA,NA,NA,NA,NA,NA,NA,NA,NA,NA,NA,NA,NA,NA,NA,NA,NA,NA,NA,FALSE,"","NAs in DO.obs; NAs in DO.sat; NAs in depth; NAs in temp.water; NAs in light; NAs in discharge"
"711",2021-06-21,NA,NA,NA,NA,NA,NA,NA,NA,NA,NA,NA,NA,NA,NA,NA,NA,NA,NA,NA,NA,NA,NA,NA,NA,NA,NA,NA,NA,NA,NA,NA,NA,NA,NA,NA,NA,NA,NA,NA,NA,NA,NA,NA,NA,NA,NA,NA,NA,NA,NA,NA,NA,NA,NA,NA,NA,NA,NA,NA,NA,NA,NA,NA,NA,NA,NA,NA,NA,NA,NA,FALSE,"","NAs in DO.obs; NAs in DO.sat; NAs in depth; NAs in temp.water; NAs in light; NAs in discharge"
"712",2021-06-22,NA,NA,NA,NA,NA,NA,NA,NA,NA,NA,NA,NA,NA,NA,NA,NA,NA,NA,NA,NA,NA,NA,NA,NA,NA,NA,NA,NA,NA,NA,NA,NA,NA,NA,NA,NA,NA,NA,NA,NA,NA,NA,NA,NA,NA,NA,NA,NA,NA,NA,NA,NA,NA,NA,NA,NA,NA,NA,NA,NA,NA,NA,NA,NA,NA,NA,NA,NA,NA,NA,FALSE,"","NAs in DO.obs; NAs in DO.sat; NAs in depth; NAs in temp.water; NAs in light; NAs in discharge"
"713",2021-06-23,NA,NA,NA,NA,NA,NA,NA,NA,NA,NA,NA,NA,NA,NA,NA,NA,NA,NA,NA,NA,NA,NA,NA,NA,NA,NA,NA,NA,NA,NA,NA,NA,NA,NA,NA,NA,NA,NA,NA,NA,NA,NA,NA,NA,NA,NA,NA,NA,NA,NA,NA,NA,NA,NA,NA,NA,NA,NA,NA,NA,NA,NA,NA,NA,NA,NA,NA,NA,NA,NA,FALSE,"","NAs in DO.obs; NAs in DO.sat; NAs in depth; NAs in temp.water; NAs in light; NAs in discharge"
"714",2021-06-24,NA,NA,NA,NA,NA,NA,NA,NA,NA,NA,NA,NA,NA,NA,NA,NA,NA,NA,NA,NA,NA,NA,NA,NA,NA,NA,NA,NA,NA,NA,NA,NA,NA,NA,NA,NA,NA,NA,NA,NA,NA,NA,NA,NA,NA,NA,NA,NA,NA,NA,NA,NA,NA,NA,NA,NA,NA,NA,NA,NA,NA,NA,NA,NA,NA,NA,NA,NA,NA,NA,FALSE,"","NAs in DO.obs; NAs in DO.sat; NAs in depth; NAs in temp.water; NAs in light; NAs in discharge"
"715",2021-06-25,NA,NA,NA,NA,NA,NA,NA,NA,NA,NA,NA,NA,NA,NA,NA,NA,NA,NA,NA,NA,NA,NA,NA,NA,NA,NA,NA,NA,NA,NA,NA,NA,NA,NA,NA,NA,NA,NA,NA,NA,NA,NA,NA,NA,NA,NA,NA,NA,NA,NA,NA,NA,NA,NA,NA,NA,NA,NA,NA,NA,NA,NA,NA,NA,NA,NA,NA,NA,NA,NA,FALSE,"","NAs in DO.obs; NAs in DO.sat; NAs in depth; NAs in temp.water; NAs in light; NAs in discharge"
"716",2021-06-26,NA,NA,NA,NA,NA,NA,NA,NA,NA,NA,NA,NA,NA,NA,NA,NA,NA,NA,NA,NA,NA,NA,NA,NA,NA,NA,NA,NA,NA,NA,NA,NA,NA,NA,NA,NA,NA,NA,NA,NA,NA,NA,NA,NA,NA,NA,NA,NA,NA,NA,NA,NA,NA,NA,NA,NA,NA,NA,NA,NA,NA,NA,NA,NA,NA,NA,NA,NA,NA,NA,FALSE,"","NAs in DO.obs; NAs in DO.sat; NAs in depth; NAs in temp.water; NAs in light; NAs in discharge"
"717",2021-06-27,NA,NA,NA,NA,NA,NA,NA,NA,NA,NA,NA,NA,NA,NA,NA,NA,NA,NA,NA,NA,NA,NA,NA,NA,NA,NA,NA,NA,NA,NA,NA,NA,NA,NA,NA,NA,NA,NA,NA,NA,NA,NA,NA,NA,NA,NA,NA,NA,NA,NA,NA,NA,NA,NA,NA,NA,NA,NA,NA,NA,NA,NA,NA,NA,NA,NA,NA,NA,NA,NA,FALSE,"","NAs in DO.obs; NAs in DO.sat; NAs in depth; NAs in temp.water; NAs in light; NAs in discharge"
"718",2021-06-28,NA,NA,NA,NA,NA,NA,NA,NA,NA,NA,NA,NA,NA,NA,NA,NA,NA,NA,NA,NA,NA,NA,NA,NA,NA,NA,NA,NA,NA,NA,NA,NA,NA,NA,NA,NA,NA,NA,NA,NA,NA,NA,NA,NA,NA,NA,NA,NA,NA,NA,NA,NA,NA,NA,NA,NA,NA,NA,NA,NA,NA,NA,NA,NA,NA,NA,NA,NA,NA,NA,FALSE,"","NAs in DO.obs; NAs in DO.sat; NAs in depth; NAs in temp.water; NAs in light; NAs in discharge"
"719",2021-06-29,NA,NA,NA,NA,NA,NA,NA,NA,NA,NA,NA,NA,NA,NA,NA,NA,NA,NA,NA,NA,NA,NA,NA,NA,NA,NA,NA,NA,NA,NA,NA,NA,NA,NA,NA,NA,NA,NA,NA,NA,NA,NA,NA,NA,NA,NA,NA,NA,NA,NA,NA,NA,NA,NA,NA,NA,NA,NA,NA,NA,NA,NA,NA,NA,NA,NA,NA,NA,NA,NA,FALSE,"","NAs in DO.obs; NAs in DO.sat; NAs in depth; NAs in temp.water; NAs in light; NAs in discharge"
"720",2021-06-30,NA,NA,NA,NA,NA,NA,NA,NA,NA,NA,NA,NA,NA,NA,NA,NA,NA,NA,NA,NA,NA,NA,NA,NA,NA,NA,NA,NA,NA,NA,NA,NA,NA,NA,NA,NA,NA,NA,NA,NA,NA,NA,NA,NA,NA,NA,NA,NA,NA,NA,NA,NA,NA,NA,NA,NA,NA,NA,NA,NA,NA,NA,NA,NA,NA,NA,NA,NA,NA,NA,FALSE,"","NAs in DO.obs; NAs in DO.sat; NAs in depth; NAs in temp.water; NAs in light; NAs in discharge"
"721",2021-07-01,NA,NA,NA,NA,NA,NA,NA,NA,NA,NA,NA,NA,NA,NA,NA,NA,NA,NA,NA,NA,NA,NA,NA,NA,NA,NA,NA,NA,NA,NA,NA,NA,NA,NA,NA,NA,NA,NA,NA,NA,NA,NA,NA,NA,NA,NA,NA,NA,NA,NA,NA,NA,NA,NA,NA,NA,NA,NA,NA,NA,NA,NA,NA,NA,NA,NA,NA,NA,NA,NA,FALSE,"","NAs in DO.obs; NAs in DO.sat; NAs in depth; NAs in temp.water; NAs in light; NAs in discharge"
"722",2021-07-02,NA,NA,NA,NA,NA,NA,NA,NA,NA,NA,NA,NA,NA,NA,NA,NA,NA,NA,NA,NA,NA,NA,NA,NA,NA,NA,NA,NA,NA,NA,NA,NA,NA,NA,NA,NA,NA,NA,NA,NA,NA,NA,NA,NA,NA,NA,NA,NA,NA,NA,NA,NA,NA,NA,NA,NA,NA,NA,NA,NA,NA,NA,NA,NA,NA,NA,NA,NA,NA,NA,FALSE,"","NAs in DO.obs; NAs in DO.sat; NAs in depth; NAs in temp.water; NAs in light; NAs in discharge"
"723",2021-07-03,0.787704356156707,0.00587913999054562,0.0854264425542672,0.623293320570711,0.729110104592792,0.785760185390855,0.84618393280392,0.955200035814707,211.1334476963,1.00585971219099,-2.98886668299155,0.0263505102407494,0.345581189471114,-3.6718291794125,-3.23138058373259,-2.99090195636125,-2.73390598664949,-2.34993106860384,171.997499018817,1.00586877942388,0.999995974311097,6.1307243303864e-07,1.77036782908107e-06,0.999991182879369,0.999995200885121,0.999996354020751,0.999997134588649,0.999998487713413,8.33879776412258,1.76099652262922,0.787704356155132,0.00587913999053388,0.0854264425540964,0.623293320569465,0.729110104591334,0.785760185389284,0.846183932802228,0.955200035812797,211.133447696299,1.00585971219099,-2.98886668299155,0.0263505102407494,0.345581189471113,-3.6718291794125,-3.23138058373259,-2.99090195636124,-2.73390598664949,-2.34993106860383,171.997499018817,1.00586877942388,7.75819774130876,0.0700929345286159,0.946898528126094,5.98782539329097,7.08857167195998,7.75099315952903,8.42158019513047,9.66044273434996,182.498121143284,1.00494285347378,1.80551740880359,0.00241532541316399,0.0401164023803886,1.72469255398036,1.77828639916422,1.80581685893815,1.83388744211518,1.88004078187384,275.8624924586,1.00749463662812,TRUE,"",""
"724",2021-07-04,1.06382122252424,0.0111437824448112,0.148206042867162,0.764275726811933,0.964932971786614,1.06577237312877,1.16629480051825,1.34305680731571,176.875049103481,1.02538393309013,-4.7227148675349,0.0453916768333601,0.588289071592755,-5.86963422414463,-5.11545726982284,-4.72935885614481,-4.33201540154526,-3.52580791831417,167.968989111136,1.02750085342287,0.999997866648029,3.18354369313515e-07,9.30745936860343e-07,0.999995449207481,0.999997409740733,0.999998062551645,0.999998491764639,0.999999192164967,8.54753068196147,1.73012097451653,1.06382122252211,0.0111437824447889,0.148206042866866,0.764275726810405,0.964932971784684,1.06577237312664,1.16629480051592,1.34305680731303,176.875049103481,1.02538393309013,-4.7227148675349,0.0453916768333601,0.588289071592755,-5.86963422414462,-5.11545726982284,-4.72935885614481,-4.33201540154526,-3.52580791831417,167.968989111136,1.02750085342287,10.6071706188669,0.103504479399839,1.35142353827546,7.91619269847655,9.70508359529862,10.6055046679811,11.508010488259,13.2398610096939,170.476557625403,1.02751040339995,1.80551740880359,0.00241532541316399,0.0401164023803886,1.72469255398036,1.77828639916422,1.80581685893815,1.83388744211518,1.88004078187384,275.8624924586,1.00749463662812,TRUE,"",""
"725",2021-07-05,0.97271382356261,0.0124813606965372,0.138839493784555,0.71645235559391,0.875678171456684,0.964037906428562,1.06568947511989,1.25471303696018,123.737738729513,1.01800881947967,-5.73617735660083,0.0737577498970408,0.787020543362121,-7.36197143222523,-6.27153827592147,-5.65937657201437,-5.2029833605913,-4.31140131158092,113.85623508758,1.01950610300953,0.999998010760439,3.08844692162552e-07,8.83399827154642e-07,0.99999557877346,0.99999760840559,0.999998220709754,0.999998591663929,0.999999267834076,8.18152639970825,1.81621614184324,0.972713823560665,0.0124813606965122,0.138839493784278,0.716452355592477,0.875678171454933,0.964037906426634,1.06568947511776,1.25471303695768,123.737738729513,1.01800881947967,-5.73617735660083,0.0737577498970408,0.787020543362121,-7.36197143222522,-6.27153827592147,-5.65937657201436,-5.20298336059131,-4.31140131158092,113.85623508758,1.01950610300953,10.5756465327212,0.140997244565829,1.51239498656888,7.85438482626328,9.53658897510519,10.4447368351412,11.6002084730766,13.682957121805,115.055982936262,1.01874034189022,1.80551740880359,0.00241532541316399,0.0401164023803886,1.72469255398036,1.77828639916422,1.80581685893815,1.83388744211518,1.88004078187384,275.8624924586,1.00749463662812,TRUE,"",""
"726",2021-07-06,0.777587353681005,0.00874354914567309,0.113489983716058,0.559062275209456,0.697536811767114,0.777731836621464,0.858973987328404,0.996555577322982,168.476587188144,1.0218651787705,-5.76507607348504,0.0672237730929458,0.858600815150674,-7.37767791815485,-6.37018755053567,-5.77343068702486,-5.15856696988556,-4.12088322314245,163.131122168084,1.02422028927883,0.999997019450754,4.43493899615488e-07,1.30843983720884e-06,0.999993570659852,0.999996440525788,0.999997316845724,0.999997870710122,0.999998920692194,8.70426723177236,1.75005867454711,0.77758735367945,0.00874354914565562,0.113489983715831,0.559062275208338,0.697536811765719,0.777731836619909,0.858973987326686,0.996555577320989,168.476587188144,1.02186517877049,-5.76507607348504,0.0672237730929458,0.858600815150673,-7.37767791815484,-6.37018755053567,-5.77343068702485,-5.15856696988555,-4.12088322314246,163.131122168083,1.02422028927883,9.89078589274114,0.118810160847149,1.53983531209516,6.9209152132445,8.82364911921869,9.90714607786737,10.9883116181799,12.7564022027327,167.973736093852,1.02379808242101,1.80551740880359,0.00241532541316399,0.0401164023803886,1.72469255398036,1.77828639916422,1.80581685893815,1.83388744211518,1.88004078187384,275.8624924586,1.00749463662812,TRUE,"",""
"727",2021-07-07,0.236304933497506,0.0101141082096748,0.0891610197886588,0.042392945447578,0.178449422642972,0.24182453099609,0.298626646944363,0.398963833909764,77.7132125946241,1.05131476598613,-3.56545082777277,0.147973385109053,1.10589485850553,-5.58356480966444,-4.33947540526822,-3.61625262121202,-2.86335438260491,-1.12194018978329,55.8547946953942,1.08124593197957,0.99999494318836,7.47630636958019e-07,2.19778367006777e-06,0.999988880828771,0.999993872794573,0.999995444537861,0.99999640852541,0.999998109889452,8.64163073431921,1.70720927128472,0.236304933497034,0.0101141082096546,0.0891610197884805,0.0423929454474932,0.178449422642615,0.241824530995607,0.298626646943765,0.398963833908966,77.7132125946241,1.05131476598613,-3.56545082777277,0.147973385109053,1.10589485850553,-5.58356480966445,-4.33947540526822,-3.61625262121202,-2.86335438260492,-1.12194018978329,55.8547946953942,1.08124593197957,5.06730868463364,0.217554727407472,1.65127152438803,1.45216844378678,4.02703396993475,5.13018062211175,6.19977789849725,8.10615126355674,57.6102730658272,1.07978154978311,1.80551740880359,0.00241532541316399,0.0401164023803886,1.72469255398036,1.77828639916422,1.80581685893815,1.83388744211518,1.88004078187384,275.8624924586,1.00749463662812,TRUE,"",""
"728",2021-07-08,-0.0845254371269903,0.00279651884358606,0.0629549082938368,-0.209547193236453,-0.127506826221218,-0.086662782098124,-0.0416433490128709,0.0393833124497493,506.784929009157,1.00721013022951,-2.04709101629026,0.0719213269577376,0.900402482594385,-3.81274000382261,-2.66901795774872,-2.01446678894433,-1.44755350168678,-0.26975508924513,156.732111463953,1.01048557168983,0.999992638388887,1.08009618222445e-06,3.16309274304299e-06,0.999983712391589,0.99999113540621,0.999993333593417,0.999994756498677,0.99999724272702,8.57628075146603,1.7301756314175,-0.0845254371268212,0.00279651884358047,0.0629549082937109,-0.209547193236034,-0.127506826220963,-0.0866627820979506,-0.0416433490127877,0.0393833124496705,506.784929009157,1.00721013022951,-2.04709101629026,0.0719213269577376,0.900402482594385,-3.81274000382261,-2.66901795774872,-2.01446678894433,-1.44755350168678,-0.26975508924513,156.732111463953,1.01048557168983,3.74939053577831,0.114677787148704,1.44124084859675,0.904103191625198,2.77630203539164,3.72457254327303,4.73131336642004,6.55833537430807,157.948140420994,1.01055911066383,1.80551740880359,0.00241532541316399,0.0401164023803886,1.72469255398036,1.77828639916422,1.80581685893815,1.83388744211518,1.88004078187384,275.8624924586,1.00749463662812,TRUE,"",""
"729",2021-07-09,NA,NA,NA,NA,NA,NA,NA,NA,NA,NA,NA,NA,NA,NA,NA,NA,NA,NA,NA,NA,NA,NA,NA,NA,NA,NA,NA,NA,NA,NA,NA,NA,NA,NA,NA,NA,NA,NA,NA,NA,NA,NA,NA,NA,NA,NA,NA,NA,NA,NA,NA,NA,NA,NA,NA,NA,NA,NA,NA,NA,NA,NA,NA,NA,NA,NA,NA,NA,NA,NA,FALSE,"","NAs in DO.sat"
"730",2021-07-10,0.166721104398081,0.00362566733814736,0.0725392147057461,0.0159533938406746,0.119658184633332,0.167994872010097,0.217102476436635,0.303397098108871,400.285437734544,1.0104279230475,-0.417340614818579,0.0192252116690902,0.289328373610962,-1.1343572697711,-0.567102815424818,-0.369092067750475,-0.210146307567041,0.0152393684216786,226.48518106968,1.01133404945467,0.999997733895458,3.38773216342199e-07,9.99702333821575e-07,0.999995004560303,0.999997292959432,0.999997953303159,0.999998375330237,0.999999188543828,8.70809738442823,1.71766009342987,0.166721104397748,0.00362566733814011,0.072539214705601,0.0159533938406427,0.119658184633093,0.167994872009761,0.217102476436201,0.303397098108264,400.285437734544,1.0104279230475,-0.417340614818579,0.0192252116690902,0.289328373610962,-1.1343572697711,-0.567102815424818,-0.369092067750475,-0.210146307567041,0.0152393684216786,226.48518106968,1.01133404945467,0.74295063783229,0.0392234186122417,0.589844041825247,0.0255038270369353,0.286042479534503,0.614244361714604,1.05176245390566,2.23741609410913,226.143186706082,1.01152737190219,1.80551740880359,0.00241532541316399,0.0401164023803886,1.72469255398036,1.77828639916422,1.80581685893815,1.83388744211518,1.88004078187384,275.8624924586,1.00749463662812,TRUE,"",""
"731",2021-07-11,1.14674444848587,0.00599738023977166,0.0832798195438746,0.98293455462941,1.09050907442494,1.1442400195775,1.20232140130265,1.31662865241917,192.821910721393,1.01881929871294,-3.46887637791141,0.0206709775454572,0.271323832843167,-4.00581204783157,-3.65286424871926,-3.46190982559371,-3.29480361534741,-2.92868943789692,172.287534659245,1.01768684796331,0.999998445644262,2.33192034599806e-07,6.8477236948135e-07,0.999996566291826,0.999998138060828,0.999998603948266,0.99999889084227,0.999999429568195,8.6231319808367,1.74021017793002,1.14674444848357,0.00599738023975959,0.0832798195437081,0.982934554627445,1.09050907442275,1.14424001957522,1.20232140130025,1.31662865241654,192.821910721399,1.01881929871294,-3.46887637791141,0.0206709775454572,0.271323832843167,-4.00581204783158,-3.65286424871926,-3.46190982559371,-3.29480361534741,-2.92868943789692,172.287534659245,1.01768684796331,9.00297704029385,0.0519337822782002,0.707930129498886,7.62474928768234,8.53712566851672,9.00116027018582,9.47762938273562,10.3872739362489,185.815050081128,1.01395757492812,1.80551740880359,0.00241532541316399,0.0401164023803886,1.72469255398036,1.77828639916422,1.80581685893815,1.83388744211518,1.88004078187384,275.8624924586,1.00749463662812,TRUE,"",""
"732",2021-07-12,0.792520451410121,0.0052423960831513,0.0848474727336693,0.633521731599293,0.732721627019608,0.791001949567822,0.85219163560511,0.960216860059324,261.949854150288,1.00309765804711,-2.65870517188871,0.022284393716455,0.322888347487467,-3.31172441692649,-2.87700530741654,-2.64638783604428,-2.433881719834,-2.0430491163309,209.943821833355,1.00527487322902,0.999997218657242,4.10077057632864e-07,1.20263076461241e-06,0.999994031028101,0.999996642410516,0.999997468470833,0.999998016708988,0.999998955134112,8.60069750399771,1.73004109654474,0.792520451408536,0.00524239608314082,0.0848474727334996,0.633521731598026,0.732721627018143,0.79100194956624,0.852191635603406,0.960216860057404,261.949854150288,1.00309765804711,-2.65870517188871,0.022284393716455,0.322888347487467,-3.31172441692649,-2.87700530741654,-2.64638783604428,-2.43388171983399,-2.0430491163309,209.943821833355,1.00527487322902,5.77005601338463,0.0542903599241278,0.815771345718075,4.23703684231967,5.19294095613246,5.75175886613639,6.31571813983971,7.38315262400618,225.783110206923,1.0048384767699,1.80551740880359,0.00241532541316399,0.0401164023803886,1.72469255398036,1.77828639916422,1.80581685893815,1.83388744211518,1.88004078187384,275.8624924586,1.00749463662812,TRUE,"",""
"733",2021-07-13,0.79773544192176,0.00787539320026554,0.0925391430848961,0.602573834149547,0.738222164128329,0.801646918010383,0.862000546953259,0.966954554339167,138.072266678313,1.02730203018059,-3.807554753214,0.0473216111635396,0.486750923483403,-4.70757708953125,-4.14388759916759,-3.82621934692014,-3.49839801137482,-2.82363739024101,105.802157282773,1.03264120608935,0.999996818034669,4.81401862693791e-07,1.406102506272e-06,0.999993131203157,0.999996183276592,0.999997145673534,0.999997729228151,0.999998802977519,8.53136321321203,1.74986717032714,0.797735441920164,0.00787539320024981,0.092539143084711,0.602573834148342,0.738222164126853,0.80164691800878,0.862000546951535,0.966954554337233,138.072266678312,1.02730203018059,-3.807554753214,0.0473216111635396,0.486750923483403,-4.70757708953126,-4.14388759916758,-3.82621934692013,-3.49839801137482,-2.82363739024101,105.802157282772,1.03264120608935,8.04167573138238,0.104752039821272,1.10877379741207,5.72690674696582,7.3294039726685,8.07336217883928,8.7975971717969,10.1463469784146,112.036860600519,1.03068053784691,1.80551740880359,0.00241532541316399,0.0401164023803886,1.72469255398036,1.77828639916422,1.80581685893815,1.83388744211518,1.88004078187384,275.8624924586,1.00749463662812,TRUE,"",""
"734",2021-07-14,NA,NA,NA,NA,NA,NA,NA,NA,NA,NA,NA,NA,NA,NA,NA,NA,NA,NA,NA,NA,NA,NA,NA,NA,NA,NA,NA,NA,NA,NA,NA,NA,NA,NA,NA,NA,NA,NA,NA,NA,NA,NA,NA,NA,NA,NA,NA,NA,NA,NA,NA,NA,NA,NA,NA,NA,NA,NA,NA,NA,NA,NA,NA,NA,NA,NA,NA,NA,NA,NA,FALSE,"","NAs in DO.sat; NAs in depth; NAs in discharge"
"735",2021-07-15,NA,NA,NA,NA,NA,NA,NA,NA,NA,NA,NA,NA,NA,NA,NA,NA,NA,NA,NA,NA,NA,NA,NA,NA,NA,NA,NA,NA,NA,NA,NA,NA,NA,NA,NA,NA,NA,NA,NA,NA,NA,NA,NA,NA,NA,NA,NA,NA,NA,NA,NA,NA,NA,NA,NA,NA,NA,NA,NA,NA,NA,NA,NA,NA,NA,NA,NA,NA,NA,NA,FALSE,"","NAs in DO.sat; NAs in depth; NAs in discharge"
"736",2021-07-16,NA,NA,NA,NA,NA,NA,NA,NA,NA,NA,NA,NA,NA,NA,NA,NA,NA,NA,NA,NA,NA,NA,NA,NA,NA,NA,NA,NA,NA,NA,NA,NA,NA,NA,NA,NA,NA,NA,NA,NA,NA,NA,NA,NA,NA,NA,NA,NA,NA,NA,NA,NA,NA,NA,NA,NA,NA,NA,NA,NA,NA,NA,NA,NA,NA,NA,NA,NA,NA,NA,FALSE,"","NAs in DO.sat; NAs in depth; NAs in discharge"
"737",2021-07-17,NA,NA,NA,NA,NA,NA,NA,NA,NA,NA,NA,NA,NA,NA,NA,NA,NA,NA,NA,NA,NA,NA,NA,NA,NA,NA,NA,NA,NA,NA,NA,NA,NA,NA,NA,NA,NA,NA,NA,NA,NA,NA,NA,NA,NA,NA,NA,NA,NA,NA,NA,NA,NA,NA,NA,NA,NA,NA,NA,NA,NA,NA,NA,NA,NA,NA,NA,NA,NA,NA,FALSE,"","NAs in DO.sat; NAs in depth; NAs in discharge"
"738",2021-07-18,NA,NA,NA,NA,NA,NA,NA,NA,NA,NA,NA,NA,NA,NA,NA,NA,NA,NA,NA,NA,NA,NA,NA,NA,NA,NA,NA,NA,NA,NA,NA,NA,NA,NA,NA,NA,NA,NA,NA,NA,NA,NA,NA,NA,NA,NA,NA,NA,NA,NA,NA,NA,NA,NA,NA,NA,NA,NA,NA,NA,NA,NA,NA,NA,NA,NA,NA,NA,NA,NA,FALSE,"","NAs in DO.sat; NAs in depth; NAs in discharge"
"739",2021-07-19,NA,NA,NA,NA,NA,NA,NA,NA,NA,NA,NA,NA,NA,NA,NA,NA,NA,NA,NA,NA,NA,NA,NA,NA,NA,NA,NA,NA,NA,NA,NA,NA,NA,NA,NA,NA,NA,NA,NA,NA,NA,NA,NA,NA,NA,NA,NA,NA,NA,NA,NA,NA,NA,NA,NA,NA,NA,NA,NA,NA,NA,NA,NA,NA,NA,NA,NA,NA,NA,NA,FALSE,"","NAs in DO.sat; NAs in depth; NAs in discharge"
"740",2021-07-20,NA,NA,NA,NA,NA,NA,NA,NA,NA,NA,NA,NA,NA,NA,NA,NA,NA,NA,NA,NA,NA,NA,NA,NA,NA,NA,NA,NA,NA,NA,NA,NA,NA,NA,NA,NA,NA,NA,NA,NA,NA,NA,NA,NA,NA,NA,NA,NA,NA,NA,NA,NA,NA,NA,NA,NA,NA,NA,NA,NA,NA,NA,NA,NA,NA,NA,NA,NA,NA,NA,FALSE,"","NAs in DO.sat; NAs in depth; NAs in discharge"
"741",2021-07-21,NA,NA,NA,NA,NA,NA,NA,NA,NA,NA,NA,NA,NA,NA,NA,NA,NA,NA,NA,NA,NA,NA,NA,NA,NA,NA,NA,NA,NA,NA,NA,NA,NA,NA,NA,NA,NA,NA,NA,NA,NA,NA,NA,NA,NA,NA,NA,NA,NA,NA,NA,NA,NA,NA,NA,NA,NA,NA,NA,NA,NA,NA,NA,NA,NA,NA,NA,NA,NA,NA,FALSE,"","NAs in DO.sat; NAs in depth; NAs in discharge"
"742",2021-07-22,NA,NA,NA,NA,NA,NA,NA,NA,NA,NA,NA,NA,NA,NA,NA,NA,NA,NA,NA,NA,NA,NA,NA,NA,NA,NA,NA,NA,NA,NA,NA,NA,NA,NA,NA,NA,NA,NA,NA,NA,NA,NA,NA,NA,NA,NA,NA,NA,NA,NA,NA,NA,NA,NA,NA,NA,NA,NA,NA,NA,NA,NA,NA,NA,NA,NA,NA,NA,NA,NA,FALSE,"","NAs in DO.sat; NAs in depth; NAs in discharge"
"743",2021-07-23,NA,NA,NA,NA,NA,NA,NA,NA,NA,NA,NA,NA,NA,NA,NA,NA,NA,NA,NA,NA,NA,NA,NA,NA,NA,NA,NA,NA,NA,NA,NA,NA,NA,NA,NA,NA,NA,NA,NA,NA,NA,NA,NA,NA,NA,NA,NA,NA,NA,NA,NA,NA,NA,NA,NA,NA,NA,NA,NA,NA,NA,NA,NA,NA,NA,NA,NA,NA,NA,NA,FALSE,"","NAs in DO.sat; NAs in depth; NAs in discharge"
"744",2021-07-24,NA,NA,NA,NA,NA,NA,NA,NA,NA,NA,NA,NA,NA,NA,NA,NA,NA,NA,NA,NA,NA,NA,NA,NA,NA,NA,NA,NA,NA,NA,NA,NA,NA,NA,NA,NA,NA,NA,NA,NA,NA,NA,NA,NA,NA,NA,NA,NA,NA,NA,NA,NA,NA,NA,NA,NA,NA,NA,NA,NA,NA,NA,NA,NA,NA,NA,NA,NA,NA,NA,FALSE,"","NAs in DO.sat; NAs in depth; NAs in discharge"
"745",2021-07-25,NA,NA,NA,NA,NA,NA,NA,NA,NA,NA,NA,NA,NA,NA,NA,NA,NA,NA,NA,NA,NA,NA,NA,NA,NA,NA,NA,NA,NA,NA,NA,NA,NA,NA,NA,NA,NA,NA,NA,NA,NA,NA,NA,NA,NA,NA,NA,NA,NA,NA,NA,NA,NA,NA,NA,NA,NA,NA,NA,NA,NA,NA,NA,NA,NA,NA,NA,NA,NA,NA,FALSE,"","NAs in DO.sat; NAs in depth; NAs in discharge"
"746",2021-07-26,NA,NA,NA,NA,NA,NA,NA,NA,NA,NA,NA,NA,NA,NA,NA,NA,NA,NA,NA,NA,NA,NA,NA,NA,NA,NA,NA,NA,NA,NA,NA,NA,NA,NA,NA,NA,NA,NA,NA,NA,NA,NA,NA,NA,NA,NA,NA,NA,NA,NA,NA,NA,NA,NA,NA,NA,NA,NA,NA,NA,NA,NA,NA,NA,NA,NA,NA,NA,NA,NA,FALSE,"","NAs in DO.sat; NAs in depth; NAs in discharge"
"747",2021-07-27,NA,NA,NA,NA,NA,NA,NA,NA,NA,NA,NA,NA,NA,NA,NA,NA,NA,NA,NA,NA,NA,NA,NA,NA,NA,NA,NA,NA,NA,NA,NA,NA,NA,NA,NA,NA,NA,NA,NA,NA,NA,NA,NA,NA,NA,NA,NA,NA,NA,NA,NA,NA,NA,NA,NA,NA,NA,NA,NA,NA,NA,NA,NA,NA,NA,NA,NA,NA,NA,NA,FALSE,"","NAs in DO.sat; NAs in depth; NAs in discharge"
"748",2021-07-28,NA,NA,NA,NA,NA,NA,NA,NA,NA,NA,NA,NA,NA,NA,NA,NA,NA,NA,NA,NA,NA,NA,NA,NA,NA,NA,NA,NA,NA,NA,NA,NA,NA,NA,NA,NA,NA,NA,NA,NA,NA,NA,NA,NA,NA,NA,NA,NA,NA,NA,NA,NA,NA,NA,NA,NA,NA,NA,NA,NA,NA,NA,NA,NA,NA,NA,NA,NA,NA,NA,FALSE,"","NAs in DO.sat"
"749",2021-07-29,0.88441654080823,0.00622695029645551,0.0926845415371211,0.694784864494652,0.824186451139244,0.88952855807665,0.946376834832274,1.06249315654699,221.545949201656,1.01888303432126,-6.04616129930061,0.0507255333014879,0.690187862562315,-7.33675215740532,-6.51942499154687,-6.08957938204017,-5.59540767730524,-4.5867653211645,185.131956974081,1.01404697084734,0.999996774888831,4.8015190588355e-07,1.41709427794783e-06,0.999992907549253,0.999996087093056,0.999997106244743,0.999997705820411,0.99999879470908,8.7104416274189,1.71471077105019,0.884416540806461,0.00622695029644314,0.0926845415369358,0.694784864493263,0.824186451137596,0.889528558074871,0.946376834830381,1.06249315654487,221.54594920165,1.01888303432126,-6.04616129930061,0.0507255333014879,0.690187862562315,-7.33675215740531,-6.51942499154689,-6.08957938204017,-5.59540767730525,-4.58676532116451,185.131956974081,1.01404697084734,9.64716218638644,0.0843082399144429,1.16945606234127,7.21136775632061,8.91143556067751,9.704775865253,10.4488529703986,11.8263400666957,192.410059409014,1.01239532210753,1.80551740880359,0.00241532541316399,0.0401164023803886,1.72469255398036,1.77828639916422,1.80581685893815,1.83388744211518,1.88004078187384,275.8624924586,1.00749463662812,TRUE,"",""
"750",2021-07-30,0.619497257367456,0.00539960151247865,0.0770962425384035,0.465737498584699,0.569504827292101,0.619301217947313,0.670231906975217,0.773225791885522,203.865155985997,1.03171525835976,-4.99428486455161,0.0621968459263397,0.718850720623162,-6.41591295421068,-5.48640267260372,-4.96962913628644,-4.51343881630757,-3.57856661828476,133.579773129619,1.03863009819379,0.999995037500215,7.49591083258889e-07,2.16577961154551e-06,0.999989094229685,0.999994025262832,0.999995515882869,0.999996459935881,0.999998145786864,8.34794729423202,1.77768841834197,0.619497257366217,0.00539960151246787,0.0770962425382494,0.465737498583768,0.569504827290962,0.619301217946074,0.670231906973876,0.773225791883975,203.865155985995,1.03171525835976,-4.99428486455161,0.0621968459263397,0.718850720623162,-6.41591295421068,-5.48640267260372,-4.96962913628645,-4.51343881630757,-3.57856661828476,133.579773129619,1.03863009819379,7.68041401053425,0.101482779422978,1.18082920932657,5.35949992033558,6.89014079125126,7.64021697267308,8.49343846583623,9.97774880684879,135.39089789649,1.03636950480615,1.80551740880359,0.00241532541316399,0.0401164023803886,1.72469255398036,1.77828639916422,1.80581685893815,1.83388744211518,1.88004078187384,275.8624924586,1.00749463662812,TRUE,"",""
"751",2021-07-31,0.374529692020944,0.00474701180606921,0.0719289319845098,0.230305440884447,0.328795562103488,0.375084340184348,0.421554014697362,0.510466571026489,229.597206674552,1.03889170591813,-3.92946196083827,0.0742728397516104,0.952418782831721,-5.76384574660895,-4.5661960967709,-3.94990534116918,-3.30907529218107,-2.02174647991521,164.435599157164,1.0382942963553,0.999991190589854,1.28051968777344e-06,3.73887502758375e-06,0.999981591790044,0.999989264422164,0.999991983791199,0.999993749729097,0.999996664997802,8.52529425779352,1.75642647034787,0.374529692020195,0.0047470118060598,0.071928931984366,0.230305440883987,0.328795562102831,0.375084340183598,0.421554014696519,0.510466571025468,229.597206674544,1.03889170591813,-3.92946196083827,0.0742728397516104,0.952418782831721,-5.76384574660895,-4.56619609677089,-3.94990534116918,-3.30907529218107,-2.02174647991522,164.435599157164,1.0382942963553,5.4732743972432,0.111197977764947,1.45532671658631,2.51452933994473,4.53765511379201,5.49968635660621,6.43827112521323,8.26439694943984,171.288113265268,1.03492360562517,1.80551740880359,0.00241532541316399,0.0401164023803886,1.72469255398036,1.77828639916422,1.80581685893815,1.83388744211518,1.88004078187384,275.8624924586,1.00749463662812,TRUE,"",""
"752",2021-08-01,-0.0718360429494022,0.00301521002882737,0.0662218282313587,-0.202793802658093,-0.116085932123934,-0.0729025340808316,-0.026699811809614,0.0591641498870502,482.355455719182,1.00594714217393,-1.77848636985985,0.0594465340933742,1.05608004281246,-4.05885320439961,-2.47416524980051,-1.68733389947685,-1.00676916881593,0.0183430825319235,315.602615142554,1.02262209773575,0.999984497359313,2.34075228334564e-06,6.8487225830186e-06,0.999965741949544,0.999981504455199,0.999986023610659,0.999988881571535,0.999994203289924,8.56067950716215,1.72640468736593,-0.0718360429492585,0.00301521002882134,0.0662218282312262,-0.202793802657688,-0.116085932123702,-0.0729025340806858,-0.0266998118095607,0.0591641498869319,482.355455719182,1.00594714217393,-1.77848636985985,0.0594465340933742,1.05608004281246,-4.05885320439961,-2.47416524980051,-1.68733389947685,-1.00676916881593,0.0183430825319235,315.602615142554,1.02262209773575,2.92164230765048,0.083283388348116,1.49008473378936,0.423047251852281,1.83754820527211,2.78476474835947,3.90419883570612,6.10971835169414,320.114361579237,1.02114306594996,1.80551740880359,0.00241532541316399,0.0401164023803886,1.72469255398036,1.77828639916422,1.80581685893815,1.83388744211518,1.88004078187384,275.8624924586,1.00749463662812,TRUE,"",""
"753",2021-08-02,0.530145836200659,0.00402560891704845,0.0657240165217587,0.404657430325109,0.483693474322622,0.529477616441963,0.57701021690671,0.658371490981972,266.553892814738,1.02217927789822,-1.98381758462066,0.0282752949925232,0.305368027511548,-2.58975927366675,-2.18859684948965,-1.97821701051822,-1.78615109973098,-1.38181847415964,116.636059434027,1.02905903768106,0.999997920319735,3.12952496065123e-07,9.13269656419039e-07,0.999995390572381,0.999997503249088,0.999998127007577,0.999998521516392,0.999999232687538,8.51610911206306,1.75153944008322,0.530145836199599,0.00402560891704049,0.0657240165216273,0.4046574303243,0.483693474321655,0.529477616440905,0.577010216905556,0.658371490980655,266.553892814726,1.02217927789822,-1.98381758462066,0.0282752949925232,0.305368027511548,-2.58975927366675,-2.18859684948966,-1.97821701051822,-1.78615109973098,-1.38181847415964,116.636059434027,1.02905903768106,4.74178576650178,0.0648517967059719,0.718744016583217,3.36150886947667,4.2523111894458,4.7283612832234,5.2282434116575,6.16447594354786,122.83000211334,1.02543971492743,1.80551740880359,0.00241532541316399,0.0401164023803886,1.72469255398036,1.77828639916422,1.80581685893815,1.83388744211518,1.88004078187384,275.8624924586,1.00749463662812,TRUE,"",""
"754",2021-08-03,0.0596657464544992,0.0056800584137182,0.0872567620512932,-0.107049558482387,0.00319268664307891,0.0563293627608356,0.115539361558507,0.238051677873778,235.989446694349,1.00963129858592,-2.0913810998763,0.053448510128681,0.769149285853478,-3.59616717125934,-2.62640736716178,-2.04332982361007,-1.5443018211912,-0.691138365641695,207.085682985417,1.01152536573098,0.999989088129048,1.65619755139803e-06,4.87300054655234e-06,0.999975270053147,0.999986867144364,0.999990169062499,0.999992251913883,0.999995907467345,8.65702444278507,1.728056882183,0.0596657464543799,0.00568005841370684,0.0872567620511187,-0.107049558482173,0.00319268664307252,0.0563293627607229,0.115539361558276,0.238051677873302,235.989446694349,1.00963129858592,-2.0913810998763,0.053448510128681,0.769149285853478,-3.59616717125934,-2.62640736716179,-2.04332982361007,-1.5443018211912,-0.691138365641696,207.085682985417,1.01152536573098,5.07379482503144,0.125642208859231,1.84483240043774,1.6948097277042,3.76848556542563,4.97325606884038,6.35579673288584,8.71377723350149,215.596997827176,1.01145215324855,1.80551740880359,0.00241532541316399,0.0401164023803886,1.72469255398036,1.77828639916422,1.80581685893815,1.83388744211518,1.88004078187384,275.8624924586,1.00749463662812,TRUE,"",""
"755",2021-08-04,0.353042079369514,0.00520151222220288,0.0781147132210948,0.200419207679239,0.299960710088475,0.352406040749156,0.408083106500822,0.500188112010759,225.531100341607,1.01151132181818,-2.49570700743374,0.0444455276208641,0.605092982647985,-3.74780762794851,-2.90764351026487,-2.47559892197574,-2.07003902261344,-1.35069303540303,185.348083789818,1.01471481018828,0.999995419753294,6.88094567701156e-07,2.03060133413323e-06,0.999990010316558,0.999994513048005,0.999995879129204,0.999996758717451,0.999998247078834,8.70869490267481,1.69630441823844,0.353042079368808,0.00520151222219249,0.0781147132209386,0.200419207678838,0.299960710087875,0.352406040748452,0.408083106500006,0.500188112009759,225.531100341606,1.01151132181818,-2.49570700743374,0.0444455276208641,0.605092982647985,-3.74780762794851,-2.90764351026487,-2.47559892197574,-2.07003902261344,-1.35069303540303,185.348083789818,1.01471481018828,4.08703495484603,0.0849142274690117,1.19493746869435,1.85368028052807,3.25732602450813,4.04267365986315,4.90117642835877,6.55697480561977,198.029291030846,1.01407260675984,1.80551740880359,0.00241532541316399,0.0401164023803886,1.72469255398036,1.77828639916422,1.80581685893815,1.83388744211518,1.88004078187384,275.8624924586,1.00749463662812,TRUE,"",""
"756",2021-08-05,0.328394656460906,0.00458615650694758,0.07211992770092,0.184017764244338,0.279438336273437,0.330159029541872,0.377444391979124,0.467856428888156,247.293569106392,1.01322051769473,-2.79747742179086,0.0769537679927907,0.871205732491256,-4.48859907723127,-3.36332458704928,-2.78546157823009,-2.2312977364846,-0.963434987673381,128.168608559895,1.03554730830867,0.999994437782423,8.27668370933484e-07,2.42158421949455e-06,0.999988257465612,0.999993262614579,0.999994969199798,0.999996100838844,0.999997922910607,8.56024978594672,1.73643874940846,0.328394656460249,0.00458615650693845,0.0721199277007757,0.18401776424397,0.279438336272878,0.330159029541212,0.377444391978369,0.467856428887221,247.293569106387,1.01322051769473,-2.79747742179086,0.0769537679927907,0.871205732491256,-4.48859907723128,-3.36332458704928,-2.78546157823009,-2.2312977364846,-0.96343498767338,128.168608559895,1.03554730830867,3.7691064526335,0.120406651687544,1.38595159606071,0.920056219533593,2.8594757460572,3.75870954940841,4.67162911230161,6.5098403190516,132.493681232769,1.03403707423561,1.80551740880359,0.00241532541316399,0.0401164023803886,1.72469255398036,1.77828639916422,1.80581685893815,1.83388744211518,1.88004078187384,275.8624924586,1.00749463662812,TRUE,"",""
"757",2021-08-06,-0.212267809703454,0.0046929781925523,0.0782752272886292,-0.362989858829713,-0.266992905988551,-0.213869710443169,-0.160149292940152,-0.0550288068932434,278.196461977648,1.01384079723905,-5.24444949542623,0.0936260420264032,1.33676671837157,-7.79410260245691,-6.20628301679008,-5.25779895545173,-4.29760245106885,-2.68525174211718,203.853381607926,1.01756574427896,0.999978230159942,3.18052076621477e-06,9.35942036855744e-06,0.999953049264156,0.999973776937454,0.999980370748952,0.999984399009268,0.999991639599493,8.65967187021937,1.71024068963333,-0.21226780970303,0.00469297819254292,0.0782752272884726,-0.362989858828988,-0.266992905988017,-0.213869710442741,-0.160149292939832,-0.0550288068931334,278.196461977648,1.01384079723905,-5.24444949542623,0.0936260420264032,1.33676671837157,-7.79410260245691,-6.20628301679007,-5.25779895545172,-4.29760245106886,-2.68525174211719,203.853381607926,1.01756574427896,7.39200875678444,0.132700994303742,1.8757439269863,3.85274383994868,6.06199039874127,7.40583126928153,8.75465871783299,10.9444484948822,199.801499899637,1.01796135031064,1.80551740880359,0.00241532541316399,0.0401164023803886,1.72469255398036,1.77828639916422,1.80581685893815,1.83388744211518,1.88004078187384,275.8624924586,1.00749463662812,TRUE,"",""
"758",2021-08-07,0.0344023826639371,0.00321045565910701,0.0645976925960875,-0.0859602775621546,-0.0106402297842501,0.0326687693062235,0.0790006366599628,0.162649843440335,404.856073453188,1.01282267867953,-3.04145516446755,0.113339450444851,1.15858473681098,-5.27633746921214,-3.85100906253015,-3.03987694456837,-2.25755063455298,-0.761999354008999,104.494492379302,1.03358058150995,0.999992290402132,1.17686269808622e-06,3.44803461365082e-06,0.999982845151977,0.9999906485055,0.999993091644686,0.999994612826938,0.99999707932532,8.58403813892603,1.73936301015951,0.0344023826638683,0.00321045565910059,0.0645976925959583,-0.0859602775619827,-0.0106402297842288,0.0326687693061582,0.0790006366598048,0.16264984344001,404.856073453188,1.01282267867953,-3.04145516446755,0.113339450444851,1.15858473681098,-5.27633746921214,-3.85100906253016,-3.03987694456837,-2.25755063455298,-0.761999354008997,104.494492379302,1.03358058150995,3.58282550146723,0.138061638373633,1.42968527984882,0.790774361771135,2.61598441306972,3.59069193965555,4.57042715108386,6.34973561318034,107.234577655493,1.03226870022425,1.80551740880359,0.00241532541316399,0.0401164023803886,1.72469255398036,1.77828639916422,1.80581685893815,1.83388744211518,1.88004078187384,275.8624924586,1.00749463662812,TRUE,"",""
"759",2021-08-08,0.0492788201946297,0.00306811987822132,0.063496768000002,-0.0699445173027218,0.00515231947918455,0.0474706205881017,0.0928816583775617,0.174623852516581,428.310371990413,1.00430795203328,-4.30873563453539,0.0953494041593588,1.41571916368535,-7.18715695673249,-5.25160408141791,-4.28949396589177,-3.29841630576889,-1.68457233595627,220.454137844831,1.00451942256288,0.999956326563762,6.6611432609046e-06,1.9624675945758e-05,0.999903152278616,0.999946777986311,0.999961055355444,0.99996919786518,0.999984046793485,8.6797544681671,1.72010107392687,0.0492788201945312,0.00306811987821518,0.063496767999875,-0.0699445173025819,0.00515231947917425,0.0474706205880068,0.0928816583773759,0.174623852516232,428.310371990413,1.00430795203328,-4.30873563453539,0.0953494041593588,1.41571916368535,-7.18715695673249,-5.25160408141791,-4.28949396589178,-3.29841630576889,-1.68457233595628,220.454137844831,1.00451942256288,5.23155431410619,0.116113872348165,1.71721222157326,2.05410811341968,4.01591897197436,5.21440352708859,6.39529228063025,8.7050059372857,218.715581559541,1.00428980137776,1.80551740880359,0.00241532541316399,0.0401164023803886,1.72469255398036,1.77828639916422,1.80581685893815,1.83388744211518,1.88004078187384,275.8624924586,1.00749463662812,TRUE,"",""
"760",2021-08-09,0.0734994138484956,0.00319222585675897,0.0645340216615726,-0.0498619481495507,0.0293975118455793,0.070396805295261,0.116635803873751,0.20406268468133,408.686450071485,1.00317362731429,-5.3585004118996,0.118752229910448,1.60626223176259,-8.54824068533525,-6.44731561187903,-5.39782483140144,-4.26362039502275,-2.32793177427921,182.957134111648,1.0250786189164,0.999919036545694,1.22764368915671e-05,3.56739418693119e-05,0.999819235658518,0.999902632952171,0.999926823546552,0.999941772490404,0.999970362526519,8.44418091359909,1.7650446046258,0.0734994138483486,0.00319222585675259,0.0645340216614435,-0.049861948149451,0.0293975118455206,0.0703968052951202,0.116635803873518,0.204062684680921,408.686450071484,1.00317362731429,-5.3585004118996,0.118752229910448,1.60626223176259,-8.54824068533526,-6.44731561187903,-5.39782483140144,-4.26362039502276,-2.32793177427921,182.957134111648,1.0250786189164,6.36541765251745,0.143826499674166,1.94828146465666,2.69085843276369,5.03390404975113,6.41042285188978,7.7030346218635,10.2379861454753,183.495566433127,1.02555095435492,1.80551740880359,0.00241532541316399,0.0401164023803886,1.72469255398036,1.77828639916422,1.80581685893815,1.83388744211518,1.88004078187384,275.8624924586,1.00749463662812,TRUE,"",""
"761",2021-08-10,-0.089337826403803,0.00310903245504117,0.0661197319443841,-0.219523478459333,-0.135973957762428,-0.0891492044909916,-0.0437462034820227,0.0384089252441909,452.284450683337,1.00601162742874,-1.32723653144445,0.0893435546834661,1.1708097469495,-3.99885955504607,-2.02428708687352,-1.11221971370128,-0.419268659465627,0.209345949026541,171.730013196741,1.01683890484693,0.999985347374594,2.1666300017792e-06,6.31329552856275e-06,0.99996882546141,0.999982074269421,0.99998681669784,0.999989535630583,0.999994673477607,8.49068508559808,1.77464423938779,-0.0893378264036243,0.00310903245503496,0.0661197319442519,-0.219523478458894,-0.135973957762156,-0.0891492044908134,-0.0437462034819352,0.0384089252441141,452.284450683337,1.00601162742874,-1.32723653144445,0.0893435546834662,1.1708097469495,-3.99885955504607,-2.02428708687351,-1.11221971370128,-0.419268659465627,0.209345949026541,171.730013196741,1.01683890484693,1.68734787187296,0.0966852622354824,1.25913555060012,0.0414329752698737,0.698804340851277,1.45715048923929,2.42862186883478,4.59965794820484,169.599439674624,1.01666369657928,1.80551740880359,0.00241532541316399,0.0401164023803886,1.72469255398036,1.77828639916422,1.80581685893815,1.83388744211518,1.88004078187384,275.8624924586,1.00749463662812,TRUE,"",""
"762",2021-08-11,0.282434295498848,0.00311281721918467,0.0626121368963492,0.155405393961273,0.240864051759158,0.283694971847831,0.324953131729228,0.403658386757061,404.58503223936,1.01138683749638,-3.2775037407265,0.0290131131301105,0.402866501361104,-4.07361586825823,-3.53288848943425,-3.2733507189055,-3.02644048499198,-2.47810060662531,192.811818679141,1.02180433395431,0.999998145303471,2.81160645805367e-07,8.23346709383392e-07,0.999995957478447,0.999997753311336,0.999998311821418,0.999998703340625,0.999999323700303,8.5754406166629,1.73517031337921,0.282434295498283,0.00311281721917844,0.062612136896224,0.155405393960962,0.240864051758676,0.283694971847263,0.324953131728578,0.403658386756253,404.585032239361,1.01138683749638,-3.2775037407265,0.0290131131301105,0.402866501361104,-4.07361586825823,-3.53288848943425,-3.2733507189055,-3.02644048499198,-2.47810060662531,192.811818679141,1.02180433395431,6.86477344172551,0.0573802809830832,0.794783160895958,5.33092360330313,6.35331731309064,6.8807039277453,7.38904256259364,8.40419320462163,191.854492447004,1.02481320406172,1.80551740880359,0.00241532541316399,0.0401164023803886,1.72469255398036,1.77828639916422,1.80581685893815,1.83388744211518,1.88004078187384,275.8624924586,1.00749463662812,TRUE,"",""
"763",2021-08-12,0.273098583124479,0.00282027897035699,0.0649219713839332,0.145036860749054,0.230004421044527,0.274096872769721,0.315190955155085,0.399666243935863,529.906515772956,1.00515482694211,-1.31051292389061,0.0359560912373908,0.500926478197682,-2.3546797970239,-1.64550121418343,-1.28650793628464,-0.951030314402147,-0.409563278657611,194.089941588241,1.0074006495047,0.999992678974852,1.07235780592423e-06,3.15055569296191e-06,0.999983871556064,0.999991172814379,0.999993369096688,0.999994783272635,0.999997245629183,8.63167117236026,1.72612666974499,0.273098583123932,0.00282027897035135,0.0649219713838034,0.145036860748764,0.230004421044067,0.274096872769172,0.315190955154455,0.399666243935064,529.906515772956,1.00515482694211,-1.31051292389061,0.0359560912373908,0.500926478197682,-2.3546797970239,-1.64550121418343,-1.28650793628464,-0.951030314402147,-0.409563278657611,194.089941588241,1.0074006495047,2.37118879734415,0.0809501254246736,1.11428721369753,0.35921219568135,1.56411044027455,2.3189559266359,3.10772964986311,4.708920541367,189.478196419725,1.00782311352458,1.80551740880359,0.00241532541316399,0.0401164023803886,1.72469255398036,1.77828639916422,1.80581685893815,1.83388744211518,1.88004078187384,275.8624924586,1.00749463662812,TRUE,"",""
"764",2021-08-13,0.481070380336989,0.00494379968817053,0.077146327872451,0.333014619329693,0.429613226590521,0.479873324960371,0.531475338376189,0.632957815287474,243.505506074975,1.01374540255826,-2.29636939188933,0.0374743303809755,0.490755823806876,-3.28483742370375,-2.61562856431694,-2.29624417299948,-1.96246551936805,-1.39074004188616,171.49961979517,1.01634708410823,0.999996591817624,4.99000801025181e-07,1.47570595641687e-06,0.999992727584475,0.999995840936488,0.999996932983931,0.999997551348046,0.999998702630557,8.74575233931546,1.71472058605547,0.481070380336027,0.00494379968816066,0.0771463278722967,0.333014619329027,0.429613226589662,0.479873324959411,0.531475338375126,0.632957815286208,243.505506074973,1.01374540255826,-2.29636939188933,0.0374743303809755,0.490755823806876,-3.28483742370375,-2.61562856431694,-2.29624417299947,-1.96246551936805,-1.39074004188616,171.49961979517,1.01634708410823,3.52426655697669,0.0716221051660987,0.968160374782258,1.69701263783716,2.85286159119408,3.52495453061904,4.17842945273381,5.42874749990189,182.726040479132,1.01434382939705,1.80551740880359,0.00241532541316399,0.0401164023803886,1.72469255398036,1.77828639916422,1.80581685893815,1.83388744211518,1.88004078187384,275.8624924586,1.00749463662812,TRUE,"",""
"765",2021-08-14,0.252839371601572,0.00383135427097815,0.0679139128267605,0.111571107683176,0.209664215782905,0.253646952553217,0.299052751224287,0.378918210916011,314.204848857254,1.004067349532,-2.1670458951354,0.0756225564401845,0.753852469201737,-3.69215120654628,-2.68192931789538,-2.14762461653821,-1.62600111885206,-0.817301017233633,99.3733690496312,1.02601744192745,0.999994555276439,8.4177231366353e-07,2.42641215243741e-06,0.99998808766256,0.999993457007031,0.999995132195558,0.999996177369021,0.999997966424052,8.30882993470256,1.75971257111294,0.252839371601066,0.00383135427097049,0.0679139128266247,0.111571107682953,0.209664215782486,0.25364695255271,0.299052751223689,0.378918210915253,314.204848857254,1.004067349532,-2.1670458951354,0.0756225564401845,0.753852469201736,-3.69215120654628,-2.68192931789538,-2.14762461653821,-1.62600111885206,-0.817301017233633,99.3733690496312,1.02601744192745,2.10824274839851,0.104555572081249,1.025188234817,0.256347911649925,1.38561327970851,2.07869643355173,2.80928943580623,4.20356425000697,96.1419356825063,1.02648948370862,1.80551740880359,0.00241532541316399,0.0401164023803886,1.72469255398036,1.77828639916422,1.80581685893815,1.83388744211518,1.88004078187384,275.8624924586,1.00749463662812,TRUE,"",""
"766",2021-08-15,0.174513417916353,0.00323229437327417,0.0667613213552622,0.0470033981927929,0.129530442455368,0.174554027200151,0.217436477201128,0.304077135644633,426.607056745351,1.00498732909941,-3.05566520876833,0.07105268013606,1.10125221098335,-5.19701765512366,-3.79873329410264,-3.06786595909142,-2.28724051098659,-0.897702431774189,240.221933407103,1.0194420803181,0.999990818997143,1.38221307413482e-06,4.02979666931972e-06,0.999980093379481,0.99998893870398,0.999991792304189,0.999993461420777,0.999996557360176,8.49994810107597,1.76266821347409,0.174513417916004,0.00323229437326771,0.0667613213551287,0.0470033981926989,0.129530442455109,0.174554027199802,0.217436477200694,0.304077135644025,426.607056745351,1.00498732909941,-3.05566520876833,0.0710526801360599,1.10125221098335,-5.19701765512365,-3.79873329410265,-3.06786595909142,-2.28724051098659,-0.89770243177419,240.221933407104,1.0194420803181,2.87721972929957,0.0755022768101398,1.17091266816571,0.597172148830568,2.05679612902469,2.89627605556689,3.67012265519612,5.18163601876523,240.507660031057,1.0190886337209,1.80551740880359,0.00241532541316399,0.0401164023803886,1.72469255398036,1.77828639916422,1.80581685893815,1.83388744211518,1.88004078187384,275.8624924586,1.00749463662812,TRUE,"",""
"767",2021-08-16,0.458651803868405,0.00403306363166725,0.0662983259467589,0.329708431634339,0.41249878706193,0.458213509970397,0.505119287608063,0.588802048390902,270.23088071825,1.01932446098849,-3.47858994861377,0.0239078195510755,0.284863799597214,-4.0262118251241,-3.67257262171412,-3.47895611584507,-3.27205559492642,-2.93324876106045,141.969347722123,1.03512662904901,0.999999302024829,1.06178246975696e-07,3.09822841082279e-07,0.999998441971397,0.999999159091796,0.999999376056352,0.999999506605791,0.999999737253216,8.51443359414418,1.81644887956581,0.458651803867488,0.0040330636316592,0.0662983259466264,0.32970843163368,0.412498787061105,0.458213509969481,0.505119287607053,0.588802048389725,270.230880718249,1.01932446098849,-3.47858994861377,0.0239078195510755,0.284863799597214,-4.0262118251241,-3.67257262171412,-3.47895611584507,-3.27205559492642,-2.93324876106045,141.969347722123,1.03512662904901,7.19668855183798,0.0408928635400067,0.466388394876136,6.29220077146986,6.8676428626347,7.19626193203476,7.52010916344726,8.10021203338779,130.076973655308,1.0342960966763,1.80551740880359,0.00241532541316399,0.0401164023803886,1.72469255398036,1.77828639916422,1.80581685893815,1.83388744211518,1.88004078187384,275.8624924586,1.00749463662812,TRUE,"",""
"768",2021-08-17,0.466834119157788,0.00582518652931659,0.0743578402827905,0.318329341330661,0.418787123809755,0.467602183860046,0.515342654982256,0.615805436994133,162.942307174604,1.02499376758749,-3.25629265259955,0.0496165019872416,0.565233036657701,-4.32424741092248,-3.64241718443932,-3.26364239770204,-2.88922846088768,-2.09058738534326,129.778511697135,1.04833403018927,0.999991058916743,1.35666391179865e-06,3.98327793872832e-06,0.999980394103443,0.999989280809264,0.999991946897568,0.9999936844677,0.999996738813584,8.62058377496637,1.76703056188336,0.466834119156854,0.00582518652930494,0.0743578402826418,0.318329341330024,0.418787123808917,0.467602183859111,0.515342654981225,0.615805436992901,162.942307174604,1.02499376758749,-3.25629265259955,0.0496165019872416,0.565233036657701,-4.32424741092248,-3.64241718443933,-3.26364239770204,-2.88922846088768,-2.09058738534325,129.778511697135,1.04833403018927,6.55005442033665,0.102645755490402,1.20324890189478,4.08269899464242,5.74970882545735,6.57338744899957,7.3898426451887,8.79699833657787,137.41335933725,1.04662369521564,1.80551740880359,0.00241532541316399,0.0401164023803886,1.72469255398036,1.77828639916422,1.80581685893815,1.83388744211518,1.88004078187384,275.8624924586,1.00749463662812,TRUE,"",""
"769",2021-08-18,NA,NA,NA,NA,NA,NA,NA,NA,NA,NA,NA,NA,NA,NA,NA,NA,NA,NA,NA,NA,NA,NA,NA,NA,NA,NA,NA,NA,NA,NA,NA,NA,NA,NA,NA,NA,NA,NA,NA,NA,NA,NA,NA,NA,NA,NA,NA,NA,NA,NA,NA,NA,NA,NA,NA,NA,NA,NA,NA,NA,NA,NA,NA,NA,NA,NA,NA,NA,NA,NA,FALSE,"","NAs in DO.obs; NAs in DO.sat; NAs in depth; NAs in temp.water; NAs in light; NAs in discharge"
"770",2021-08-19,NA,NA,NA,NA,NA,NA,NA,NA,NA,NA,NA,NA,NA,NA,NA,NA,NA,NA,NA,NA,NA,NA,NA,NA,NA,NA,NA,NA,NA,NA,NA,NA,NA,NA,NA,NA,NA,NA,NA,NA,NA,NA,NA,NA,NA,NA,NA,NA,NA,NA,NA,NA,NA,NA,NA,NA,NA,NA,NA,NA,NA,NA,NA,NA,NA,NA,NA,NA,NA,NA,FALSE,"","NAs in DO.obs; NAs in DO.sat; NAs in depth; NAs in temp.water; NAs in light; NAs in discharge"
"771",2021-08-20,NA,NA,NA,NA,NA,NA,NA,NA,NA,NA,NA,NA,NA,NA,NA,NA,NA,NA,NA,NA,NA,NA,NA,NA,NA,NA,NA,NA,NA,NA,NA,NA,NA,NA,NA,NA,NA,NA,NA,NA,NA,NA,NA,NA,NA,NA,NA,NA,NA,NA,NA,NA,NA,NA,NA,NA,NA,NA,NA,NA,NA,NA,NA,NA,NA,NA,NA,NA,NA,NA,FALSE,"","NAs in DO.obs; NAs in DO.sat; NAs in depth; NAs in temp.water; NAs in light; NAs in discharge"
"772",2021-08-21,NA,NA,NA,NA,NA,NA,NA,NA,NA,NA,NA,NA,NA,NA,NA,NA,NA,NA,NA,NA,NA,NA,NA,NA,NA,NA,NA,NA,NA,NA,NA,NA,NA,NA,NA,NA,NA,NA,NA,NA,NA,NA,NA,NA,NA,NA,NA,NA,NA,NA,NA,NA,NA,NA,NA,NA,NA,NA,NA,NA,NA,NA,NA,NA,NA,NA,NA,NA,NA,NA,FALSE,"","NAs in DO.obs; NAs in DO.sat; NAs in depth; NAs in temp.water; NAs in light; NAs in discharge"
"773",2021-08-22,NA,NA,NA,NA,NA,NA,NA,NA,NA,NA,NA,NA,NA,NA,NA,NA,NA,NA,NA,NA,NA,NA,NA,NA,NA,NA,NA,NA,NA,NA,NA,NA,NA,NA,NA,NA,NA,NA,NA,NA,NA,NA,NA,NA,NA,NA,NA,NA,NA,NA,NA,NA,NA,NA,NA,NA,NA,NA,NA,NA,NA,NA,NA,NA,NA,NA,NA,NA,NA,NA,FALSE,"","NAs in DO.obs; NAs in DO.sat; NAs in depth; NAs in temp.water; NAs in light; NAs in discharge"
"774",2021-08-23,NA,NA,NA,NA,NA,NA,NA,NA,NA,NA,NA,NA,NA,NA,NA,NA,NA,NA,NA,NA,NA,NA,NA,NA,NA,NA,NA,NA,NA,NA,NA,NA,NA,NA,NA,NA,NA,NA,NA,NA,NA,NA,NA,NA,NA,NA,NA,NA,NA,NA,NA,NA,NA,NA,NA,NA,NA,NA,NA,NA,NA,NA,NA,NA,NA,NA,NA,NA,NA,NA,FALSE,"","NAs in DO.obs; NAs in DO.sat; NAs in depth; NAs in temp.water; NAs in light; NAs in discharge"
"775",2021-08-24,NA,NA,NA,NA,NA,NA,NA,NA,NA,NA,NA,NA,NA,NA,NA,NA,NA,NA,NA,NA,NA,NA,NA,NA,NA,NA,NA,NA,NA,NA,NA,NA,NA,NA,NA,NA,NA,NA,NA,NA,NA,NA,NA,NA,NA,NA,NA,NA,NA,NA,NA,NA,NA,NA,NA,NA,NA,NA,NA,NA,NA,NA,NA,NA,NA,NA,NA,NA,NA,NA,FALSE,"","NAs in DO.obs; NAs in DO.sat; NAs in depth; NAs in temp.water; NAs in light; NAs in discharge"
"776",2021-08-25,NA,NA,NA,NA,NA,NA,NA,NA,NA,NA,NA,NA,NA,NA,NA,NA,NA,NA,NA,NA,NA,NA,NA,NA,NA,NA,NA,NA,NA,NA,NA,NA,NA,NA,NA,NA,NA,NA,NA,NA,NA,NA,NA,NA,NA,NA,NA,NA,NA,NA,NA,NA,NA,NA,NA,NA,NA,NA,NA,NA,NA,NA,NA,NA,NA,NA,NA,NA,NA,NA,FALSE,"","NAs in DO.obs; NAs in DO.sat; NAs in depth; NAs in temp.water; NAs in light; NAs in discharge"
"777",2021-08-26,NA,NA,NA,NA,NA,NA,NA,NA,NA,NA,NA,NA,NA,NA,NA,NA,NA,NA,NA,NA,NA,NA,NA,NA,NA,NA,NA,NA,NA,NA,NA,NA,NA,NA,NA,NA,NA,NA,NA,NA,NA,NA,NA,NA,NA,NA,NA,NA,NA,NA,NA,NA,NA,NA,NA,NA,NA,NA,NA,NA,NA,NA,NA,NA,NA,NA,NA,NA,NA,NA,FALSE,"","NAs in DO.obs; NAs in DO.sat; NAs in depth; NAs in temp.water; NAs in light; NAs in discharge"
"778",2021-08-27,NA,NA,NA,NA,NA,NA,NA,NA,NA,NA,NA,NA,NA,NA,NA,NA,NA,NA,NA,NA,NA,NA,NA,NA,NA,NA,NA,NA,NA,NA,NA,NA,NA,NA,NA,NA,NA,NA,NA,NA,NA,NA,NA,NA,NA,NA,NA,NA,NA,NA,NA,NA,NA,NA,NA,NA,NA,NA,NA,NA,NA,NA,NA,NA,NA,NA,NA,NA,NA,NA,FALSE,"","NAs in DO.obs; NAs in DO.sat; NAs in depth; NAs in temp.water; NAs in light; NAs in discharge"
"779",2021-08-28,NA,NA,NA,NA,NA,NA,NA,NA,NA,NA,NA,NA,NA,NA,NA,NA,NA,NA,NA,NA,NA,NA,NA,NA,NA,NA,NA,NA,NA,NA,NA,NA,NA,NA,NA,NA,NA,NA,NA,NA,NA,NA,NA,NA,NA,NA,NA,NA,NA,NA,NA,NA,NA,NA,NA,NA,NA,NA,NA,NA,NA,NA,NA,NA,NA,NA,NA,NA,NA,NA,FALSE,"","NAs in DO.obs; NAs in DO.sat; NAs in depth; NAs in temp.water; NAs in light; NAs in discharge"
"780",2021-08-29,NA,NA,NA,NA,NA,NA,NA,NA,NA,NA,NA,NA,NA,NA,NA,NA,NA,NA,NA,NA,NA,NA,NA,NA,NA,NA,NA,NA,NA,NA,NA,NA,NA,NA,NA,NA,NA,NA,NA,NA,NA,NA,NA,NA,NA,NA,NA,NA,NA,NA,NA,NA,NA,NA,NA,NA,NA,NA,NA,NA,NA,NA,NA,NA,NA,NA,NA,NA,NA,NA,FALSE,"","NAs in DO.obs; NAs in DO.sat; NAs in depth; NAs in temp.water; NAs in light; NAs in discharge"
"781",2021-08-30,NA,NA,NA,NA,NA,NA,NA,NA,NA,NA,NA,NA,NA,NA,NA,NA,NA,NA,NA,NA,NA,NA,NA,NA,NA,NA,NA,NA,NA,NA,NA,NA,NA,NA,NA,NA,NA,NA,NA,NA,NA,NA,NA,NA,NA,NA,NA,NA,NA,NA,NA,NA,NA,NA,NA,NA,NA,NA,NA,NA,NA,NA,NA,NA,NA,NA,NA,NA,NA,NA,FALSE,"","NAs in DO.obs; NAs in DO.sat; NAs in depth; NAs in temp.water; NAs in light; NAs in discharge"
"782",2021-08-31,NA,NA,NA,NA,NA,NA,NA,NA,NA,NA,NA,NA,NA,NA,NA,NA,NA,NA,NA,NA,NA,NA,NA,NA,NA,NA,NA,NA,NA,NA,NA,NA,NA,NA,NA,NA,NA,NA,NA,NA,NA,NA,NA,NA,NA,NA,NA,NA,NA,NA,NA,NA,NA,NA,NA,NA,NA,NA,NA,NA,NA,NA,NA,NA,NA,NA,NA,NA,NA,NA,FALSE,"","NAs in DO.obs; NAs in DO.sat; NAs in depth; NAs in temp.water; NAs in light; NAs in discharge"
"783",2021-09-01,NA,NA,NA,NA,NA,NA,NA,NA,NA,NA,NA,NA,NA,NA,NA,NA,NA,NA,NA,NA,NA,NA,NA,NA,NA,NA,NA,NA,NA,NA,NA,NA,NA,NA,NA,NA,NA,NA,NA,NA,NA,NA,NA,NA,NA,NA,NA,NA,NA,NA,NA,NA,NA,NA,NA,NA,NA,NA,NA,NA,NA,NA,NA,NA,NA,NA,NA,NA,NA,NA,FALSE,"","NAs in DO.obs; NAs in DO.sat; NAs in depth; NAs in temp.water; NAs in light; NAs in discharge"
"784",2021-09-02,NA,NA,NA,NA,NA,NA,NA,NA,NA,NA,NA,NA,NA,NA,NA,NA,NA,NA,NA,NA,NA,NA,NA,NA,NA,NA,NA,NA,NA,NA,NA,NA,NA,NA,NA,NA,NA,NA,NA,NA,NA,NA,NA,NA,NA,NA,NA,NA,NA,NA,NA,NA,NA,NA,NA,NA,NA,NA,NA,NA,NA,NA,NA,NA,NA,NA,NA,NA,NA,NA,FALSE,"","NAs in DO.obs; NAs in DO.sat; NAs in depth; NAs in temp.water; NAs in light; NAs in discharge"
"785",2021-09-03,NA,NA,NA,NA,NA,NA,NA,NA,NA,NA,NA,NA,NA,NA,NA,NA,NA,NA,NA,NA,NA,NA,NA,NA,NA,NA,NA,NA,NA,NA,NA,NA,NA,NA,NA,NA,NA,NA,NA,NA,NA,NA,NA,NA,NA,NA,NA,NA,NA,NA,NA,NA,NA,NA,NA,NA,NA,NA,NA,NA,NA,NA,NA,NA,NA,NA,NA,NA,NA,NA,FALSE,"","NAs in DO.obs; NAs in DO.sat; NAs in depth; NAs in temp.water; NAs in light; NAs in discharge"
"786",2021-09-04,NA,NA,NA,NA,NA,NA,NA,NA,NA,NA,NA,NA,NA,NA,NA,NA,NA,NA,NA,NA,NA,NA,NA,NA,NA,NA,NA,NA,NA,NA,NA,NA,NA,NA,NA,NA,NA,NA,NA,NA,NA,NA,NA,NA,NA,NA,NA,NA,NA,NA,NA,NA,NA,NA,NA,NA,NA,NA,NA,NA,NA,NA,NA,NA,NA,NA,NA,NA,NA,NA,FALSE,"","NAs in DO.obs; NAs in DO.sat; NAs in depth; NAs in temp.water; NAs in light; NAs in discharge"
"787",2021-09-05,NA,NA,NA,NA,NA,NA,NA,NA,NA,NA,NA,NA,NA,NA,NA,NA,NA,NA,NA,NA,NA,NA,NA,NA,NA,NA,NA,NA,NA,NA,NA,NA,NA,NA,NA,NA,NA,NA,NA,NA,NA,NA,NA,NA,NA,NA,NA,NA,NA,NA,NA,NA,NA,NA,NA,NA,NA,NA,NA,NA,NA,NA,NA,NA,NA,NA,NA,NA,NA,NA,FALSE,"","NAs in DO.obs; NAs in DO.sat; NAs in depth; NAs in temp.water; NAs in light; NAs in discharge"
"788",2021-09-06,NA,NA,NA,NA,NA,NA,NA,NA,NA,NA,NA,NA,NA,NA,NA,NA,NA,NA,NA,NA,NA,NA,NA,NA,NA,NA,NA,NA,NA,NA,NA,NA,NA,NA,NA,NA,NA,NA,NA,NA,NA,NA,NA,NA,NA,NA,NA,NA,NA,NA,NA,NA,NA,NA,NA,NA,NA,NA,NA,NA,NA,NA,NA,NA,NA,NA,NA,NA,NA,NA,FALSE,"","NAs in DO.obs; NAs in DO.sat; NAs in depth; NAs in temp.water; NAs in light; NAs in discharge"
"789",2021-09-07,NA,NA,NA,NA,NA,NA,NA,NA,NA,NA,NA,NA,NA,NA,NA,NA,NA,NA,NA,NA,NA,NA,NA,NA,NA,NA,NA,NA,NA,NA,NA,NA,NA,NA,NA,NA,NA,NA,NA,NA,NA,NA,NA,NA,NA,NA,NA,NA,NA,NA,NA,NA,NA,NA,NA,NA,NA,NA,NA,NA,NA,NA,NA,NA,NA,NA,NA,NA,NA,NA,FALSE,"","NAs in DO.obs; NAs in DO.sat; NAs in depth; NAs in temp.water; NAs in light; NAs in discharge"
"790",2021-09-08,NA,NA,NA,NA,NA,NA,NA,NA,NA,NA,NA,NA,NA,NA,NA,NA,NA,NA,NA,NA,NA,NA,NA,NA,NA,NA,NA,NA,NA,NA,NA,NA,NA,NA,NA,NA,NA,NA,NA,NA,NA,NA,NA,NA,NA,NA,NA,NA,NA,NA,NA,NA,NA,NA,NA,NA,NA,NA,NA,NA,NA,NA,NA,NA,NA,NA,NA,NA,NA,NA,FALSE,"","NAs in DO.obs; NAs in DO.sat; NAs in depth; NAs in temp.water; NAs in light; NAs in discharge"
"791",2021-09-09,NA,NA,NA,NA,NA,NA,NA,NA,NA,NA,NA,NA,NA,NA,NA,NA,NA,NA,NA,NA,NA,NA,NA,NA,NA,NA,NA,NA,NA,NA,NA,NA,NA,NA,NA,NA,NA,NA,NA,NA,NA,NA,NA,NA,NA,NA,NA,NA,NA,NA,NA,NA,NA,NA,NA,NA,NA,NA,NA,NA,NA,NA,NA,NA,NA,NA,NA,NA,NA,NA,FALSE,"","NAs in DO.obs; NAs in DO.sat; NAs in depth; NAs in temp.water; NAs in light; NAs in discharge"
"792",2021-09-10,NA,NA,NA,NA,NA,NA,NA,NA,NA,NA,NA,NA,NA,NA,NA,NA,NA,NA,NA,NA,NA,NA,NA,NA,NA,NA,NA,NA,NA,NA,NA,NA,NA,NA,NA,NA,NA,NA,NA,NA,NA,NA,NA,NA,NA,NA,NA,NA,NA,NA,NA,NA,NA,NA,NA,NA,NA,NA,NA,NA,NA,NA,NA,NA,NA,NA,NA,NA,NA,NA,FALSE,"","NAs in DO.obs; NAs in DO.sat; NAs in depth; NAs in temp.water; NAs in light; NAs in discharge"
"793",2021-09-11,NA,NA,NA,NA,NA,NA,NA,NA,NA,NA,NA,NA,NA,NA,NA,NA,NA,NA,NA,NA,NA,NA,NA,NA,NA,NA,NA,NA,NA,NA,NA,NA,NA,NA,NA,NA,NA,NA,NA,NA,NA,NA,NA,NA,NA,NA,NA,NA,NA,NA,NA,NA,NA,NA,NA,NA,NA,NA,NA,NA,NA,NA,NA,NA,NA,NA,NA,NA,NA,NA,FALSE,"","NAs in DO.obs; NAs in DO.sat; NAs in depth; NAs in temp.water; NAs in light; NAs in discharge"
"794",2021-09-12,NA,NA,NA,NA,NA,NA,NA,NA,NA,NA,NA,NA,NA,NA,NA,NA,NA,NA,NA,NA,NA,NA,NA,NA,NA,NA,NA,NA,NA,NA,NA,NA,NA,NA,NA,NA,NA,NA,NA,NA,NA,NA,NA,NA,NA,NA,NA,NA,NA,NA,NA,NA,NA,NA,NA,NA,NA,NA,NA,NA,NA,NA,NA,NA,NA,NA,NA,NA,NA,NA,FALSE,"","NAs in DO.obs; NAs in DO.sat; NAs in depth; NAs in temp.water; NAs in light; NAs in discharge"
"795",2021-09-13,NA,NA,NA,NA,NA,NA,NA,NA,NA,NA,NA,NA,NA,NA,NA,NA,NA,NA,NA,NA,NA,NA,NA,NA,NA,NA,NA,NA,NA,NA,NA,NA,NA,NA,NA,NA,NA,NA,NA,NA,NA,NA,NA,NA,NA,NA,NA,NA,NA,NA,NA,NA,NA,NA,NA,NA,NA,NA,NA,NA,NA,NA,NA,NA,NA,NA,NA,NA,NA,NA,FALSE,"","NAs in DO.obs; NAs in DO.sat; NAs in depth; NAs in temp.water; NAs in light; NAs in discharge"
"796",2021-09-14,NA,NA,NA,NA,NA,NA,NA,NA,NA,NA,NA,NA,NA,NA,NA,NA,NA,NA,NA,NA,NA,NA,NA,NA,NA,NA,NA,NA,NA,NA,NA,NA,NA,NA,NA,NA,NA,NA,NA,NA,NA,NA,NA,NA,NA,NA,NA,NA,NA,NA,NA,NA,NA,NA,NA,NA,NA,NA,NA,NA,NA,NA,NA,NA,NA,NA,NA,NA,NA,NA,FALSE,"","NAs in DO.obs; NAs in DO.sat; NAs in depth; NAs in temp.water; NAs in light; NAs in discharge"
"797",2021-09-15,NA,NA,NA,NA,NA,NA,NA,NA,NA,NA,NA,NA,NA,NA,NA,NA,NA,NA,NA,NA,NA,NA,NA,NA,NA,NA,NA,NA,NA,NA,NA,NA,NA,NA,NA,NA,NA,NA,NA,NA,NA,NA,NA,NA,NA,NA,NA,NA,NA,NA,NA,NA,NA,NA,NA,NA,NA,NA,NA,NA,NA,NA,NA,NA,NA,NA,NA,NA,NA,NA,FALSE,"","NAs in DO.obs; NAs in DO.sat; NAs in depth; NAs in temp.water; NAs in light; NAs in discharge"
"798",2021-09-16,NA,NA,NA,NA,NA,NA,NA,NA,NA,NA,NA,NA,NA,NA,NA,NA,NA,NA,NA,NA,NA,NA,NA,NA,NA,NA,NA,NA,NA,NA,NA,NA,NA,NA,NA,NA,NA,NA,NA,NA,NA,NA,NA,NA,NA,NA,NA,NA,NA,NA,NA,NA,NA,NA,NA,NA,NA,NA,NA,NA,NA,NA,NA,NA,NA,NA,NA,NA,NA,NA,FALSE,"","NAs in DO.obs; NAs in DO.sat; NAs in depth; NAs in temp.water; NAs in light; NAs in discharge"
"799",2021-09-17,NA,NA,NA,NA,NA,NA,NA,NA,NA,NA,NA,NA,NA,NA,NA,NA,NA,NA,NA,NA,NA,NA,NA,NA,NA,NA,NA,NA,NA,NA,NA,NA,NA,NA,NA,NA,NA,NA,NA,NA,NA,NA,NA,NA,NA,NA,NA,NA,NA,NA,NA,NA,NA,NA,NA,NA,NA,NA,NA,NA,NA,NA,NA,NA,NA,NA,NA,NA,NA,NA,FALSE,"","NAs in DO.obs; NAs in DO.sat; NAs in depth; NAs in temp.water; NAs in light; NAs in discharge"
"800",2021-09-18,NA,NA,NA,NA,NA,NA,NA,NA,NA,NA,NA,NA,NA,NA,NA,NA,NA,NA,NA,NA,NA,NA,NA,NA,NA,NA,NA,NA,NA,NA,NA,NA,NA,NA,NA,NA,NA,NA,NA,NA,NA,NA,NA,NA,NA,NA,NA,NA,NA,NA,NA,NA,NA,NA,NA,NA,NA,NA,NA,NA,NA,NA,NA,NA,NA,NA,NA,NA,NA,NA,FALSE,"","NAs in DO.obs; NAs in DO.sat; NAs in depth; NAs in temp.water; NAs in light; NAs in discharge"
"801",2021-09-19,NA,NA,NA,NA,NA,NA,NA,NA,NA,NA,NA,NA,NA,NA,NA,NA,NA,NA,NA,NA,NA,NA,NA,NA,NA,NA,NA,NA,NA,NA,NA,NA,NA,NA,NA,NA,NA,NA,NA,NA,NA,NA,NA,NA,NA,NA,NA,NA,NA,NA,NA,NA,NA,NA,NA,NA,NA,NA,NA,NA,NA,NA,NA,NA,NA,NA,NA,NA,NA,NA,FALSE,"","NAs in DO.obs; NAs in DO.sat; NAs in depth; NAs in temp.water; NAs in light; NAs in discharge"
"802",2021-09-20,NA,NA,NA,NA,NA,NA,NA,NA,NA,NA,NA,NA,NA,NA,NA,NA,NA,NA,NA,NA,NA,NA,NA,NA,NA,NA,NA,NA,NA,NA,NA,NA,NA,NA,NA,NA,NA,NA,NA,NA,NA,NA,NA,NA,NA,NA,NA,NA,NA,NA,NA,NA,NA,NA,NA,NA,NA,NA,NA,NA,NA,NA,NA,NA,NA,NA,NA,NA,NA,NA,FALSE,"","NAs in DO.obs; NAs in DO.sat; NAs in depth; NAs in temp.water; NAs in light; NAs in discharge"
"803",2021-09-21,NA,NA,NA,NA,NA,NA,NA,NA,NA,NA,NA,NA,NA,NA,NA,NA,NA,NA,NA,NA,NA,NA,NA,NA,NA,NA,NA,NA,NA,NA,NA,NA,NA,NA,NA,NA,NA,NA,NA,NA,NA,NA,NA,NA,NA,NA,NA,NA,NA,NA,NA,NA,NA,NA,NA,NA,NA,NA,NA,NA,NA,NA,NA,NA,NA,NA,NA,NA,NA,NA,FALSE,"","NAs in DO.obs; NAs in DO.sat; NAs in depth; NAs in temp.water; NAs in light; NAs in discharge"
"804",2021-09-22,NA,NA,NA,NA,NA,NA,NA,NA,NA,NA,NA,NA,NA,NA,NA,NA,NA,NA,NA,NA,NA,NA,NA,NA,NA,NA,NA,NA,NA,NA,NA,NA,NA,NA,NA,NA,NA,NA,NA,NA,NA,NA,NA,NA,NA,NA,NA,NA,NA,NA,NA,NA,NA,NA,NA,NA,NA,NA,NA,NA,NA,NA,NA,NA,NA,NA,NA,NA,NA,NA,FALSE,"","NAs in DO.obs; NAs in DO.sat; NAs in depth; NAs in temp.water; NAs in light; NAs in discharge"
"805",2021-09-23,0.433762499952169,0.00373998079848626,0.0696934728434116,0.292602912830176,0.38513030387474,0.434355153622041,0.481314454222905,0.568699120193925,347.252568832687,1.01641526247348,-2.58090312682734,0.0392112327374895,0.569014926384496,-3.75395588007542,-2.95839491734037,-2.56941449831842,-2.19037184332671,-1.48715472439484,210.584463102941,1.03732836222931,0.999994828693,7.63295927815945e-07,2.24345921686384e-06,0.999988846590632,0.999993796179011,0.999995359611716,0.999996277928332,0.999998081115015,8.63874127257329,1.73025021053429,0.433762499951301,0.00373998079847879,0.0696934728432722,0.292602912829591,0.38513030387397,0.434355153621173,0.481314454221942,0.568699120192788,347.252568832686,1.01641526247348,-2.58090312682734,0.0392112327374896,0.569014926384496,-3.75395588007542,-2.95839491734036,-2.56941449831841,-2.19037184332671,-1.48715472439484,210.584463102941,1.03732836222931,4.27111001821793,0.0757445656581189,1.11324210251509,2.17813365869726,3.50003639973792,4.25421205832156,5.03283588191134,6.52688642545238,216.011208498456,1.03539650260557,1.80551740880359,0.00241532541316399,0.0401164023803886,1.72469255398036,1.77828639916422,1.80581685893815,1.83388744211518,1.88004078187384,275.8624924586,1.00749463662812,TRUE,"",""
"806",2021-09-24,0.392375691162309,0.0055490012689378,0.0853608394527905,0.220367657911862,0.3344026203894,0.392577778683331,0.449910235696758,0.559976603923629,236.639754701799,1.01744248196262,-2.67451655704172,0.0596475221026658,0.793289727556822,-4.31242920501097,-3.20121850466842,-2.66941304300941,-2.08158276160774,-1.2272388207814,176.880048067391,1.01502803679646,0.999997646946977,3.498241777199e-07,1.03372407103391e-06,0.999994908189225,0.999997150286437,0.99999786228648,0.99999833555815,0.999999124947711,8.73191731452528,1.70843252043998,0.392375691161525,0.00554900126892668,0.0853608394526198,0.220367657911422,0.334402620388731,0.392577778682546,0.449910235695858,0.559976603922509,236.6397547018,1.01744248196262,-2.67451655704172,0.0596475221026659,0.793289727556822,-4.31242920501096,-3.20121850466842,-2.66941304300941,-2.08158276160774,-1.2272388207814,176.880048067391,1.01502803679646,3.08631553505412,0.0853600546410835,1.15337745485412,0.965916743936583,2.25192392055039,3.07788991926471,3.83633003707765,5.50183458012199,182.571736842181,1.01342787475163,1.80551740880359,0.00241532541316399,0.0401164023803886,1.72469255398036,1.77828639916422,1.80581685893815,1.83388744211518,1.88004078187384,275.8624924586,1.00749463662812,TRUE,"",""
"807",2021-09-25,0.289233705566178,0.00308192696628851,0.0626591698088178,0.169275044533135,0.247805680369183,0.290695978553985,0.330249069106213,0.41141687752282,413.356324869754,1.01537583658637,-2.56824676071504,0.0661022600638993,0.887802099703711,-4.42811814460551,-3.1600780929737,-2.53492586912731,-1.93513675968458,-0.914804396816018,180.384708423956,1.01866553471296,0.999992923972559,1.06905330419667e-06,3.12741229011036e-06,0.999984436764783,0.999991509155118,0.999993685158468,0.999995015847954,0.99999734295879,8.5579857052757,1.72221486024524,0.2892337055656,0.00308192696628235,0.0626591698086925,0.169275044532796,0.247805680368687,0.290695978553403,0.330249069105553,0.411416877521998,413.356324869753,1.01537583658637,-2.56824676071504,0.0661022600638993,0.887802099703711,-4.4281181446055,-3.1600780929737,-2.5349258691273,-1.93513675968458,-0.914804396816018,180.384708423956,1.01866553471296,3.03434633743003,0.0884548392914098,1.17097103785531,0.887515166768199,2.19465085289725,2.98746702845286,3.81157895292593,5.46356768544199,175.246402583793,1.01879573460568,1.80551740880359,0.00241532541316399,0.0401164023803886,1.72469255398036,1.77828639916422,1.80581685893815,1.83388744211518,1.88004078187384,275.8624924586,1.00749463662812,TRUE,"",""
"808",2021-09-26,0.397694451508276,0.0029915455379254,0.0606966358444082,0.280084743447708,0.357060427965234,0.397830511751641,0.438509822644045,0.515784613320679,411.659369939368,1.0156345066067,-3.08421492466693,0.0693045168494562,0.922096874007729,-4.91562434363273,-3.70706349445319,-3.06991191221678,-2.45194864695345,-1.36617740629583,177.023131481348,1.01289285303199,0.999992435277426,1.14766802546944e-06,3.34058313268446e-06,0.999983074672842,0.99999091364611,0.999993204633082,0.999994601821508,0.999997198648737,8.4725083109595,1.75160938363682,0.397694451507481,0.00299154553791945,0.0606966358442868,0.280084743447148,0.35706042796452,0.397830511750845,0.438509822643168,0.515784613319647,411.659369939361,1.0156345066067,-3.08421492466693,0.0693045168494562,0.922096874007729,-4.91562434363274,-3.70706349445319,-3.06991191221678,-2.45194864695345,-1.36617740629583,177.023131481348,1.01289285303199,3.59405164448804,0.0927479042354131,1.23847647418659,1.23758072326789,2.75273975083737,3.5832206373097,4.43875789412022,6.05051692255322,178.306556396373,1.01243474738473,1.80551740880359,0.00241532541316399,0.0401164023803886,1.72469255398036,1.77828639916422,1.80581685893815,1.83388744211518,1.88004078187384,275.8624924586,1.00749463662812,TRUE,"",""
"809",2021-09-27,0.186468671668864,0.00342381146244536,0.0668735438528229,0.0572577297506464,0.141442626382624,0.186126854088657,0.231874132900626,0.319387382108266,381.495126161227,1.01292796373865,-4.91554293354236,0.0843922361965016,1.29799358753943,-7.5157105378429,-5.79571297535248,-4.87359372654424,-4.01251376030565,-2.43891562885461,236.559342382903,1.01799621702425,0.999990400400338,1.42306945203379e-06,4.1212240103231e-06,0.999979779610114,0.999988340894324,0.999991272166266,0.999993155120224,0.999996382435955,8.38687655157069,1.76278815209395,0.186468671668491,0.0034238114624385,0.0668735438526892,0.0572577297505319,0.141442626382342,0.186126854088285,0.231874132900162,0.319387382107627,381.495126161229,1.01292796373865,-4.91554293354236,0.0843922361965016,1.29799358753943,-7.51571053784291,-5.79571297535247,-4.87359372654424,-4.01251376030566,-2.43891562885461,236.559342382903,1.01799621702425,5.03911182622372,0.09247844312138,1.43297289431917,2.28300336449341,4.03705455937632,4.99963306952941,6.01934048779253,7.94914747376255,240.101532166757,1.0171773774151,1.80551740880359,0.00241532541316399,0.0401164023803886,1.72469255398036,1.77828639916422,1.80581685893815,1.83388744211518,1.88004078187384,275.8624924586,1.00749463662812,TRUE,"",""
"810",2021-09-28,0.000776935854800359,0.00317156317779166,0.0631043667888727,-0.120554215776388,-0.0425078514925246,0.0012901982602042,0.042680931234851,0.125264020185961,395.887776370519,1.01096047292663,-7.34388752999699,0.128603433138374,2.02154078651696,-11.3719087148257,-8.68056171138974,-7.30062668409581,-5.93702239660653,-3.49801553377934,247.092686462474,1.01647319796551,0.988402594898411,0.00171569563458951,0.00501450802838882,0.974987084917908,0.986069140613262,0.989516392185321,0.991822829503715,0.995451475739609,8.54232655248788,1.74373473015021,0.000776935854798805,0.00317156317778532,0.0631043667887465,-0.120554215776147,-0.0425078514924396,0.00129019826020162,0.0426809312347657,0.125264020185711,395.887776370519,1.01096047292663,-7.34388752999699,0.128603433138374,2.02154078651696,-11.3719087148257,-8.68056171138973,-7.3006266840958,-5.93702239660652,-3.49801553377934,247.092686462474,1.01647319796551,7.49539083469162,0.131386332373052,2.06860313648107,3.58427786908148,6.05592183131063,7.46771395880034,8.86130297800343,11.5897093824479,247.887129584737,1.01617405169154,1.80551740880359,0.00241532541316399,0.0401164023803886,1.72469255398036,1.77828639916422,1.80581685893815,1.83388744211518,1.88004078187384,275.8624924586,1.00749463662812,TRUE,"",""
"811",2021-09-29,-0.0370154779758874,0.00356669986621435,0.0649990645032938,-0.165244893832062,-0.0823222185189365,-0.0380096314738568,0.00722196129557087,0.0923926165381955,332.109333670726,1.01302785266037,-7.69559364072278,0.164005766692544,2.03586596498388,-11.8558633534186,-9.07240393222013,-7.63297168339852,-6.25854545465615,-3.84525798229911,154.092012233893,1.01318019622408,-1.29913213372518e+27,1.94717977239918e+26,5.64411468019964e+26,-2.78195000485909e+27,-1.56448649580191e+27,-1.17679963786086e+27,-9.26080213118576e+26,-4.79404796752412e+26,8.40193969429495,1.74803174538426,-0.0370154779758134,0.00356669986620722,0.0649990645031638,-0.165244893831732,-0.0823222185187719,-0.0380096314737808,0.00722196129555643,0.0923926165380107,332.109333670726,1.01302785266037,-7.69559364072278,0.164005766692544,2.03586596498388,-11.8558633534186,-9.07240393222012,-7.63297168339853,-6.25854545465615,-3.8452579822991,154.092012233894,1.01318019622408,7.71923260686005,0.1643582891832,2.04305830953602,3.87044364165717,6.26367291137597,7.65594009139403,9.09750131307943,11.9370106834187,154.51772290026,1.01312519208498,1.80551740880359,0.00241532541316399,0.0401164023803886,1.72469255398036,1.77828639916422,1.80581685893815,1.83388744211518,1.88004078187384,275.8624924586,1.00749463662812,TRUE,"",""
"812",2021-09-30,-0.0231786442613116,0.00324876331144438,0.0636989579701985,-0.149639188615474,-0.0649250398622188,-0.021715890019418,0.0210557022628286,0.0985988161916526,384.439949792919,1.01880800071038,-7.80346552890612,0.139012870900948,1.93498421744363,-11.5757436021403,-9.1027062171598,-7.78203053246648,-6.44075600056835,-4.15936458928379,193.751391013899,1.02557169592538,0.931758737214952,0.0103749901478402,0.0301757432958932,0.85014973351572,0.918097875934017,0.938712477127524,0.951836420943063,0.974181953638508,8.45941959959407,1.74717929655798,-0.0231786442612652,0.00324876331143788,0.0636989579700711,-0.149639188615175,-0.0649250398620889,-0.0217158900193746,0.0210557022627865,0.0985988161914554,384.439949792919,1.01880800071038,-7.80346552890612,0.139012870900948,1.93498421744363,-11.5757436021404,-9.10270621715981,-7.78203053246649,-6.44075600056835,-4.1593645892838,193.751391013899,1.02557169592538,7.83273201130716,0.139181327484623,1.93964859542628,4.17995599258163,6.45816504027754,7.80204848735298,9.13698530733933,11.6032045520188,194.215623658902,1.02620082532361,1.80551740880359,0.00241532541316399,0.0401164023803886,1.72469255398036,1.77828639916422,1.80581685893815,1.83388744211518,1.88004078187384,275.8624924586,1.00749463662812,TRUE,"",""
"813",2021-10-01,-0.0266032054268552,0.00306053996650059,0.0627664653754181,-0.147358335508523,-0.0699750881788718,-0.0269849971468296,0.0161927196676707,0.0966248896585816,420.590282856567,1.00907040613723,-7.74045903376037,0.141511275934899,1.902947647929,-11.4831111129839,-9.0027859957195,-7.74582808038247,-6.50815162637034,-4.08216778452076,180.830460191533,1.02810333536362,0.955034411836596,0.0068666058728887,0.0198630130159182,0.900950511654793,0.945650875190571,0.959694202987589,0.96819753158148,0.982727901169153,8.36769829901485,1.75169067868875,-0.026603205426802,0.00306053996649448,0.0627664653752926,-0.147358335508228,-0.0699750881787318,-0.0269849971467756,0.0161927196676383,0.0966248896583883,420.590282856567,1.00907040613723,-7.74045903376037,0.141511275934899,1.902947647929,-11.4831111129839,-9.0027859957195,-7.74582808038246,-6.50815162637034,-4.08216778452076,180.830460191533,1.02810333536362,7.80614121921673,0.142079102922583,1.91701902813376,4.1398708417471,6.55833082565704,7.80229895612196,9.10270582630874,11.6080166901728,182.05073415339,1.02730139777446,1.80551740880359,0.00241532541316399,0.0401164023803886,1.72469255398036,1.77828639916422,1.80581685893815,1.83388744211518,1.88004078187384,275.8624924586,1.00749463662812,TRUE,"",""
"814",2021-10-02,NA,NA,NA,NA,NA,NA,NA,NA,NA,NA,NA,NA,NA,NA,NA,NA,NA,NA,NA,NA,NA,NA,NA,NA,NA,NA,NA,NA,NA,NA,NA,NA,NA,NA,NA,NA,NA,NA,NA,NA,NA,NA,NA,NA,NA,NA,NA,NA,NA,NA,NA,NA,NA,NA,NA,NA,NA,NA,NA,NA,NA,NA,NA,NA,NA,NA,NA,NA,NA,NA,FALSE,"","NAs in DO.obs; NAs in DO.sat; NAs in depth; NAs in temp.water; NAs in light; NAs in discharge"
"815",2021-10-03,NA,NA,NA,NA,NA,NA,NA,NA,NA,NA,NA,NA,NA,NA,NA,NA,NA,NA,NA,NA,NA,NA,NA,NA,NA,NA,NA,NA,NA,NA,NA,NA,NA,NA,NA,NA,NA,NA,NA,NA,NA,NA,NA,NA,NA,NA,NA,NA,NA,NA,NA,NA,NA,NA,NA,NA,NA,NA,NA,NA,NA,NA,NA,NA,NA,NA,NA,NA,NA,NA,FALSE,"","NAs in DO.obs; NAs in DO.sat; NAs in depth; NAs in temp.water; NAs in light; NAs in discharge"
"816",2021-10-04,NA,NA,NA,NA,NA,NA,NA,NA,NA,NA,NA,NA,NA,NA,NA,NA,NA,NA,NA,NA,NA,NA,NA,NA,NA,NA,NA,NA,NA,NA,NA,NA,NA,NA,NA,NA,NA,NA,NA,NA,NA,NA,NA,NA,NA,NA,NA,NA,NA,NA,NA,NA,NA,NA,NA,NA,NA,NA,NA,NA,NA,NA,NA,NA,NA,NA,NA,NA,NA,NA,FALSE,"","NAs in DO.obs; NAs in DO.sat; NAs in depth; NAs in temp.water; NAs in light; NAs in discharge"
"817",2021-10-05,NA,NA,NA,NA,NA,NA,NA,NA,NA,NA,NA,NA,NA,NA,NA,NA,NA,NA,NA,NA,NA,NA,NA,NA,NA,NA,NA,NA,NA,NA,NA,NA,NA,NA,NA,NA,NA,NA,NA,NA,NA,NA,NA,NA,NA,NA,NA,NA,NA,NA,NA,NA,NA,NA,NA,NA,NA,NA,NA,NA,NA,NA,NA,NA,NA,NA,NA,NA,NA,NA,FALSE,"","NAs in DO.obs; NAs in DO.sat; NAs in depth; NAs in temp.water; NAs in light; NAs in discharge"
"818",2021-10-06,NA,NA,NA,NA,NA,NA,NA,NA,NA,NA,NA,NA,NA,NA,NA,NA,NA,NA,NA,NA,NA,NA,NA,NA,NA,NA,NA,NA,NA,NA,NA,NA,NA,NA,NA,NA,NA,NA,NA,NA,NA,NA,NA,NA,NA,NA,NA,NA,NA,NA,NA,NA,NA,NA,NA,NA,NA,NA,NA,NA,NA,NA,NA,NA,NA,NA,NA,NA,NA,NA,FALSE,"","NAs in DO.obs; NAs in DO.sat; NAs in depth; NAs in temp.water; NAs in light; NAs in discharge"
"819",2021-10-07,NA,NA,NA,NA,NA,NA,NA,NA,NA,NA,NA,NA,NA,NA,NA,NA,NA,NA,NA,NA,NA,NA,NA,NA,NA,NA,NA,NA,NA,NA,NA,NA,NA,NA,NA,NA,NA,NA,NA,NA,NA,NA,NA,NA,NA,NA,NA,NA,NA,NA,NA,NA,NA,NA,NA,NA,NA,NA,NA,NA,NA,NA,NA,NA,NA,NA,NA,NA,NA,NA,FALSE,"","NAs in DO.obs; NAs in DO.sat; NAs in depth; NAs in temp.water; NAs in light; NAs in discharge"
"820",2021-10-08,NA,NA,NA,NA,NA,NA,NA,NA,NA,NA,NA,NA,NA,NA,NA,NA,NA,NA,NA,NA,NA,NA,NA,NA,NA,NA,NA,NA,NA,NA,NA,NA,NA,NA,NA,NA,NA,NA,NA,NA,NA,NA,NA,NA,NA,NA,NA,NA,NA,NA,NA,NA,NA,NA,NA,NA,NA,NA,NA,NA,NA,NA,NA,NA,NA,NA,NA,NA,NA,NA,FALSE,"","NAs in DO.obs; NAs in DO.sat; NAs in depth; NAs in temp.water; NAs in light; NAs in discharge"
"821",2021-10-09,NA,NA,NA,NA,NA,NA,NA,NA,NA,NA,NA,NA,NA,NA,NA,NA,NA,NA,NA,NA,NA,NA,NA,NA,NA,NA,NA,NA,NA,NA,NA,NA,NA,NA,NA,NA,NA,NA,NA,NA,NA,NA,NA,NA,NA,NA,NA,NA,NA,NA,NA,NA,NA,NA,NA,NA,NA,NA,NA,NA,NA,NA,NA,NA,NA,NA,NA,NA,NA,NA,FALSE,"","NAs in DO.obs; NAs in DO.sat; NAs in depth; NAs in temp.water; NAs in light; NAs in discharge"
"822",2021-10-10,NA,NA,NA,NA,NA,NA,NA,NA,NA,NA,NA,NA,NA,NA,NA,NA,NA,NA,NA,NA,NA,NA,NA,NA,NA,NA,NA,NA,NA,NA,NA,NA,NA,NA,NA,NA,NA,NA,NA,NA,NA,NA,NA,NA,NA,NA,NA,NA,NA,NA,NA,NA,NA,NA,NA,NA,NA,NA,NA,NA,NA,NA,NA,NA,NA,NA,NA,NA,NA,NA,FALSE,"","NAs in DO.obs; NAs in DO.sat; NAs in depth; NAs in temp.water; NAs in light; NAs in discharge"
"823",2021-10-11,NA,NA,NA,NA,NA,NA,NA,NA,NA,NA,NA,NA,NA,NA,NA,NA,NA,NA,NA,NA,NA,NA,NA,NA,NA,NA,NA,NA,NA,NA,NA,NA,NA,NA,NA,NA,NA,NA,NA,NA,NA,NA,NA,NA,NA,NA,NA,NA,NA,NA,NA,NA,NA,NA,NA,NA,NA,NA,NA,NA,NA,NA,NA,NA,NA,NA,NA,NA,NA,NA,FALSE,"","NAs in DO.obs; NAs in DO.sat; NAs in depth; NAs in temp.water; NAs in light; NAs in discharge"
"824",2021-10-12,NA,NA,NA,NA,NA,NA,NA,NA,NA,NA,NA,NA,NA,NA,NA,NA,NA,NA,NA,NA,NA,NA,NA,NA,NA,NA,NA,NA,NA,NA,NA,NA,NA,NA,NA,NA,NA,NA,NA,NA,NA,NA,NA,NA,NA,NA,NA,NA,NA,NA,NA,NA,NA,NA,NA,NA,NA,NA,NA,NA,NA,NA,NA,NA,NA,NA,NA,NA,NA,NA,FALSE,"","NAs in DO.obs; NAs in DO.sat; NAs in depth; NAs in temp.water; NAs in light; NAs in discharge"
"825",2021-10-13,NA,NA,NA,NA,NA,NA,NA,NA,NA,NA,NA,NA,NA,NA,NA,NA,NA,NA,NA,NA,NA,NA,NA,NA,NA,NA,NA,NA,NA,NA,NA,NA,NA,NA,NA,NA,NA,NA,NA,NA,NA,NA,NA,NA,NA,NA,NA,NA,NA,NA,NA,NA,NA,NA,NA,NA,NA,NA,NA,NA,NA,NA,NA,NA,NA,NA,NA,NA,NA,NA,FALSE,"","NAs in DO.obs; NAs in DO.sat; NAs in depth; NAs in temp.water; NAs in light; NAs in discharge"
"826",2021-10-14,NA,NA,NA,NA,NA,NA,NA,NA,NA,NA,NA,NA,NA,NA,NA,NA,NA,NA,NA,NA,NA,NA,NA,NA,NA,NA,NA,NA,NA,NA,NA,NA,NA,NA,NA,NA,NA,NA,NA,NA,NA,NA,NA,NA,NA,NA,NA,NA,NA,NA,NA,NA,NA,NA,NA,NA,NA,NA,NA,NA,NA,NA,NA,NA,NA,NA,NA,NA,NA,NA,FALSE,"","NAs in DO.obs; NAs in DO.sat; NAs in depth; NAs in temp.water; NAs in light; NAs in discharge"
"827",2021-10-15,NA,NA,NA,NA,NA,NA,NA,NA,NA,NA,NA,NA,NA,NA,NA,NA,NA,NA,NA,NA,NA,NA,NA,NA,NA,NA,NA,NA,NA,NA,NA,NA,NA,NA,NA,NA,NA,NA,NA,NA,NA,NA,NA,NA,NA,NA,NA,NA,NA,NA,NA,NA,NA,NA,NA,NA,NA,NA,NA,NA,NA,NA,NA,NA,NA,NA,NA,NA,NA,NA,FALSE,"","NAs in DO.obs; NAs in DO.sat; NAs in depth; NAs in temp.water; NAs in light; NAs in discharge"
"828",2021-10-16,NA,NA,NA,NA,NA,NA,NA,NA,NA,NA,NA,NA,NA,NA,NA,NA,NA,NA,NA,NA,NA,NA,NA,NA,NA,NA,NA,NA,NA,NA,NA,NA,NA,NA,NA,NA,NA,NA,NA,NA,NA,NA,NA,NA,NA,NA,NA,NA,NA,NA,NA,NA,NA,NA,NA,NA,NA,NA,NA,NA,NA,NA,NA,NA,NA,NA,NA,NA,NA,NA,FALSE,"","NAs in DO.obs; NAs in DO.sat; NAs in depth; NAs in temp.water; NAs in light; NAs in discharge"
"829",2021-10-17,NA,NA,NA,NA,NA,NA,NA,NA,NA,NA,NA,NA,NA,NA,NA,NA,NA,NA,NA,NA,NA,NA,NA,NA,NA,NA,NA,NA,NA,NA,NA,NA,NA,NA,NA,NA,NA,NA,NA,NA,NA,NA,NA,NA,NA,NA,NA,NA,NA,NA,NA,NA,NA,NA,NA,NA,NA,NA,NA,NA,NA,NA,NA,NA,NA,NA,NA,NA,NA,NA,FALSE,"","NAs in DO.obs; NAs in DO.sat; NAs in depth; NAs in temp.water; NAs in light; NAs in discharge"
"830",2021-10-18,NA,NA,NA,NA,NA,NA,NA,NA,NA,NA,NA,NA,NA,NA,NA,NA,NA,NA,NA,NA,NA,NA,NA,NA,NA,NA,NA,NA,NA,NA,NA,NA,NA,NA,NA,NA,NA,NA,NA,NA,NA,NA,NA,NA,NA,NA,NA,NA,NA,NA,NA,NA,NA,NA,NA,NA,NA,NA,NA,NA,NA,NA,NA,NA,NA,NA,NA,NA,NA,NA,FALSE,"","NAs in DO.obs; NAs in DO.sat; NAs in depth; NAs in temp.water; NAs in light; NAs in discharge"
"831",2021-10-19,NA,NA,NA,NA,NA,NA,NA,NA,NA,NA,NA,NA,NA,NA,NA,NA,NA,NA,NA,NA,NA,NA,NA,NA,NA,NA,NA,NA,NA,NA,NA,NA,NA,NA,NA,NA,NA,NA,NA,NA,NA,NA,NA,NA,NA,NA,NA,NA,NA,NA,NA,NA,NA,NA,NA,NA,NA,NA,NA,NA,NA,NA,NA,NA,NA,NA,NA,NA,NA,NA,FALSE,"","NAs in DO.obs; NAs in DO.sat; NAs in depth; NAs in temp.water; NAs in light; NAs in discharge"
"832",2021-10-20,NA,NA,NA,NA,NA,NA,NA,NA,NA,NA,NA,NA,NA,NA,NA,NA,NA,NA,NA,NA,NA,NA,NA,NA,NA,NA,NA,NA,NA,NA,NA,NA,NA,NA,NA,NA,NA,NA,NA,NA,NA,NA,NA,NA,NA,NA,NA,NA,NA,NA,NA,NA,NA,NA,NA,NA,NA,NA,NA,NA,NA,NA,NA,NA,NA,NA,NA,NA,NA,NA,FALSE,"","NAs in DO.obs; NAs in DO.sat; NAs in depth; NAs in temp.water; NAs in light; NAs in discharge"
"833",2021-10-21,NA,NA,NA,NA,NA,NA,NA,NA,NA,NA,NA,NA,NA,NA,NA,NA,NA,NA,NA,NA,NA,NA,NA,NA,NA,NA,NA,NA,NA,NA,NA,NA,NA,NA,NA,NA,NA,NA,NA,NA,NA,NA,NA,NA,NA,NA,NA,NA,NA,NA,NA,NA,NA,NA,NA,NA,NA,NA,NA,NA,NA,NA,NA,NA,NA,NA,NA,NA,NA,NA,FALSE,"","NAs in DO.obs; NAs in DO.sat; NAs in depth; NAs in temp.water; NAs in light; NAs in discharge"
"834",2021-10-22,NA,NA,NA,NA,NA,NA,NA,NA,NA,NA,NA,NA,NA,NA,NA,NA,NA,NA,NA,NA,NA,NA,NA,NA,NA,NA,NA,NA,NA,NA,NA,NA,NA,NA,NA,NA,NA,NA,NA,NA,NA,NA,NA,NA,NA,NA,NA,NA,NA,NA,NA,NA,NA,NA,NA,NA,NA,NA,NA,NA,NA,NA,NA,NA,NA,NA,NA,NA,NA,NA,FALSE,"","NAs in DO.obs; NAs in DO.sat; NAs in depth; NAs in temp.water; NAs in light; NAs in discharge"
"835",2021-10-23,NA,NA,NA,NA,NA,NA,NA,NA,NA,NA,NA,NA,NA,NA,NA,NA,NA,NA,NA,NA,NA,NA,NA,NA,NA,NA,NA,NA,NA,NA,NA,NA,NA,NA,NA,NA,NA,NA,NA,NA,NA,NA,NA,NA,NA,NA,NA,NA,NA,NA,NA,NA,NA,NA,NA,NA,NA,NA,NA,NA,NA,NA,NA,NA,NA,NA,NA,NA,NA,NA,FALSE,"","NAs in DO.obs; NAs in DO.sat; NAs in depth; NAs in temp.water; NAs in light; NAs in discharge"
"836",2021-10-24,NA,NA,NA,NA,NA,NA,NA,NA,NA,NA,NA,NA,NA,NA,NA,NA,NA,NA,NA,NA,NA,NA,NA,NA,NA,NA,NA,NA,NA,NA,NA,NA,NA,NA,NA,NA,NA,NA,NA,NA,NA,NA,NA,NA,NA,NA,NA,NA,NA,NA,NA,NA,NA,NA,NA,NA,NA,NA,NA,NA,NA,NA,NA,NA,NA,NA,NA,NA,NA,NA,FALSE,"","NAs in DO.obs; NAs in DO.sat; NAs in depth; NAs in temp.water; NAs in light; NAs in discharge"
"837",2021-10-25,NA,NA,NA,NA,NA,NA,NA,NA,NA,NA,NA,NA,NA,NA,NA,NA,NA,NA,NA,NA,NA,NA,NA,NA,NA,NA,NA,NA,NA,NA,NA,NA,NA,NA,NA,NA,NA,NA,NA,NA,NA,NA,NA,NA,NA,NA,NA,NA,NA,NA,NA,NA,NA,NA,NA,NA,NA,NA,NA,NA,NA,NA,NA,NA,NA,NA,NA,NA,NA,NA,FALSE,"","NAs in DO.obs; NAs in DO.sat; NAs in depth; NAs in temp.water; NAs in light; NAs in discharge"
"838",2021-10-26,NA,NA,NA,NA,NA,NA,NA,NA,NA,NA,NA,NA,NA,NA,NA,NA,NA,NA,NA,NA,NA,NA,NA,NA,NA,NA,NA,NA,NA,NA,NA,NA,NA,NA,NA,NA,NA,NA,NA,NA,NA,NA,NA,NA,NA,NA,NA,NA,NA,NA,NA,NA,NA,NA,NA,NA,NA,NA,NA,NA,NA,NA,NA,NA,NA,NA,NA,NA,NA,NA,FALSE,"","NAs in DO.obs; NAs in DO.sat; NAs in depth; NAs in temp.water; NAs in light; NAs in discharge"
"839",2021-10-27,NA,NA,NA,NA,NA,NA,NA,NA,NA,NA,NA,NA,NA,NA,NA,NA,NA,NA,NA,NA,NA,NA,NA,NA,NA,NA,NA,NA,NA,NA,NA,NA,NA,NA,NA,NA,NA,NA,NA,NA,NA,NA,NA,NA,NA,NA,NA,NA,NA,NA,NA,NA,NA,NA,NA,NA,NA,NA,NA,NA,NA,NA,NA,NA,NA,NA,NA,NA,NA,NA,FALSE,"","NAs in DO.obs; NAs in DO.sat; NAs in depth; NAs in temp.water; NAs in light; NAs in discharge"
"840",2021-10-28,NA,NA,NA,NA,NA,NA,NA,NA,NA,NA,NA,NA,NA,NA,NA,NA,NA,NA,NA,NA,NA,NA,NA,NA,NA,NA,NA,NA,NA,NA,NA,NA,NA,NA,NA,NA,NA,NA,NA,NA,NA,NA,NA,NA,NA,NA,NA,NA,NA,NA,NA,NA,NA,NA,NA,NA,NA,NA,NA,NA,NA,NA,NA,NA,NA,NA,NA,NA,NA,NA,FALSE,"","NAs in DO.obs; NAs in DO.sat; NAs in depth; NAs in temp.water; NAs in light; NAs in discharge"
"841",2021-10-29,NA,NA,NA,NA,NA,NA,NA,NA,NA,NA,NA,NA,NA,NA,NA,NA,NA,NA,NA,NA,NA,NA,NA,NA,NA,NA,NA,NA,NA,NA,NA,NA,NA,NA,NA,NA,NA,NA,NA,NA,NA,NA,NA,NA,NA,NA,NA,NA,NA,NA,NA,NA,NA,NA,NA,NA,NA,NA,NA,NA,NA,NA,NA,NA,NA,NA,NA,NA,NA,NA,FALSE,"","NAs in DO.obs; NAs in DO.sat; NAs in depth; NAs in temp.water; NAs in light; NAs in discharge"
"842",2021-10-30,NA,NA,NA,NA,NA,NA,NA,NA,NA,NA,NA,NA,NA,NA,NA,NA,NA,NA,NA,NA,NA,NA,NA,NA,NA,NA,NA,NA,NA,NA,NA,NA,NA,NA,NA,NA,NA,NA,NA,NA,NA,NA,NA,NA,NA,NA,NA,NA,NA,NA,NA,NA,NA,NA,NA,NA,NA,NA,NA,NA,NA,NA,NA,NA,NA,NA,NA,NA,NA,NA,FALSE,"","NAs in DO.obs; NAs in DO.sat; NAs in depth; NAs in temp.water; NAs in light; NAs in discharge"
"843",2021-10-31,NA,NA,NA,NA,NA,NA,NA,NA,NA,NA,NA,NA,NA,NA,NA,NA,NA,NA,NA,NA,NA,NA,NA,NA,NA,NA,NA,NA,NA,NA,NA,NA,NA,NA,NA,NA,NA,NA,NA,NA,NA,NA,NA,NA,NA,NA,NA,NA,NA,NA,NA,NA,NA,NA,NA,NA,NA,NA,NA,NA,NA,NA,NA,NA,NA,NA,NA,NA,NA,NA,FALSE,"","NAs in DO.obs; NAs in DO.sat; NAs in depth; NAs in temp.water; NAs in light; NAs in discharge"
"844",2021-11-01,NA,NA,NA,NA,NA,NA,NA,NA,NA,NA,NA,NA,NA,NA,NA,NA,NA,NA,NA,NA,NA,NA,NA,NA,NA,NA,NA,NA,NA,NA,NA,NA,NA,NA,NA,NA,NA,NA,NA,NA,NA,NA,NA,NA,NA,NA,NA,NA,NA,NA,NA,NA,NA,NA,NA,NA,NA,NA,NA,NA,NA,NA,NA,NA,NA,NA,NA,NA,NA,NA,FALSE,"","NAs in DO.obs; NAs in DO.sat; NAs in depth; NAs in temp.water; NAs in light; NAs in discharge"
"845",2021-11-02,NA,NA,NA,NA,NA,NA,NA,NA,NA,NA,NA,NA,NA,NA,NA,NA,NA,NA,NA,NA,NA,NA,NA,NA,NA,NA,NA,NA,NA,NA,NA,NA,NA,NA,NA,NA,NA,NA,NA,NA,NA,NA,NA,NA,NA,NA,NA,NA,NA,NA,NA,NA,NA,NA,NA,NA,NA,NA,NA,NA,NA,NA,NA,NA,NA,NA,NA,NA,NA,NA,FALSE,"","NAs in DO.obs; NAs in DO.sat; NAs in depth; NAs in temp.water; NAs in light; NAs in discharge"
"846",2021-11-03,NA,NA,NA,NA,NA,NA,NA,NA,NA,NA,NA,NA,NA,NA,NA,NA,NA,NA,NA,NA,NA,NA,NA,NA,NA,NA,NA,NA,NA,NA,NA,NA,NA,NA,NA,NA,NA,NA,NA,NA,NA,NA,NA,NA,NA,NA,NA,NA,NA,NA,NA,NA,NA,NA,NA,NA,NA,NA,NA,NA,NA,NA,NA,NA,NA,NA,NA,NA,NA,NA,FALSE,"","NAs in DO.obs; NAs in DO.sat; NAs in depth; NAs in temp.water; NAs in light; NAs in discharge"
"847",2021-11-04,NA,NA,NA,NA,NA,NA,NA,NA,NA,NA,NA,NA,NA,NA,NA,NA,NA,NA,NA,NA,NA,NA,NA,NA,NA,NA,NA,NA,NA,NA,NA,NA,NA,NA,NA,NA,NA,NA,NA,NA,NA,NA,NA,NA,NA,NA,NA,NA,NA,NA,NA,NA,NA,NA,NA,NA,NA,NA,NA,NA,NA,NA,NA,NA,NA,NA,NA,NA,NA,NA,FALSE,"","NAs in DO.obs; NAs in DO.sat; NAs in depth; NAs in temp.water; NAs in light; NAs in discharge"
"848",2021-11-05,NA,NA,NA,NA,NA,NA,NA,NA,NA,NA,NA,NA,NA,NA,NA,NA,NA,NA,NA,NA,NA,NA,NA,NA,NA,NA,NA,NA,NA,NA,NA,NA,NA,NA,NA,NA,NA,NA,NA,NA,NA,NA,NA,NA,NA,NA,NA,NA,NA,NA,NA,NA,NA,NA,NA,NA,NA,NA,NA,NA,NA,NA,NA,NA,NA,NA,NA,NA,NA,NA,FALSE,"","NAs in DO.obs; NAs in DO.sat; NAs in depth; NAs in temp.water; NAs in light; NAs in discharge"
"849",2021-11-06,NA,NA,NA,NA,NA,NA,NA,NA,NA,NA,NA,NA,NA,NA,NA,NA,NA,NA,NA,NA,NA,NA,NA,NA,NA,NA,NA,NA,NA,NA,NA,NA,NA,NA,NA,NA,NA,NA,NA,NA,NA,NA,NA,NA,NA,NA,NA,NA,NA,NA,NA,NA,NA,NA,NA,NA,NA,NA,NA,NA,NA,NA,NA,NA,NA,NA,NA,NA,NA,NA,FALSE,"","NAs in DO.obs; NAs in DO.sat; NAs in depth; NAs in temp.water; NAs in light; NAs in discharge"
"850",2021-11-07,NA,NA,NA,NA,NA,NA,NA,NA,NA,NA,NA,NA,NA,NA,NA,NA,NA,NA,NA,NA,NA,NA,NA,NA,NA,NA,NA,NA,NA,NA,NA,NA,NA,NA,NA,NA,NA,NA,NA,NA,NA,NA,NA,NA,NA,NA,NA,NA,NA,NA,NA,NA,NA,NA,NA,NA,NA,NA,NA,NA,NA,NA,NA,NA,NA,NA,NA,NA,NA,NA,FALSE,"","NAs in DO.obs; NAs in DO.sat; NAs in depth; NAs in temp.water; NAs in light; NAs in discharge"
"851",2021-11-08,NA,NA,NA,NA,NA,NA,NA,NA,NA,NA,NA,NA,NA,NA,NA,NA,NA,NA,NA,NA,NA,NA,NA,NA,NA,NA,NA,NA,NA,NA,NA,NA,NA,NA,NA,NA,NA,NA,NA,NA,NA,NA,NA,NA,NA,NA,NA,NA,NA,NA,NA,NA,NA,NA,NA,NA,NA,NA,NA,NA,NA,NA,NA,NA,NA,NA,NA,NA,NA,NA,FALSE,"","NAs in DO.obs; NAs in DO.sat; NAs in depth; NAs in temp.water; NAs in light; NAs in discharge"
"852",2021-11-09,NA,NA,NA,NA,NA,NA,NA,NA,NA,NA,NA,NA,NA,NA,NA,NA,NA,NA,NA,NA,NA,NA,NA,NA,NA,NA,NA,NA,NA,NA,NA,NA,NA,NA,NA,NA,NA,NA,NA,NA,NA,NA,NA,NA,NA,NA,NA,NA,NA,NA,NA,NA,NA,NA,NA,NA,NA,NA,NA,NA,NA,NA,NA,NA,NA,NA,NA,NA,NA,NA,FALSE,"","NAs in DO.obs; NAs in DO.sat; NAs in depth; NAs in temp.water; NAs in light; NAs in discharge"
"853",2021-11-10,NA,NA,NA,NA,NA,NA,NA,NA,NA,NA,NA,NA,NA,NA,NA,NA,NA,NA,NA,NA,NA,NA,NA,NA,NA,NA,NA,NA,NA,NA,NA,NA,NA,NA,NA,NA,NA,NA,NA,NA,NA,NA,NA,NA,NA,NA,NA,NA,NA,NA,NA,NA,NA,NA,NA,NA,NA,NA,NA,NA,NA,NA,NA,NA,NA,NA,NA,NA,NA,NA,FALSE,"","NAs in DO.obs; NAs in DO.sat; NAs in depth; NAs in temp.water; NAs in light; NAs in discharge"
"854",2021-11-11,NA,NA,NA,NA,NA,NA,NA,NA,NA,NA,NA,NA,NA,NA,NA,NA,NA,NA,NA,NA,NA,NA,NA,NA,NA,NA,NA,NA,NA,NA,NA,NA,NA,NA,NA,NA,NA,NA,NA,NA,NA,NA,NA,NA,NA,NA,NA,NA,NA,NA,NA,NA,NA,NA,NA,NA,NA,NA,NA,NA,NA,NA,NA,NA,NA,NA,NA,NA,NA,NA,FALSE,"","NAs in DO.obs; NAs in DO.sat; NAs in depth; NAs in temp.water; NAs in light; NAs in discharge"
"855",2021-11-12,NA,NA,NA,NA,NA,NA,NA,NA,NA,NA,NA,NA,NA,NA,NA,NA,NA,NA,NA,NA,NA,NA,NA,NA,NA,NA,NA,NA,NA,NA,NA,NA,NA,NA,NA,NA,NA,NA,NA,NA,NA,NA,NA,NA,NA,NA,NA,NA,NA,NA,NA,NA,NA,NA,NA,NA,NA,NA,NA,NA,NA,NA,NA,NA,NA,NA,NA,NA,NA,NA,FALSE,"","NAs in DO.obs; NAs in DO.sat; NAs in depth; NAs in temp.water; NAs in light; NAs in discharge"
"856",2021-11-13,NA,NA,NA,NA,NA,NA,NA,NA,NA,NA,NA,NA,NA,NA,NA,NA,NA,NA,NA,NA,NA,NA,NA,NA,NA,NA,NA,NA,NA,NA,NA,NA,NA,NA,NA,NA,NA,NA,NA,NA,NA,NA,NA,NA,NA,NA,NA,NA,NA,NA,NA,NA,NA,NA,NA,NA,NA,NA,NA,NA,NA,NA,NA,NA,NA,NA,NA,NA,NA,NA,FALSE,"","NAs in DO.obs; NAs in DO.sat; NAs in depth; NAs in temp.water; NAs in light; NAs in discharge"
"857",2021-11-14,NA,NA,NA,NA,NA,NA,NA,NA,NA,NA,NA,NA,NA,NA,NA,NA,NA,NA,NA,NA,NA,NA,NA,NA,NA,NA,NA,NA,NA,NA,NA,NA,NA,NA,NA,NA,NA,NA,NA,NA,NA,NA,NA,NA,NA,NA,NA,NA,NA,NA,NA,NA,NA,NA,NA,NA,NA,NA,NA,NA,NA,NA,NA,NA,NA,NA,NA,NA,NA,NA,FALSE,"","NAs in DO.obs; NAs in DO.sat; NAs in depth; NAs in temp.water; NAs in light; NAs in discharge"
"858",2021-11-15,NA,NA,NA,NA,NA,NA,NA,NA,NA,NA,NA,NA,NA,NA,NA,NA,NA,NA,NA,NA,NA,NA,NA,NA,NA,NA,NA,NA,NA,NA,NA,NA,NA,NA,NA,NA,NA,NA,NA,NA,NA,NA,NA,NA,NA,NA,NA,NA,NA,NA,NA,NA,NA,NA,NA,NA,NA,NA,NA,NA,NA,NA,NA,NA,NA,NA,NA,NA,NA,NA,FALSE,"","NAs in DO.obs; NAs in DO.sat; NAs in depth; NAs in temp.water; NAs in light; NAs in discharge"
"859",2021-11-16,NA,NA,NA,NA,NA,NA,NA,NA,NA,NA,NA,NA,NA,NA,NA,NA,NA,NA,NA,NA,NA,NA,NA,NA,NA,NA,NA,NA,NA,NA,NA,NA,NA,NA,NA,NA,NA,NA,NA,NA,NA,NA,NA,NA,NA,NA,NA,NA,NA,NA,NA,NA,NA,NA,NA,NA,NA,NA,NA,NA,NA,NA,NA,NA,NA,NA,NA,NA,NA,NA,FALSE,"","NAs in DO.obs; NAs in DO.sat; NAs in depth; NAs in temp.water; NAs in light; NAs in discharge"
"860",2021-11-17,NA,NA,NA,NA,NA,NA,NA,NA,NA,NA,NA,NA,NA,NA,NA,NA,NA,NA,NA,NA,NA,NA,NA,NA,NA,NA,NA,NA,NA,NA,NA,NA,NA,NA,NA,NA,NA,NA,NA,NA,NA,NA,NA,NA,NA,NA,NA,NA,NA,NA,NA,NA,NA,NA,NA,NA,NA,NA,NA,NA,NA,NA,NA,NA,NA,NA,NA,NA,NA,NA,FALSE,"","NAs in DO.obs; NAs in DO.sat; NAs in depth; NAs in temp.water; NAs in light; NAs in discharge"
"861",2021-11-18,NA,NA,NA,NA,NA,NA,NA,NA,NA,NA,NA,NA,NA,NA,NA,NA,NA,NA,NA,NA,NA,NA,NA,NA,NA,NA,NA,NA,NA,NA,NA,NA,NA,NA,NA,NA,NA,NA,NA,NA,NA,NA,NA,NA,NA,NA,NA,NA,NA,NA,NA,NA,NA,NA,NA,NA,NA,NA,NA,NA,NA,NA,NA,NA,NA,NA,NA,NA,NA,NA,FALSE,"","NAs in DO.obs; NAs in DO.sat; NAs in depth; NAs in temp.water; NAs in light; NAs in discharge"
"862",2021-11-19,NA,NA,NA,NA,NA,NA,NA,NA,NA,NA,NA,NA,NA,NA,NA,NA,NA,NA,NA,NA,NA,NA,NA,NA,NA,NA,NA,NA,NA,NA,NA,NA,NA,NA,NA,NA,NA,NA,NA,NA,NA,NA,NA,NA,NA,NA,NA,NA,NA,NA,NA,NA,NA,NA,NA,NA,NA,NA,NA,NA,NA,NA,NA,NA,NA,NA,NA,NA,NA,NA,FALSE,"","NAs in DO.obs; NAs in DO.sat; NAs in depth; NAs in temp.water; NAs in light; NAs in discharge"
"863",2021-11-20,NA,NA,NA,NA,NA,NA,NA,NA,NA,NA,NA,NA,NA,NA,NA,NA,NA,NA,NA,NA,NA,NA,NA,NA,NA,NA,NA,NA,NA,NA,NA,NA,NA,NA,NA,NA,NA,NA,NA,NA,NA,NA,NA,NA,NA,NA,NA,NA,NA,NA,NA,NA,NA,NA,NA,NA,NA,NA,NA,NA,NA,NA,NA,NA,NA,NA,NA,NA,NA,NA,FALSE,"","NAs in DO.obs; NAs in DO.sat; NAs in depth; NAs in temp.water; NAs in light; NAs in discharge"
"864",2021-11-21,NA,NA,NA,NA,NA,NA,NA,NA,NA,NA,NA,NA,NA,NA,NA,NA,NA,NA,NA,NA,NA,NA,NA,NA,NA,NA,NA,NA,NA,NA,NA,NA,NA,NA,NA,NA,NA,NA,NA,NA,NA,NA,NA,NA,NA,NA,NA,NA,NA,NA,NA,NA,NA,NA,NA,NA,NA,NA,NA,NA,NA,NA,NA,NA,NA,NA,NA,NA,NA,NA,FALSE,"","NAs in DO.obs; NAs in DO.sat; NAs in depth; NAs in temp.water; NAs in light; NAs in discharge"
"865",2021-11-22,NA,NA,NA,NA,NA,NA,NA,NA,NA,NA,NA,NA,NA,NA,NA,NA,NA,NA,NA,NA,NA,NA,NA,NA,NA,NA,NA,NA,NA,NA,NA,NA,NA,NA,NA,NA,NA,NA,NA,NA,NA,NA,NA,NA,NA,NA,NA,NA,NA,NA,NA,NA,NA,NA,NA,NA,NA,NA,NA,NA,NA,NA,NA,NA,NA,NA,NA,NA,NA,NA,FALSE,"","NAs in DO.obs; NAs in DO.sat; NAs in depth; NAs in temp.water; NAs in light; NAs in discharge"
"866",2021-11-23,NA,NA,NA,NA,NA,NA,NA,NA,NA,NA,NA,NA,NA,NA,NA,NA,NA,NA,NA,NA,NA,NA,NA,NA,NA,NA,NA,NA,NA,NA,NA,NA,NA,NA,NA,NA,NA,NA,NA,NA,NA,NA,NA,NA,NA,NA,NA,NA,NA,NA,NA,NA,NA,NA,NA,NA,NA,NA,NA,NA,NA,NA,NA,NA,NA,NA,NA,NA,NA,NA,FALSE,"","NAs in DO.obs; NAs in DO.sat; NAs in depth; NAs in temp.water; NAs in light; NAs in discharge"
"867",2021-11-24,NA,NA,NA,NA,NA,NA,NA,NA,NA,NA,NA,NA,NA,NA,NA,NA,NA,NA,NA,NA,NA,NA,NA,NA,NA,NA,NA,NA,NA,NA,NA,NA,NA,NA,NA,NA,NA,NA,NA,NA,NA,NA,NA,NA,NA,NA,NA,NA,NA,NA,NA,NA,NA,NA,NA,NA,NA,NA,NA,NA,NA,NA,NA,NA,NA,NA,NA,NA,NA,NA,FALSE,"","NAs in DO.obs; NAs in DO.sat; NAs in depth; NAs in temp.water; NAs in light; NAs in discharge"
"868",2021-11-25,NA,NA,NA,NA,NA,NA,NA,NA,NA,NA,NA,NA,NA,NA,NA,NA,NA,NA,NA,NA,NA,NA,NA,NA,NA,NA,NA,NA,NA,NA,NA,NA,NA,NA,NA,NA,NA,NA,NA,NA,NA,NA,NA,NA,NA,NA,NA,NA,NA,NA,NA,NA,NA,NA,NA,NA,NA,NA,NA,NA,NA,NA,NA,NA,NA,NA,NA,NA,NA,NA,FALSE,"","NAs in DO.obs; NAs in DO.sat; NAs in depth; NAs in temp.water; NAs in light; NAs in discharge"
"869",2021-11-26,NA,NA,NA,NA,NA,NA,NA,NA,NA,NA,NA,NA,NA,NA,NA,NA,NA,NA,NA,NA,NA,NA,NA,NA,NA,NA,NA,NA,NA,NA,NA,NA,NA,NA,NA,NA,NA,NA,NA,NA,NA,NA,NA,NA,NA,NA,NA,NA,NA,NA,NA,NA,NA,NA,NA,NA,NA,NA,NA,NA,NA,NA,NA,NA,NA,NA,NA,NA,NA,NA,FALSE,"","NAs in DO.obs; NAs in DO.sat; NAs in depth; NAs in temp.water; NAs in light; NAs in discharge"
"870",2021-11-27,NA,NA,NA,NA,NA,NA,NA,NA,NA,NA,NA,NA,NA,NA,NA,NA,NA,NA,NA,NA,NA,NA,NA,NA,NA,NA,NA,NA,NA,NA,NA,NA,NA,NA,NA,NA,NA,NA,NA,NA,NA,NA,NA,NA,NA,NA,NA,NA,NA,NA,NA,NA,NA,NA,NA,NA,NA,NA,NA,NA,NA,NA,NA,NA,NA,NA,NA,NA,NA,NA,FALSE,"","NAs in DO.obs; NAs in DO.sat; NAs in depth; NAs in temp.water; NAs in light; NAs in discharge"
"871",2021-11-28,NA,NA,NA,NA,NA,NA,NA,NA,NA,NA,NA,NA,NA,NA,NA,NA,NA,NA,NA,NA,NA,NA,NA,NA,NA,NA,NA,NA,NA,NA,NA,NA,NA,NA,NA,NA,NA,NA,NA,NA,NA,NA,NA,NA,NA,NA,NA,NA,NA,NA,NA,NA,NA,NA,NA,NA,NA,NA,NA,NA,NA,NA,NA,NA,NA,NA,NA,NA,NA,NA,FALSE,"","NAs in DO.obs; NAs in DO.sat; NAs in depth; NAs in temp.water; NAs in light; NAs in discharge"
"872",2021-11-29,NA,NA,NA,NA,NA,NA,NA,NA,NA,NA,NA,NA,NA,NA,NA,NA,NA,NA,NA,NA,NA,NA,NA,NA,NA,NA,NA,NA,NA,NA,NA,NA,NA,NA,NA,NA,NA,NA,NA,NA,NA,NA,NA,NA,NA,NA,NA,NA,NA,NA,NA,NA,NA,NA,NA,NA,NA,NA,NA,NA,NA,NA,NA,NA,NA,NA,NA,NA,NA,NA,FALSE,"","NAs in DO.obs; NAs in DO.sat; NAs in temp.water"
"873",2021-11-30,NA,NA,NA,NA,NA,NA,NA,NA,NA,NA,NA,NA,NA,NA,NA,NA,NA,NA,NA,NA,NA,NA,NA,NA,NA,NA,NA,NA,NA,NA,NA,NA,NA,NA,NA,NA,NA,NA,NA,NA,NA,NA,NA,NA,NA,NA,NA,NA,NA,NA,NA,NA,NA,NA,NA,NA,NA,NA,NA,NA,NA,NA,NA,NA,NA,NA,NA,NA,NA,NA,FALSE,"","NAs in DO.obs; NAs in DO.sat; NAs in temp.water"
"874",2021-12-01,NA,NA,NA,NA,NA,NA,NA,NA,NA,NA,NA,NA,NA,NA,NA,NA,NA,NA,NA,NA,NA,NA,NA,NA,NA,NA,NA,NA,NA,NA,NA,NA,NA,NA,NA,NA,NA,NA,NA,NA,NA,NA,NA,NA,NA,NA,NA,NA,NA,NA,NA,NA,NA,NA,NA,NA,NA,NA,NA,NA,NA,NA,NA,NA,NA,NA,NA,NA,NA,NA,FALSE,"","NAs in DO.obs; NAs in DO.sat; NAs in temp.water"
"875",2021-12-02,NA,NA,NA,NA,NA,NA,NA,NA,NA,NA,NA,NA,NA,NA,NA,NA,NA,NA,NA,NA,NA,NA,NA,NA,NA,NA,NA,NA,NA,NA,NA,NA,NA,NA,NA,NA,NA,NA,NA,NA,NA,NA,NA,NA,NA,NA,NA,NA,NA,NA,NA,NA,NA,NA,NA,NA,NA,NA,NA,NA,NA,NA,NA,NA,NA,NA,NA,NA,NA,NA,FALSE,"","NAs in DO.obs; NAs in DO.sat; NAs in temp.water"
"876",2021-12-03,NA,NA,NA,NA,NA,NA,NA,NA,NA,NA,NA,NA,NA,NA,NA,NA,NA,NA,NA,NA,NA,NA,NA,NA,NA,NA,NA,NA,NA,NA,NA,NA,NA,NA,NA,NA,NA,NA,NA,NA,NA,NA,NA,NA,NA,NA,NA,NA,NA,NA,NA,NA,NA,NA,NA,NA,NA,NA,NA,NA,NA,NA,NA,NA,NA,NA,NA,NA,NA,NA,FALSE,"","NAs in DO.obs; NAs in DO.sat; NAs in temp.water"
"877",2021-12-04,NA,NA,NA,NA,NA,NA,NA,NA,NA,NA,NA,NA,NA,NA,NA,NA,NA,NA,NA,NA,NA,NA,NA,NA,NA,NA,NA,NA,NA,NA,NA,NA,NA,NA,NA,NA,NA,NA,NA,NA,NA,NA,NA,NA,NA,NA,NA,NA,NA,NA,NA,NA,NA,NA,NA,NA,NA,NA,NA,NA,NA,NA,NA,NA,NA,NA,NA,NA,NA,NA,FALSE,"","NAs in DO.obs; NAs in DO.sat; NAs in temp.water"
"878",2021-12-05,NA,NA,NA,NA,NA,NA,NA,NA,NA,NA,NA,NA,NA,NA,NA,NA,NA,NA,NA,NA,NA,NA,NA,NA,NA,NA,NA,NA,NA,NA,NA,NA,NA,NA,NA,NA,NA,NA,NA,NA,NA,NA,NA,NA,NA,NA,NA,NA,NA,NA,NA,NA,NA,NA,NA,NA,NA,NA,NA,NA,NA,NA,NA,NA,NA,NA,NA,NA,NA,NA,FALSE,"","NAs in DO.obs; NAs in DO.sat; NAs in temp.water"
"879",2021-12-06,NA,NA,NA,NA,NA,NA,NA,NA,NA,NA,NA,NA,NA,NA,NA,NA,NA,NA,NA,NA,NA,NA,NA,NA,NA,NA,NA,NA,NA,NA,NA,NA,NA,NA,NA,NA,NA,NA,NA,NA,NA,NA,NA,NA,NA,NA,NA,NA,NA,NA,NA,NA,NA,NA,NA,NA,NA,NA,NA,NA,NA,NA,NA,NA,NA,NA,NA,NA,NA,NA,FALSE,"","NAs in DO.obs; NAs in DO.sat; NAs in depth; NAs in temp.water; NAs in light; NAs in discharge"
"880",2021-12-07,NA,NA,NA,NA,NA,NA,NA,NA,NA,NA,NA,NA,NA,NA,NA,NA,NA,NA,NA,NA,NA,NA,NA,NA,NA,NA,NA,NA,NA,NA,NA,NA,NA,NA,NA,NA,NA,NA,NA,NA,NA,NA,NA,NA,NA,NA,NA,NA,NA,NA,NA,NA,NA,NA,NA,NA,NA,NA,NA,NA,NA,NA,NA,NA,NA,NA,NA,NA,NA,NA,FALSE,"","NAs in DO.obs; NAs in DO.sat; NAs in depth; NAs in temp.water; NAs in light; NAs in discharge"
"881",2021-12-08,NA,NA,NA,NA,NA,NA,NA,NA,NA,NA,NA,NA,NA,NA,NA,NA,NA,NA,NA,NA,NA,NA,NA,NA,NA,NA,NA,NA,NA,NA,NA,NA,NA,NA,NA,NA,NA,NA,NA,NA,NA,NA,NA,NA,NA,NA,NA,NA,NA,NA,NA,NA,NA,NA,NA,NA,NA,NA,NA,NA,NA,NA,NA,NA,NA,NA,NA,NA,NA,NA,FALSE,"","NAs in DO.obs; NAs in DO.sat; NAs in depth; NAs in temp.water; NAs in light; NAs in discharge"
"882",2021-12-09,NA,NA,NA,NA,NA,NA,NA,NA,NA,NA,NA,NA,NA,NA,NA,NA,NA,NA,NA,NA,NA,NA,NA,NA,NA,NA,NA,NA,NA,NA,NA,NA,NA,NA,NA,NA,NA,NA,NA,NA,NA,NA,NA,NA,NA,NA,NA,NA,NA,NA,NA,NA,NA,NA,NA,NA,NA,NA,NA,NA,NA,NA,NA,NA,NA,NA,NA,NA,NA,NA,FALSE,"","NAs in DO.obs; NAs in DO.sat; NAs in depth; NAs in temp.water; NAs in light; NAs in discharge"
"883",2021-12-10,NA,NA,NA,NA,NA,NA,NA,NA,NA,NA,NA,NA,NA,NA,NA,NA,NA,NA,NA,NA,NA,NA,NA,NA,NA,NA,NA,NA,NA,NA,NA,NA,NA,NA,NA,NA,NA,NA,NA,NA,NA,NA,NA,NA,NA,NA,NA,NA,NA,NA,NA,NA,NA,NA,NA,NA,NA,NA,NA,NA,NA,NA,NA,NA,NA,NA,NA,NA,NA,NA,FALSE,"","NAs in DO.obs; NAs in DO.sat; NAs in depth; NAs in temp.water; NAs in light; NAs in discharge"
"884",2021-12-11,NA,NA,NA,NA,NA,NA,NA,NA,NA,NA,NA,NA,NA,NA,NA,NA,NA,NA,NA,NA,NA,NA,NA,NA,NA,NA,NA,NA,NA,NA,NA,NA,NA,NA,NA,NA,NA,NA,NA,NA,NA,NA,NA,NA,NA,NA,NA,NA,NA,NA,NA,NA,NA,NA,NA,NA,NA,NA,NA,NA,NA,NA,NA,NA,NA,NA,NA,NA,NA,NA,FALSE,"","NAs in DO.obs; NAs in DO.sat; NAs in depth; NAs in temp.water; NAs in light; NAs in discharge"
"885",2021-12-12,NA,NA,NA,NA,NA,NA,NA,NA,NA,NA,NA,NA,NA,NA,NA,NA,NA,NA,NA,NA,NA,NA,NA,NA,NA,NA,NA,NA,NA,NA,NA,NA,NA,NA,NA,NA,NA,NA,NA,NA,NA,NA,NA,NA,NA,NA,NA,NA,NA,NA,NA,NA,NA,NA,NA,NA,NA,NA,NA,NA,NA,NA,NA,NA,NA,NA,NA,NA,NA,NA,FALSE,"","NAs in DO.obs; NAs in DO.sat; NAs in depth; NAs in temp.water; NAs in light; NAs in discharge"
"886",2021-12-13,NA,NA,NA,NA,NA,NA,NA,NA,NA,NA,NA,NA,NA,NA,NA,NA,NA,NA,NA,NA,NA,NA,NA,NA,NA,NA,NA,NA,NA,NA,NA,NA,NA,NA,NA,NA,NA,NA,NA,NA,NA,NA,NA,NA,NA,NA,NA,NA,NA,NA,NA,NA,NA,NA,NA,NA,NA,NA,NA,NA,NA,NA,NA,NA,NA,NA,NA,NA,NA,NA,FALSE,"","NAs in DO.obs; NAs in DO.sat; NAs in depth; NAs in temp.water; NAs in light; NAs in discharge"
"887",2021-12-14,NA,NA,NA,NA,NA,NA,NA,NA,NA,NA,NA,NA,NA,NA,NA,NA,NA,NA,NA,NA,NA,NA,NA,NA,NA,NA,NA,NA,NA,NA,NA,NA,NA,NA,NA,NA,NA,NA,NA,NA,NA,NA,NA,NA,NA,NA,NA,NA,NA,NA,NA,NA,NA,NA,NA,NA,NA,NA,NA,NA,NA,NA,NA,NA,NA,NA,NA,NA,NA,NA,FALSE,"","NAs in DO.obs; NAs in DO.sat; NAs in depth; NAs in temp.water; NAs in light; NAs in discharge"
"888",2021-12-15,NA,NA,NA,NA,NA,NA,NA,NA,NA,NA,NA,NA,NA,NA,NA,NA,NA,NA,NA,NA,NA,NA,NA,NA,NA,NA,NA,NA,NA,NA,NA,NA,NA,NA,NA,NA,NA,NA,NA,NA,NA,NA,NA,NA,NA,NA,NA,NA,NA,NA,NA,NA,NA,NA,NA,NA,NA,NA,NA,NA,NA,NA,NA,NA,NA,NA,NA,NA,NA,NA,FALSE,"","NAs in DO.obs; NAs in DO.sat; NAs in depth; NAs in temp.water; NAs in light; NAs in discharge"
"889",2021-12-16,NA,NA,NA,NA,NA,NA,NA,NA,NA,NA,NA,NA,NA,NA,NA,NA,NA,NA,NA,NA,NA,NA,NA,NA,NA,NA,NA,NA,NA,NA,NA,NA,NA,NA,NA,NA,NA,NA,NA,NA,NA,NA,NA,NA,NA,NA,NA,NA,NA,NA,NA,NA,NA,NA,NA,NA,NA,NA,NA,NA,NA,NA,NA,NA,NA,NA,NA,NA,NA,NA,FALSE,"","NAs in DO.obs; NAs in DO.sat; NAs in depth; NAs in temp.water; NAs in light; NAs in discharge"
"890",2021-12-17,NA,NA,NA,NA,NA,NA,NA,NA,NA,NA,NA,NA,NA,NA,NA,NA,NA,NA,NA,NA,NA,NA,NA,NA,NA,NA,NA,NA,NA,NA,NA,NA,NA,NA,NA,NA,NA,NA,NA,NA,NA,NA,NA,NA,NA,NA,NA,NA,NA,NA,NA,NA,NA,NA,NA,NA,NA,NA,NA,NA,NA,NA,NA,NA,NA,NA,NA,NA,NA,NA,FALSE,"","NAs in DO.obs; NAs in DO.sat; NAs in depth; NAs in temp.water; NAs in light; NAs in discharge"
"891",2021-12-18,NA,NA,NA,NA,NA,NA,NA,NA,NA,NA,NA,NA,NA,NA,NA,NA,NA,NA,NA,NA,NA,NA,NA,NA,NA,NA,NA,NA,NA,NA,NA,NA,NA,NA,NA,NA,NA,NA,NA,NA,NA,NA,NA,NA,NA,NA,NA,NA,NA,NA,NA,NA,NA,NA,NA,NA,NA,NA,NA,NA,NA,NA,NA,NA,NA,NA,NA,NA,NA,NA,FALSE,"","NAs in DO.obs; NAs in DO.sat; NAs in depth; NAs in temp.water; NAs in light; NAs in discharge"
"892",2021-12-19,NA,NA,NA,NA,NA,NA,NA,NA,NA,NA,NA,NA,NA,NA,NA,NA,NA,NA,NA,NA,NA,NA,NA,NA,NA,NA,NA,NA,NA,NA,NA,NA,NA,NA,NA,NA,NA,NA,NA,NA,NA,NA,NA,NA,NA,NA,NA,NA,NA,NA,NA,NA,NA,NA,NA,NA,NA,NA,NA,NA,NA,NA,NA,NA,NA,NA,NA,NA,NA,NA,FALSE,"","NAs in DO.obs; NAs in DO.sat; NAs in depth; NAs in temp.water; NAs in light; NAs in discharge"
"893",2021-12-20,NA,NA,NA,NA,NA,NA,NA,NA,NA,NA,NA,NA,NA,NA,NA,NA,NA,NA,NA,NA,NA,NA,NA,NA,NA,NA,NA,NA,NA,NA,NA,NA,NA,NA,NA,NA,NA,NA,NA,NA,NA,NA,NA,NA,NA,NA,NA,NA,NA,NA,NA,NA,NA,NA,NA,NA,NA,NA,NA,NA,NA,NA,NA,NA,NA,NA,NA,NA,NA,NA,FALSE,"","NAs in DO.obs; NAs in DO.sat; NAs in depth; NAs in temp.water; NAs in light; NAs in discharge"
"894",2021-12-21,NA,NA,NA,NA,NA,NA,NA,NA,NA,NA,NA,NA,NA,NA,NA,NA,NA,NA,NA,NA,NA,NA,NA,NA,NA,NA,NA,NA,NA,NA,NA,NA,NA,NA,NA,NA,NA,NA,NA,NA,NA,NA,NA,NA,NA,NA,NA,NA,NA,NA,NA,NA,NA,NA,NA,NA,NA,NA,NA,NA,NA,NA,NA,NA,NA,NA,NA,NA,NA,NA,FALSE,"","NAs in DO.obs; NAs in DO.sat; NAs in depth; NAs in temp.water; NAs in light; NAs in discharge"
"895",2021-12-22,NA,NA,NA,NA,NA,NA,NA,NA,NA,NA,NA,NA,NA,NA,NA,NA,NA,NA,NA,NA,NA,NA,NA,NA,NA,NA,NA,NA,NA,NA,NA,NA,NA,NA,NA,NA,NA,NA,NA,NA,NA,NA,NA,NA,NA,NA,NA,NA,NA,NA,NA,NA,NA,NA,NA,NA,NA,NA,NA,NA,NA,NA,NA,NA,NA,NA,NA,NA,NA,NA,FALSE,"","NAs in DO.obs; NAs in DO.sat; NAs in depth; NAs in temp.water; NAs in light; NAs in discharge"
"896",2021-12-23,NA,NA,NA,NA,NA,NA,NA,NA,NA,NA,NA,NA,NA,NA,NA,NA,NA,NA,NA,NA,NA,NA,NA,NA,NA,NA,NA,NA,NA,NA,NA,NA,NA,NA,NA,NA,NA,NA,NA,NA,NA,NA,NA,NA,NA,NA,NA,NA,NA,NA,NA,NA,NA,NA,NA,NA,NA,NA,NA,NA,NA,NA,NA,NA,NA,NA,NA,NA,NA,NA,FALSE,"","NAs in DO.obs; NAs in DO.sat; NAs in depth; NAs in temp.water; NAs in light; NAs in discharge"
"897",2021-12-24,NA,NA,NA,NA,NA,NA,NA,NA,NA,NA,NA,NA,NA,NA,NA,NA,NA,NA,NA,NA,NA,NA,NA,NA,NA,NA,NA,NA,NA,NA,NA,NA,NA,NA,NA,NA,NA,NA,NA,NA,NA,NA,NA,NA,NA,NA,NA,NA,NA,NA,NA,NA,NA,NA,NA,NA,NA,NA,NA,NA,NA,NA,NA,NA,NA,NA,NA,NA,NA,NA,FALSE,"","NAs in DO.obs; NAs in DO.sat; NAs in depth; NAs in temp.water; NAs in light; NAs in discharge"
"898",2021-12-25,NA,NA,NA,NA,NA,NA,NA,NA,NA,NA,NA,NA,NA,NA,NA,NA,NA,NA,NA,NA,NA,NA,NA,NA,NA,NA,NA,NA,NA,NA,NA,NA,NA,NA,NA,NA,NA,NA,NA,NA,NA,NA,NA,NA,NA,NA,NA,NA,NA,NA,NA,NA,NA,NA,NA,NA,NA,NA,NA,NA,NA,NA,NA,NA,NA,NA,NA,NA,NA,NA,FALSE,"","NAs in DO.obs; NAs in DO.sat; NAs in depth; NAs in temp.water; NAs in light; NAs in discharge"
"899",2021-12-26,NA,NA,NA,NA,NA,NA,NA,NA,NA,NA,NA,NA,NA,NA,NA,NA,NA,NA,NA,NA,NA,NA,NA,NA,NA,NA,NA,NA,NA,NA,NA,NA,NA,NA,NA,NA,NA,NA,NA,NA,NA,NA,NA,NA,NA,NA,NA,NA,NA,NA,NA,NA,NA,NA,NA,NA,NA,NA,NA,NA,NA,NA,NA,NA,NA,NA,NA,NA,NA,NA,FALSE,"","NAs in DO.obs; NAs in DO.sat; NAs in depth; NAs in temp.water; NAs in light; NAs in discharge"
"900",2021-12-27,NA,NA,NA,NA,NA,NA,NA,NA,NA,NA,NA,NA,NA,NA,NA,NA,NA,NA,NA,NA,NA,NA,NA,NA,NA,NA,NA,NA,NA,NA,NA,NA,NA,NA,NA,NA,NA,NA,NA,NA,NA,NA,NA,NA,NA,NA,NA,NA,NA,NA,NA,NA,NA,NA,NA,NA,NA,NA,NA,NA,NA,NA,NA,NA,NA,NA,NA,NA,NA,NA,FALSE,"","NAs in DO.obs; NAs in DO.sat; NAs in depth; NAs in temp.water; NAs in light; NAs in discharge"
"901",2021-12-28,NA,NA,NA,NA,NA,NA,NA,NA,NA,NA,NA,NA,NA,NA,NA,NA,NA,NA,NA,NA,NA,NA,NA,NA,NA,NA,NA,NA,NA,NA,NA,NA,NA,NA,NA,NA,NA,NA,NA,NA,NA,NA,NA,NA,NA,NA,NA,NA,NA,NA,NA,NA,NA,NA,NA,NA,NA,NA,NA,NA,NA,NA,NA,NA,NA,NA,NA,NA,NA,NA,FALSE,"","NAs in DO.obs; NAs in DO.sat; NAs in depth; NAs in temp.water; NAs in light; NAs in discharge"
"902",2021-12-29,NA,NA,NA,NA,NA,NA,NA,NA,NA,NA,NA,NA,NA,NA,NA,NA,NA,NA,NA,NA,NA,NA,NA,NA,NA,NA,NA,NA,NA,NA,NA,NA,NA,NA,NA,NA,NA,NA,NA,NA,NA,NA,NA,NA,NA,NA,NA,NA,NA,NA,NA,NA,NA,NA,NA,NA,NA,NA,NA,NA,NA,NA,NA,NA,NA,NA,NA,NA,NA,NA,FALSE,"","NAs in DO.obs; NAs in DO.sat; NAs in depth; NAs in temp.water; NAs in light; NAs in discharge"
"903",2021-12-30,NA,NA,NA,NA,NA,NA,NA,NA,NA,NA,NA,NA,NA,NA,NA,NA,NA,NA,NA,NA,NA,NA,NA,NA,NA,NA,NA,NA,NA,NA,NA,NA,NA,NA,NA,NA,NA,NA,NA,NA,NA,NA,NA,NA,NA,NA,NA,NA,NA,NA,NA,NA,NA,NA,NA,NA,NA,NA,NA,NA,NA,NA,NA,NA,NA,NA,NA,NA,NA,NA,FALSE,"","NAs in DO.obs; NAs in DO.sat; NAs in depth; NAs in temp.water; NAs in light; NAs in discharge"
"904",2021-12-31,NA,NA,NA,NA,NA,NA,NA,NA,NA,NA,NA,NA,NA,NA,NA,NA,NA,NA,NA,NA,NA,NA,NA,NA,NA,NA,NA,NA,NA,NA,NA,NA,NA,NA,NA,NA,NA,NA,NA,NA,NA,NA,NA,NA,NA,NA,NA,NA,NA,NA,NA,NA,NA,NA,NA,NA,NA,NA,NA,NA,NA,NA,NA,NA,NA,NA,NA,NA,NA,NA,FALSE,"","NAs in DO.obs; NAs in DO.sat; NAs in depth; NAs in temp.water; NAs in light; NAs in discharge"
"905",2022-01-01,NA,NA,NA,NA,NA,NA,NA,NA,NA,NA,NA,NA,NA,NA,NA,NA,NA,NA,NA,NA,NA,NA,NA,NA,NA,NA,NA,NA,NA,NA,NA,NA,NA,NA,NA,NA,NA,NA,NA,NA,NA,NA,NA,NA,NA,NA,NA,NA,NA,NA,NA,NA,NA,NA,NA,NA,NA,NA,NA,NA,NA,NA,NA,NA,NA,NA,NA,NA,NA,NA,FALSE,"","NAs in DO.obs; NAs in DO.sat; NAs in depth; NAs in temp.water; NAs in light; NAs in discharge"
"906",2022-01-02,NA,NA,NA,NA,NA,NA,NA,NA,NA,NA,NA,NA,NA,NA,NA,NA,NA,NA,NA,NA,NA,NA,NA,NA,NA,NA,NA,NA,NA,NA,NA,NA,NA,NA,NA,NA,NA,NA,NA,NA,NA,NA,NA,NA,NA,NA,NA,NA,NA,NA,NA,NA,NA,NA,NA,NA,NA,NA,NA,NA,NA,NA,NA,NA,NA,NA,NA,NA,NA,NA,FALSE,"","NAs in DO.obs; NAs in DO.sat; NAs in depth; NAs in temp.water; NAs in discharge"
"907",2022-01-03,NA,NA,NA,NA,NA,NA,NA,NA,NA,NA,NA,NA,NA,NA,NA,NA,NA,NA,NA,NA,NA,NA,NA,NA,NA,NA,NA,NA,NA,NA,NA,NA,NA,NA,NA,NA,NA,NA,NA,NA,NA,NA,NA,NA,NA,NA,NA,NA,NA,NA,NA,NA,NA,NA,NA,NA,NA,NA,NA,NA,NA,NA,NA,NA,NA,NA,NA,NA,NA,NA,FALSE,"","NAs in DO.obs; NAs in DO.sat; NAs in depth; NAs in temp.water; NAs in discharge"
"908",2022-01-04,NA,NA,NA,NA,NA,NA,NA,NA,NA,NA,NA,NA,NA,NA,NA,NA,NA,NA,NA,NA,NA,NA,NA,NA,NA,NA,NA,NA,NA,NA,NA,NA,NA,NA,NA,NA,NA,NA,NA,NA,NA,NA,NA,NA,NA,NA,NA,NA,NA,NA,NA,NA,NA,NA,NA,NA,NA,NA,NA,NA,NA,NA,NA,NA,NA,NA,NA,NA,NA,NA,FALSE,"","NAs in DO.obs; NAs in DO.sat; NAs in depth; NAs in temp.water; NAs in discharge"
"909",2022-01-05,NA,NA,NA,NA,NA,NA,NA,NA,NA,NA,NA,NA,NA,NA,NA,NA,NA,NA,NA,NA,NA,NA,NA,NA,NA,NA,NA,NA,NA,NA,NA,NA,NA,NA,NA,NA,NA,NA,NA,NA,NA,NA,NA,NA,NA,NA,NA,NA,NA,NA,NA,NA,NA,NA,NA,NA,NA,NA,NA,NA,NA,NA,NA,NA,NA,NA,NA,NA,NA,NA,FALSE,"","NAs in DO.obs; NAs in DO.sat; NAs in depth; NAs in temp.water; NAs in discharge"
"910",2022-01-06,NA,NA,NA,NA,NA,NA,NA,NA,NA,NA,NA,NA,NA,NA,NA,NA,NA,NA,NA,NA,NA,NA,NA,NA,NA,NA,NA,NA,NA,NA,NA,NA,NA,NA,NA,NA,NA,NA,NA,NA,NA,NA,NA,NA,NA,NA,NA,NA,NA,NA,NA,NA,NA,NA,NA,NA,NA,NA,NA,NA,NA,NA,NA,NA,NA,NA,NA,NA,NA,NA,FALSE,"","NAs in DO.obs; NAs in DO.sat; NAs in depth; NAs in temp.water; NAs in discharge"
"911",2022-01-07,NA,NA,NA,NA,NA,NA,NA,NA,NA,NA,NA,NA,NA,NA,NA,NA,NA,NA,NA,NA,NA,NA,NA,NA,NA,NA,NA,NA,NA,NA,NA,NA,NA,NA,NA,NA,NA,NA,NA,NA,NA,NA,NA,NA,NA,NA,NA,NA,NA,NA,NA,NA,NA,NA,NA,NA,NA,NA,NA,NA,NA,NA,NA,NA,NA,NA,NA,NA,NA,NA,FALSE,"","NAs in DO.obs; NAs in DO.sat; NAs in depth; NAs in temp.water; NAs in discharge"
"912",2022-01-08,NA,NA,NA,NA,NA,NA,NA,NA,NA,NA,NA,NA,NA,NA,NA,NA,NA,NA,NA,NA,NA,NA,NA,NA,NA,NA,NA,NA,NA,NA,NA,NA,NA,NA,NA,NA,NA,NA,NA,NA,NA,NA,NA,NA,NA,NA,NA,NA,NA,NA,NA,NA,NA,NA,NA,NA,NA,NA,NA,NA,NA,NA,NA,NA,NA,NA,NA,NA,NA,NA,FALSE,"","NAs in DO.obs; NAs in DO.sat; NAs in depth; NAs in temp.water; NAs in discharge"
"913",2022-01-09,NA,NA,NA,NA,NA,NA,NA,NA,NA,NA,NA,NA,NA,NA,NA,NA,NA,NA,NA,NA,NA,NA,NA,NA,NA,NA,NA,NA,NA,NA,NA,NA,NA,NA,NA,NA,NA,NA,NA,NA,NA,NA,NA,NA,NA,NA,NA,NA,NA,NA,NA,NA,NA,NA,NA,NA,NA,NA,NA,NA,NA,NA,NA,NA,NA,NA,NA,NA,NA,NA,FALSE,"","NAs in DO.obs; NAs in DO.sat; NAs in depth; NAs in temp.water; NAs in light; NAs in discharge"
"914",2022-01-10,NA,NA,NA,NA,NA,NA,NA,NA,NA,NA,NA,NA,NA,NA,NA,NA,NA,NA,NA,NA,NA,NA,NA,NA,NA,NA,NA,NA,NA,NA,NA,NA,NA,NA,NA,NA,NA,NA,NA,NA,NA,NA,NA,NA,NA,NA,NA,NA,NA,NA,NA,NA,NA,NA,NA,NA,NA,NA,NA,NA,NA,NA,NA,NA,NA,NA,NA,NA,NA,NA,FALSE,"","NAs in DO.obs; NAs in DO.sat; NAs in depth; NAs in temp.water; NAs in light; NAs in discharge"
"915",2022-01-11,NA,NA,NA,NA,NA,NA,NA,NA,NA,NA,NA,NA,NA,NA,NA,NA,NA,NA,NA,NA,NA,NA,NA,NA,NA,NA,NA,NA,NA,NA,NA,NA,NA,NA,NA,NA,NA,NA,NA,NA,NA,NA,NA,NA,NA,NA,NA,NA,NA,NA,NA,NA,NA,NA,NA,NA,NA,NA,NA,NA,NA,NA,NA,NA,NA,NA,NA,NA,NA,NA,FALSE,"","NAs in DO.obs; NAs in DO.sat; NAs in depth; NAs in temp.water; NAs in light; NAs in discharge"
"916",2022-01-12,NA,NA,NA,NA,NA,NA,NA,NA,NA,NA,NA,NA,NA,NA,NA,NA,NA,NA,NA,NA,NA,NA,NA,NA,NA,NA,NA,NA,NA,NA,NA,NA,NA,NA,NA,NA,NA,NA,NA,NA,NA,NA,NA,NA,NA,NA,NA,NA,NA,NA,NA,NA,NA,NA,NA,NA,NA,NA,NA,NA,NA,NA,NA,NA,NA,NA,NA,NA,NA,NA,FALSE,"","NAs in DO.obs; NAs in DO.sat; NAs in depth; NAs in temp.water; NAs in light; NAs in discharge"
"917",2022-01-13,NA,NA,NA,NA,NA,NA,NA,NA,NA,NA,NA,NA,NA,NA,NA,NA,NA,NA,NA,NA,NA,NA,NA,NA,NA,NA,NA,NA,NA,NA,NA,NA,NA,NA,NA,NA,NA,NA,NA,NA,NA,NA,NA,NA,NA,NA,NA,NA,NA,NA,NA,NA,NA,NA,NA,NA,NA,NA,NA,NA,NA,NA,NA,NA,NA,NA,NA,NA,NA,NA,FALSE,"","NAs in DO.obs; NAs in DO.sat; NAs in depth; NAs in temp.water; NAs in light; NAs in discharge"
"918",2022-01-14,NA,NA,NA,NA,NA,NA,NA,NA,NA,NA,NA,NA,NA,NA,NA,NA,NA,NA,NA,NA,NA,NA,NA,NA,NA,NA,NA,NA,NA,NA,NA,NA,NA,NA,NA,NA,NA,NA,NA,NA,NA,NA,NA,NA,NA,NA,NA,NA,NA,NA,NA,NA,NA,NA,NA,NA,NA,NA,NA,NA,NA,NA,NA,NA,NA,NA,NA,NA,NA,NA,FALSE,"","NAs in DO.obs; NAs in DO.sat; NAs in depth; NAs in temp.water; NAs in light; NAs in discharge"
"919",2022-01-15,NA,NA,NA,NA,NA,NA,NA,NA,NA,NA,NA,NA,NA,NA,NA,NA,NA,NA,NA,NA,NA,NA,NA,NA,NA,NA,NA,NA,NA,NA,NA,NA,NA,NA,NA,NA,NA,NA,NA,NA,NA,NA,NA,NA,NA,NA,NA,NA,NA,NA,NA,NA,NA,NA,NA,NA,NA,NA,NA,NA,NA,NA,NA,NA,NA,NA,NA,NA,NA,NA,FALSE,"","NAs in DO.obs; NAs in DO.sat; NAs in depth; NAs in temp.water; NAs in light; NAs in discharge"
"920",2022-01-16,NA,NA,NA,NA,NA,NA,NA,NA,NA,NA,NA,NA,NA,NA,NA,NA,NA,NA,NA,NA,NA,NA,NA,NA,NA,NA,NA,NA,NA,NA,NA,NA,NA,NA,NA,NA,NA,NA,NA,NA,NA,NA,NA,NA,NA,NA,NA,NA,NA,NA,NA,NA,NA,NA,NA,NA,NA,NA,NA,NA,NA,NA,NA,NA,NA,NA,NA,NA,NA,NA,FALSE,"","NAs in DO.obs; NAs in DO.sat; NAs in depth; NAs in temp.water; NAs in light; NAs in discharge"
"921",2022-01-17,NA,NA,NA,NA,NA,NA,NA,NA,NA,NA,NA,NA,NA,NA,NA,NA,NA,NA,NA,NA,NA,NA,NA,NA,NA,NA,NA,NA,NA,NA,NA,NA,NA,NA,NA,NA,NA,NA,NA,NA,NA,NA,NA,NA,NA,NA,NA,NA,NA,NA,NA,NA,NA,NA,NA,NA,NA,NA,NA,NA,NA,NA,NA,NA,NA,NA,NA,NA,NA,NA,FALSE,"","NAs in DO.obs; NAs in DO.sat; NAs in depth; NAs in temp.water; NAs in light; NAs in discharge"
"922",2022-01-18,NA,NA,NA,NA,NA,NA,NA,NA,NA,NA,NA,NA,NA,NA,NA,NA,NA,NA,NA,NA,NA,NA,NA,NA,NA,NA,NA,NA,NA,NA,NA,NA,NA,NA,NA,NA,NA,NA,NA,NA,NA,NA,NA,NA,NA,NA,NA,NA,NA,NA,NA,NA,NA,NA,NA,NA,NA,NA,NA,NA,NA,NA,NA,NA,NA,NA,NA,NA,NA,NA,FALSE,"","NAs in DO.obs; NAs in DO.sat; NAs in depth; NAs in temp.water; NAs in light; NAs in discharge"
"923",2022-01-19,NA,NA,NA,NA,NA,NA,NA,NA,NA,NA,NA,NA,NA,NA,NA,NA,NA,NA,NA,NA,NA,NA,NA,NA,NA,NA,NA,NA,NA,NA,NA,NA,NA,NA,NA,NA,NA,NA,NA,NA,NA,NA,NA,NA,NA,NA,NA,NA,NA,NA,NA,NA,NA,NA,NA,NA,NA,NA,NA,NA,NA,NA,NA,NA,NA,NA,NA,NA,NA,NA,FALSE,"","NAs in DO.obs; NAs in DO.sat; NAs in depth; NAs in temp.water; NAs in light; NAs in discharge"
"924",2022-01-20,NA,NA,NA,NA,NA,NA,NA,NA,NA,NA,NA,NA,NA,NA,NA,NA,NA,NA,NA,NA,NA,NA,NA,NA,NA,NA,NA,NA,NA,NA,NA,NA,NA,NA,NA,NA,NA,NA,NA,NA,NA,NA,NA,NA,NA,NA,NA,NA,NA,NA,NA,NA,NA,NA,NA,NA,NA,NA,NA,NA,NA,NA,NA,NA,NA,NA,NA,NA,NA,NA,FALSE,"","NAs in DO.obs; NAs in DO.sat; NAs in depth; NAs in temp.water; NAs in light; NAs in discharge"
"925",2022-01-21,NA,NA,NA,NA,NA,NA,NA,NA,NA,NA,NA,NA,NA,NA,NA,NA,NA,NA,NA,NA,NA,NA,NA,NA,NA,NA,NA,NA,NA,NA,NA,NA,NA,NA,NA,NA,NA,NA,NA,NA,NA,NA,NA,NA,NA,NA,NA,NA,NA,NA,NA,NA,NA,NA,NA,NA,NA,NA,NA,NA,NA,NA,NA,NA,NA,NA,NA,NA,NA,NA,FALSE,"","NAs in DO.obs; NAs in DO.sat; NAs in depth; NAs in temp.water; NAs in light; NAs in discharge"
"926",2022-01-22,NA,NA,NA,NA,NA,NA,NA,NA,NA,NA,NA,NA,NA,NA,NA,NA,NA,NA,NA,NA,NA,NA,NA,NA,NA,NA,NA,NA,NA,NA,NA,NA,NA,NA,NA,NA,NA,NA,NA,NA,NA,NA,NA,NA,NA,NA,NA,NA,NA,NA,NA,NA,NA,NA,NA,NA,NA,NA,NA,NA,NA,NA,NA,NA,NA,NA,NA,NA,NA,NA,FALSE,"","NAs in DO.obs; NAs in DO.sat; NAs in depth; NAs in temp.water; NAs in light; NAs in discharge"
"927",2022-01-23,NA,NA,NA,NA,NA,NA,NA,NA,NA,NA,NA,NA,NA,NA,NA,NA,NA,NA,NA,NA,NA,NA,NA,NA,NA,NA,NA,NA,NA,NA,NA,NA,NA,NA,NA,NA,NA,NA,NA,NA,NA,NA,NA,NA,NA,NA,NA,NA,NA,NA,NA,NA,NA,NA,NA,NA,NA,NA,NA,NA,NA,NA,NA,NA,NA,NA,NA,NA,NA,NA,FALSE,"","NAs in DO.obs; NAs in DO.sat; NAs in depth; NAs in temp.water; NAs in light; NAs in discharge"
"928",2022-01-24,NA,NA,NA,NA,NA,NA,NA,NA,NA,NA,NA,NA,NA,NA,NA,NA,NA,NA,NA,NA,NA,NA,NA,NA,NA,NA,NA,NA,NA,NA,NA,NA,NA,NA,NA,NA,NA,NA,NA,NA,NA,NA,NA,NA,NA,NA,NA,NA,NA,NA,NA,NA,NA,NA,NA,NA,NA,NA,NA,NA,NA,NA,NA,NA,NA,NA,NA,NA,NA,NA,FALSE,"","NAs in DO.obs; NAs in DO.sat; NAs in depth; NAs in temp.water; NAs in light; NAs in discharge"
"929",2022-01-25,NA,NA,NA,NA,NA,NA,NA,NA,NA,NA,NA,NA,NA,NA,NA,NA,NA,NA,NA,NA,NA,NA,NA,NA,NA,NA,NA,NA,NA,NA,NA,NA,NA,NA,NA,NA,NA,NA,NA,NA,NA,NA,NA,NA,NA,NA,NA,NA,NA,NA,NA,NA,NA,NA,NA,NA,NA,NA,NA,NA,NA,NA,NA,NA,NA,NA,NA,NA,NA,NA,FALSE,"","NAs in DO.obs; NAs in DO.sat; NAs in depth; NAs in temp.water; NAs in light; NAs in discharge"
"930",2022-01-26,NA,NA,NA,NA,NA,NA,NA,NA,NA,NA,NA,NA,NA,NA,NA,NA,NA,NA,NA,NA,NA,NA,NA,NA,NA,NA,NA,NA,NA,NA,NA,NA,NA,NA,NA,NA,NA,NA,NA,NA,NA,NA,NA,NA,NA,NA,NA,NA,NA,NA,NA,NA,NA,NA,NA,NA,NA,NA,NA,NA,NA,NA,NA,NA,NA,NA,NA,NA,NA,NA,FALSE,"","NAs in DO.obs; NAs in DO.sat; NAs in depth; NAs in temp.water; NAs in light; NAs in discharge"
"931",2022-01-27,NA,NA,NA,NA,NA,NA,NA,NA,NA,NA,NA,NA,NA,NA,NA,NA,NA,NA,NA,NA,NA,NA,NA,NA,NA,NA,NA,NA,NA,NA,NA,NA,NA,NA,NA,NA,NA,NA,NA,NA,NA,NA,NA,NA,NA,NA,NA,NA,NA,NA,NA,NA,NA,NA,NA,NA,NA,NA,NA,NA,NA,NA,NA,NA,NA,NA,NA,NA,NA,NA,FALSE,"","NAs in DO.obs; NAs in DO.sat; NAs in depth; NAs in temp.water; NAs in light; NAs in discharge"
"932",2022-01-28,NA,NA,NA,NA,NA,NA,NA,NA,NA,NA,NA,NA,NA,NA,NA,NA,NA,NA,NA,NA,NA,NA,NA,NA,NA,NA,NA,NA,NA,NA,NA,NA,NA,NA,NA,NA,NA,NA,NA,NA,NA,NA,NA,NA,NA,NA,NA,NA,NA,NA,NA,NA,NA,NA,NA,NA,NA,NA,NA,NA,NA,NA,NA,NA,NA,NA,NA,NA,NA,NA,FALSE,"","NAs in DO.obs; NAs in DO.sat; NAs in depth; NAs in temp.water; NAs in light; NAs in discharge"
"933",2022-01-29,NA,NA,NA,NA,NA,NA,NA,NA,NA,NA,NA,NA,NA,NA,NA,NA,NA,NA,NA,NA,NA,NA,NA,NA,NA,NA,NA,NA,NA,NA,NA,NA,NA,NA,NA,NA,NA,NA,NA,NA,NA,NA,NA,NA,NA,NA,NA,NA,NA,NA,NA,NA,NA,NA,NA,NA,NA,NA,NA,NA,NA,NA,NA,NA,NA,NA,NA,NA,NA,NA,FALSE,"","NAs in DO.obs; NAs in DO.sat; NAs in depth; NAs in temp.water; NAs in light; NAs in discharge"
"934",2022-01-30,NA,NA,NA,NA,NA,NA,NA,NA,NA,NA,NA,NA,NA,NA,NA,NA,NA,NA,NA,NA,NA,NA,NA,NA,NA,NA,NA,NA,NA,NA,NA,NA,NA,NA,NA,NA,NA,NA,NA,NA,NA,NA,NA,NA,NA,NA,NA,NA,NA,NA,NA,NA,NA,NA,NA,NA,NA,NA,NA,NA,NA,NA,NA,NA,NA,NA,NA,NA,NA,NA,FALSE,"","NAs in DO.obs; NAs in DO.sat; NAs in depth; NAs in temp.water; NAs in light; NAs in discharge"
"935",2022-01-31,NA,NA,NA,NA,NA,NA,NA,NA,NA,NA,NA,NA,NA,NA,NA,NA,NA,NA,NA,NA,NA,NA,NA,NA,NA,NA,NA,NA,NA,NA,NA,NA,NA,NA,NA,NA,NA,NA,NA,NA,NA,NA,NA,NA,NA,NA,NA,NA,NA,NA,NA,NA,NA,NA,NA,NA,NA,NA,NA,NA,NA,NA,NA,NA,NA,NA,NA,NA,NA,NA,FALSE,"","NAs in DO.obs; NAs in DO.sat; NAs in depth; NAs in temp.water; NAs in light; NAs in discharge"
"936",2022-02-01,NA,NA,NA,NA,NA,NA,NA,NA,NA,NA,NA,NA,NA,NA,NA,NA,NA,NA,NA,NA,NA,NA,NA,NA,NA,NA,NA,NA,NA,NA,NA,NA,NA,NA,NA,NA,NA,NA,NA,NA,NA,NA,NA,NA,NA,NA,NA,NA,NA,NA,NA,NA,NA,NA,NA,NA,NA,NA,NA,NA,NA,NA,NA,NA,NA,NA,NA,NA,NA,NA,FALSE,"","NAs in DO.obs; NAs in DO.sat; NAs in depth; NAs in temp.water; NAs in light; NAs in discharge"
"937",2022-02-02,NA,NA,NA,NA,NA,NA,NA,NA,NA,NA,NA,NA,NA,NA,NA,NA,NA,NA,NA,NA,NA,NA,NA,NA,NA,NA,NA,NA,NA,NA,NA,NA,NA,NA,NA,NA,NA,NA,NA,NA,NA,NA,NA,NA,NA,NA,NA,NA,NA,NA,NA,NA,NA,NA,NA,NA,NA,NA,NA,NA,NA,NA,NA,NA,NA,NA,NA,NA,NA,NA,FALSE,"","NAs in DO.obs; NAs in DO.sat; NAs in depth; NAs in temp.water; NAs in light; NAs in discharge"
"938",2022-02-03,NA,NA,NA,NA,NA,NA,NA,NA,NA,NA,NA,NA,NA,NA,NA,NA,NA,NA,NA,NA,NA,NA,NA,NA,NA,NA,NA,NA,NA,NA,NA,NA,NA,NA,NA,NA,NA,NA,NA,NA,NA,NA,NA,NA,NA,NA,NA,NA,NA,NA,NA,NA,NA,NA,NA,NA,NA,NA,NA,NA,NA,NA,NA,NA,NA,NA,NA,NA,NA,NA,FALSE,"","NAs in DO.obs; NAs in DO.sat; NAs in depth; NAs in temp.water; NAs in light; NAs in discharge"
"939",2022-02-04,NA,NA,NA,NA,NA,NA,NA,NA,NA,NA,NA,NA,NA,NA,NA,NA,NA,NA,NA,NA,NA,NA,NA,NA,NA,NA,NA,NA,NA,NA,NA,NA,NA,NA,NA,NA,NA,NA,NA,NA,NA,NA,NA,NA,NA,NA,NA,NA,NA,NA,NA,NA,NA,NA,NA,NA,NA,NA,NA,NA,NA,NA,NA,NA,NA,NA,NA,NA,NA,NA,FALSE,"","NAs in DO.obs; NAs in DO.sat; NAs in depth; NAs in temp.water; NAs in light; NAs in discharge"
"940",2022-02-05,NA,NA,NA,NA,NA,NA,NA,NA,NA,NA,NA,NA,NA,NA,NA,NA,NA,NA,NA,NA,NA,NA,NA,NA,NA,NA,NA,NA,NA,NA,NA,NA,NA,NA,NA,NA,NA,NA,NA,NA,NA,NA,NA,NA,NA,NA,NA,NA,NA,NA,NA,NA,NA,NA,NA,NA,NA,NA,NA,NA,NA,NA,NA,NA,NA,NA,NA,NA,NA,NA,FALSE,"","NAs in DO.obs; NAs in DO.sat; NAs in depth; NAs in temp.water; NAs in light; NAs in discharge"
"941",2022-02-06,NA,NA,NA,NA,NA,NA,NA,NA,NA,NA,NA,NA,NA,NA,NA,NA,NA,NA,NA,NA,NA,NA,NA,NA,NA,NA,NA,NA,NA,NA,NA,NA,NA,NA,NA,NA,NA,NA,NA,NA,NA,NA,NA,NA,NA,NA,NA,NA,NA,NA,NA,NA,NA,NA,NA,NA,NA,NA,NA,NA,NA,NA,NA,NA,NA,NA,NA,NA,NA,NA,FALSE,"","NAs in DO.obs; NAs in DO.sat; NAs in depth; NAs in temp.water; NAs in light; NAs in discharge"
"942",2022-02-07,NA,NA,NA,NA,NA,NA,NA,NA,NA,NA,NA,NA,NA,NA,NA,NA,NA,NA,NA,NA,NA,NA,NA,NA,NA,NA,NA,NA,NA,NA,NA,NA,NA,NA,NA,NA,NA,NA,NA,NA,NA,NA,NA,NA,NA,NA,NA,NA,NA,NA,NA,NA,NA,NA,NA,NA,NA,NA,NA,NA,NA,NA,NA,NA,NA,NA,NA,NA,NA,NA,FALSE,"","NAs in DO.obs; NAs in DO.sat; NAs in depth; NAs in temp.water; NAs in light; NAs in discharge"
"943",2022-02-08,NA,NA,NA,NA,NA,NA,NA,NA,NA,NA,NA,NA,NA,NA,NA,NA,NA,NA,NA,NA,NA,NA,NA,NA,NA,NA,NA,NA,NA,NA,NA,NA,NA,NA,NA,NA,NA,NA,NA,NA,NA,NA,NA,NA,NA,NA,NA,NA,NA,NA,NA,NA,NA,NA,NA,NA,NA,NA,NA,NA,NA,NA,NA,NA,NA,NA,NA,NA,NA,NA,FALSE,"","NAs in DO.obs; NAs in DO.sat; NAs in depth; NAs in temp.water; NAs in light; NAs in discharge"
"944",2022-02-09,NA,NA,NA,NA,NA,NA,NA,NA,NA,NA,NA,NA,NA,NA,NA,NA,NA,NA,NA,NA,NA,NA,NA,NA,NA,NA,NA,NA,NA,NA,NA,NA,NA,NA,NA,NA,NA,NA,NA,NA,NA,NA,NA,NA,NA,NA,NA,NA,NA,NA,NA,NA,NA,NA,NA,NA,NA,NA,NA,NA,NA,NA,NA,NA,NA,NA,NA,NA,NA,NA,FALSE,"","NAs in DO.obs; NAs in DO.sat; NAs in depth; NAs in temp.water; NAs in light; NAs in discharge"
"945",2022-02-10,NA,NA,NA,NA,NA,NA,NA,NA,NA,NA,NA,NA,NA,NA,NA,NA,NA,NA,NA,NA,NA,NA,NA,NA,NA,NA,NA,NA,NA,NA,NA,NA,NA,NA,NA,NA,NA,NA,NA,NA,NA,NA,NA,NA,NA,NA,NA,NA,NA,NA,NA,NA,NA,NA,NA,NA,NA,NA,NA,NA,NA,NA,NA,NA,NA,NA,NA,NA,NA,NA,FALSE,"","NAs in DO.obs; NAs in DO.sat; NAs in depth; NAs in temp.water; NAs in light; NAs in discharge"
"946",2022-02-11,NA,NA,NA,NA,NA,NA,NA,NA,NA,NA,NA,NA,NA,NA,NA,NA,NA,NA,NA,NA,NA,NA,NA,NA,NA,NA,NA,NA,NA,NA,NA,NA,NA,NA,NA,NA,NA,NA,NA,NA,NA,NA,NA,NA,NA,NA,NA,NA,NA,NA,NA,NA,NA,NA,NA,NA,NA,NA,NA,NA,NA,NA,NA,NA,NA,NA,NA,NA,NA,NA,FALSE,"","NAs in DO.obs; NAs in DO.sat; NAs in depth; NAs in temp.water; NAs in light; NAs in discharge"
"947",2022-02-12,NA,NA,NA,NA,NA,NA,NA,NA,NA,NA,NA,NA,NA,NA,NA,NA,NA,NA,NA,NA,NA,NA,NA,NA,NA,NA,NA,NA,NA,NA,NA,NA,NA,NA,NA,NA,NA,NA,NA,NA,NA,NA,NA,NA,NA,NA,NA,NA,NA,NA,NA,NA,NA,NA,NA,NA,NA,NA,NA,NA,NA,NA,NA,NA,NA,NA,NA,NA,NA,NA,FALSE,"","NAs in DO.obs; NAs in DO.sat; NAs in depth; NAs in temp.water; NAs in light; NAs in discharge"
"948",2022-02-13,NA,NA,NA,NA,NA,NA,NA,NA,NA,NA,NA,NA,NA,NA,NA,NA,NA,NA,NA,NA,NA,NA,NA,NA,NA,NA,NA,NA,NA,NA,NA,NA,NA,NA,NA,NA,NA,NA,NA,NA,NA,NA,NA,NA,NA,NA,NA,NA,NA,NA,NA,NA,NA,NA,NA,NA,NA,NA,NA,NA,NA,NA,NA,NA,NA,NA,NA,NA,NA,NA,FALSE,"","NAs in DO.obs; NAs in DO.sat; NAs in depth; NAs in temp.water; NAs in light; NAs in discharge"
"949",2022-02-14,NA,NA,NA,NA,NA,NA,NA,NA,NA,NA,NA,NA,NA,NA,NA,NA,NA,NA,NA,NA,NA,NA,NA,NA,NA,NA,NA,NA,NA,NA,NA,NA,NA,NA,NA,NA,NA,NA,NA,NA,NA,NA,NA,NA,NA,NA,NA,NA,NA,NA,NA,NA,NA,NA,NA,NA,NA,NA,NA,NA,NA,NA,NA,NA,NA,NA,NA,NA,NA,NA,FALSE,"","NAs in DO.obs; NAs in DO.sat; NAs in depth; NAs in temp.water; NAs in light; NAs in discharge"
"950",2022-02-15,NA,NA,NA,NA,NA,NA,NA,NA,NA,NA,NA,NA,NA,NA,NA,NA,NA,NA,NA,NA,NA,NA,NA,NA,NA,NA,NA,NA,NA,NA,NA,NA,NA,NA,NA,NA,NA,NA,NA,NA,NA,NA,NA,NA,NA,NA,NA,NA,NA,NA,NA,NA,NA,NA,NA,NA,NA,NA,NA,NA,NA,NA,NA,NA,NA,NA,NA,NA,NA,NA,FALSE,"","NAs in DO.obs; NAs in DO.sat; NAs in depth; NAs in temp.water; NAs in light; NAs in discharge"
"951",2022-02-16,NA,NA,NA,NA,NA,NA,NA,NA,NA,NA,NA,NA,NA,NA,NA,NA,NA,NA,NA,NA,NA,NA,NA,NA,NA,NA,NA,NA,NA,NA,NA,NA,NA,NA,NA,NA,NA,NA,NA,NA,NA,NA,NA,NA,NA,NA,NA,NA,NA,NA,NA,NA,NA,NA,NA,NA,NA,NA,NA,NA,NA,NA,NA,NA,NA,NA,NA,NA,NA,NA,FALSE,"","NAs in DO.obs; NAs in DO.sat; NAs in depth; NAs in temp.water; NAs in light; NAs in discharge"
"952",2022-02-17,NA,NA,NA,NA,NA,NA,NA,NA,NA,NA,NA,NA,NA,NA,NA,NA,NA,NA,NA,NA,NA,NA,NA,NA,NA,NA,NA,NA,NA,NA,NA,NA,NA,NA,NA,NA,NA,NA,NA,NA,NA,NA,NA,NA,NA,NA,NA,NA,NA,NA,NA,NA,NA,NA,NA,NA,NA,NA,NA,NA,NA,NA,NA,NA,NA,NA,NA,NA,NA,NA,FALSE,"","NAs in DO.obs; NAs in DO.sat; NAs in depth; NAs in temp.water; NAs in light; NAs in discharge"
"953",2022-02-18,NA,NA,NA,NA,NA,NA,NA,NA,NA,NA,NA,NA,NA,NA,NA,NA,NA,NA,NA,NA,NA,NA,NA,NA,NA,NA,NA,NA,NA,NA,NA,NA,NA,NA,NA,NA,NA,NA,NA,NA,NA,NA,NA,NA,NA,NA,NA,NA,NA,NA,NA,NA,NA,NA,NA,NA,NA,NA,NA,NA,NA,NA,NA,NA,NA,NA,NA,NA,NA,NA,FALSE,"","NAs in DO.obs; NAs in DO.sat; NAs in depth; NAs in temp.water; NAs in light; NAs in discharge"
"954",2022-02-19,NA,NA,NA,NA,NA,NA,NA,NA,NA,NA,NA,NA,NA,NA,NA,NA,NA,NA,NA,NA,NA,NA,NA,NA,NA,NA,NA,NA,NA,NA,NA,NA,NA,NA,NA,NA,NA,NA,NA,NA,NA,NA,NA,NA,NA,NA,NA,NA,NA,NA,NA,NA,NA,NA,NA,NA,NA,NA,NA,NA,NA,NA,NA,NA,NA,NA,NA,NA,NA,NA,FALSE,"","NAs in DO.obs; NAs in DO.sat; NAs in depth; NAs in temp.water; NAs in light; NAs in discharge"
"955",2022-02-20,NA,NA,NA,NA,NA,NA,NA,NA,NA,NA,NA,NA,NA,NA,NA,NA,NA,NA,NA,NA,NA,NA,NA,NA,NA,NA,NA,NA,NA,NA,NA,NA,NA,NA,NA,NA,NA,NA,NA,NA,NA,NA,NA,NA,NA,NA,NA,NA,NA,NA,NA,NA,NA,NA,NA,NA,NA,NA,NA,NA,NA,NA,NA,NA,NA,NA,NA,NA,NA,NA,FALSE,"","NAs in DO.obs; NAs in DO.sat; NAs in depth; NAs in temp.water; NAs in light; NAs in discharge"
"956",2022-02-21,NA,NA,NA,NA,NA,NA,NA,NA,NA,NA,NA,NA,NA,NA,NA,NA,NA,NA,NA,NA,NA,NA,NA,NA,NA,NA,NA,NA,NA,NA,NA,NA,NA,NA,NA,NA,NA,NA,NA,NA,NA,NA,NA,NA,NA,NA,NA,NA,NA,NA,NA,NA,NA,NA,NA,NA,NA,NA,NA,NA,NA,NA,NA,NA,NA,NA,NA,NA,NA,NA,FALSE,"","NAs in DO.obs; NAs in DO.sat; NAs in depth; NAs in temp.water; NAs in light; NAs in discharge"
"957",2022-02-22,NA,NA,NA,NA,NA,NA,NA,NA,NA,NA,NA,NA,NA,NA,NA,NA,NA,NA,NA,NA,NA,NA,NA,NA,NA,NA,NA,NA,NA,NA,NA,NA,NA,NA,NA,NA,NA,NA,NA,NA,NA,NA,NA,NA,NA,NA,NA,NA,NA,NA,NA,NA,NA,NA,NA,NA,NA,NA,NA,NA,NA,NA,NA,NA,NA,NA,NA,NA,NA,NA,FALSE,"","NAs in DO.obs; NAs in DO.sat; NAs in depth; NAs in temp.water; NAs in light; NAs in discharge"
"958",2022-02-23,NA,NA,NA,NA,NA,NA,NA,NA,NA,NA,NA,NA,NA,NA,NA,NA,NA,NA,NA,NA,NA,NA,NA,NA,NA,NA,NA,NA,NA,NA,NA,NA,NA,NA,NA,NA,NA,NA,NA,NA,NA,NA,NA,NA,NA,NA,NA,NA,NA,NA,NA,NA,NA,NA,NA,NA,NA,NA,NA,NA,NA,NA,NA,NA,NA,NA,NA,NA,NA,NA,FALSE,"","NAs in DO.obs; NAs in DO.sat; NAs in depth; NAs in temp.water; NAs in light; NAs in discharge"
"959",2022-02-24,NA,NA,NA,NA,NA,NA,NA,NA,NA,NA,NA,NA,NA,NA,NA,NA,NA,NA,NA,NA,NA,NA,NA,NA,NA,NA,NA,NA,NA,NA,NA,NA,NA,NA,NA,NA,NA,NA,NA,NA,NA,NA,NA,NA,NA,NA,NA,NA,NA,NA,NA,NA,NA,NA,NA,NA,NA,NA,NA,NA,NA,NA,NA,NA,NA,NA,NA,NA,NA,NA,FALSE,"","NAs in DO.obs; NAs in DO.sat; NAs in depth; NAs in temp.water; NAs in light; NAs in discharge"
"960",2022-02-25,NA,NA,NA,NA,NA,NA,NA,NA,NA,NA,NA,NA,NA,NA,NA,NA,NA,NA,NA,NA,NA,NA,NA,NA,NA,NA,NA,NA,NA,NA,NA,NA,NA,NA,NA,NA,NA,NA,NA,NA,NA,NA,NA,NA,NA,NA,NA,NA,NA,NA,NA,NA,NA,NA,NA,NA,NA,NA,NA,NA,NA,NA,NA,NA,NA,NA,NA,NA,NA,NA,FALSE,"","NAs in DO.obs; NAs in DO.sat; NAs in depth; NAs in temp.water; NAs in light; NAs in discharge"
"961",2022-02-26,NA,NA,NA,NA,NA,NA,NA,NA,NA,NA,NA,NA,NA,NA,NA,NA,NA,NA,NA,NA,NA,NA,NA,NA,NA,NA,NA,NA,NA,NA,NA,NA,NA,NA,NA,NA,NA,NA,NA,NA,NA,NA,NA,NA,NA,NA,NA,NA,NA,NA,NA,NA,NA,NA,NA,NA,NA,NA,NA,NA,NA,NA,NA,NA,NA,NA,NA,NA,NA,NA,FALSE,"","NAs in DO.obs; NAs in DO.sat; NAs in depth; NAs in temp.water; NAs in light; NAs in discharge"
"962",2022-02-27,NA,NA,NA,NA,NA,NA,NA,NA,NA,NA,NA,NA,NA,NA,NA,NA,NA,NA,NA,NA,NA,NA,NA,NA,NA,NA,NA,NA,NA,NA,NA,NA,NA,NA,NA,NA,NA,NA,NA,NA,NA,NA,NA,NA,NA,NA,NA,NA,NA,NA,NA,NA,NA,NA,NA,NA,NA,NA,NA,NA,NA,NA,NA,NA,NA,NA,NA,NA,NA,NA,FALSE,"","NAs in DO.obs; NAs in DO.sat; NAs in depth; NAs in temp.water; NAs in light; NAs in discharge"
"963",2022-02-28,NA,NA,NA,NA,NA,NA,NA,NA,NA,NA,NA,NA,NA,NA,NA,NA,NA,NA,NA,NA,NA,NA,NA,NA,NA,NA,NA,NA,NA,NA,NA,NA,NA,NA,NA,NA,NA,NA,NA,NA,NA,NA,NA,NA,NA,NA,NA,NA,NA,NA,NA,NA,NA,NA,NA,NA,NA,NA,NA,NA,NA,NA,NA,NA,NA,NA,NA,NA,NA,NA,FALSE,"","NAs in DO.obs; NAs in DO.sat; NAs in depth; NAs in temp.water; NAs in light; NAs in discharge"
"964",2022-03-01,NA,NA,NA,NA,NA,NA,NA,NA,NA,NA,NA,NA,NA,NA,NA,NA,NA,NA,NA,NA,NA,NA,NA,NA,NA,NA,NA,NA,NA,NA,NA,NA,NA,NA,NA,NA,NA,NA,NA,NA,NA,NA,NA,NA,NA,NA,NA,NA,NA,NA,NA,NA,NA,NA,NA,NA,NA,NA,NA,NA,NA,NA,NA,NA,NA,NA,NA,NA,NA,NA,FALSE,"","NAs in DO.obs; NAs in DO.sat; NAs in depth; NAs in temp.water; NAs in light; NAs in discharge"
"965",2022-03-02,NA,NA,NA,NA,NA,NA,NA,NA,NA,NA,NA,NA,NA,NA,NA,NA,NA,NA,NA,NA,NA,NA,NA,NA,NA,NA,NA,NA,NA,NA,NA,NA,NA,NA,NA,NA,NA,NA,NA,NA,NA,NA,NA,NA,NA,NA,NA,NA,NA,NA,NA,NA,NA,NA,NA,NA,NA,NA,NA,NA,NA,NA,NA,NA,NA,NA,NA,NA,NA,NA,FALSE,"","NAs in DO.obs; NAs in DO.sat; NAs in depth; NAs in temp.water; NAs in light; NAs in discharge"
"966",2022-03-03,NA,NA,NA,NA,NA,NA,NA,NA,NA,NA,NA,NA,NA,NA,NA,NA,NA,NA,NA,NA,NA,NA,NA,NA,NA,NA,NA,NA,NA,NA,NA,NA,NA,NA,NA,NA,NA,NA,NA,NA,NA,NA,NA,NA,NA,NA,NA,NA,NA,NA,NA,NA,NA,NA,NA,NA,NA,NA,NA,NA,NA,NA,NA,NA,NA,NA,NA,NA,NA,NA,FALSE,"","NAs in DO.obs; NAs in DO.sat; NAs in depth; NAs in temp.water; NAs in light; NAs in discharge"
"967",2022-03-04,NA,NA,NA,NA,NA,NA,NA,NA,NA,NA,NA,NA,NA,NA,NA,NA,NA,NA,NA,NA,NA,NA,NA,NA,NA,NA,NA,NA,NA,NA,NA,NA,NA,NA,NA,NA,NA,NA,NA,NA,NA,NA,NA,NA,NA,NA,NA,NA,NA,NA,NA,NA,NA,NA,NA,NA,NA,NA,NA,NA,NA,NA,NA,NA,NA,NA,NA,NA,NA,NA,FALSE,"","NAs in DO.obs; NAs in DO.sat; NAs in depth; NAs in temp.water; NAs in light; NAs in discharge"
"968",2022-03-05,NA,NA,NA,NA,NA,NA,NA,NA,NA,NA,NA,NA,NA,NA,NA,NA,NA,NA,NA,NA,NA,NA,NA,NA,NA,NA,NA,NA,NA,NA,NA,NA,NA,NA,NA,NA,NA,NA,NA,NA,NA,NA,NA,NA,NA,NA,NA,NA,NA,NA,NA,NA,NA,NA,NA,NA,NA,NA,NA,NA,NA,NA,NA,NA,NA,NA,NA,NA,NA,NA,FALSE,"","NAs in DO.obs; NAs in DO.sat; NAs in depth; NAs in temp.water; NAs in light; NAs in discharge"
"969",2022-03-06,NA,NA,NA,NA,NA,NA,NA,NA,NA,NA,NA,NA,NA,NA,NA,NA,NA,NA,NA,NA,NA,NA,NA,NA,NA,NA,NA,NA,NA,NA,NA,NA,NA,NA,NA,NA,NA,NA,NA,NA,NA,NA,NA,NA,NA,NA,NA,NA,NA,NA,NA,NA,NA,NA,NA,NA,NA,NA,NA,NA,NA,NA,NA,NA,NA,NA,NA,NA,NA,NA,FALSE,"","NAs in DO.obs; NAs in DO.sat; NAs in depth; NAs in temp.water; NAs in light; NAs in discharge"
"970",2022-03-07,NA,NA,NA,NA,NA,NA,NA,NA,NA,NA,NA,NA,NA,NA,NA,NA,NA,NA,NA,NA,NA,NA,NA,NA,NA,NA,NA,NA,NA,NA,NA,NA,NA,NA,NA,NA,NA,NA,NA,NA,NA,NA,NA,NA,NA,NA,NA,NA,NA,NA,NA,NA,NA,NA,NA,NA,NA,NA,NA,NA,NA,NA,NA,NA,NA,NA,NA,NA,NA,NA,FALSE,"","NAs in DO.obs; NAs in DO.sat; NAs in depth; NAs in temp.water; NAs in light; NAs in discharge"
"971",2022-03-08,NA,NA,NA,NA,NA,NA,NA,NA,NA,NA,NA,NA,NA,NA,NA,NA,NA,NA,NA,NA,NA,NA,NA,NA,NA,NA,NA,NA,NA,NA,NA,NA,NA,NA,NA,NA,NA,NA,NA,NA,NA,NA,NA,NA,NA,NA,NA,NA,NA,NA,NA,NA,NA,NA,NA,NA,NA,NA,NA,NA,NA,NA,NA,NA,NA,NA,NA,NA,NA,NA,FALSE,"","NAs in DO.obs; NAs in DO.sat; NAs in depth; NAs in temp.water; NAs in light; NAs in discharge"
"972",2022-03-09,NA,NA,NA,NA,NA,NA,NA,NA,NA,NA,NA,NA,NA,NA,NA,NA,NA,NA,NA,NA,NA,NA,NA,NA,NA,NA,NA,NA,NA,NA,NA,NA,NA,NA,NA,NA,NA,NA,NA,NA,NA,NA,NA,NA,NA,NA,NA,NA,NA,NA,NA,NA,NA,NA,NA,NA,NA,NA,NA,NA,NA,NA,NA,NA,NA,NA,NA,NA,NA,NA,FALSE,"","NAs in DO.obs; NAs in DO.sat; NAs in depth; NAs in temp.water; NAs in light; NAs in discharge"
"973",2022-03-10,NA,NA,NA,NA,NA,NA,NA,NA,NA,NA,NA,NA,NA,NA,NA,NA,NA,NA,NA,NA,NA,NA,NA,NA,NA,NA,NA,NA,NA,NA,NA,NA,NA,NA,NA,NA,NA,NA,NA,NA,NA,NA,NA,NA,NA,NA,NA,NA,NA,NA,NA,NA,NA,NA,NA,NA,NA,NA,NA,NA,NA,NA,NA,NA,NA,NA,NA,NA,NA,NA,FALSE,"","NAs in DO.obs; NAs in DO.sat; NAs in depth; NAs in temp.water; NAs in light; NAs in discharge"
"974",2022-03-11,NA,NA,NA,NA,NA,NA,NA,NA,NA,NA,NA,NA,NA,NA,NA,NA,NA,NA,NA,NA,NA,NA,NA,NA,NA,NA,NA,NA,NA,NA,NA,NA,NA,NA,NA,NA,NA,NA,NA,NA,NA,NA,NA,NA,NA,NA,NA,NA,NA,NA,NA,NA,NA,NA,NA,NA,NA,NA,NA,NA,NA,NA,NA,NA,NA,NA,NA,NA,NA,NA,FALSE,"","NAs in DO.obs; NAs in DO.sat; NAs in depth; NAs in temp.water; NAs in light; NAs in discharge"
"975",2022-03-12,NA,NA,NA,NA,NA,NA,NA,NA,NA,NA,NA,NA,NA,NA,NA,NA,NA,NA,NA,NA,NA,NA,NA,NA,NA,NA,NA,NA,NA,NA,NA,NA,NA,NA,NA,NA,NA,NA,NA,NA,NA,NA,NA,NA,NA,NA,NA,NA,NA,NA,NA,NA,NA,NA,NA,NA,NA,NA,NA,NA,NA,NA,NA,NA,NA,NA,NA,NA,NA,NA,FALSE,"","NAs in DO.obs; NAs in DO.sat; NAs in depth; NAs in temp.water; NAs in light; NAs in discharge"
"976",2022-03-13,NA,NA,NA,NA,NA,NA,NA,NA,NA,NA,NA,NA,NA,NA,NA,NA,NA,NA,NA,NA,NA,NA,NA,NA,NA,NA,NA,NA,NA,NA,NA,NA,NA,NA,NA,NA,NA,NA,NA,NA,NA,NA,NA,NA,NA,NA,NA,NA,NA,NA,NA,NA,NA,NA,NA,NA,NA,NA,NA,NA,NA,NA,NA,NA,NA,NA,NA,NA,NA,NA,FALSE,"","NAs in DO.obs; NAs in DO.sat; NAs in depth; NAs in temp.water; NAs in light; NAs in discharge"
"977",2022-03-14,NA,NA,NA,NA,NA,NA,NA,NA,NA,NA,NA,NA,NA,NA,NA,NA,NA,NA,NA,NA,NA,NA,NA,NA,NA,NA,NA,NA,NA,NA,NA,NA,NA,NA,NA,NA,NA,NA,NA,NA,NA,NA,NA,NA,NA,NA,NA,NA,NA,NA,NA,NA,NA,NA,NA,NA,NA,NA,NA,NA,NA,NA,NA,NA,NA,NA,NA,NA,NA,NA,FALSE,"","NAs in DO.obs; NAs in DO.sat; NAs in depth; NAs in temp.water; NAs in light; NAs in discharge"
"978",2022-03-15,NA,NA,NA,NA,NA,NA,NA,NA,NA,NA,NA,NA,NA,NA,NA,NA,NA,NA,NA,NA,NA,NA,NA,NA,NA,NA,NA,NA,NA,NA,NA,NA,NA,NA,NA,NA,NA,NA,NA,NA,NA,NA,NA,NA,NA,NA,NA,NA,NA,NA,NA,NA,NA,NA,NA,NA,NA,NA,NA,NA,NA,NA,NA,NA,NA,NA,NA,NA,NA,NA,FALSE,"","NAs in DO.obs; NAs in DO.sat; NAs in depth; NAs in temp.water; NAs in light; NAs in discharge"
"979",2022-03-16,NA,NA,NA,NA,NA,NA,NA,NA,NA,NA,NA,NA,NA,NA,NA,NA,NA,NA,NA,NA,NA,NA,NA,NA,NA,NA,NA,NA,NA,NA,NA,NA,NA,NA,NA,NA,NA,NA,NA,NA,NA,NA,NA,NA,NA,NA,NA,NA,NA,NA,NA,NA,NA,NA,NA,NA,NA,NA,NA,NA,NA,NA,NA,NA,NA,NA,NA,NA,NA,NA,FALSE,"","NAs in DO.obs; NAs in DO.sat; NAs in depth; NAs in temp.water; NAs in light; NAs in discharge"
"980",2022-03-17,NA,NA,NA,NA,NA,NA,NA,NA,NA,NA,NA,NA,NA,NA,NA,NA,NA,NA,NA,NA,NA,NA,NA,NA,NA,NA,NA,NA,NA,NA,NA,NA,NA,NA,NA,NA,NA,NA,NA,NA,NA,NA,NA,NA,NA,NA,NA,NA,NA,NA,NA,NA,NA,NA,NA,NA,NA,NA,NA,NA,NA,NA,NA,NA,NA,NA,NA,NA,NA,NA,FALSE,"","NAs in DO.obs; NAs in DO.sat; NAs in depth; NAs in temp.water; NAs in light; NAs in discharge"
"981",2022-03-18,NA,NA,NA,NA,NA,NA,NA,NA,NA,NA,NA,NA,NA,NA,NA,NA,NA,NA,NA,NA,NA,NA,NA,NA,NA,NA,NA,NA,NA,NA,NA,NA,NA,NA,NA,NA,NA,NA,NA,NA,NA,NA,NA,NA,NA,NA,NA,NA,NA,NA,NA,NA,NA,NA,NA,NA,NA,NA,NA,NA,NA,NA,NA,NA,NA,NA,NA,NA,NA,NA,FALSE,"","NAs in DO.obs; NAs in DO.sat; NAs in depth; NAs in temp.water; NAs in light; NAs in discharge"
"982",2022-03-19,NA,NA,NA,NA,NA,NA,NA,NA,NA,NA,NA,NA,NA,NA,NA,NA,NA,NA,NA,NA,NA,NA,NA,NA,NA,NA,NA,NA,NA,NA,NA,NA,NA,NA,NA,NA,NA,NA,NA,NA,NA,NA,NA,NA,NA,NA,NA,NA,NA,NA,NA,NA,NA,NA,NA,NA,NA,NA,NA,NA,NA,NA,NA,NA,NA,NA,NA,NA,NA,NA,FALSE,"","NAs in DO.obs; NAs in DO.sat; NAs in depth; NAs in temp.water; NAs in light; NAs in discharge"
"983",2022-03-20,NA,NA,NA,NA,NA,NA,NA,NA,NA,NA,NA,NA,NA,NA,NA,NA,NA,NA,NA,NA,NA,NA,NA,NA,NA,NA,NA,NA,NA,NA,NA,NA,NA,NA,NA,NA,NA,NA,NA,NA,NA,NA,NA,NA,NA,NA,NA,NA,NA,NA,NA,NA,NA,NA,NA,NA,NA,NA,NA,NA,NA,NA,NA,NA,NA,NA,NA,NA,NA,NA,FALSE,"","NAs in DO.obs; NAs in DO.sat; NAs in depth; NAs in temp.water; NAs in light; NAs in discharge"
"984",2022-03-21,NA,NA,NA,NA,NA,NA,NA,NA,NA,NA,NA,NA,NA,NA,NA,NA,NA,NA,NA,NA,NA,NA,NA,NA,NA,NA,NA,NA,NA,NA,NA,NA,NA,NA,NA,NA,NA,NA,NA,NA,NA,NA,NA,NA,NA,NA,NA,NA,NA,NA,NA,NA,NA,NA,NA,NA,NA,NA,NA,NA,NA,NA,NA,NA,NA,NA,NA,NA,NA,NA,FALSE,"","NAs in DO.obs; NAs in DO.sat; NAs in depth; NAs in temp.water; NAs in light; NAs in discharge"
"985",2022-03-22,NA,NA,NA,NA,NA,NA,NA,NA,NA,NA,NA,NA,NA,NA,NA,NA,NA,NA,NA,NA,NA,NA,NA,NA,NA,NA,NA,NA,NA,NA,NA,NA,NA,NA,NA,NA,NA,NA,NA,NA,NA,NA,NA,NA,NA,NA,NA,NA,NA,NA,NA,NA,NA,NA,NA,NA,NA,NA,NA,NA,NA,NA,NA,NA,NA,NA,NA,NA,NA,NA,FALSE,"","NAs in DO.obs; NAs in DO.sat; NAs in depth; NAs in temp.water; NAs in light; NAs in discharge"
"986",2022-03-23,NA,NA,NA,NA,NA,NA,NA,NA,NA,NA,NA,NA,NA,NA,NA,NA,NA,NA,NA,NA,NA,NA,NA,NA,NA,NA,NA,NA,NA,NA,NA,NA,NA,NA,NA,NA,NA,NA,NA,NA,NA,NA,NA,NA,NA,NA,NA,NA,NA,NA,NA,NA,NA,NA,NA,NA,NA,NA,NA,NA,NA,NA,NA,NA,NA,NA,NA,NA,NA,NA,FALSE,"","NAs in DO.obs; NAs in DO.sat; NAs in depth; NAs in temp.water; NAs in light; NAs in discharge"
"987",2022-03-24,NA,NA,NA,NA,NA,NA,NA,NA,NA,NA,NA,NA,NA,NA,NA,NA,NA,NA,NA,NA,NA,NA,NA,NA,NA,NA,NA,NA,NA,NA,NA,NA,NA,NA,NA,NA,NA,NA,NA,NA,NA,NA,NA,NA,NA,NA,NA,NA,NA,NA,NA,NA,NA,NA,NA,NA,NA,NA,NA,NA,NA,NA,NA,NA,NA,NA,NA,NA,NA,NA,FALSE,"","NAs in DO.obs; NAs in DO.sat; NAs in depth; NAs in temp.water; NAs in light; NAs in discharge"
"988",2022-03-25,-0.019082867420692,0.00356394109158783,0.0665275369447697,-0.152280716587647,-0.0629398275713317,-0.0190383398362504,0.0245739130657664,0.112699341956889,348.451112718618,1.01174843032165,-7.79729974902425,0.145945682288656,1.9289426380856,-11.6338674931238,-9.12148308462063,-7.80852821148594,-6.45331486906477,-4.11443361278009,174.68520490653,1.01883401104273,0.977177078721192,0.00337195294414777,0.00981779703667709,0.951242749905,0.972557064303849,0.979402618111354,0.98364011543172,0.991434766819832,8.47744710356711,1.75735360722922,-0.0190828674206538,0.0035639410915807,0.0665275369446366,-0.152280716587343,-0.0629398275712058,-0.0190383398362123,0.0245739130657173,0.112699341956663,348.451112718618,1.01174843032165,-7.79729974902425,0.145945682288656,1.9289426380856,-11.6338674931238,-9.12148308462064,-7.80852821148593,-6.45331486906478,-4.1144336127801,174.68520490653,1.01883401104273,7.63769838310701,0.143440392658414,1.89149482753947,4.02460829559752,6.32472875485862,7.65405460517569,8.93061863655404,11.4150956342745,173.887108253439,1.01950888508402,1.80551740880359,0.00241532541316399,0.0401164023803886,1.72469255398036,1.77828639916422,1.80581685893815,1.83388744211518,1.88004078187384,275.8624924586,1.00749463662812,TRUE,"",""
"989",2022-03-26,-0.259570096880429,0.00456310244561536,0.0765858206795434,-0.406708587993853,-0.314794908642505,-0.258709328825757,-0.20626504949414,-0.114327941712428,281.693160678699,1.02130107960526,-2.93798404656627,0.0593374564052781,0.877826751736867,-4.59771506315963,-3.55909352686132,-2.94398593960798,-2.31292909710407,-1.284648693392,218.856662628894,1.01613198842432,0.999996755929294,4.71050399815844e-07,1.38797821483352e-06,0.999993143908011,0.999996048195956,0.9999970796302,0.999997667814778,0.999998769588165,8.68221519245893,1.72351919285407,-0.25957009687991,0.00456310244560624,0.0765858206793903,-0.406708587993039,-0.314794908641875,-0.25870932882524,-0.206265049493728,-0.114327941712199,281.693160678699,1.02130107960526,-2.93798404656627,0.059337456405278,0.877826751736866,-4.59771506315963,-3.55909352686133,-2.94398593960797,-2.31292909710407,-1.284648693392,218.856662628895,1.01613198842432,3.45296219020709,0.064714151259717,0.939266882600469,1.67659403053717,2.79547624583597,3.43921339657848,4.11671238432227,5.23964568688406,210.6587488442,1.01747523165525,1.80551740880359,0.00241532541316399,0.0401164023803886,1.72469255398036,1.77828639916422,1.80581685893815,1.83388744211518,1.88004078187384,275.8624924586,1.00749463662812,TRUE,"",""
"990",2022-03-27,0.261796393308215,0.00301740397301116,0.0661843618539261,0.135850287611474,0.216918145597284,0.260209005546705,0.305721471203383,0.393116071158718,481.10941501695,1.00483845760664,-1.1876003289035,0.0407693788106785,0.590004261531457,-2.59377849752942,-1.54202521399781,-1.07846689680745,-0.726814818695529,-0.376541555104822,209.431550709143,1.02762437686004,0.99999367741614,9.68777767893071e-07,2.85132046011445e-06,0.999985582797805,0.999992475189956,0.999994313854148,0.999995519483947,0.999997656799334,8.66250968737454,1.70898323065738,0.261796393307691,0.00301740397300513,0.0661843618537937,0.135850287611202,0.21691814559685,0.260209005546185,0.305721471202771,0.393116071157932,481.10941501695,1.00483845760664,-1.1876003289035,0.0407693788106785,0.590004261531457,-2.59377849752942,-1.54202521399781,-1.07846689680745,-0.726814818695529,-0.376541555104822,209.431550709143,1.02762437686004,0.951892757230346,0.0467546287674244,0.682984289463225,0.0501834347425231,0.40647459888637,0.822601805005371,1.37215781415442,2.59182505960988,213.389085176883,1.02720155785698,1.80551740880359,0.00241532541316399,0.0401164023803886,1.72469255398036,1.77828639916422,1.80581685893815,1.83388744211518,1.88004078187384,275.8624924586,1.00749463662812,TRUE,"",""
"991",2022-03-28,-0.00776686475383215,0.00357276346416018,0.0678614802887219,-0.142163246204405,-0.0531450781589755,-0.00807310306970636,0.0372061061762648,0.125363371731409,360.776406575452,1.00337961391013,-8.24122274120993,0.157595593467528,1.9970798448136,-12.2526541985271,-9.54046092704374,-8.32140523023621,-6.85869295175273,-4.30371532009222,160.584164798174,1.01306916637472,0.99956403435417,6.59772346864099e-05,0.00019291341614642,0.999035212462928,0.999477714220259,0.999608037405275,0.999688258301075,0.999835113130512,8.54941985492041,1.75385029013819,-0.00776686475381662,0.00357276346415304,0.0678614802885862,-0.142163246204121,-0.0531450781588692,-0.00807310306969022,0.0372061061761904,0.125363371731159,360.776406575452,1.00337961391013,-8.24122274120993,0.157595593467528,1.9970798448136,-12.2526541985271,-9.54046092704372,-8.32140523023621,-6.85869295175274,-4.30371532009221,160.584164798174,1.01306916637472,7.79641890675098,0.150720182996962,1.90576869396984,4.07410308729424,6.47004178270272,7.8889512467691,9.0422203133364,11.6379226053351,159.881256075037,1.01294364001394,1.80551740880359,0.00241532541316399,0.0401164023803886,1.72469255398036,1.77828639916422,1.80581685893815,1.83388744211518,1.88004078187384,275.8624924586,1.00749463662812,TRUE,"",""
"992",2022-03-29,-0.0198607239002667,0.00312899519498492,0.0646874542266463,-0.145844727283802,-0.0634184624461412,-0.020157371470127,0.020603623464016,0.112461208154108,427.395875920324,1.00316197547486,-7.95188014089032,0.165112893084743,2.18926895406523,-12.538480528249,-9.35119439237678,-7.87527170157993,-6.46619773354573,-3.73788775519001,175.8070402534,1.01420929434956,0.958850297029449,0.00614388673325859,0.0181344863641509,0.909387357043193,0.950694905558877,0.962841151889,0.970786105194433,0.983878380903327,8.71212538891722,1.75979366073485,-0.019860723900227,0.00312899519497866,0.064687454226517,-0.14584472728351,-0.0634184624460144,-0.0201573714700867,0.0206036234639748,0.112461208153883,427.395875920324,1.00316197547486,-7.95188014089032,0.165112893084743,2.18926895406523,-12.538480528249,-9.3511943923768,-7.87527170157994,-6.46619773354573,-3.73788775519001,175.8070402534,1.01420929434956,7.64019925303104,0.158364122515952,2.09805966726727,3.61551498266089,6.21459651009158,7.59273413054455,8.98828153288849,12.0463453484858,175.518166141886,1.01388020416719,1.80551740880359,0.00241532541316399,0.0401164023803886,1.72469255398036,1.77828639916422,1.80581685893815,1.83388744211518,1.88004078187384,275.8624924586,1.00749463662812,TRUE,"",""
"993",2022-03-30,-0.0443447028642871,0.00302156581193002,0.0620051375216352,-0.166869099765933,-0.0862669585396832,-0.0438886792737258,-0.00282492839785103,0.079075392123228,421.105810787848,1.00404893859826,-7.97660676735552,0.130746729516662,2.09231824470795,-12.2281750991661,-9.37619716013407,-7.94575982543108,-6.43729264491197,-4.21289871613585,256.090704895428,1.00865378309955,0.949503427720768,0.00761142782980434,0.0223374776378338,0.8893128305175,0.939687468582144,0.954463795542264,0.964355561837069,0.981106502138772,8.6126340368587,1.72902689471512,-0.0443447028641984,0.00302156581192397,0.0620051375215112,-0.166869099765599,-0.0862669585395107,-0.043888679273638,-0.00282492839784538,0.0790753921230699,421.105810787848,1.00404893859826,-7.97660676735552,0.130746729516662,2.09231824470795,-12.2281750991661,-9.37619716013407,-7.94575982543107,-6.43729264491196,-4.21289871613586,256.090704895428,1.00865378309955,7.59242555916534,0.124035562427005,1.98544496227518,4.01103297280607,6.13923969587205,7.58462223977437,8.91583256203033,11.6664893143171,256.226040144101,1.00850376160192,1.80551740880359,0.00241532541316399,0.0401164023803886,1.72469255398036,1.77828639916422,1.80581685893815,1.83388744211518,1.88004078187384,275.8624924586,1.00749463662812,TRUE,"",""
"994",2022-03-31,-0.0237029544686272,0.0031351515596756,0.0658079925922695,-0.160888167264087,-0.0674842754260755,-0.0208887925912621,0.0201541859529502,0.101190365078001,440.595650795131,1.01417127609101,-7.92869472144774,0.137596793579168,2.04376396984032,-11.8092565943004,-9.26429841562947,-8.01773258926228,-6.54269104992694,-3.86826192141686,220.619984555144,1.01279860192192,0.944847128036824,0.00827855005971178,0.0240869442055227,0.880793845058161,0.934191061915416,0.950227390963205,0.960407343547886,0.979534712227005,8.46554367701752,1.75464663635787,-0.0237029544685798,0.00313515155966934,0.0658079925921379,-0.160888167263765,-0.0674842754259405,-0.0208887925912203,0.0201541859529099,0.101190365077799,440.59565079513,1.01417127609101,-7.92869472144774,0.137596793579168,2.04376396984032,-11.8092565943004,-9.26429841562945,-8.01773258926229,-6.54269104992693,-3.86826192141686,220.619984555144,1.01279860192192,7.6742312015547,0.132640057220167,1.97668847415554,3.70772137013392,6.36372441651541,7.75973709037239,8.97393993506832,11.4010157634354,222.089005206163,1.01320339479946,1.80551740880359,0.00241532541316399,0.0401164023803886,1.72469255398036,1.77828639916422,1.80581685893815,1.83388744211518,1.88004078187384,275.8624924586,1.00749463662812,TRUE,"",""
"995",2022-04-01,-0.0180640141147688,0.00284254907219764,0.0615973280957138,-0.137699322233488,-0.0591517912857488,-0.0172136309503197,0.0225584565423496,0.105085823543057,469.578070222882,1.0028266782656,-7.9322436702192,0.136252027781531,2.00066372707294,-11.9981092338267,-9.31633134883635,-7.85149482581506,-6.43293954518765,-4.35224721099559,215.606697620481,1.00452998000537,0.893057075803743,0.0161449186933947,0.0474028849227017,0.767631203571835,0.870975943068455,0.903539532895894,0.924750933506557,0.95976695432085,8.62060651911619,1.73803692005569,-0.0180640141147327,0.00284254907219196,0.0615973280955906,-0.137699322233212,-0.0591517912856305,-0.0172136309502853,0.0225584565423045,0.105085823542847,469.578070222882,1.0028266782656,-7.9322436702192,0.136252027781531,2.00066372707294,-11.9981092338267,-9.31633134883634,-7.85149482581506,-6.43293954518765,-4.35224721099559,215.606697620481,1.00452998000537,7.78988786013945,0.133504906506712,1.96578714854332,4.30064171791379,6.30459244513527,7.70625260513589,9.16264888024562,11.7985272058534,216.809610429866,1.00454462211875,1.80551740880359,0.00241532541316399,0.0401164023803886,1.72469255398036,1.77828639916422,1.80581685893815,1.83388744211518,1.88004078187384,275.8624924586,1.00749463662812,TRUE,"",""
"996",2022-04-02,-0.0193893392322917,0.0029880643690532,0.0631079152004575,-0.139128525065467,-0.0646324037636995,-0.0191817722781489,0.0232398341716453,0.104514234201946,446.054339582468,1.00400510533788,-7.68862047925234,0.137827587377723,2.03519411386728,-11.7317797750141,-9.13325045664875,-7.62294441458598,-6.20545537680086,-3.94764801437798,218.041603759696,1.00736746268836,0.947906355359312,0.00795270455131587,0.023311294004891,0.885448581010525,0.93732951216674,0.95352370323994,0.96308938435638,0.981245934879681,8.59217406781118,1.73199374789298,-0.0193893392322529,0.00298806436904722,0.0631079152003313,-0.139128525065189,-0.0646324037635703,-0.0191817722781106,0.0232398341715988,0.104514234201737,446.054339582468,1.00400510533788,-7.68862047925234,0.137827587377723,2.03519411386728,-11.7317797750141,-9.13325045664874,-7.62294441458598,-6.20545537680085,-3.94764801437798,218.041603759696,1.00736746268836,7.40986879243485,0.132645198477837,1.95839923829961,3.81690465824235,5.99475136283383,7.34469581383114,8.80716110497736,11.3160599807346,217.981378790656,1.00726447928927,1.80551740880359,0.00241532541316399,0.0401164023803886,1.72469255398036,1.77828639916422,1.80581685893815,1.83388744211518,1.88004078187384,275.8624924586,1.00749463662812,TRUE,"",""
"997",2022-04-03,-0.0357802054877886,0.00326143438550163,0.0634634869223757,-0.162860591533647,-0.0781841221482895,-0.0357153289839463,0.00663830013674486,0.0882786531934447,378.643555037714,1.01313169087399,-7.86644495634846,0.160347687713926,2.05086530722751,-11.9855544126582,-9.24474370197455,-7.78366791630367,-6.44074382722102,-4.0564106216001,163.587032361959,1.0177089572733,0.963051479738747,0.00561269142483071,0.0164478584105971,0.917518002251052,0.955248287788338,0.966907250958344,0.973687063701618,0.986217656225083,8.58769052087641,1.7438692815629,-0.035780205487717,0.0032614343854951,0.0634634869222488,-0.162860591533322,-0.0781841221481332,-0.0357153289838749,0.00663830013673159,0.0882786531932682,378.643555037714,1.01313169087399,-7.86644495634846,0.160347687713926,2.05086530722751,-11.9855544126581,-9.24474370197455,-7.78366791630368,-6.44074382722102,-4.05641062160011,163.587032361958,1.0177089572733,7.67650595037611,0.156218000627965,1.99885797790832,3.94990513976308,6.27677260757124,7.59682788350512,9.01791402577937,11.6947582908532,163.719996048887,1.01769727125235,1.80551740880359,0.00241532541316399,0.0401164023803886,1.72469255398036,1.77828639916422,1.80581685893815,1.83388744211518,1.88004078187384,275.8624924586,1.00749463662812,TRUE,"",""
"998",2022-04-04,NA,NA,NA,NA,NA,NA,NA,NA,NA,NA,NA,NA,NA,NA,NA,NA,NA,NA,NA,NA,NA,NA,NA,NA,NA,NA,NA,NA,NA,NA,NA,NA,NA,NA,NA,NA,NA,NA,NA,NA,NA,NA,NA,NA,NA,NA,NA,NA,NA,NA,NA,NA,NA,NA,NA,NA,NA,NA,NA,NA,NA,NA,NA,NA,NA,NA,NA,NA,NA,NA,FALSE,"","NAs in DO.obs; NAs in DO.sat; NAs in depth; NAs in temp.water; NAs in light; NAs in discharge"
"999",2022-04-05,NA,NA,NA,NA,NA,NA,NA,NA,NA,NA,NA,NA,NA,NA,NA,NA,NA,NA,NA,NA,NA,NA,NA,NA,NA,NA,NA,NA,NA,NA,NA,NA,NA,NA,NA,NA,NA,NA,NA,NA,NA,NA,NA,NA,NA,NA,NA,NA,NA,NA,NA,NA,NA,NA,NA,NA,NA,NA,NA,NA,NA,NA,NA,NA,NA,NA,NA,NA,NA,NA,FALSE,"","NAs in DO.obs; NAs in DO.sat; NAs in depth; NAs in temp.water; NAs in light; NAs in discharge"
"1000",2022-04-06,NA,NA,NA,NA,NA,NA,NA,NA,NA,NA,NA,NA,NA,NA,NA,NA,NA,NA,NA,NA,NA,NA,NA,NA,NA,NA,NA,NA,NA,NA,NA,NA,NA,NA,NA,NA,NA,NA,NA,NA,NA,NA,NA,NA,NA,NA,NA,NA,NA,NA,NA,NA,NA,NA,NA,NA,NA,NA,NA,NA,NA,NA,NA,NA,NA,NA,NA,NA,NA,NA,FALSE,"","NAs in DO.obs; NAs in DO.sat; NAs in depth; NAs in temp.water; NAs in light; NAs in discharge"
"1001",2022-04-07,NA,NA,NA,NA,NA,NA,NA,NA,NA,NA,NA,NA,NA,NA,NA,NA,NA,NA,NA,NA,NA,NA,NA,NA,NA,NA,NA,NA,NA,NA,NA,NA,NA,NA,NA,NA,NA,NA,NA,NA,NA,NA,NA,NA,NA,NA,NA,NA,NA,NA,NA,NA,NA,NA,NA,NA,NA,NA,NA,NA,NA,NA,NA,NA,NA,NA,NA,NA,NA,NA,FALSE,"","NAs in DO.obs; NAs in DO.sat; NAs in depth; NAs in temp.water; NAs in light; NAs in discharge"
"1002",2022-04-08,NA,NA,NA,NA,NA,NA,NA,NA,NA,NA,NA,NA,NA,NA,NA,NA,NA,NA,NA,NA,NA,NA,NA,NA,NA,NA,NA,NA,NA,NA,NA,NA,NA,NA,NA,NA,NA,NA,NA,NA,NA,NA,NA,NA,NA,NA,NA,NA,NA,NA,NA,NA,NA,NA,NA,NA,NA,NA,NA,NA,NA,NA,NA,NA,NA,NA,NA,NA,NA,NA,FALSE,"","NAs in DO.obs; NAs in DO.sat; NAs in depth; NAs in temp.water; NAs in light; NAs in discharge"
"1003",2022-04-09,NA,NA,NA,NA,NA,NA,NA,NA,NA,NA,NA,NA,NA,NA,NA,NA,NA,NA,NA,NA,NA,NA,NA,NA,NA,NA,NA,NA,NA,NA,NA,NA,NA,NA,NA,NA,NA,NA,NA,NA,NA,NA,NA,NA,NA,NA,NA,NA,NA,NA,NA,NA,NA,NA,NA,NA,NA,NA,NA,NA,NA,NA,NA,NA,NA,NA,NA,NA,NA,NA,FALSE,"","NAs in DO.obs; NAs in DO.sat; NAs in depth; NAs in temp.water; NAs in light; NAs in discharge"
"1004",2022-04-10,NA,NA,NA,NA,NA,NA,NA,NA,NA,NA,NA,NA,NA,NA,NA,NA,NA,NA,NA,NA,NA,NA,NA,NA,NA,NA,NA,NA,NA,NA,NA,NA,NA,NA,NA,NA,NA,NA,NA,NA,NA,NA,NA,NA,NA,NA,NA,NA,NA,NA,NA,NA,NA,NA,NA,NA,NA,NA,NA,NA,NA,NA,NA,NA,NA,NA,NA,NA,NA,NA,FALSE,"","NAs in DO.obs; NAs in DO.sat; NAs in depth; NAs in temp.water; NAs in light; NAs in discharge"
"1005",2022-04-11,NA,NA,NA,NA,NA,NA,NA,NA,NA,NA,NA,NA,NA,NA,NA,NA,NA,NA,NA,NA,NA,NA,NA,NA,NA,NA,NA,NA,NA,NA,NA,NA,NA,NA,NA,NA,NA,NA,NA,NA,NA,NA,NA,NA,NA,NA,NA,NA,NA,NA,NA,NA,NA,NA,NA,NA,NA,NA,NA,NA,NA,NA,NA,NA,NA,NA,NA,NA,NA,NA,FALSE,"","NAs in DO.obs; NAs in DO.sat; NAs in depth; NAs in temp.water; NAs in light; NAs in discharge"
"1006",2022-04-12,NA,NA,NA,NA,NA,NA,NA,NA,NA,NA,NA,NA,NA,NA,NA,NA,NA,NA,NA,NA,NA,NA,NA,NA,NA,NA,NA,NA,NA,NA,NA,NA,NA,NA,NA,NA,NA,NA,NA,NA,NA,NA,NA,NA,NA,NA,NA,NA,NA,NA,NA,NA,NA,NA,NA,NA,NA,NA,NA,NA,NA,NA,NA,NA,NA,NA,NA,NA,NA,NA,FALSE,"","NAs in DO.obs; NAs in DO.sat; NAs in depth; NAs in temp.water; NAs in light; NAs in discharge"
"1007",2022-04-13,NA,NA,NA,NA,NA,NA,NA,NA,NA,NA,NA,NA,NA,NA,NA,NA,NA,NA,NA,NA,NA,NA,NA,NA,NA,NA,NA,NA,NA,NA,NA,NA,NA,NA,NA,NA,NA,NA,NA,NA,NA,NA,NA,NA,NA,NA,NA,NA,NA,NA,NA,NA,NA,NA,NA,NA,NA,NA,NA,NA,NA,NA,NA,NA,NA,NA,NA,NA,NA,NA,FALSE,"","NAs in DO.obs; NAs in DO.sat; NAs in depth; NAs in temp.water; NAs in light; NAs in discharge"
"1008",2022-04-14,NA,NA,NA,NA,NA,NA,NA,NA,NA,NA,NA,NA,NA,NA,NA,NA,NA,NA,NA,NA,NA,NA,NA,NA,NA,NA,NA,NA,NA,NA,NA,NA,NA,NA,NA,NA,NA,NA,NA,NA,NA,NA,NA,NA,NA,NA,NA,NA,NA,NA,NA,NA,NA,NA,NA,NA,NA,NA,NA,NA,NA,NA,NA,NA,NA,NA,NA,NA,NA,NA,FALSE,"","NAs in DO.obs; NAs in DO.sat; NAs in depth; NAs in temp.water; NAs in light; NAs in discharge"
"1009",2022-04-15,NA,NA,NA,NA,NA,NA,NA,NA,NA,NA,NA,NA,NA,NA,NA,NA,NA,NA,NA,NA,NA,NA,NA,NA,NA,NA,NA,NA,NA,NA,NA,NA,NA,NA,NA,NA,NA,NA,NA,NA,NA,NA,NA,NA,NA,NA,NA,NA,NA,NA,NA,NA,NA,NA,NA,NA,NA,NA,NA,NA,NA,NA,NA,NA,NA,NA,NA,NA,NA,NA,FALSE,"","NAs in DO.obs; NAs in DO.sat; NAs in depth; NAs in temp.water; NAs in light; NAs in discharge"
"1010",2022-04-16,NA,NA,NA,NA,NA,NA,NA,NA,NA,NA,NA,NA,NA,NA,NA,NA,NA,NA,NA,NA,NA,NA,NA,NA,NA,NA,NA,NA,NA,NA,NA,NA,NA,NA,NA,NA,NA,NA,NA,NA,NA,NA,NA,NA,NA,NA,NA,NA,NA,NA,NA,NA,NA,NA,NA,NA,NA,NA,NA,NA,NA,NA,NA,NA,NA,NA,NA,NA,NA,NA,FALSE,"","NAs in DO.obs; NAs in DO.sat; NAs in depth; NAs in temp.water; NAs in light; NAs in discharge"
"1011",2022-04-17,NA,NA,NA,NA,NA,NA,NA,NA,NA,NA,NA,NA,NA,NA,NA,NA,NA,NA,NA,NA,NA,NA,NA,NA,NA,NA,NA,NA,NA,NA,NA,NA,NA,NA,NA,NA,NA,NA,NA,NA,NA,NA,NA,NA,NA,NA,NA,NA,NA,NA,NA,NA,NA,NA,NA,NA,NA,NA,NA,NA,NA,NA,NA,NA,NA,NA,NA,NA,NA,NA,FALSE,"","NAs in DO.obs; NAs in DO.sat; NAs in depth; NAs in temp.water; NAs in light; NAs in discharge"
"1012",2022-04-18,NA,NA,NA,NA,NA,NA,NA,NA,NA,NA,NA,NA,NA,NA,NA,NA,NA,NA,NA,NA,NA,NA,NA,NA,NA,NA,NA,NA,NA,NA,NA,NA,NA,NA,NA,NA,NA,NA,NA,NA,NA,NA,NA,NA,NA,NA,NA,NA,NA,NA,NA,NA,NA,NA,NA,NA,NA,NA,NA,NA,NA,NA,NA,NA,NA,NA,NA,NA,NA,NA,FALSE,"","NAs in DO.obs; NAs in DO.sat; NAs in depth; NAs in temp.water; NAs in light; NAs in discharge"
"1013",2022-04-19,NA,NA,NA,NA,NA,NA,NA,NA,NA,NA,NA,NA,NA,NA,NA,NA,NA,NA,NA,NA,NA,NA,NA,NA,NA,NA,NA,NA,NA,NA,NA,NA,NA,NA,NA,NA,NA,NA,NA,NA,NA,NA,NA,NA,NA,NA,NA,NA,NA,NA,NA,NA,NA,NA,NA,NA,NA,NA,NA,NA,NA,NA,NA,NA,NA,NA,NA,NA,NA,NA,FALSE,"","NAs in DO.obs; NAs in DO.sat; NAs in depth; NAs in temp.water; NAs in light; NAs in discharge"
"1014",2022-04-20,NA,NA,NA,NA,NA,NA,NA,NA,NA,NA,NA,NA,NA,NA,NA,NA,NA,NA,NA,NA,NA,NA,NA,NA,NA,NA,NA,NA,NA,NA,NA,NA,NA,NA,NA,NA,NA,NA,NA,NA,NA,NA,NA,NA,NA,NA,NA,NA,NA,NA,NA,NA,NA,NA,NA,NA,NA,NA,NA,NA,NA,NA,NA,NA,NA,NA,NA,NA,NA,NA,FALSE,"","NAs in DO.obs; NAs in DO.sat; NAs in depth; NAs in temp.water; NAs in light; NAs in discharge"
"1015",2022-04-21,NA,NA,NA,NA,NA,NA,NA,NA,NA,NA,NA,NA,NA,NA,NA,NA,NA,NA,NA,NA,NA,NA,NA,NA,NA,NA,NA,NA,NA,NA,NA,NA,NA,NA,NA,NA,NA,NA,NA,NA,NA,NA,NA,NA,NA,NA,NA,NA,NA,NA,NA,NA,NA,NA,NA,NA,NA,NA,NA,NA,NA,NA,NA,NA,NA,NA,NA,NA,NA,NA,FALSE,"","NAs in DO.obs; NAs in DO.sat; NAs in depth; NAs in temp.water; NAs in light; NAs in discharge"
"1016",2022-04-22,NA,NA,NA,NA,NA,NA,NA,NA,NA,NA,NA,NA,NA,NA,NA,NA,NA,NA,NA,NA,NA,NA,NA,NA,NA,NA,NA,NA,NA,NA,NA,NA,NA,NA,NA,NA,NA,NA,NA,NA,NA,NA,NA,NA,NA,NA,NA,NA,NA,NA,NA,NA,NA,NA,NA,NA,NA,NA,NA,NA,NA,NA,NA,NA,NA,NA,NA,NA,NA,NA,FALSE,"","NAs in DO.obs; NAs in DO.sat; NAs in depth; NAs in temp.water; NAs in light; NAs in discharge"
"1017",2022-04-23,NA,NA,NA,NA,NA,NA,NA,NA,NA,NA,NA,NA,NA,NA,NA,NA,NA,NA,NA,NA,NA,NA,NA,NA,NA,NA,NA,NA,NA,NA,NA,NA,NA,NA,NA,NA,NA,NA,NA,NA,NA,NA,NA,NA,NA,NA,NA,NA,NA,NA,NA,NA,NA,NA,NA,NA,NA,NA,NA,NA,NA,NA,NA,NA,NA,NA,NA,NA,NA,NA,FALSE,"","NAs in DO.obs; NAs in DO.sat; NAs in depth; NAs in temp.water; NAs in light; NAs in discharge"
"1018",2022-04-24,NA,NA,NA,NA,NA,NA,NA,NA,NA,NA,NA,NA,NA,NA,NA,NA,NA,NA,NA,NA,NA,NA,NA,NA,NA,NA,NA,NA,NA,NA,NA,NA,NA,NA,NA,NA,NA,NA,NA,NA,NA,NA,NA,NA,NA,NA,NA,NA,NA,NA,NA,NA,NA,NA,NA,NA,NA,NA,NA,NA,NA,NA,NA,NA,NA,NA,NA,NA,NA,NA,FALSE,"","NAs in DO.obs; NAs in DO.sat; NAs in depth; NAs in temp.water; NAs in light; NAs in discharge"
"1019",2022-04-25,NA,NA,NA,NA,NA,NA,NA,NA,NA,NA,NA,NA,NA,NA,NA,NA,NA,NA,NA,NA,NA,NA,NA,NA,NA,NA,NA,NA,NA,NA,NA,NA,NA,NA,NA,NA,NA,NA,NA,NA,NA,NA,NA,NA,NA,NA,NA,NA,NA,NA,NA,NA,NA,NA,NA,NA,NA,NA,NA,NA,NA,NA,NA,NA,NA,NA,NA,NA,NA,NA,FALSE,"","NAs in DO.obs; NAs in DO.sat; NAs in depth; NAs in temp.water; NAs in light; NAs in discharge"
"1020",2022-04-26,NA,NA,NA,NA,NA,NA,NA,NA,NA,NA,NA,NA,NA,NA,NA,NA,NA,NA,NA,NA,NA,NA,NA,NA,NA,NA,NA,NA,NA,NA,NA,NA,NA,NA,NA,NA,NA,NA,NA,NA,NA,NA,NA,NA,NA,NA,NA,NA,NA,NA,NA,NA,NA,NA,NA,NA,NA,NA,NA,NA,NA,NA,NA,NA,NA,NA,NA,NA,NA,NA,FALSE,"","NAs in DO.obs; NAs in DO.sat; NAs in depth; NAs in temp.water; NAs in light; NAs in discharge"
"1021",2022-04-27,NA,NA,NA,NA,NA,NA,NA,NA,NA,NA,NA,NA,NA,NA,NA,NA,NA,NA,NA,NA,NA,NA,NA,NA,NA,NA,NA,NA,NA,NA,NA,NA,NA,NA,NA,NA,NA,NA,NA,NA,NA,NA,NA,NA,NA,NA,NA,NA,NA,NA,NA,NA,NA,NA,NA,NA,NA,NA,NA,NA,NA,NA,NA,NA,NA,NA,NA,NA,NA,NA,FALSE,"","NAs in DO.obs; NAs in DO.sat; NAs in depth; NAs in temp.water; NAs in light; NAs in discharge"
"1022",2022-04-28,NA,NA,NA,NA,NA,NA,NA,NA,NA,NA,NA,NA,NA,NA,NA,NA,NA,NA,NA,NA,NA,NA,NA,NA,NA,NA,NA,NA,NA,NA,NA,NA,NA,NA,NA,NA,NA,NA,NA,NA,NA,NA,NA,NA,NA,NA,NA,NA,NA,NA,NA,NA,NA,NA,NA,NA,NA,NA,NA,NA,NA,NA,NA,NA,NA,NA,NA,NA,NA,NA,FALSE,"","NAs in DO.obs; NAs in DO.sat; NAs in depth; NAs in temp.water; NAs in light; NAs in discharge"
"1023",2022-04-29,NA,NA,NA,NA,NA,NA,NA,NA,NA,NA,NA,NA,NA,NA,NA,NA,NA,NA,NA,NA,NA,NA,NA,NA,NA,NA,NA,NA,NA,NA,NA,NA,NA,NA,NA,NA,NA,NA,NA,NA,NA,NA,NA,NA,NA,NA,NA,NA,NA,NA,NA,NA,NA,NA,NA,NA,NA,NA,NA,NA,NA,NA,NA,NA,NA,NA,NA,NA,NA,NA,FALSE,"","NAs in DO.obs; NAs in DO.sat; NAs in depth; NAs in temp.water; NAs in light; NAs in discharge"
"1024",2022-04-30,NA,NA,NA,NA,NA,NA,NA,NA,NA,NA,NA,NA,NA,NA,NA,NA,NA,NA,NA,NA,NA,NA,NA,NA,NA,NA,NA,NA,NA,NA,NA,NA,NA,NA,NA,NA,NA,NA,NA,NA,NA,NA,NA,NA,NA,NA,NA,NA,NA,NA,NA,NA,NA,NA,NA,NA,NA,NA,NA,NA,NA,NA,NA,NA,NA,NA,NA,NA,NA,NA,FALSE,"","NAs in DO.obs; NAs in DO.sat; NAs in depth; NAs in temp.water; NAs in light; NAs in discharge"
"1025",2022-05-01,NA,NA,NA,NA,NA,NA,NA,NA,NA,NA,NA,NA,NA,NA,NA,NA,NA,NA,NA,NA,NA,NA,NA,NA,NA,NA,NA,NA,NA,NA,NA,NA,NA,NA,NA,NA,NA,NA,NA,NA,NA,NA,NA,NA,NA,NA,NA,NA,NA,NA,NA,NA,NA,NA,NA,NA,NA,NA,NA,NA,NA,NA,NA,NA,NA,NA,NA,NA,NA,NA,FALSE,"","NAs in DO.obs; NAs in DO.sat; NAs in depth; NAs in temp.water; NAs in light; NAs in discharge"
"1026",2022-05-02,NA,NA,NA,NA,NA,NA,NA,NA,NA,NA,NA,NA,NA,NA,NA,NA,NA,NA,NA,NA,NA,NA,NA,NA,NA,NA,NA,NA,NA,NA,NA,NA,NA,NA,NA,NA,NA,NA,NA,NA,NA,NA,NA,NA,NA,NA,NA,NA,NA,NA,NA,NA,NA,NA,NA,NA,NA,NA,NA,NA,NA,NA,NA,NA,NA,NA,NA,NA,NA,NA,FALSE,"","NAs in DO.obs; NAs in DO.sat; NAs in depth; NAs in temp.water; NAs in light; NAs in discharge"
"1027",2022-05-03,NA,NA,NA,NA,NA,NA,NA,NA,NA,NA,NA,NA,NA,NA,NA,NA,NA,NA,NA,NA,NA,NA,NA,NA,NA,NA,NA,NA,NA,NA,NA,NA,NA,NA,NA,NA,NA,NA,NA,NA,NA,NA,NA,NA,NA,NA,NA,NA,NA,NA,NA,NA,NA,NA,NA,NA,NA,NA,NA,NA,NA,NA,NA,NA,NA,NA,NA,NA,NA,NA,FALSE,"","NAs in DO.obs; NAs in DO.sat; NAs in depth; NAs in temp.water; NAs in light; NAs in discharge"
"1028",2022-05-04,NA,NA,NA,NA,NA,NA,NA,NA,NA,NA,NA,NA,NA,NA,NA,NA,NA,NA,NA,NA,NA,NA,NA,NA,NA,NA,NA,NA,NA,NA,NA,NA,NA,NA,NA,NA,NA,NA,NA,NA,NA,NA,NA,NA,NA,NA,NA,NA,NA,NA,NA,NA,NA,NA,NA,NA,NA,NA,NA,NA,NA,NA,NA,NA,NA,NA,NA,NA,NA,NA,FALSE,"","NAs in DO.obs; NAs in DO.sat; NAs in depth; NAs in temp.water; NAs in light; NAs in discharge"
"1029",2022-05-05,NA,NA,NA,NA,NA,NA,NA,NA,NA,NA,NA,NA,NA,NA,NA,NA,NA,NA,NA,NA,NA,NA,NA,NA,NA,NA,NA,NA,NA,NA,NA,NA,NA,NA,NA,NA,NA,NA,NA,NA,NA,NA,NA,NA,NA,NA,NA,NA,NA,NA,NA,NA,NA,NA,NA,NA,NA,NA,NA,NA,NA,NA,NA,NA,NA,NA,NA,NA,NA,NA,FALSE,"","NAs in DO.obs; NAs in DO.sat; NAs in depth; NAs in temp.water; NAs in light; NAs in discharge"
"1030",2022-05-06,NA,NA,NA,NA,NA,NA,NA,NA,NA,NA,NA,NA,NA,NA,NA,NA,NA,NA,NA,NA,NA,NA,NA,NA,NA,NA,NA,NA,NA,NA,NA,NA,NA,NA,NA,NA,NA,NA,NA,NA,NA,NA,NA,NA,NA,NA,NA,NA,NA,NA,NA,NA,NA,NA,NA,NA,NA,NA,NA,NA,NA,NA,NA,NA,NA,NA,NA,NA,NA,NA,FALSE,"","NAs in DO.obs; NAs in DO.sat; NAs in depth; NAs in temp.water; NAs in light; NAs in discharge"
"1031",2022-05-07,NA,NA,NA,NA,NA,NA,NA,NA,NA,NA,NA,NA,NA,NA,NA,NA,NA,NA,NA,NA,NA,NA,NA,NA,NA,NA,NA,NA,NA,NA,NA,NA,NA,NA,NA,NA,NA,NA,NA,NA,NA,NA,NA,NA,NA,NA,NA,NA,NA,NA,NA,NA,NA,NA,NA,NA,NA,NA,NA,NA,NA,NA,NA,NA,NA,NA,NA,NA,NA,NA,FALSE,"","NAs in DO.obs; NAs in DO.sat; NAs in depth; NAs in temp.water; NAs in light; NAs in discharge"
"1032",2022-05-08,NA,NA,NA,NA,NA,NA,NA,NA,NA,NA,NA,NA,NA,NA,NA,NA,NA,NA,NA,NA,NA,NA,NA,NA,NA,NA,NA,NA,NA,NA,NA,NA,NA,NA,NA,NA,NA,NA,NA,NA,NA,NA,NA,NA,NA,NA,NA,NA,NA,NA,NA,NA,NA,NA,NA,NA,NA,NA,NA,NA,NA,NA,NA,NA,NA,NA,NA,NA,NA,NA,FALSE,"","NAs in DO.obs; NAs in DO.sat; NAs in depth; NAs in temp.water; NAs in light; NAs in discharge"
"1033",2022-05-09,NA,NA,NA,NA,NA,NA,NA,NA,NA,NA,NA,NA,NA,NA,NA,NA,NA,NA,NA,NA,NA,NA,NA,NA,NA,NA,NA,NA,NA,NA,NA,NA,NA,NA,NA,NA,NA,NA,NA,NA,NA,NA,NA,NA,NA,NA,NA,NA,NA,NA,NA,NA,NA,NA,NA,NA,NA,NA,NA,NA,NA,NA,NA,NA,NA,NA,NA,NA,NA,NA,FALSE,"","NAs in DO.obs; NAs in DO.sat; NAs in depth; NAs in temp.water; NAs in light; NAs in discharge"
"1034",2022-05-10,NA,NA,NA,NA,NA,NA,NA,NA,NA,NA,NA,NA,NA,NA,NA,NA,NA,NA,NA,NA,NA,NA,NA,NA,NA,NA,NA,NA,NA,NA,NA,NA,NA,NA,NA,NA,NA,NA,NA,NA,NA,NA,NA,NA,NA,NA,NA,NA,NA,NA,NA,NA,NA,NA,NA,NA,NA,NA,NA,NA,NA,NA,NA,NA,NA,NA,NA,NA,NA,NA,FALSE,"","NAs in DO.obs; NAs in DO.sat; NAs in depth; NAs in temp.water; NAs in light; NAs in discharge"
"1035",2022-05-11,NA,NA,NA,NA,NA,NA,NA,NA,NA,NA,NA,NA,NA,NA,NA,NA,NA,NA,NA,NA,NA,NA,NA,NA,NA,NA,NA,NA,NA,NA,NA,NA,NA,NA,NA,NA,NA,NA,NA,NA,NA,NA,NA,NA,NA,NA,NA,NA,NA,NA,NA,NA,NA,NA,NA,NA,NA,NA,NA,NA,NA,NA,NA,NA,NA,NA,NA,NA,NA,NA,FALSE,"","NAs in DO.obs; NAs in DO.sat; NAs in depth; NAs in temp.water; NAs in light; NAs in discharge"
"1036",2022-05-12,NA,NA,NA,NA,NA,NA,NA,NA,NA,NA,NA,NA,NA,NA,NA,NA,NA,NA,NA,NA,NA,NA,NA,NA,NA,NA,NA,NA,NA,NA,NA,NA,NA,NA,NA,NA,NA,NA,NA,NA,NA,NA,NA,NA,NA,NA,NA,NA,NA,NA,NA,NA,NA,NA,NA,NA,NA,NA,NA,NA,NA,NA,NA,NA,NA,NA,NA,NA,NA,NA,FALSE,"","NAs in DO.obs; NAs in DO.sat; NAs in depth; NAs in temp.water; NAs in light; NAs in discharge"
"1037",2022-05-13,NA,NA,NA,NA,NA,NA,NA,NA,NA,NA,NA,NA,NA,NA,NA,NA,NA,NA,NA,NA,NA,NA,NA,NA,NA,NA,NA,NA,NA,NA,NA,NA,NA,NA,NA,NA,NA,NA,NA,NA,NA,NA,NA,NA,NA,NA,NA,NA,NA,NA,NA,NA,NA,NA,NA,NA,NA,NA,NA,NA,NA,NA,NA,NA,NA,NA,NA,NA,NA,NA,FALSE,"","NAs in DO.obs; NAs in DO.sat; NAs in depth; NAs in temp.water; NAs in light; NAs in discharge"
"1038",2022-05-14,NA,NA,NA,NA,NA,NA,NA,NA,NA,NA,NA,NA,NA,NA,NA,NA,NA,NA,NA,NA,NA,NA,NA,NA,NA,NA,NA,NA,NA,NA,NA,NA,NA,NA,NA,NA,NA,NA,NA,NA,NA,NA,NA,NA,NA,NA,NA,NA,NA,NA,NA,NA,NA,NA,NA,NA,NA,NA,NA,NA,NA,NA,NA,NA,NA,NA,NA,NA,NA,NA,FALSE,"","NAs in DO.obs; NAs in DO.sat; NAs in depth; NAs in temp.water; NAs in light; NAs in discharge"
"1039",2022-05-15,NA,NA,NA,NA,NA,NA,NA,NA,NA,NA,NA,NA,NA,NA,NA,NA,NA,NA,NA,NA,NA,NA,NA,NA,NA,NA,NA,NA,NA,NA,NA,NA,NA,NA,NA,NA,NA,NA,NA,NA,NA,NA,NA,NA,NA,NA,NA,NA,NA,NA,NA,NA,NA,NA,NA,NA,NA,NA,NA,NA,NA,NA,NA,NA,NA,NA,NA,NA,NA,NA,FALSE,"","NAs in DO.obs; NAs in DO.sat; NAs in depth; NAs in temp.water; NAs in light; NAs in discharge"
"1040",2022-05-16,NA,NA,NA,NA,NA,NA,NA,NA,NA,NA,NA,NA,NA,NA,NA,NA,NA,NA,NA,NA,NA,NA,NA,NA,NA,NA,NA,NA,NA,NA,NA,NA,NA,NA,NA,NA,NA,NA,NA,NA,NA,NA,NA,NA,NA,NA,NA,NA,NA,NA,NA,NA,NA,NA,NA,NA,NA,NA,NA,NA,NA,NA,NA,NA,NA,NA,NA,NA,NA,NA,FALSE,"","NAs in DO.obs; NAs in DO.sat; NAs in depth; NAs in temp.water; NAs in light; NAs in discharge"
"1041",2022-05-17,NA,NA,NA,NA,NA,NA,NA,NA,NA,NA,NA,NA,NA,NA,NA,NA,NA,NA,NA,NA,NA,NA,NA,NA,NA,NA,NA,NA,NA,NA,NA,NA,NA,NA,NA,NA,NA,NA,NA,NA,NA,NA,NA,NA,NA,NA,NA,NA,NA,NA,NA,NA,NA,NA,NA,NA,NA,NA,NA,NA,NA,NA,NA,NA,NA,NA,NA,NA,NA,NA,FALSE,"","NAs in DO.obs; NAs in DO.sat; NAs in depth; NAs in temp.water; NAs in light; NAs in discharge"
"1042",2022-05-18,NA,NA,NA,NA,NA,NA,NA,NA,NA,NA,NA,NA,NA,NA,NA,NA,NA,NA,NA,NA,NA,NA,NA,NA,NA,NA,NA,NA,NA,NA,NA,NA,NA,NA,NA,NA,NA,NA,NA,NA,NA,NA,NA,NA,NA,NA,NA,NA,NA,NA,NA,NA,NA,NA,NA,NA,NA,NA,NA,NA,NA,NA,NA,NA,NA,NA,NA,NA,NA,NA,FALSE,"","NAs in DO.obs; NAs in DO.sat; NAs in depth; NAs in temp.water; NAs in light; NAs in discharge"
"1043",2022-05-19,NA,NA,NA,NA,NA,NA,NA,NA,NA,NA,NA,NA,NA,NA,NA,NA,NA,NA,NA,NA,NA,NA,NA,NA,NA,NA,NA,NA,NA,NA,NA,NA,NA,NA,NA,NA,NA,NA,NA,NA,NA,NA,NA,NA,NA,NA,NA,NA,NA,NA,NA,NA,NA,NA,NA,NA,NA,NA,NA,NA,NA,NA,NA,NA,NA,NA,NA,NA,NA,NA,FALSE,"","NAs in DO.obs; NAs in DO.sat; NAs in depth; NAs in temp.water; NAs in light; NAs in discharge"
"1044",2022-05-20,NA,NA,NA,NA,NA,NA,NA,NA,NA,NA,NA,NA,NA,NA,NA,NA,NA,NA,NA,NA,NA,NA,NA,NA,NA,NA,NA,NA,NA,NA,NA,NA,NA,NA,NA,NA,NA,NA,NA,NA,NA,NA,NA,NA,NA,NA,NA,NA,NA,NA,NA,NA,NA,NA,NA,NA,NA,NA,NA,NA,NA,NA,NA,NA,NA,NA,NA,NA,NA,NA,FALSE,"","NAs in DO.obs; NAs in DO.sat; NAs in depth; NAs in temp.water; NAs in light; NAs in discharge"
"1045",2022-05-21,NA,NA,NA,NA,NA,NA,NA,NA,NA,NA,NA,NA,NA,NA,NA,NA,NA,NA,NA,NA,NA,NA,NA,NA,NA,NA,NA,NA,NA,NA,NA,NA,NA,NA,NA,NA,NA,NA,NA,NA,NA,NA,NA,NA,NA,NA,NA,NA,NA,NA,NA,NA,NA,NA,NA,NA,NA,NA,NA,NA,NA,NA,NA,NA,NA,NA,NA,NA,NA,NA,FALSE,"","NAs in DO.obs; NAs in DO.sat; NAs in depth; NAs in temp.water; NAs in light; NAs in discharge"
"1046",2022-05-22,NA,NA,NA,NA,NA,NA,NA,NA,NA,NA,NA,NA,NA,NA,NA,NA,NA,NA,NA,NA,NA,NA,NA,NA,NA,NA,NA,NA,NA,NA,NA,NA,NA,NA,NA,NA,NA,NA,NA,NA,NA,NA,NA,NA,NA,NA,NA,NA,NA,NA,NA,NA,NA,NA,NA,NA,NA,NA,NA,NA,NA,NA,NA,NA,NA,NA,NA,NA,NA,NA,FALSE,"","NAs in DO.obs; NAs in DO.sat; NAs in depth; NAs in temp.water; NAs in light; NAs in discharge"
"1047",2022-05-23,NA,NA,NA,NA,NA,NA,NA,NA,NA,NA,NA,NA,NA,NA,NA,NA,NA,NA,NA,NA,NA,NA,NA,NA,NA,NA,NA,NA,NA,NA,NA,NA,NA,NA,NA,NA,NA,NA,NA,NA,NA,NA,NA,NA,NA,NA,NA,NA,NA,NA,NA,NA,NA,NA,NA,NA,NA,NA,NA,NA,NA,NA,NA,NA,NA,NA,NA,NA,NA,NA,FALSE,"","NAs in DO.obs; NAs in DO.sat; NAs in depth; NAs in temp.water; NAs in light; NAs in discharge"
"1048",2022-05-24,NA,NA,NA,NA,NA,NA,NA,NA,NA,NA,NA,NA,NA,NA,NA,NA,NA,NA,NA,NA,NA,NA,NA,NA,NA,NA,NA,NA,NA,NA,NA,NA,NA,NA,NA,NA,NA,NA,NA,NA,NA,NA,NA,NA,NA,NA,NA,NA,NA,NA,NA,NA,NA,NA,NA,NA,NA,NA,NA,NA,NA,NA,NA,NA,NA,NA,NA,NA,NA,NA,FALSE,"","NAs in DO.obs; NAs in DO.sat; NAs in depth; NAs in temp.water; NAs in light; NAs in discharge"
"1049",2022-05-25,NA,NA,NA,NA,NA,NA,NA,NA,NA,NA,NA,NA,NA,NA,NA,NA,NA,NA,NA,NA,NA,NA,NA,NA,NA,NA,NA,NA,NA,NA,NA,NA,NA,NA,NA,NA,NA,NA,NA,NA,NA,NA,NA,NA,NA,NA,NA,NA,NA,NA,NA,NA,NA,NA,NA,NA,NA,NA,NA,NA,NA,NA,NA,NA,NA,NA,NA,NA,NA,NA,FALSE,"","NAs in DO.obs; NAs in DO.sat; NAs in depth; NAs in temp.water; NAs in light; NAs in discharge"
"1050",2022-05-26,NA,NA,NA,NA,NA,NA,NA,NA,NA,NA,NA,NA,NA,NA,NA,NA,NA,NA,NA,NA,NA,NA,NA,NA,NA,NA,NA,NA,NA,NA,NA,NA,NA,NA,NA,NA,NA,NA,NA,NA,NA,NA,NA,NA,NA,NA,NA,NA,NA,NA,NA,NA,NA,NA,NA,NA,NA,NA,NA,NA,NA,NA,NA,NA,NA,NA,NA,NA,NA,NA,FALSE,"","NAs in DO.obs; NAs in DO.sat; NAs in depth; NAs in temp.water; NAs in light; NAs in discharge"
"1051",2022-05-27,NA,NA,NA,NA,NA,NA,NA,NA,NA,NA,NA,NA,NA,NA,NA,NA,NA,NA,NA,NA,NA,NA,NA,NA,NA,NA,NA,NA,NA,NA,NA,NA,NA,NA,NA,NA,NA,NA,NA,NA,NA,NA,NA,NA,NA,NA,NA,NA,NA,NA,NA,NA,NA,NA,NA,NA,NA,NA,NA,NA,NA,NA,NA,NA,NA,NA,NA,NA,NA,NA,FALSE,"","NAs in DO.obs; NAs in DO.sat; NAs in depth; NAs in temp.water; NAs in light; NAs in discharge"
"1052",2022-05-28,NA,NA,NA,NA,NA,NA,NA,NA,NA,NA,NA,NA,NA,NA,NA,NA,NA,NA,NA,NA,NA,NA,NA,NA,NA,NA,NA,NA,NA,NA,NA,NA,NA,NA,NA,NA,NA,NA,NA,NA,NA,NA,NA,NA,NA,NA,NA,NA,NA,NA,NA,NA,NA,NA,NA,NA,NA,NA,NA,NA,NA,NA,NA,NA,NA,NA,NA,NA,NA,NA,FALSE,"","NAs in DO.obs; NAs in DO.sat; NAs in depth; NAs in temp.water; NAs in light; NAs in discharge"
"1053",2022-05-29,NA,NA,NA,NA,NA,NA,NA,NA,NA,NA,NA,NA,NA,NA,NA,NA,NA,NA,NA,NA,NA,NA,NA,NA,NA,NA,NA,NA,NA,NA,NA,NA,NA,NA,NA,NA,NA,NA,NA,NA,NA,NA,NA,NA,NA,NA,NA,NA,NA,NA,NA,NA,NA,NA,NA,NA,NA,NA,NA,NA,NA,NA,NA,NA,NA,NA,NA,NA,NA,NA,FALSE,"","NAs in DO.obs; NAs in DO.sat; NAs in depth; NAs in temp.water; NAs in light; NAs in discharge"
"1054",2022-05-30,NA,NA,NA,NA,NA,NA,NA,NA,NA,NA,NA,NA,NA,NA,NA,NA,NA,NA,NA,NA,NA,NA,NA,NA,NA,NA,NA,NA,NA,NA,NA,NA,NA,NA,NA,NA,NA,NA,NA,NA,NA,NA,NA,NA,NA,NA,NA,NA,NA,NA,NA,NA,NA,NA,NA,NA,NA,NA,NA,NA,NA,NA,NA,NA,NA,NA,NA,NA,NA,NA,FALSE,"","data don't end when expected; NAs in DO.obs; NAs in DO.sat; NAs in depth; NAs in temp.water; NAs in light; NAs in discharge"
